사고번호,사고일시,요일,시군구,사고내용,사망자수,중상자수,경상자수,부상신고자수,사고유형,법규위반,노면상태,기상상태,도로형태,가해운전자 차종,가해운전자 성별,가해운전자 연령,가해운전자 상해정도,피해운전자 차종,피해운전자 성별,피해운전자 연령,피해운전자 상해정도
2015010800100091,2015년 1월 8일 07시,목요일,경상북도 구미시 고아읍,중상사고,0,1,0,0,차대차 - 기타,안전운전불이행,건조,맑음,단일로 - 기타,화물,남,32세,상해없음,승용,남,55세,중상
2015010800100120,2015년 1월 8일 08시,목요일,경상북도 군위군 효령면,중상사고,0,1,1,0,차대차 - 측면직각충돌,신호위반,건조,맑음,교차로 - 교차로안,승용,남,52세,상해없음,승용,여,45세,중상
2015010800100157,2015년 1월 8일 09시,목요일,경상북도 포항시 남구 오천읍,경상사고,0,0,1,0,차대사람 - 길가장자리구역통행중,안전운전불이행,건조,맑음,단일로 - 기타,승합,여,38세,상해없음,보행자,여,57세,경상
2015010800100178,2015년 1월 8일 10시,목요일,경상북도 경주시 용강동,중상사고,0,1,2,0,차대차 - 기타,안전운전불이행,건조,맑음,단일로 - 기타,승용,기타불명,기타불명,기타불명,승합,남,48세,상해없음
2015010800100179,2015년 1월 8일 10시,목요일,경상북도 포항시 북구 죽도동,경상사고,0,0,1,0,차대차 - 기타,안전운전불이행,건조,맑음,단일로 - 횡단보도상,승용,남,38세,상해없음,자전거,남,72세,경상
2015010800100180,2015년 1월 8일 10시,목요일,경상북도 영주시 영주동,중상사고,0,1,0,0,차대사람 - 횡단중,보행자보호의무위반,건조,맑음,단일로 - 기타,화물,남,66세,상해없음,보행자,여,76세,중상
2015010800100196,2015년 1월 8일 11시,목요일,경상북도 영양군 입암면,사망사고,1,0,0,0,차량단독 - 전도전복,안전운전불이행,건조,맑음,단일로 - 기타,건설기계,남,40세,사망,,,,
2015010800100227,2015년 1월 8일 12시,목요일,경상북도 경주시 동천동,경상사고,0,0,1,0,차대차 - 기타,안전운전불이행,건조,맑음,교차로 - 교차로안,승용,남,54세,상해없음,원동기,남,38세,경상
2015010800100228,2015년 1월 8일 12시,목요일,경상북도 봉화군 봉화읍,경상사고,0,0,1,0,차대차 - 추돌 - 진행중,안전운전불이행,건조,맑음,교차로 - 교차로안,화물,남,68세,상해없음,승용,여,67세,경상
2015010800100229,2015년 1월 8일 12시,목요일,경상북도 울진군 후포면,중상사고,0,1,0,0,차량단독 - 전도전복,안전운전불이행,건조,맑음,단일로 - 기타,원동기,남,59세,중상,,,,
2015010800100264,2015년 1월 8일 13시,목요일,경상북도 포항시 북구 죽도동,중상사고,0,1,0,0,차대차 - 기타,안전운전불이행,건조,맑음,단일로 - 기타,승용,남,60세,상해없음,원동기,남,35세,중상
2015010800100287,2015년 1월 8일 14시,목요일,경상북도 문경시 마성면,경상사고,0,0,2,0,차대차 - 추돌 - 진행중,안전운전불이행,건조,맑음,교차로 - 교차로부근,승용,남,78세,상해없음,화물,남,53세,경상
2015010800100288,2015년 1월 8일 14시,목요일,경상북도 경산시 계양동,경상사고,0,0,2,0,차대차 - 기타,직진우회전진행방해,건조,맑음,교차로 - 교차로안,승용,남,54세,경상,승용,여,40세,경상
2015010800100307,2015년 1월 8일 15시,목요일,경상북도 청도군 청도읍,중상사고,0,1,0,0,차대차 - 정면충돌,안전운전불이행,건조,맑음,교차로 - 교차로안,화물,남,50세,상해없음,이륜,여,41세,중상
2015010800100327,2015년 1월 8일 16시,목요일,경상북도 구미시 형곡동,중상사고,0,1,0,0,차대차 - 기타,직진우회전진행방해,건조,맑음,교차로 - 교차로안,승합,남,61세,상해없음,승용,여,48세,중상
2015010800100350,2015년 1월 8일 17시,목요일,경상북도 포항시 남구 오천읍,중상사고,0,1,1,0,차대차 - 기타,교차로운행방법위반,건조,맑음,교차로 - 교차로안,승용,여,37세,경상,승용,남,38세,중상
2015010800100397,2015년 1월 8일 18시,목요일,경상북도 안동시 남문동,경상사고,0,0,1,0,차대차 - 측면직각충돌,안전운전불이행,건조,맑음,교차로 - 교차로부근,승용,남,67세,상해없음,승용,남,45세,상해없음
2015010800100398,2015년 1월 8일 18시,목요일,경상북도 경산시 하양읍,중상사고,0,1,0,0,차대사람 - 기타,보행자보호의무위반,건조,맑음,교차로 - 교차로부근,승용,여,35세,상해없음,보행자,여,35세,중상
2015010800100399,2015년 1월 8일 18시,목요일,경상북도 포항시 남구 오천읍,부상신고사고,0,0,0,1,차량단독 - 기타,안전운전불이행,건조,맑음,교차로 - 교차로부근,이륜,남,27세,부상신고,,,,
2015010800100431,2015년 1월 8일 19시,목요일,경상북도 경주시 구정동,중상사고,0,2,0,1,차대차 - 기타,안전운전불이행,건조,맑음,단일로 - 기타,승용,남,67세,부상신고,화물,남,33세,중상
2015010800100432,2015년 1월 8일 19시,목요일,경상북도 상주시 냉림동,경상사고,0,0,1,0,차대사람 - 횡단중,안전운전불이행,건조,맑음,단일로 - 기타,화물,남,50세,상해없음,보행자,남,66세,경상
2015010800100433,2015년 1월 8일 19시,목요일,경상북도 칠곡군 석적읍,경상사고,0,0,1,0,차대차 - 기타,교차로운행방법위반,건조,맑음,교차로 - 교차로안,승용,남,18세,상해없음,원동기,남,32세,경상
2015010800100434,2015년 1월 8일 19시,목요일,경상북도 구미시 신평동,중상사고,0,1,1,0,차대차 - 추돌 - 주정차중,안전운전불이행,건조,맑음,단일로 - 기타,승용,남,35세,상해없음,승용,남,33세,중상
2015010800100532,2015년 1월 8일 23시,목요일,경상북도 구미시 옥계동,경상사고,0,0,1,0,차대차 - 기타,신호위반,건조,맑음,교차로 - 교차로안,승용,여,58세,상해없음,승용,남,40세,경상
2015010900100022,2015년 1월 9일 01시,금요일,경상북도 경주시 용강동,중상사고,0,2,0,0,차대차 - 기타,중앙선침범,건조,맑음,단일로 - 기타,승용,여,44세,상해없음,승용,남,25세,중상
2015010900100032,2015년 1월 9일 02시,금요일,경상북도 포항시 북구 남빈동,경상사고,0,0,1,0,차대사람 - 기타,안전운전불이행,건조,맑음,단일로 - 기타,화물,남,55세,상해없음,보행자,여,63세,경상
2015010900100033,2015년 1월 9일 02시,금요일,경상북도 포항시 북구 흥해읍,경상사고,0,0,1,0,차대차 - 기타,안전운전불이행,건조,맑음,단일로 - 기타,화물,남,46세,상해없음,승용,남,25세,경상
2015010900100085,2015년 1월 9일 06시,금요일,경상북도 구미시 송정동,부상신고사고,0,0,0,1,차대차 - 측면직각충돌,신호위반,건조,맑음,교차로 - 교차로안,원동기,남,15세,부상신고,승용,여,31세,상해없음
2015010900100105,2015년 1월 9일 07시,금요일,경상북도 영천시 금호읍,중상사고,0,1,1,0,차대차 - 기타,안전운전불이행,건조,맑음,교차로 - 교차로부근,승용,남,61세,상해없음,승용,남,42세,중상
2015010900100135,2015년 1월 9일 08시,금요일,경상북도 구미시 양호동,중상사고,0,1,0,0,차대사람 - 기타,안전운전불이행,건조,맑음,단일로 - 기타,승용,여,28세,상해없음,보행자,여,90세 이상,중상
2015010900100136,2015년 1월 9일 08시,금요일,경상북도 포항시 남구 연일읍,중상사고,0,1,0,0,차대차 - 기타,안전운전불이행,건조,맑음,교차로 - 교차로안,자전거,여,62세,중상,승용,남,55세,상해없음
2015010900100158,2015년 1월 9일 09시,금요일,경상북도 경산시 압량면,중상사고,0,1,0,0,차대차 - 기타,안전운전불이행,건조,맑음,교차로 - 교차로안,원동기,남,81세,상해없음,화물,남,55세,상해없음
2015010900100182,2015년 1월 9일 10시,금요일,경상북도 경주시 감포읍,경상사고,0,0,1,0,차대사람 - 기타,안전운전불이행,건조,맑음,단일로 - 기타,화물,남,51세,상해없음,보행자,여,54세,경상
2015010900100183,2015년 1월 9일 10시,금요일,경상북도 의성군 의성읍,경상사고,0,0,1,0,차대차 - 측면직각충돌,신호위반,건조,맑음,교차로 - 교차로안,화물,남,59세,상해없음,승용,여,30세,경상
2015010900100184,2015년 1월 9일 10시,금요일,경상북도 칠곡군 기산면,경상사고,0,0,1,0,차대차 - 기타,안전거리미확보,건조,맑음,단일로 - 기타,원동기,남,75세,경상,승합,남,49세,상해없음
2015010900100185,2015년 1월 9일 10시,금요일,경상북도 예천군 예천읍,중상사고,0,1,0,0,차대사람 - 차도통행중,과속,건조,맑음,교차로 - 교차로안,승용,남,48세,상해없음,보행자,여,75세,중상
2015010900100186,2015년 1월 9일 10시,금요일,경상북도 봉화군 소천면,중상사고,0,3,0,1,차대차 - 측면직각충돌,안전운전불이행,건조,맑음,단일로 - 기타,승용,남,79세,부상신고,화물,남,38세,중상
2015010900100228,2015년 1월 9일 12시,금요일,경상북도 포항시 북구 송라면,중상사고,0,4,1,0,차대차 - 기타,신호위반,건조,맑음,교차로 - 교차로안,승용,남,45세,상해없음,승용,남,42세,중상
2015010900100229,2015년 1월 9일 12시,금요일,경상북도 포항시 북구 죽도동,경상사고,0,0,1,0,차대사람 - 기타,안전운전불이행,건조,맑음,단일로 - 기타,승용,여,54세,상해없음,보행자,여,34세,경상
2015010900100230,2015년 1월 9일 12시,금요일,경상북도 칠곡군 약목면,중상사고,0,1,0,0,차대차 - 기타,안전운전불이행,건조,맑음,단일로 - 기타,화물,남,44세,상해없음,승용,남,37세,중상
2015010900100231,2015년 1월 9일 12시,금요일,경상북도 경산시 옥산동,경상사고,0,0,2,0,차대차 - 기타,안전운전불이행,건조,맑음,교차로 - 교차로안,승용,남,60세,상해없음,승용,여,48세,경상
2015010900100252,2015년 1월 9일 13시,금요일,경상북도 경산시 하양읍,중상사고,0,1,0,0,차대사람 - 기타,안전운전불이행,건조,맑음,기타 - 기타,화물,여,36세,상해없음,보행자,여,49세,중상
2015010900100289,2015년 1월 9일 14시,금요일,경상북도 예천군 예천읍,중상사고,0,2,0,0,차량단독 - 기타,안전운전불이행,건조,맑음,교차로 - 교차로부근,승합,남,40세,상해없음,,,,
2015010900100290,2015년 1월 9일 14시,금요일,경상북도 고령군 다산면,경상사고,0,0,2,0,차대차 - 측면직각충돌,차로위반,건조,맑음,단일로 - 기타,화물,남,62세,상해없음,승용,남,20세,경상
2015010900100291,2015년 1월 9일 14시,금요일,경상북도 고령군 고령읍,중상사고,0,1,0,0,차대사람 - 횡단중,보행자보호의무위반,건조,맑음,교차로 - 교차로부근,화물,남,24세,상해없음,보행자,남,79세,중상
2015010900100315,2015년 1월 9일 15시,금요일,경상북도 포항시 북구 장성동,경상사고,0,0,2,1,차대차 - 기타,불법유턴,건조,맑음,단일로 - 기타,승용,여,32세,상해없음,승용,남,60세,경상
2015010900100316,2015년 1월 9일 15시,금요일,경상북도 의성군 단촌면,경상사고,0,0,1,0,차대차 - 추돌 - 주정차중,안전운전불이행,건조,맑음,단일로 - 기타,특수,남,48세,경상,승용,남,51세,상해없음
2015010900100317,2015년 1월 9일 15시,금요일,경상북도 영주시 가흥동,경상사고,0,0,1,0,차대차 - 측면직각충돌,신호위반,건조,맑음,교차로 - 교차로부근,승용,남,52세,상해없음,자전거,남,16세,경상
2015010900100318,2015년 1월 9일 15시,금요일,경상북도 문경시 점촌동,중상사고,0,1,2,0,차대차 - 기타,직진우회전진행방해,건조,맑음,교차로 - 교차로안,승합,남,69세,경상,승용,여,38세,중상
2015010900100337,2015년 1월 9일 16시,금요일,경상북도 고령군 다산면,중상사고,0,1,0,0,차대차 - 측면직각충돌,교차로운행방법위반,건조,맑음,교차로 - 교차로안,승용,여,46세,상해없음,이륜,여,62세,중상
2015010900100364,2015년 1월 9일 17시,금요일,경상북도 경주시 탑동,중상사고,0,2,1,0,차대차 - 추돌 - 주정차중,안전운전불이행,건조,맑음,단일로 - 기타,화물,남,71세,상해없음,승용,남,34세,중상
2015010900100365,2015년 1월 9일 17시,금요일,경상북도 포항시 북구 용흥동,경상사고,0,0,1,0,차대차 - 기타,안전운전불이행,건조,맑음,단일로 - 기타,승용,남,71세,상해없음,승용,남,60세,경상
2015010900100366,2015년 1월 9일 17시,금요일,경상북도 영덕군 영해면,중상사고,0,1,0,0,차대사람 - 기타,안전운전불이행,건조,맑음,교차로 - 교차로안,승용,여,31세,상해없음,보행자,여,79세,중상
2015010900100367,2015년 1월 9일 17시,금요일,경상북도 구미시 원평동,중상사고,0,1,2,0,차대차 - 측면직각충돌,교차로운행방법위반,건조,맑음,교차로 - 교차로안,승용,여,41세,경상,승용,여,41세,중상
2015010900100420,2015년 1월 9일 18시,금요일,경상북도 성주군 선남면,경상사고,0,0,1,0,차대사람 - 기타,안전운전불이행,건조,맑음,교차로 - 교차로부근,화물,남,55세,상해없음,보행자,남,40세,경상
2015010900100421,2015년 1월 9일 18시,금요일,경상북도 포항시 남구 오천읍,경상사고,0,0,2,0,차대차 - 추돌 - 주정차중,안전운전불이행,건조,맑음,교차로 - 교차로부근,승용,남,61세,상해없음,승용,남,69세,경상
2015010900100460,2015년 1월 9일 19시,금요일,경상북도 고령군 고령읍,경상사고,0,0,1,0,차대차 - 측면직각충돌,교차로운행방법위반,건조,맑음,교차로 - 교차로안,원동기,남,27세,상해없음,승용,남,52세,상해없음
2015010900100461,2015년 1월 9일 19시,금요일,경상북도 구미시 옥계동,중상사고,0,1,0,0,차대사람 - 기타,안전운전불이행,건조,맑음,단일로 - 기타,승용,남,50세,상해없음,보행자,남,16세,중상
2015010900100501,2015년 1월 9일 20시,금요일,경상북도 포항시 북구 대흥동,경상사고,0,0,1,0,차대사람 - 기타,신호위반,건조,맑음,단일로 - 횡단보도상,원동기,남,63세,상해없음,보행자,여,61세,경상
2015010900100531,2015년 1월 9일 21시,금요일,경상북도 경주시 용강동,중상사고,0,1,1,0,차대차 - 기타,안전운전불이행,건조,맑음,단일로 - 기타,승합,남,25세,상해없음,승용,남,51세,중상
2015010900100600,2015년 1월 9일 23시,금요일,경상북도 포항시 북구 양덕동,경상사고,0,0,1,0,차대차 - 기타,안전운전불이행,건조,맑음,단일로 - 기타,원동기,남,17세,경상,승용,남,59세,상해없음
2015010900100601,2015년 1월 9일 23시,금요일,경상북도 문경시 흥덕동,중상사고,0,1,2,0,차대차 - 기타,안전운전불이행,건조,맑음,교차로 - 교차로안,승용,여,28세,경상,승용,남,58세,중상
2015011000100021,2015년 1월 10일 00시,토요일,경상북도 포항시 남구 이동,경상사고,0,0,1,1,차대차 - 기타,직진우회전진행방해,건조,맑음,교차로 - 교차로안,승용,남,57세,상해없음,승용,남,24세,경상
2015011000100050,2015년 1월 10일 01시,토요일,경상북도 포항시 남구 효자동,경상사고,0,0,1,0,차대차 - 추돌 - 주정차중,안전운전불이행,건조,맑음,단일로 - 기타,승용,남,46세,경상,승용,남,58세,기타불명
2015011000100072,2015년 1월 10일 02시,토요일,경상북도 경주시 용강동,경상사고,0,0,2,0,차대차 - 기타,신호위반,건조,맑음,교차로 - 교차로안,승용,남,50세,상해없음,승용,남,39세,경상
2015011000100073,2015년 1월 10일 02시,토요일,경상북도 구미시 선산읍,중상사고,0,2,0,1,차대차 - 기타,안전운전불이행,건조,맑음,기타 - 기타,승용,남,52세,부상신고,승용,여,60세,중상
2015011000100093,2015년 1월 10일 03시,토요일,경상북도 성주군 선남면,중상사고,0,1,2,0,차량단독 - 기타,안전운전불이행,건조,맑음,기타 - 기타,승용,여,15세,상해없음,,,,
2015011000100126,2015년 1월 10일 06시,토요일,경상북도 포항시 북구 항구동,중상사고,0,1,0,0,차대차 - 기타,중앙선침범,건조,맑음,교차로 - 교차로부근,화물,남,36세,상해없음,자전거,남,36세,중상
2015011000100164,2015년 1월 10일 08시,토요일,경상북도 포항시 북구 장성동,경상사고,0,0,1,0,차대차 - 기타,안전운전불이행,건조,맑음,단일로 - 기타,원동기,남,48세,경상,건설기계,남,49세,상해없음
2015011000100185,2015년 1월 10일 09시,토요일,경상북도 포항시 북구 용흥동,중상사고,0,1,1,0,차대사람 - 기타,중앙선침범,건조,맑음,단일로 - 기타,화물,남,73세,상해없음,보행자,여,60세,중상
2015011000100186,2015년 1월 10일 09시,토요일,경상북도 구미시 선산읍,부상신고사고,0,0,0,1,차대차 - 기타,안전운전불이행,건조,맑음,교차로 - 교차로안,기타불명,기타불명,기타불명,기타불명,이륜,여,70세,부상신고
2015011000100218,2015년 1월 10일 10시,토요일,경상북도 포항시 북구 흥해읍,경상사고,0,0,1,0,차대차 - 기타,안전거리미확보,건조,맑음,단일로 - 기타,승용,남,57세,상해없음,화물,남,62세,경상
2015011000100219,2015년 1월 10일 10시,토요일,경상북도 상주시 낙양동,중상사고,0,2,0,0,차대차 - 기타,교차로운행방법위반,건조,맑음,교차로 - 교차로안,화물,남,72세,상해없음,원동기,남,84세,중상
2015011000100220,2015년 1월 10일 10시,토요일,경상북도 군위군 효령면,중상사고,0,2,0,0,차대차 - 기타,안전운전불이행,건조,맑음,교차로 - 교차로부근,승용,남,73세,중상,승용,남,66세,상해없음
2015011000100244,2015년 1월 10일 11시,토요일,경상북도 의성군 봉양면,사망사고,1,0,0,0,차대사람 - 횡단중,안전운전불이행,건조,맑음,교차로 - 교차로안,화물,남,34세,상해없음,보행자,남,79세,사망
2015011000100245,2015년 1월 10일 11시,토요일,경상북도 성주군 성주읍,경상사고,0,0,1,0,차대사람 - 기타,안전운전불이행,건조,맑음,기타 - 기타,승용,남,55세,상해없음,보행자,남,79세,경상
2015011000100261,2015년 1월 10일 12시,토요일,경상북도 포항시 북구 죽장면,중상사고,0,1,0,0,차대차 - 기타,중앙선침범,건조,맑음,단일로 - 기타,승용,남,62세,상해없음,화물,남,43세,중상
2015011000100262,2015년 1월 10일 12시,토요일,경상북도 경산시 하양읍,경상사고,0,0,6,0,차대차 - 측면직각충돌,안전거리미확보,건조,맑음,단일로 - 기타,승용,여,45세,상해없음,승용,여,36세,경상
2015011000100263,2015년 1월 10일 12시,토요일,경상북도 성주군 선남면,중상사고,0,1,1,0,차대차 - 기타,안전운전불이행,건조,맑음,기타 - 기타,승용,남,43세,상해없음,승용,여,25세,중상
2015011000100264,2015년 1월 10일 12시,토요일,경상북도 구미시 형곡동,경상사고,0,0,3,0,차대차 - 기타,안전운전불이행,건조,맑음,교차로 - 교차로부근,승용,남,58세,상해없음,승용,여,36세,경상
2015011000100302,2015년 1월 10일 13시,토요일,경상북도 포항시 북구 창포동,경상사고,0,0,1,0,차대차 - 기타,차로위반,건조,맑음,단일로 - 기타,승용,여,42세,상해없음,승용,남,23세,경상
2015011000100303,2015년 1월 10일 13시,토요일,경상북도 봉화군 춘양면,중상사고,0,1,0,0,차대차 - 측면직각충돌,안전운전불이행,건조,맑음,단일로 - 기타,화물,남,64세,상해없음,원동기,남,43세,중상
2015011000100304,2015년 1월 10일 13시,토요일,경상북도 구미시 도량동,경상사고,0,0,4,0,차대차 - 기타,안전거리미확보,건조,맑음,단일로 - 기타,승용,남,52세,상해없음,승용,남,47세,경상
2015011000100305,2015년 1월 10일 13시,토요일,경상북도 포항시 남구 대잠동,경상사고,0,0,1,0,차대사람 - 기타,안전운전불이행,건조,맑음,단일로 - 기타,화물,여,40세,상해없음,보행자,남,7세,경상
2015011000100338,2015년 1월 10일 14시,토요일,경상북도 칠곡군 북삼읍,중상사고,0,1,1,0,차대차 - 측면직각충돌,교차로운행방법위반,건조,맑음,교차로 - 교차로안,화물,남,41세,상해없음,원동기,남,16세,경상
2015011000100339,2015년 1월 10일 14시,토요일,경상북도 청송군 진보면,경상사고,0,0,2,0,차량단독 - 도로외이탈 - 추락,안전운전불이행,건조,맑음,단일로 - 기타,승용,남,56세,경상,,,,
2015011000100340,2015년 1월 10일 14시,토요일,경상북도 포항시 남구 상도동,경상사고,0,0,2,0,차대차 - 추돌 - 주정차중,안전운전불이행,건조,맑음,단일로 - 기타,승용,남,53세,상해없음,승용,여,34세,경상
2015011000100341,2015년 1월 10일 14시,토요일,경상북도 포항시 남구 대잠동,경상사고,0,0,1,0,차대차 - 측면직각충돌,직진우회전진행방해,건조,맑음,교차로 - 교차로안,승용,남,30세,상해없음,승용,남,41세,상해없음
2015011000100394,2015년 1월 10일 16시,토요일,경상북도 안동시 명륜동,경상사고,0,0,1,0,차대사람 - 기타,보행자보호의무위반,건조,맑음,교차로 - 교차로부근,승용,남,51세,상해없음,보행자,남,42세,경상
2015011000100395,2015년 1월 10일 16시,토요일,경상북도 상주시 함창읍,부상신고사고,0,0,0,1,차대차 - 추돌 - 주정차중,안전운전불이행,건조,맑음,단일로 - 기타,이륜,남,78세,부상신고,화물,남,55세,기타불명
2015011000100423,2015년 1월 10일 17시,토요일,경상북도 구미시 공단동,경상사고,0,0,1,1,차대차 - 기타,안전운전불이행,건조,맑음,단일로 - 기타,승용,남,19세,부상신고,승용,남,50세,상해없음
2015011000100461,2015년 1월 10일 18시,토요일,경상북도 안동시 풍산읍,중상사고,0,1,3,0,차대차 - 추돌 - 주정차중,안전운전불이행,건조,맑음,단일로 - 기타,승용,남,63세,경상,건설기계,남,62세,중상
2015011000100499,2015년 1월 10일 19시,토요일,경상북도 경주시 충효동,중상사고,0,1,0,0,차대차 - 기타,안전운전불이행,건조,맑음,단일로 - 기타,승용,남,29세,상해없음,화물,기타불명,기타불명,기타불명
2015011000100500,2015년 1월 10일 19시,토요일,경상북도 칠곡군 북삼읍,중상사고,0,2,0,2,차대차 - 기타,안전운전불이행,건조,맑음,단일로 - 기타,승용,남,18세,부상신고,승용,남,45세,상해없음
2015011000100501,2015년 1월 10일 19시,토요일,경상북도 영덕군 영덕읍,중상사고,0,1,0,0,차대차 - 측면직각충돌,중앙선침범,건조,맑음,단일로 - 기타,승용,남,30세,상해없음,원동기,남,71세,중상
2015011000100502,2015년 1월 10일 19시,토요일,경상북도 봉화군 법전면,중상사고,0,1,1,0,차대차 - 정면충돌,안전운전불이행,건조,맑음,단일로 - 기타,승용,남,40세,상해없음,승용,남,30세,중상
2015011000100503,2015년 1월 10일 19시,토요일,경상북도 구미시 사곡동,중상사고,0,1,0,0,차대차 - 추돌 - 진행중,교차로운행방법위반,건조,맑음,교차로 - 교차로안,승용,남,52세,상해없음,승용,남,28세,중상
2015011000100504,2015년 1월 10일 19시,토요일,경상북도 포항시 남구 오천읍,중상사고,0,1,0,0,차대사람 - 기타,안전운전불이행,건조,맑음,기타 - 기타,승용,남,49세,상해없음,보행자,남,55세,중상
2015011000100526,2015년 1월 10일 20시,토요일,경상북도 경주시 성건동,중상사고,0,1,0,0,차대차 - 기타,교차로운행방법위반,건조,맑음,교차로 - 교차로부근,승용,여,56세,상해없음,원동기,남,40세,중상
2015011000100527,2015년 1월 10일 20시,토요일,경상북도 구미시 원평동,중상사고,0,2,2,0,차대차 - 측면직각충돌,신호위반,건조,맑음,교차로 - 교차로안,승용,남,45세,상해없음,승용,남,67세,경상
2015011000100528,2015년 1월 10일 20시,토요일,경상북도 포항시 남구 대송면,중상사고,0,1,0,0,차대사람 - 기타,안전운전불이행,건조,맑음,단일로 - 기타,승용,남,69세,상해없음,보행자,여,64세,중상
2015011000100555,2015년 1월 10일 21시,토요일,경상북도 경주시 현곡면,경상사고,0,0,1,0,차대차 - 기타,안전운전불이행,건조,맑음,단일로 - 기타,승용,남,57세,상해없음,승용,남,36세,경상
2015011000100556,2015년 1월 10일 21시,토요일,경상북도 구미시 사곡동,중상사고,0,3,0,0,차대차 - 측면직각충돌,안전운전불이행,건조,맑음,교차로 - 교차로부근,화물,남,50세,상해없음,승용,여,52세,중상
2015011000100557,2015년 1월 10일 21시,토요일,경상북도 포항시 남구 대잠동,경상사고,0,0,1,0,차량단독 - 기타,안전운전불이행,건조,맑음,단일로 - 기타,승합,남,55세,상해없음,,,,
2015011000100585,2015년 1월 10일 22시,토요일,경상북도 경주시 황성동,경상사고,0,0,2,1,차대차 - 추돌 - 진행중,안전운전불이행,건조,맑음,교차로 - 교차로부근,화물,남,33세,부상신고,승용,여,38세,경상
2015011000100586,2015년 1월 10일 22시,토요일,경상북도 안동시 송현동,경상사고,0,0,2,0,차대차 - 추돌 - 주정차중,안전운전불이행,건조,맑음,교차로 - 교차로부근,승용,남,43세,상해없음,승용,여,45세,경상
2015011000100587,2015년 1월 10일 22시,토요일,경상북도 포항시 남구 송내동,중상사고,0,1,0,0,차대차 - 기타,교차로운행방법위반,건조,맑음,교차로 - 교차로안,승용,남,50세,상해없음,승용,남,53세,중상
2015011000100611,2015년 1월 10일 23시,토요일,경상북도 포항시 북구 흥해읍,중상사고,0,1,1,0,차대차 - 기타,안전운전불이행,건조,맑음,단일로 - 기타,승용,남,28세,상해없음,승용,여,34세,중상
2015011000100612,2015년 1월 10일 23시,토요일,경상북도 경산시 조영동,경상사고,0,0,1,0,차대사람 - 기타,안전운전불이행,건조,맑음,단일로 - 기타,승용,남,28세,상해없음,보행자,여,33세,경상
2015011100100042,2015년 1월 11일 02시,일요일,경상북도 경주시 인왕동,경상사고,0,0,2,0,차량단독 - 기타,안전운전불이행,건조,맑음,단일로 - 기타,승용,여,41세,경상,,,,
2015011100100090,2015년 1월 11일 06시,일요일,경상북도 구미시 인의동,경상사고,0,0,1,0,차대차 - 추돌 - 진행중,안전운전불이행,건조,맑음,교차로 - 교차로부근,승용,여,33세,상해없음,승용,남,27세,경상
2015011100100107,2015년 1월 11일 07시,일요일,경상북도 상주시 사벌면,경상사고,0,0,1,0,차량단독 - 도로외이탈 - 기타,안전운전불이행,적설,눈,단일로 - 기타,승용,여,54세,경상,,,,
2015011100100108,2015년 1월 11일 07시,일요일,경상북도 상주시 가장동,중상사고,0,1,1,0,차대차 - 정면충돌,안전운전불이행,결빙,맑음,교차로 - 교차로부근,승용,남,54세,상해없음,승용,남,67세,경상
2015011100100109,2015년 1월 11일 07시,일요일,경상북도 경산시 압량면,중상사고,0,1,0,0,차대차 - 기타,안전운전불이행,건조,맑음,단일로 - 기타,승합,남,34세,상해없음,이륜,남,69세,중상
2015011100100110,2015년 1월 11일 07시,일요일,경상북도 김천시 신음동,중상사고,0,1,2,0,차대차 - 측면직각충돌,안전운전불이행,결빙,눈,단일로 - 기타,화물,남,31세,경상,화물,남,41세,중상
2015011100100111,2015년 1월 11일 07시,일요일,경상북도 의성군 안평면,중상사고,0,2,0,0,차대차 - 추돌 - 진행중,안전운전불이행,결빙,눈,단일로 - 기타,승용,남,42세,상해없음,승용,남,52세,중상
2015011100100127,2015년 1월 11일 08시,일요일,경상북도 봉화군 물야면,중상사고,0,1,0,0,차량단독 - 공작물충돌,안전운전불이행,결빙,흐림,단일로 - 기타,승용,여,47세,중상,,,,
2015011100100128,2015년 1월 11일 08시,일요일,경상북도 청송군 청송읍,경상사고,0,0,2,0,차대차 - 정면충돌,중앙선침범,결빙,눈,단일로 - 기타,승용,남,27세,상해없음,승용,남,33세,경상
2015011100100129,2015년 1월 11일 08시,일요일,경상북도 구미시 공단동,경상사고,0,0,5,1,차대차 - 기타,신호위반,건조,맑음,교차로 - 교차로안,승용,여,41세,상해없음,승용,여,20세,경상
2015011100100130,2015년 1월 11일 08시,일요일,경상북도 의성군 봉양면,경상사고,0,0,2,0,차대차 - 추돌 - 진행중,안전운전불이행,결빙,눈,단일로 - 기타,승용,남,26세,상해없음,승용,남,56세,경상
2015011100100152,2015년 1월 11일 09시,일요일,경상북도 김천시 개령면,경상사고,0,0,1,0,차량단독 - 전도전복,안전운전불이행,결빙,눈,단일로 - 기타,승용,남,28세,경상,,,,
2015011100100153,2015년 1월 11일 09시,일요일,경상북도 상주시 화북면,중상사고,0,1,0,1,차량단독 - 공작물충돌,안전운전불이행,결빙,맑음,단일로 - 기타,승용,남,47세,상해없음,,,,
2015011100100154,2015년 1월 11일 09시,일요일,경상북도 문경시 문경읍,중상사고,0,1,1,0,차대차 - 정면충돌,중앙선침범,결빙,맑음,단일로 - 기타,승합,남,58세,경상,화물,남,37세,중상