사고번호,사고일시,요일,시군구,사고내용,사망자수,중상자수,경상자수,부상신고자수,사고유형,법규위반,노면상태,기상상태,도로형태,가해운전자 차종,가해운전자 성별,가해운전자 연령,가해운전자 상해정도,피해운전자 차종,피해운전자 성별,피해운전자 연령,피해운전자 상해정도
2015011100100155,2015년 1월 11일 09시,일요일,경상북도 포항시 남구 해도동,경상사고,0,0,1,0,차대차 - 측면직각충돌,안전운전불이행,건조,맑음,교차로 - 교차로안,승용,여,58세,상해없음,승용,남,43세,경상
2015011100100186,2015년 1월 11일 11시,일요일,경상북도 상주시 이안면,중상사고,0,3,0,1,차량단독 - 도로외이탈 - 추락,안전운전불이행,결빙,맑음,단일로 - 기타,화물,남,55세,부상신고,,,,
2015011100100187,2015년 1월 11일 11시,일요일,경상북도 구미시 고아읍,경상사고,0,0,2,1,차대차 - 기타,신호위반,건조,맑음,교차로 - 교차로안,승용,여,51세,부상신고,승용,남,29세,경상
2015011100100203,2015년 1월 11일 12시,일요일,경상북도 경주시 서면,중상사고,0,1,0,0,차량단독 - 공작물충돌,안전운전불이행,건조,맑음,단일로 - 기타,화물,남,75세,상해없음,,,,
2015011100100204,2015년 1월 11일 12시,일요일,경상북도 포항시 북구 죽도동,중상사고,0,1,0,0,차대차 - 기타,안전운전불이행,건조,맑음,단일로 - 횡단보도부근,승용,남,42세,기타불명,승용,남,43세,중상
2015011100100226,2015년 1월 11일 13시,일요일,경상북도 경주시 천군동,부상신고사고,0,0,0,1,차량단독 - 전도전복,안전운전불이행,기타,맑음,기타 - 기타,이륜,남,19세,부상신고,,,,
2015011100100227,2015년 1월 11일 13시,일요일,경상북도 고령군 성산면,사망사고,1,0,0,0,차량단독 - 공작물충돌,안전운전불이행,건조,맑음,단일로 - 기타,화물,남,46세,사망,,,,
2015011100100281,2015년 1월 11일 15시,일요일,경상북도 영주시 영주동,경상사고,0,0,1,0,차대사람 - 횡단중,중앙선침범,건조,맑음,단일로 - 횡단보도상,이륜,남,18세,상해없음,보행자,여,36세,경상
2015011100100282,2015년 1월 11일 15시,일요일,경상북도 청도군 청도읍,중상사고,0,2,3,0,차대차 - 추돌 - 진행중,안전운전불이행,건조,맑음,단일로 - 기타,화물,남,70세,상해없음,승용,여,60세,경상
2015011100100305,2015년 1월 11일 16시,일요일,경상북도 경주시 북부동,중상사고,0,1,1,0,차대차 - 측면직각충돌,신호위반,건조,맑음,교차로 - 교차로안,원동기,남,16세,경상,원동기,남,59세,중상
2015011100100306,2015년 1월 11일 16시,일요일,경상북도 경주시 동천동,중상사고,0,1,0,0,차량단독 - 기타,안전운전불이행,건조,맑음,단일로 - 기타,승용,남,39세,상해없음,,,,
2015011100100307,2015년 1월 11일 16시,일요일,경상북도 칠곡군 석적읍,중상사고,0,2,0,0,차대차 - 기타,신호위반,건조,맑음,교차로 - 교차로안,승용,남,34세,상해없음,승용,남,26세,중상
2015011100100308,2015년 1월 11일 16시,일요일,경상북도 경산시 대동,경상사고,0,0,1,1,차대차 - 기타,신호위반,건조,맑음,단일로 - 횡단보도상,이륜,남,18세,경상,이륜,남,29세,부상신고
2015011100100309,2015년 1월 11일 16시,일요일,경상북도 구미시 오태동,경상사고,0,0,2,0,차대차 - 기타,안전운전불이행,건조,맑음,단일로 - 기타,건설기계,남,51세,상해없음,승용,남,65세,경상
2015011100100310,2015년 1월 11일 16시,일요일,경상북도 군위군 군위읍,경상사고,0,0,1,0,차대차 - 측면직각충돌,안전운전불이행,건조,맑음,단일로 - 기타,승합,남,55세,상해없음,승용,여,51세,상해없음
2015011100100330,2015년 1월 11일 17시,일요일,경상북도 경주시 시래동,부상신고사고,0,0,0,1,차대차 - 기타,안전운전불이행,건조,맑음,교차로 - 교차로안,원동기,여,56세,부상신고,승용,남,62세,상해없음
2015011100100362,2015년 1월 11일 18시,일요일,경상북도 영천시 완산동,중상사고,0,1,0,0,차대사람 - 횡단중,안전운전불이행,건조,맑음,단일로 - 기타,승용,여,39세,상해없음,보행자,여,57세,중상
2015011100100399,2015년 1월 11일 19시,일요일,경상북도 경주시 외동읍,중상사고,0,2,0,0,차대차 - 추돌 - 주정차중,안전운전불이행,건조,맑음,단일로 - 기타,승용,남,52세,상해없음,승용,여,51세,중상
2015011100100400,2015년 1월 11일 19시,일요일,경상북도 경산시 사동,중상사고,0,2,1,0,차대차 - 기타,신호위반,건조,맑음,교차로 - 교차로안,승용,남,29세,상해없음,승용,남,70세,경상
2015011100100429,2015년 1월 11일 20시,일요일,경상북도 고령군 운수면,경상사고,0,0,1,0,차량단독 - 도로외이탈 - 기타,안전운전불이행,건조,맑음,단일로 - 기타,승합,남,54세,경상,,,,
2015011100100465,2015년 1월 11일 22시,일요일,경상북도 영덕군 영덕읍,경상사고,0,0,1,0,차대차 - 추돌 - 주정차중,안전운전불이행,건조,맑음,단일로 - 기타,승용,남,44세,경상,승용,여,32세,기타불명
2015011200100008,2015년 1월 12일 01시,월요일,경상북도 구미시 옥계동,경상사고,0,0,1,0,차대사람 - 기타,안전운전불이행,건조,맑음,기타 - 기타,화물,남,25세,상해없음,보행자,남,56세,경상
2015011200100038,2015년 1월 12일 06시,월요일,경상북도 김천시 남산동,경상사고,0,0,1,0,차대차 - 추돌 - 주정차중,안전운전불이행,건조,맑음,교차로 - 교차로부근,승합,남,30세,상해없음,승용,남,65세,경상
2015011200100057,2015년 1월 12일 07시,월요일,경상북도 칠곡군 가산면,중상사고,0,1,0,0,차대차 - 측면직각충돌,신호위반,건조,맑음,교차로 - 교차로안,승용,남,32세,상해없음,건설기계,남,58세,중상
2015011200100058,2015년 1월 12일 07시,월요일,경상북도 경산시 자인면,경상사고,0,0,1,0,차대차 - 기타,안전운전불이행,건조,맑음,교차로 - 교차로안,승용,남,59세,기타불명,승용,남,41세,경상
2015011200100059,2015년 1월 12일 07시,월요일,경상북도 구미시 진평동,경상사고,0,0,1,0,차대차 - 기타,직진우회전진행방해,건조,맑음,교차로 - 교차로안,승용,남,52세,상해없음,이륜,남,24세,경상
2015011200100131,2015년 1월 12일 09시,월요일,경상북도 경주시 하동,부상신고사고,0,0,0,1,차대사람 - 보도통행중,안전운전불이행,건조,맑음,단일로 - 기타,승용,남,35세,상해없음,보행자,여,78세,부상신고
2015011200100151,2015년 1월 12일 10시,월요일,경상북도 경주시 사정동,부상신고사고,0,0,0,1,차량단독 - 전도전복,안전운전불이행,건조,맑음,단일로 - 기타,화물,남,48세,부상신고,,,,
2015011200100152,2015년 1월 12일 10시,월요일,경상북도 안동시 당북동,경상사고,0,0,2,0,차대차 - 추돌 - 진행중,안전운전불이행,건조,맑음,단일로 - 기타,화물,남,66세,상해없음,승용,여,52세,경상
2015011200100153,2015년 1월 12일 10시,월요일,경상북도 안동시 송현동,중상사고,0,1,0,0,차대차 - 기타,안전거리미확보,건조,맑음,단일로 - 기타,원동기,남,71세,중상,원동기,남,54세,상해없음
2015011200100154,2015년 1월 12일 10시,월요일,경상북도 예천군 예천읍,중상사고,0,1,0,0,차대차 - 측면직각충돌,안전운전불이행,건조,맑음,교차로 - 교차로안,화물,남,57세,상해없음,이륜,남,76세,중상
2015011200100203,2015년 1월 12일 12시,월요일,경상북도 안동시 법흥동,중상사고,0,1,0,0,차대차 - 기타,안전거리미확보,건조,맑음,교차로 - 교차로부근,원동기,남,69세,중상,화물,남,66세,상해없음
2015011200100204,2015년 1월 12일 12시,월요일,경상북도 영천시 완산동,중상사고,0,1,0,0,차대사람 - 길가장자리구역통행중,안전운전불이행,건조,맑음,단일로 - 기타,화물,여,52세,상해없음,보행자,여,61세,중상
2015011200100205,2015년 1월 12일 12시,월요일,경상북도 구미시 구평동,경상사고,0,0,1,0,차대차 - 기타,교차로운행방법위반,건조,맑음,교차로 - 교차로안,승합,남,52세,상해없음,승용,여,29세,경상
2015011200100206,2015년 1월 12일 12시,월요일,경상북도 포항시 남구 이동,경상사고,0,0,3,0,차대차 - 측면직각충돌,안전운전불이행,건조,맑음,단일로 - 기타,승용,남,43세,상해없음,승용,남,35세,경상
2015011200100232,2015년 1월 12일 13시,월요일,경상북도 고령군 우곡면,경상사고,0,0,2,0,차대차 - 측면직각충돌,안전운전불이행,건조,맑음,단일로 - 기타,승합,남,52세,상해없음,승용,남,52세,경상
2015011200100263,2015년 1월 12일 14시,월요일,경상북도 청도군 풍각면,중상사고,0,1,0,0,차대차 - 정면충돌,교차로운행방법위반,건조,맑음,교차로 - 교차로안,이륜,여,76세,중상,승용,남,40세,상해없음
2015011200100264,2015년 1월 12일 14시,월요일,경상북도 영양군 입암면,중상사고,0,2,0,0,차대차 - 정면충돌,중앙선침범,건조,맑음,단일로 - 기타,건설기계,남,48세,상해없음,승용,남,80세,중상
2015011200100265,2015년 1월 12일 14시,월요일,경상북도 구미시 고아읍,중상사고,0,2,1,0,차대차 - 기타,안전운전불이행,건조,맑음,교차로 - 교차로부근,화물,남,69세,상해없음,승용,여,30세,중상
2015011200100266,2015년 1월 12일 14시,월요일,경상북도 포항시 남구 오천읍,경상사고,0,0,1,0,차대차 - 기타,차로위반,건조,맑음,단일로 - 기타,승용,남,49세,상해없음,승용,여,57세,경상
2015011200100295,2015년 1월 12일 15시,월요일,경상북도 구미시 봉곡동,부상신고사고,0,0,0,1,차대차 - 기타,신호위반,건조,맑음,교차로 - 교차로안,자전거,남,15세,부상신고,승용,여,44세,상해없음
2015011200100319,2015년 1월 12일 16시,월요일,경상북도 경주시 성동동,중상사고,0,1,1,0,차대차 - 기타,안전운전불이행,건조,맑음,단일로 - 기타,화물,남,52세,상해없음,승용,남,33세,중상
2015011200100345,2015년 1월 12일 17시,월요일,경상북도 안동시 용상동,중상사고,0,1,0,1,차대사람 - 기타,안전운전불이행,건조,맑음,단일로 - 기타,원동기,남,17세,부상신고,보행자,남,77세,중상
2015011200100346,2015년 1월 12일 17시,월요일,경상북도 구미시 고아읍,경상사고,0,0,1,0,차대차 - 측면직각충돌,교차로운행방법위반,건조,맑음,교차로 - 교차로안,승용,여,46세,상해없음,이륜,남,31세,경상
2015011200100383,2015년 1월 12일 18시,월요일,경상북도 영주시 가흥동,중상사고,0,1,0,0,차대사람 - 횡단중,신호위반,건조,맑음,단일로 - 횡단보도상,원동기,남,58세,상해없음,보행자,남,48세,중상
2015011200100384,2015년 1월 12일 18시,월요일,경상북도 영주시 영주동,경상사고,0,0,1,0,차대사람 - 횡단중,보행자보호의무위반,건조,맑음,단일로 - 횡단보도상,원동기,남,21세,상해없음,보행자,여,54세,경상
2015011200100426,2015년 1월 12일 19시,월요일,경상북도 경주시 산내면,중상사고,0,1,0,0,차대차 - 기타,중앙선침범,건조,맑음,단일로 - 기타,승용,남,25세,상해없음,화물,여,49세,중상
2015011200100453,2015년 1월 12일 20시,월요일,경상북도 영덕군 강구면,중상사고,0,1,0,0,차대차 - 측면직각충돌,신호위반,건조,맑음,교차로 - 교차로안,승용,남,52세,상해없음,승용,남,23세,중상
2015011200100475,2015년 1월 12일 21시,월요일,경상북도 포항시 북구 창포동,중상사고,0,1,0,0,차대차 - 기타,안전거리미확보,건조,맑음,단일로 - 기타,승용,남,63세,상해없음,원동기,남,58세,중상
2015011200100476,2015년 1월 12일 21시,월요일,경상북도 구미시 구포동,경상사고,0,0,1,0,차대차 - 기타,중앙선침범,건조,맑음,단일로 - 기타,승용,남,30세,상해없음,이륜,남,39세,경상
2015011200100477,2015년 1월 12일 21시,월요일,경상북도 포항시 남구 대잠동,중상사고,0,4,2,0,차대차 - 측면직각충돌,신호위반,건조,맑음,교차로 - 교차로안,승용,남,58세,경상,승용,남,52세,중상
2015011200100497,2015년 1월 12일 22시,월요일,경상북도 경산시 중방동,경상사고,0,0,1,0,차대차 - 기타,안전운전불이행,건조,맑음,교차로 - 교차로부근,승용,여,60세,상해없음,승용,남,50세,경상
2015011200100518,2015년 1월 12일 23시,월요일,경상북도 안동시 옥동,경상사고,0,0,2,0,차대차 - 측면직각충돌,교차로운행방법위반,건조,맑음,교차로 - 교차로안,승용,여,22세,상해없음,승용,남,60세,경상
2015011300100025,2015년 1월 13일 01시,화요일,경상북도 영천시 금호읍,사망사고,1,0,1,0,차대차 - 추돌 - 진행중,안전운전불이행,건조,맑음,단일로 - 기타,화물,남,54세,사망,화물,남,50세,경상
2015011300100034,2015년 1월 13일 02시,화요일,경상북도 영주시 영주동,중상사고,0,1,1,0,차대차 - 추돌 - 주정차중,안전운전불이행,건조,맑음,교차로 - 교차로부근,승용,남,21세,상해없음,승용,남,42세,중상
2015011300100047,2015년 1월 13일 04시,화요일,경상북도 구미시 거의동,중상사고,0,1,0,0,차량단독 - 기타,안전운전불이행,건조,맑음,단일로 - 기타,승용,남,31세,중상,,,,
2015011300100062,2015년 1월 13일 05시,화요일,경상북도 구미시 옥계동,중상사고,0,1,0,0,차량단독 - 공작물충돌,기타,건조,맑음,단일로 - 기타,승용,남,25세,중상,,,,
2015011300100079,2015년 1월 13일 06시,화요일,경상북도 상주시 이안면,중상사고,0,3,0,0,차대차 - 추돌 - 진행중,안전운전불이행,건조,맑음,단일로 - 기타,승용,남,56세,중상,승용,남,49세,중상
2015011300100080,2015년 1월 13일 06시,화요일,경상북도 포항시 남구 인덕동,중상사고,0,1,0,0,차대사람 - 기타,신호위반,건조,맑음,단일로 - 기타,화물,여,67세,상해없음,보행자,남,50세,중상
2015011300100096,2015년 1월 13일 07시,화요일,경상북도 경주시 성건동,경상사고,0,0,1,0,차대차 - 기타,안전운전불이행,건조,맑음,단일로 - 기타,승용,여,54세,상해없음,승합,남,50세,상해없음
2015011300100097,2015년 1월 13일 07시,화요일,경상북도 경산시 사동,부상신고사고,0,0,0,1,차대차 - 기타,신호위반,건조,맑음,교차로 - 교차로안,승용,남,29세,상해없음,승합,여,41세,부상신고
2015011300100129,2015년 1월 13일 08시,화요일,경상북도 경주시 조양동,중상사고,0,1,0,0,차량단독 - 공작물충돌,안전운전불이행,건조,맑음,단일로 - 기타,승용,여,51세,중상,,,,
2015011300100130,2015년 1월 13일 08시,화요일,경상북도 경주시 안강읍,경상사고,0,0,1,1,차대차 - 기타,안전운전불이행,건조,맑음,교차로 - 교차로안,승용,남,66세,부상신고,승용,남,30세,경상
2015011300100131,2015년 1월 13일 08시,화요일,경상북도 경주시 동부동,중상사고,0,1,0,0,차대차 - 측면직각충돌,안전운전불이행,건조,맑음,교차로 - 교차로안,승용,남,45세,상해없음,자전거,여,73세,중상
2015011300100132,2015년 1월 13일 08시,화요일,경상북도 영천시 화남면,경상사고,0,0,2,0,차대차 - 정면충돌,중앙선침범,건조,맑음,단일로 - 기타,화물,남,53세,상해없음,승합,남,59세,경상
2015011300100154,2015년 1월 13일 09시,화요일,경상북도 경주시 시래동,사망사고,1,0,0,0,차대차 - 기타,안전운전불이행,건조,맑음,단일로 - 기타,원동기,남,81세,사망,화물,남,50세,상해없음
2015011300100155,2015년 1월 13일 09시,화요일,경상북도 경주시 인왕동,경상사고,0,0,2,0,차대차 - 기타,안전운전불이행,건조,맑음,단일로 - 기타,승용,남,44세,상해없음,화물,남,60세,경상
2015011300100156,2015년 1월 13일 09시,화요일,경상북도 안동시 송현동,경상사고,0,0,2,0,차대차 - 기타,안전운전불이행,건조,맑음,단일로 - 기타,건설기계,남,49세,상해없음,화물,여,55세,경상
2015011300100157,2015년 1월 13일 09시,화요일,경상북도 칠곡군 왜관읍,경상사고,0,0,1,0,차대차 - 추돌 - 진행중,안전운전불이행,건조,맑음,교차로 - 교차로안,승용,남,23세,상해없음,승용,여,33세,경상
2015011300100158,2015년 1월 13일 09시,화요일,경상북도 영천시 야사동,중상사고,0,1,0,0,차대차 - 기타,안전운전불이행,건조,맑음,단일로 - 기타,화물,남,61세,상해없음,승합,남,56세,상해없음
2015011300100192,2015년 1월 13일 10시,화요일,경상북도 경주시 외동읍,부상신고사고,0,0,0,1,차대차 - 기타,안전운전불이행,건조,맑음,단일로 - 기타,이륜,남,62세,부상신고,화물,남,34세,상해없음
2015011300100193,2015년 1월 13일 10시,화요일,경상북도 경주시 양북면,경상사고,0,0,1,0,차대차 - 기타,안전운전불이행,건조,맑음,단일로 - 기타,승용,여,53세,경상,화물,남,46세,상해없음
2015011300100194,2015년 1월 13일 10시,화요일,경상북도 의성군 의성읍,중상사고,0,2,0,0,차대차 - 측면직각충돌,신호위반,건조,맑음,교차로 - 교차로안,화물,남,69세,중상,승용,남,42세,중상
2015011300100195,2015년 1월 13일 10시,화요일,경상북도 영천시 고경면,경상사고,0,0,1,0,차대사람 - 차도통행중,안전운전불이행,건조,맑음,단일로 - 기타,화물,남,31세,상해없음,보행자,남,82세,경상
2015011300100215,2015년 1월 13일 11시,화요일,경상북도 고령군 운수면,사망사고,1,0,0,0,차량단독 - 공작물충돌,안전운전불이행,건조,맑음,단일로 - 기타,이륜,남,69세,사망,,,,
2015011300100216,2015년 1월 13일 11시,화요일,경상북도 군위군 군위읍,경상사고,0,0,2,2,차대차 - 측면직각충돌,직진우회전진행방해,건조,맑음,교차로 - 교차로안,화물,남,60세,경상,화물,남,62세,경상
2015011300100240,2015년 1월 13일 12시,화요일,경상북도 포항시 북구 양덕동,경상사고,0,0,2,0,차대차 - 기타,차로위반,건조,맑음,단일로 - 기타,승용,남,40세,상해없음,승용,남,55세,경상
2015011300100241,2015년 1월 13일 12시,화요일,경상북도 울진군 평해읍,경상사고,0,0,2,0,차대차 - 추돌 - 주정차중,안전운전불이행,건조,맑음,교차로 - 교차로부근,승합,남,57세,상해없음,승용,여,54세,경상
2015011300100267,2015년 1월 13일 13시,화요일,경상북도 경주시 용강동,중상사고,0,2,0,0,차대차 - 기타,중앙선침범,건조,맑음,단일로 - 기타,승합,여,57세,상해없음,승용,여,44세,중상
2015011300100290,2015년 1월 13일 14시,화요일,경상북도 경주시 건천읍,중상사고,0,1,0,0,차대차 - 측면직각충돌,안전운전불이행,건조,맑음,교차로 - 교차로안,승용,남,35세,상해없음,기타불명,남,87세,중상
2015011300100291,2015년 1월 13일 14시,화요일,경상북도 경주시 노서동,부상신고사고,0,0,0,1,차대차 - 기타,안전운전불이행,건조,맑음,단일로 - 기타,이륜,남,16세,부상신고,승용,남,42세,상해없음
2015011300100292,2015년 1월 13일 14시,화요일,경상북도 상주시 함창읍,경상사고,0,0,1,0,차대차 - 측면직각충돌,교차로운행방법위반,건조,맑음,교차로 - 교차로안,승합,남,53세,상해없음,원동기,남,38세,경상
2015011300100366,2015년 1월 13일 17시,화요일,경상북도 안동시 태화동,경상사고,0,0,1,0,차대차 - 기타,안전운전불이행,건조,맑음,단일로 - 기타,승용,남,46세,상해없음,승용,여,39세,경상
2015011300100367,2015년 1월 13일 17시,화요일,경상북도 포항시 남구 해도동,경상사고,0,0,1,0,차대차 - 측면직각충돌,안전운전불이행,건조,맑음,단일로 - 기타,승용,남,64세,상해없음,화물,남,56세,경상
2015011300100396,2015년 1월 13일 18시,화요일,경상북도 경주시 성동동,사망사고,1,0,0,0,차대차 - 기타,안전운전불이행,건조,맑음,교차로 - 교차로부근,화물,남,22세,상해없음,자전거,남,79세,사망
2015011300100397,2015년 1월 13일 18시,화요일,경상북도 경주시 노서동,경상사고,0,0,2,0,차대차 - 기타,안전운전불이행,건조,맑음,단일로 - 기타,화물,남,50세,상해없음,승용,남,48세,경상
2015011300100432,2015년 1월 13일 19시,화요일,경상북도 포항시 남구 오천읍,경상사고,0,0,1,0,차대차 - 측면직각충돌,직진우회전진행방해,건조,맑음,교차로 - 교차로안,승용,여,39세,상해없음,이륜,남,17세,경상
2015011300100433,2015년 1월 13일 19시,화요일,경상북도 포항시 남구 연일읍,중상사고,0,1,0,0,차대사람 - 횡단중,보행자보호의무위반,건조,맑음,교차로 - 교차로안,승용,남,54세,상해없음,보행자,남,19세,중상
2015011300100455,2015년 1월 13일 20시,화요일,경상북도 칠곡군 지천면,중상사고,0,1,0,0,차대사람 - 기타,안전운전불이행,건조,맑음,단일로 - 기타,승용,남,53세,상해없음,보행자,남,61세,중상
2015011300100494,2015년 1월 13일 21시,화요일,경상북도 경산시 사정동,경상사고,0,0,5,0,차대차 - 정면충돌,교차로운행방법위반,건조,맑음,교차로 - 교차로안,승용,남,46세,상해없음,승용,남,28세,경상
2015011400100059,2015년 1월 14일 05시,수요일,경상북도 포항시 북구 송라면,중상사고,0,4,0,0,차대차 - 기타,안전거리미확보,건조,맑음,단일로 - 기타,화물,남,27세,중상,농기계,남,51세,중상
2015011400100060,2015년 1월 14일 05시,수요일,경상북도 경산시 압량면,중상사고,0,1,0,0,차대차 - 기타,직진우회전진행방해,건조,맑음,교차로 - 교차로안,승용,여,46세,상해없음,자전거,여,53세,중상
2015011400100073,2015년 1월 14일 06시,수요일,경상북도 경산시 사동,중상사고,0,1,1,0,차대차 - 기타,안전운전불이행,건조,맑음,단일로 - 기타,승용,남,51세,상해없음,승용,남,55세,경상
2015011400100122,2015년 1월 14일 09시,수요일,경상북도 안동시 도산면,중상사고,0,2,0,0,차량단독 - 도로외이탈 - 기타,안전운전불이행,결빙,맑음,단일로 - 기타,화물,여,69세,상해없음,,,,
2015011400100123,2015년 1월 14일 09시,수요일,경상북도 포항시 남구 해도동,경상사고,0,0,1,0,차대차 - 측면직각충돌,안전운전불이행,건조,흐림,교차로 - 교차로안,화물,남,67세,상해없음,승용,남,67세,경상
2015011400100141,2015년 1월 14일 10시,수요일,경상북도 봉화군 봉화읍,부상신고사고,0,0,0,1,차량단독 - 공작물충돌,안전운전불이행,습기,맑음,단일로 - 기타,승용,여,44세,부상신고,,,,
2015011400100142,2015년 1월 14일 10시,수요일,경상북도 포항시 남구 연일읍,경상사고,0,0,2,0,차대차 - 기타,안전운전불이행,건조,맑음,단일로 - 기타,화물,남,46세,상해없음,승용,남,37세,경상
2015011400100173,2015년 1월 14일 11시,수요일,경상북도 영주시 하망동,중상사고,0,1,0,0,차대사람 - 횡단중,안전운전불이행,건조,맑음,단일로 - 기타,승용,남,60세,상해없음,보행자,여,68세,중상
2015011400100215,2015년 1월 14일 13시,수요일,경상북도 상주시 냉림동,중상사고,0,1,0,0,차대차 - 기타,교차로운행방법위반,건조,흐림,교차로 - 교차로안,승용,여,65세,상해없음,이륜,남,73세,중상
2015011400100240,2015년 1월 14일 14시,수요일,경상북도 청도군 청도읍,경상사고,0,0,3,0,차대차 - 측면직각충돌,안전운전불이행,건조,맑음,단일로 - 교량,승용,남,29세,상해없음,승용,여,43세,경상
2015011400100265,2015년 1월 14일 15시,수요일,경상북도 울진군 서면,중상사고,0,5,0,0,차대차 - 정면충돌,중앙선침범,건조,맑음,단일로 - 기타,승용,남,47세,중상,승용,남,53세,중상
2015011400100298,2015년 1월 14일 16시,수요일,경상북도 상주시 화산동,중상사고,0,1,0,0,차대차 - 측면직각충돌,안전운전불이행,건조,맑음,교차로 - 교차로안,승용,남,29세,상해없음,승용,남,41세,중상
2015011400100299,2015년 1월 14일 16시,수요일,경상북도 문경시 흥덕동,중상사고,0,2,0,0,차대차 - 측면직각충돌,신호위반,건조,맑음,교차로 - 교차로안,화물,남,65세,중상,화물,남,51세,중상
2015011400100324,2015년 1월 14일 17시,수요일,경상북도 경주시 외동읍,경상사고,0,0,5,1,차대차 - 기타,중앙선침범,결빙,비,단일로 - 기타,승용,남,57세,부상신고,승용,남,37세,경상
2015011400100325,2015년 1월 14일 17시,수요일,경상북도 안동시 정하동,경상사고,0,0,1,0,차대차 - 측면직각충돌,안전운전불이행,건조,맑음,단일로 - 기타,이륜,남,20세,경상,승용,여,45세,상해없음
2015011400100326,2015년 1월 14일 17시,수요일,경상북도 포항시 남구 연일읍,경상사고,0,0,1,0,차량단독 - 도로외이탈 - 추락,안전운전불이행,습기,맑음,단일로 - 기타,이륜,남,60세,경상,,,,
2015011400100327,2015년 1월 14일 17시,수요일,경상북도 포항시 남구 괴동동,중상사고,0,1,0,0,차대차 - 기타,교차로운행방법위반,건조,맑음,교차로 - 교차로안,화물,남,40세,상해없음,화물,남,45세,중상
2015011400100370,2015년 1월 14일 18시,수요일,경상북도 경주시 내남면,부상신고사고,0,0,0,1,차대차 - 추돌 - 주정차중,안전운전불이행,습기,비,단일로 - 기타,승용,남,45세,부상신고,건설기계,남,40세,상해없음
2015011400100371,2015년 1월 14일 18시,수요일,경상북도 포항시 북구 죽도동,중상사고,0,1,0,0,차대사람 - 차도통행중,안전운전불이행,습기,비,단일로 - 기타,승용,여,48세,상해없음,보행자,여,67세,중상
2015011400100372,2015년 1월 14일 18시,수요일,경상북도 포항시 북구 덕산동,중상사고,0,1,0,0,차대사람 - 기타,안전운전불이행,습기,비,교차로 - 교차로부근,승용,남,44세,상해없음,보행자,여,17세,중상
2015011400100373,2015년 1월 14일 18시,수요일,경상북도 칠곡군 석적읍,중상사고,0,1,5,0,차대차 - 측면직각충돌,안전거리미확보,건조,맑음,단일로 - 기타,승용,여,43세,경상,승용,남,50세,경상
2015011400100374,2015년 1월 14일 18시,수요일,경상북도 영천시 야사동,경상사고,0,0,1,0,차대차 - 측면직각충돌,기타,건조,흐림,교차로 - 교차로안,원동기,남,42세,경상,승용,여,38세,상해없음
2015011400100375,2015년 1월 14일 18시,수요일,경상북도 포항시 남구 상도동,부상신고사고,0,0,0,1,차대차 - 측면직각충돌,안전운전불이행,습기,비,단일로 - 기타,승용,남,69세,부상신고,승용,여,35세,상해없음
2015011400100414,2015년 1월 14일 19시,수요일,경상북도 구미시 공단동,경상사고,0,0,2,0,차대차 - 기타,안전운전불이행,건조,맑음,단일로 - 기타,승용,남,55세,상해없음,승용,남,28세,경상
2015011400100415,2015년 1월 14일 19시,수요일,경상북도 포항시 남구 이동,경상사고,0,0,2,0,차대차 - 측면직각충돌,안전운전불이행,습기,비,교차로 - 교차로안,승용,여,35세,경상,승용,남,34세,경상
2015011400100440,2015년 1월 14일 20시,수요일,경상북도 포항시 북구 죽도동,중상사고,0,1,0,0,차대사람 - 기타,안전운전불이행,습기,맑음,단일로 - 기타,승용,여,51세,상해없음,보행자,남,54세,중상
2015011400100441,2015년 1월 14일 20시,수요일,경상북도 경산시 사동,중상사고,0,1,0,0,차대차 - 측면직각충돌,교차로운행방법위반,건조,맑음,교차로 - 교차로안,승용,여,55세,상해없음,승용,여,24세,중상
2015011400100495,2015년 1월 14일 22시,수요일,경상북도 경산시 삼풍동,경상사고,0,0,1,0,차대차 - 기타,안전운전불이행,건조,맑음,교차로 - 교차로부근,승용,남,40세,상해없음,승용,남,27세,경상
2015011400100496,2015년 1월 14일 22시,수요일,경상북도 성주군 선남면,경상사고,0,0,5,0,차대차 - 추돌 - 진행중,안전운전불이행,건조,맑음,단일로 - 교량,승용,남,29세,상해없음,승용,남,40세,경상
2015011400100497,2015년 1월 14일 22시,수요일,경상북도 구미시 인의동,경상사고,0,0,1,0,차대차 - 기타,교차로운행방법위반,건조,맑음,교차로 - 교차로안,승용,남,40세,상해없음,이륜,남,27세,경상
2015011500100017,2015년 1월 15일 00시,목요일,경상북도 경주시 성건동,중상사고,0,1,0,0,차대사람 - 기타,안전운전불이행,습기,비,단일로 - 기타,승용,남,36세,상해없음,보행자,남,27세,중상
2015011500100052,2015년 1월 15일 04시,목요일,경상북도 경산시 진량읍,사망사고,1,1,0,0,차대차 - 추돌 - 주정차중,안전운전불이행,건조,맑음,단일로 - 기타,화물,남,43세,사망,화물,남,51세,중상
2015011500100070,2015년 1월 15일 06시,목요일,경상북도 문경시 점촌동,중상사고,0,1,0,0,차대사람 - 횡단중,안전운전불이행,건조,맑음,교차로 - 교차로안,화물,남,62세,상해없음,보행자,남,71세,중상
2015011500100090,2015년 1월 15일 07시,목요일,경상북도 경주시 강동면,부상신고사고,0,0,0,1,차량단독 - 공작물충돌,안전운전불이행,결빙,흐림,단일로 - 기타,화물,남,23세,부상신고,,,,