사고번호,사고일시,요일,시군구,사고내용,사망자수,중상자수,경상자수,부상신고자수,사고유형,법규위반,노면상태,기상상태,도로형태,가해운전자 차종,가해운전자 성별,가해운전자 연령,가해운전자 상해정도,피해운전자 차종,피해운전자 성별,피해운전자 연령,피해운전자 상해정도
2015011500100116,2015년 1월 15일 08시,목요일,경상북도 구미시 상모동,중상사고,0,1,0,0,차대차 - 기타,안전운전불이행,건조,맑음,교차로 - 교차로안,이륜,남,59세,중상,승용,남,60세,상해없음
2015011500100140,2015년 1월 15일 09시,목요일,경상북도 포항시 남구 연일읍,경상사고,0,0,1,0,차대차 - 기타,안전운전불이행,건조,맑음,교차로 - 교차로안,승용,남,64세,상해없음,이륜,남,72세,경상
2015011500100158,2015년 1월 15일 10시,목요일,경상북도 경산시 와촌면,경상사고,0,0,1,0,차대차 - 기타,안전운전불이행,건조,맑음,단일로 - 기타,화물,남,50세,상해없음,화물,남,51세,경상
2015011500100212,2015년 1월 15일 12시,목요일,경상북도 의성군 단촌면,경상사고,0,0,1,0,차대차 - 측면직각충돌,교차로운행방법위반,건조,맑음,교차로 - 교차로안,원동기,남,80세,경상,승용,남,72세,상해없음
2015011500100213,2015년 1월 15일 12시,목요일,경상북도 포항시 남구 상도동,경상사고,0,0,1,0,차대차 - 측면직각충돌,직진우회전진행방해,습기,비,교차로 - 교차로안,승용,남,43세,상해없음,승용,남,35세,경상
2015011500100239,2015년 1월 15일 13시,목요일,경상북도 경산시 백천동,경상사고,0,0,1,0,차대차 - 기타,안전운전불이행,건조,맑음,교차로 - 교차로안,화물,남,62세,상해없음,자전거,남,55세,경상
2015011500100240,2015년 1월 15일 13시,목요일,경상북도 영양군 영양읍,경상사고,0,0,2,0,차대차 - 정면충돌,중앙선침범,건조,맑음,단일로 - 기타,화물,남,47세,상해없음,승합,남,51세,상해없음
2015011500100267,2015년 1월 15일 14시,목요일,경상북도 경산시 계양동,경상사고,0,0,1,0,차대차 - 기타,안전운전불이행,건조,맑음,교차로 - 교차로안,이륜,남,20세,경상,화물,남,38세,상해없음
2015011500100268,2015년 1월 15일 14시,목요일,경상북도 구미시 선산읍,중상사고,0,1,0,0,차대차 - 기타,직진우회전진행방해,건조,맑음,교차로 - 교차로안,승용,남,46세,상해없음,자전거,여,72세,중상
2015011500100289,2015년 1월 15일 15시,목요일,경상북도 영주시 하망동,부상신고사고,0,0,0,1,차대사람 - 기타,안전운전불이행,건조,맑음,교차로 - 교차로부근,화물,여,70세,상해없음,보행자,여,27세,부상신고
2015011500100290,2015년 1월 15일 15시,목요일,경상북도 칠곡군 석적읍,경상사고,0,0,1,0,차대차 - 기타,교차로운행방법위반,건조,맑음,교차로 - 교차로안,특수,남,39세,상해없음,이륜,남,36세,경상
2015011500100291,2015년 1월 15일 15시,목요일,경상북도 경산시 압량면,경상사고,0,0,1,0,차대사람 - 기타,안전운전불이행,건조,맑음,단일로 - 기타,승용,남,39세,상해없음,보행자,여,22세,경상
2015011500100292,2015년 1월 15일 15시,목요일,경상북도 청도군 운문면,경상사고,0,0,1,0,차대차 - 추돌 - 진행중,안전거리미확보,건조,맑음,단일로 - 기타,승용,남,68세,상해없음,이륜,남,23세,경상
2015011500100320,2015년 1월 15일 16시,목요일,경상북도 영주시 휴천동,중상사고,0,1,0,0,차대사람 - 횡단중,보행자보호의무위반,건조,맑음,단일로 - 기타,화물,남,34세,상해없음,보행자,남,73세,중상
2015011500100321,2015년 1월 15일 16시,목요일,경상북도 문경시 창동,중상사고,0,1,0,0,차량단독 - 도로외이탈 - 추락,안전운전불이행,건조,맑음,단일로 - 기타,원동기,남,62세,중상,,,,
2015011500100352,2015년 1월 15일 17시,목요일,경상북도 경산시 하양읍,경상사고,0,0,1,0,차대차 - 기타,안전운전불이행,건조,맑음,단일로 - 기타,승용,남,48세,상해없음,화물,남,62세,경상
2015011500100353,2015년 1월 15일 17시,목요일,경상북도 경산시 중방동,경상사고,0,0,1,0,차대차 - 기타,차로위반,건조,맑음,단일로 - 기타,화물,남,53세,상해없음,승용,여,32세,경상
2015011500100394,2015년 1월 15일 18시,목요일,경상북도 포항시 북구 두호동,중상사고,0,1,0,0,차대사람 - 기타,안전운전불이행,건조,맑음,단일로 - 기타,승용,여,32세,상해없음,보행자,여,38세,중상
2015011500100395,2015년 1월 15일 18시,목요일,경상북도 포항시 북구 용흥동,경상사고,0,0,1,0,차대차 - 기타,안전거리미확보,건조,맑음,단일로 - 기타,승용,남,30세,상해없음,화물,남,57세,경상
2015011500100396,2015년 1월 15일 18시,목요일,경상북도 김천시 신음동,중상사고,0,1,0,0,차대사람 - 횡단중,보행자보호의무위반,건조,맑음,단일로 - 횡단보도상,승용,남,57세,상해없음,보행자,여,56세,중상
2015011500100397,2015년 1월 15일 18시,목요일,경상북도 칠곡군 석적읍,경상사고,0,0,1,0,차대차 - 측면직각충돌,안전운전불이행,건조,맑음,교차로 - 교차로안,승용,남,32세,상해없음,이륜,남,21세,경상
2015011500100398,2015년 1월 15일 18시,목요일,경상북도 영천시 문내동,경상사고,0,0,1,0,차대사람 - 차도통행중,안전운전불이행,건조,맑음,교차로 - 교차로안,승합,기타불명,기타불명,기타불명,보행자,여,15세,경상
2015011500100399,2015년 1월 15일 18시,목요일,경상북도 경산시 진량읍,중상사고,0,1,0,0,차대사람 - 기타,신호위반,건조,맑음,교차로 - 교차로안,승용,남,70세,상해없음,보행자,남,52세,중상
2015011500100400,2015년 1월 15일 18시,목요일,경상북도 구미시 도량동,중상사고,0,1,0,0,차대차 - 기타,안전운전불이행,건조,맑음,교차로 - 교차로부근,승합,남,57세,상해없음,자전거,남,58세,중상
2015011500100436,2015년 1월 15일 19시,목요일,경상북도 경주시 동천동,경상사고,0,0,1,0,차대차 - 기타,신호위반,건조,맑음,교차로 - 교차로안,화물,남,53세,상해없음,승용,남,34세,경상
2015011500100437,2015년 1월 15일 19시,목요일,경상북도 포항시 북구 죽도동,중상사고,0,1,1,0,차대사람 - 기타,중앙선침범,건조,맑음,단일로 - 기타,원동기,남,46세,상해없음,보행자,여,72세,경상
2015011500100464,2015년 1월 15일 20시,목요일,경상북도 경주시 외동읍,중상사고,0,1,0,0,차대차 - 기타,신호위반,건조,맑음,교차로 - 교차로안,이륜,남,24세,중상,승용,남,39세,상해없음
2015011500100465,2015년 1월 15일 20시,목요일,경상북도 경주시 외동읍,중상사고,0,1,1,0,차대차 - 기타,안전운전불이행,건조,맑음,단일로 - 기타,승용,남,46세,상해없음,승용,남,27세,중상
2015011500100466,2015년 1월 15일 20시,목요일,경상북도 안동시 서후면,중상사고,0,2,1,0,차대차 - 추돌 - 진행중,안전운전불이행,건조,맑음,단일로 - 기타,승용,남,55세,상해없음,승용,남,58세,중상
2015011500100467,2015년 1월 15일 20시,목요일,경상북도 구미시 구평동,중상사고,0,2,0,0,차대사람 - 기타,보행자보호의무위반,건조,맑음,교차로 - 교차로안,승용,여,44세,상해없음,보행자,여,24세,중상
2015011500100468,2015년 1월 15일 20시,목요일,경상북도 구미시 구평동,중상사고,0,1,0,0,차대사람 - 기타,안전운전불이행,건조,맑음,교차로 - 교차로안,승용,남,23세,상해없음,보행자,여,30세,중상
2015011500100469,2015년 1월 15일 20시,목요일,경상북도 구미시 인의동,경상사고,0,0,1,0,차대차 - 기타,신호위반,건조,맑음,교차로 - 교차로안,승용,남,24세,상해없음,원동기,남,20세,경상
2015011500100470,2015년 1월 15일 20시,목요일,경상북도 구미시 산동면,부상신고사고,0,0,0,1,차대차 - 기타,기타,건조,맑음,교차로 - 교차로안,이륜,남,19세,부상신고,승용,남,31세,상해없음
2015011500100497,2015년 1월 15일 21시,목요일,경상북도 구미시 임수동,경상사고,0,0,1,0,차대차 - 기타,교차로운행방법위반,건조,맑음,교차로 - 교차로부근,승용,남,52세,상해없음,원동기,남,24세,경상
2015011500100519,2015년 1월 15일 22시,목요일,경상북도 포항시 북구 남빈동,중상사고,0,1,0,0,차대사람 - 기타,안전운전불이행,건조,맑음,단일로 - 기타,승용,남,67세,상해없음,보행자,남,53세,중상
2015011500100520,2015년 1월 15일 22시,목요일,경상북도 안동시 길안면,중상사고,0,1,0,0,차대차 - 정면충돌,중앙선침범,건조,맑음,단일로 - 기타,화물,남,58세,중상,화물,남,41세,상해없음
2015011500100521,2015년 1월 15일 22시,목요일,경상북도 영주시 가흥동,경상사고,0,0,1,0,차대차 - 추돌 - 진행중,안전운전불이행,건조,흐림,교차로 - 교차로부근,승용,남,40세,상해없음,승용,여,39세,경상
2015011500100522,2015년 1월 15일 22시,목요일,경상북도 경산시 옥산동,경상사고,0,0,2,0,차대차 - 기타,안전거리미확보,건조,맑음,단일로 - 기타,승용,남,34세,경상,이륜,남,36세,경상
2015011500100523,2015년 1월 15일 22시,목요일,경상북도 포항시 남구 대잠동,중상사고,0,1,0,0,차대사람 - 기타,안전운전불이행,건조,맑음,단일로 - 기타,승용,남,58세,상해없음,보행자,남,46세,중상
2015011500100568,2015년 1월 15일 23시,목요일,경상북도 경주시 성건동,경상사고,0,0,1,0,차대차 - 측면직각충돌,안전운전불이행,건조,맑음,단일로 - 기타,기타불명,기타불명,기타불명,기타불명,승용,남,40세,경상
2015011500100569,2015년 1월 15일 23시,목요일,경상북도 영주시 풍기읍,중상사고,0,1,0,0,차대차 - 측면직각충돌,안전운전불이행,건조,맑음,교차로 - 교차로안,승용,여,36세,상해없음,승용,남,40세,중상
2015011500100570,2015년 1월 15일 23시,목요일,경상북도 칠곡군 동명면,경상사고,0,0,1,0,차대차 - 기타,안전운전불이행,건조,기타,교차로 - 교차로부근,승용,남,35세,상해없음,승용,여,41세,경상
2015011500100571,2015년 1월 15일 23시,목요일,경상북도 칠곡군 북삼읍,경상사고,0,0,1,0,차대사람 - 횡단중,안전운전불이행,건조,맑음,단일로 - 기타,원동기,남,60세,상해없음,보행자,남,42세,경상
2015011600100018,2015년 1월 16일 00시,금요일,경상북도 구미시 인의동,부상신고사고,0,0,0,1,차대사람 - 기타,안전운전불이행,건조,맑음,단일로 - 기타,승용,남,26세,상해없음,보행자,남,26세,부상신고
2015011600100093,2015년 1월 16일 06시,금요일,경상북도 구미시 형곡동,경상사고,0,0,1,0,차대차 - 기타,직진우회전진행방해,건조,맑음,교차로 - 교차로안,승용,여,43세,상해없음,승합,남,58세,경상
2015011600100094,2015년 1월 16일 06시,금요일,경상북도 포항시 남구 구룡포읍,중상사고,0,1,0,0,차량단독 - 기타,안전운전불이행,결빙,흐림,단일로 - 기타,화물,남,59세,중상,,,,
2015011600100119,2015년 1월 16일 07시,금요일,경상북도 경주시 내남면,중상사고,0,1,0,1,차대차 - 기타,중앙선침범,결빙,안개,단일로 - 기타,승용,여,47세,부상신고,화물,남,54세,중상
2015011600100120,2015년 1월 16일 07시,금요일,경상북도 경주시 양남면,중상사고,0,1,0,0,차대사람 - 기타,안전운전불이행,결빙,기타,단일로 - 기타,승용,남,31세,상해없음,보행자,남,68세,중상
2015011600100121,2015년 1월 16일 07시,금요일,경상북도 포항시 남구 오천읍,경상사고,0,0,1,0,차량단독 - 공작물충돌,안전운전불이행,건조,맑음,단일로 - 기타,이륜,남,41세,경상,,,,
2015011600100146,2015년 1월 16일 08시,금요일,경상북도 안동시 옥동,경상사고,0,0,1,0,차대차 - 기타,교차로운행방법위반,건조,맑음,교차로 - 교차로안,승용,여,55세,상해없음,승용,남,35세,경상
2015011600100176,2015년 1월 16일 09시,금요일,경상북도 포항시 남구 송도동,중상사고,0,1,0,0,차대차 - 측면직각충돌,안전운전불이행,건조,맑음,단일로 - 횡단보도상,승용,기타불명,기타불명,기타불명,자전거,여,64세,중상
2015011600100200,2015년 1월 16일 10시,금요일,경상북도 김천시 황금동,중상사고,0,1,0,0,차대차 - 측면직각충돌,교차로운행방법위반,건조,맑음,교차로 - 교차로안,승용,남,65세,상해없음,이륜,남,72세,중상
2015011600100201,2015년 1월 16일 10시,금요일,경상북도 영주시 하망동,중상사고,0,1,0,0,차대차 - 기타,중앙선침범,건조,흐림,단일로 - 기타,승용,남,51세,상해없음,원동기,남,47세,중상
2015011600100224,2015년 1월 16일 11시,금요일,경상북도 의성군 봉양면,경상사고,0,0,1,0,차대차 - 기타,안전거리미확보,건조,맑음,단일로 - 기타,화물,남,60세,상해없음,승용,남,26세,경상
2015011600100225,2015년 1월 16일 11시,금요일,경상북도 성주군 선남면,중상사고,0,1,0,0,차대차 - 기타,직진우회전진행방해,건조,맑음,교차로 - 교차로안,승용,여,52세,상해없음,자전거,여,83세,중상
2015011600100226,2015년 1월 16일 11시,금요일,경상북도 청송군 진보면,경상사고,0,0,2,0,차대차 - 측면직각충돌,교차로운행방법위반,건조,맑음,교차로 - 교차로안,화물,남,22세,상해없음,승용,여,45세,경상
2015011600100227,2015년 1월 16일 11시,금요일,경상북도 구미시 공단동,중상사고,0,1,0,0,차대차 - 기타,안전운전불이행,건조,맑음,단일로 - 기타,화물,남,35세,상해없음,승용,여,38세,중상
2015011600100256,2015년 1월 16일 12시,금요일,경상북도 김천시 모암동,중상사고,0,1,0,0,차대사람 - 길가장자리구역통행중,안전운전불이행,건조,맑음,단일로 - 기타,화물,남,61세,상해없음,보행자,여,79세,중상
2015011600100257,2015년 1월 16일 12시,금요일,경상북도 영천시 임고면,경상사고,0,0,1,0,차대차 - 측면직각충돌,신호위반,건조,맑음,교차로 - 교차로안,화물,남,41세,상해없음,화물,여,55세,경상
2015011600100287,2015년 1월 16일 13시,금요일,경상북도 포항시 북구 죽도동,경상사고,0,0,1,0,차대사람 - 기타,안전운전불이행,건조,맑음,단일로 - 기타,승용,여,53세,상해없음,보행자,여,64세,경상
2015011600100288,2015년 1월 16일 13시,금요일,경상북도 포항시 북구 장성동,경상사고,0,0,1,0,차대사람 - 기타,안전운전불이행,건조,맑음,교차로 - 교차로부근,승합,여,44세,상해없음,보행자,여,36세,경상
2015011600100289,2015년 1월 16일 13시,금요일,경상북도 영주시 하망동,경상사고,0,0,1,0,차대사람 - 횡단중,안전운전불이행,건조,맑음,교차로 - 교차로부근,승용,여,42세,상해없음,보행자,여,62세,경상
2015011600100339,2015년 1월 16일 15시,금요일,경상북도 상주시 성동동,중상사고,0,1,0,0,차대사람 - 차도통행중,안전운전불이행,건조,흐림,단일로 - 기타,자전거,남,14세,상해없음,보행자,남,78세,중상
2015011600100340,2015년 1월 16일 15시,금요일,경상북도 구미시 선산읍,부상신고사고,0,0,0,1,차대차 - 기타,교차로운행방법위반,건조,맑음,교차로 - 교차로안,승용,남,38세,부상신고,승용,남,67세,상해없음
2015011600100387,2015년 1월 16일 17시,금요일,경상북도 경주시 감포읍,사망사고,1,0,0,0,차대사람 - 기타,안전운전불이행,건조,맑음,단일로 - 기타,승용,남,61세,상해없음,보행자,남,52세,사망
2015011600100388,2015년 1월 16일 17시,금요일,경상북도 포항시 북구 죽도동,경상사고,0,0,1,0,차대차 - 기타,안전운전불이행,건조,맑음,단일로 - 기타,승용,남,58세,상해없음,승용,여,38세,경상
2015011600100389,2015년 1월 16일 17시,금요일,경상북도 김천시 평화동,경상사고,0,0,1,0,차대사람 - 횡단중,보행자보호의무위반,건조,맑음,교차로 - 교차로부근,승용,남,55세,상해없음,보행자,여,55세,경상
2015011600100390,2015년 1월 16일 17시,금요일,경상북도 의성군 의성읍,중상사고,0,2,0,0,차대차 - 기타,교차로운행방법위반,건조,맑음,교차로 - 교차로부근,화물,남,41세,상해없음,화물,남,61세,중상
2015011600100391,2015년 1월 16일 17시,금요일,경상북도 울진군 평해읍,경상사고,0,0,1,0,차대차 - 추돌 - 진행중,안전운전불이행,건조,맑음,교차로 - 교차로안,화물,남,39세,상해없음,승용,남,67세,경상
2015011600100392,2015년 1월 16일 17시,금요일,경상북도 구미시 광평동,경상사고,0,0,2,0,차대차 - 기타,안전거리미확보,건조,맑음,교차로 - 교차로부근,승용,남,56세,상해없음,승용,남,47세,경상
2015011600100393,2015년 1월 16일 17시,금요일,경상북도 구미시 지산동,경상사고,0,0,1,0,차대사람 - 기타,안전운전불이행,건조,맑음,단일로 - 기타,기타불명,기타불명,기타불명,기타불명,보행자,여,44세,경상
2015011600100439,2015년 1월 16일 18시,금요일,경상북도 경산시 옥산동,경상사고,0,0,1,0,차대차 - 기타,안전운전불이행,건조,맑음,단일로 - 기타,승용,여,54세,상해없음,자전거,남,12세,경상
2015011600100440,2015년 1월 16일 18시,금요일,경상북도 울진군 근남면,중상사고,0,1,1,0,차대차 - 기타,안전운전불이행,건조,맑음,단일로 - 기타,승용,남,52세,상해없음,승용,남,35세,경상
2015011600100441,2015년 1월 16일 18시,금요일,경상북도 청송군 안덕면,사망사고,1,0,0,0,차대사람 - 길가장자리구역통행중,안전운전불이행,건조,맑음,단일로 - 기타,승용,남,53세,상해없음,보행자,여,73세,사망
2015011600100442,2015년 1월 16일 18시,금요일,경상북도 구미시 임은동,중상사고,0,1,0,0,차대차 - 기타,안전거리미확보,건조,맑음,교차로 - 교차로부근,승용,남,23세,상해없음,승용,남,51세,중상
2015011600100443,2015년 1월 16일 18시,금요일,경상북도 포항시 남구 연일읍,사망사고,1,0,0,0,차대차 - 기타,안전운전불이행,건조,맑음,단일로 - 기타,승용,남,63세,상해없음,승용,남,49세,상해없음
2015011600100485,2015년 1월 16일 19시,금요일,경상북도 구미시 형곡동,경상사고,0,0,1,0,차대사람 - 기타,신호위반,건조,맑음,단일로 - 횡단보도상,기타불명,기타불명,기타불명,기타불명,보행자,여,32세,경상
2015011600100518,2015년 1월 16일 20시,금요일,경상북도 김천시 부곡동,경상사고,0,0,1,0,차대사람 - 횡단중,안전운전불이행,건조,맑음,교차로 - 교차로부근,승용,여,44세,상해없음,보행자,여,28세,경상
2015011600100551,2015년 1월 16일 21시,금요일,경상북도 울진군 울진읍,중상사고,0,1,0,0,차대사람 - 기타,보행자보호의무위반,건조,맑음,교차로 - 교차로안,원동기,남,17세,상해없음,보행자,여,20세,중상
2015011600100621,2015년 1월 16일 23시,금요일,경상북도 안동시 옥동,경상사고,0,0,2,0,차대사람 - 횡단중,안전운전불이행,건조,맑음,교차로 - 교차로부근,승용,여,41세,상해없음,보행자,남,45세,경상
2015011700100023,2015년 1월 17일 00시,토요일,경상북도 안동시 옥동,경상사고,0,0,1,0,차대사람 - 차도통행중,안전운전불이행,건조,맑음,단일로 - 기타,승용,남,23세,상해없음,보행자,남,30세,경상
2015011700100042,2015년 1월 17일 01시,토요일,경상북도 문경시 마성면,사망사고,1,0,0,0,차대사람 - 차도통행중,안전운전불이행,습기,흐림,단일로 - 기타,승용,여,46세,상해없음,보행자,남,62세,사망
2015011700100066,2015년 1월 17일 02시,토요일,경상북도 경산시 진량읍,경상사고,0,0,1,0,차대차 - 기타,신호위반,건조,맑음,교차로 - 교차로안,승용,남,47세,상해없음,화물,남,47세,경상
2015011700100112,2015년 1월 17일 05시,토요일,경상북도 영천시 조교동,경상사고,0,0,1,0,차대차 - 측면직각충돌,안전운전불이행,건조,맑음,단일로 - 기타,승합,남,23세,상해없음,승용,여,67세,경상
2015011700100149,2015년 1월 17일 07시,토요일,경상북도 구미시 도량동,경상사고,0,0,1,0,차대차 - 기타,안전운전불이행,건조,맑음,교차로 - 교차로부근,승용,여,47세,상해없음,승용,남,47세,경상
2015011700100150,2015년 1월 17일 07시,토요일,경상북도 포항시 남구 송내동,경상사고,0,0,2,0,차대차 - 측면직각충돌,안전운전불이행,건조,맑음,교차로 - 교차로안,승용,남,47세,상해없음,승용,남,52세,경상
2015011700100169,2015년 1월 17일 08시,토요일,경상북도 안동시 북후면,사망사고,1,0,0,0,차대사람 - 기타,안전운전불이행,건조,맑음,단일로 - 기타,화물,남,70세,상해없음,보행자,여,75세,사망
2015011700100170,2015년 1월 17일 08시,토요일,경상북도 구미시 임은동,경상사고,0,0,1,0,차대차 - 측면직각충돌,교차로운행방법위반,건조,맑음,교차로 - 교차로안,승용,남,31세,상해없음,승용,남,46세,경상
2015011700100195,2015년 1월 17일 09시,토요일,경상북도 경주시 사정동,중상사고,0,2,1,0,차대차 - 기타,안전운전불이행,건조,맑음,교차로 - 교차로안,승합,남,52세,상해없음,승용,남,90세 이상,중상
2015011700100196,2015년 1월 17일 09시,토요일,경상북도 포항시 북구 두호동,경상사고,0,0,3,0,차대차 - 기타,신호위반,건조,맑음,교차로 - 교차로안,승용,남,27세,상해없음,승용,남,30세,경상
2015011700100197,2015년 1월 17일 09시,토요일,경상북도 상주시 함창읍,중상사고,0,1,0,0,차대차 - 추돌 - 주정차중,안전거리미확보,건조,맑음,교차로 - 교차로안,승용,남,39세,상해없음,화물,남,68세,중상
2015011700100198,2015년 1월 17일 09시,토요일,경상북도 포항시 남구 해도동,중상사고,0,1,0,0,차대차 - 추돌 - 주정차중,안전운전불이행,건조,맑음,교차로 - 교차로안,화물,여,36세,중상,기타불명,기타불명,기타불명,기타불명
2015011700100230,2015년 1월 17일 10시,토요일,경상북도 영천시 완산동,중상사고,0,1,0,0,차대사람 - 횡단중,보행자보호의무위반,건조,맑음,교차로 - 교차로부근,승용,남,59세,상해없음,보행자,남,76세,중상
2015011700100259,2015년 1월 17일 11시,토요일,경상북도 포항시 북구 창포동,경상사고,0,0,1,0,차대차 - 기타,안전거리미확보,건조,맑음,단일로 - 기타,승합,남,46세,상해없음,승용,남,36세,경상
2015011700100260,2015년 1월 17일 11시,토요일,경상북도 성주군 성주읍,경상사고,0,0,1,0,차대차 - 기타,안전운전불이행,건조,맑음,기타 - 기타,승용,여,52세,상해없음,원동기,여,63세,경상
2015011700100283,2015년 1월 17일 12시,토요일,경상북도 경주시 용강동,경상사고,0,0,1,0,차대차 - 기타,안전운전불이행,건조,맑음,교차로 - 교차로안,승용,여,50세,경상,승용,여,42세,상해없음
2015011700100284,2015년 1월 17일 12시,토요일,경상북도 김천시 남면,중상사고,0,1,0,0,차대사람 - 길가장자리구역통행중,안전운전불이행,건조,맑음,단일로 - 기타,승용,여,61세,상해없음,보행자,여,46세,중상
2015011700100313,2015년 1월 17일 13시,토요일,경상북도 포항시 북구 흥해읍,경상사고,0,0,4,4,차대차 - 기타,안전운전불이행,건조,맑음,교차로 - 교차로부근,승용,남,53세,상해없음,승용,남,50세,경상
2015011700100347,2015년 1월 17일 14시,토요일,경상북도 영천시 오수동,중상사고,0,3,2,0,차대차 - 측면직각충돌,중앙선침범,건조,맑음,단일로 - 교량,승합,남,54세,중상,승용,남,48세,경상
2015011700100348,2015년 1월 17일 14시,토요일,경상북도 울진군 평해읍,중상사고,0,2,0,0,차대차 - 기타,중앙선침범,건조,맑음,단일로 - 기타,화물,남,26세,상해없음,승용,남,65세,중상
2015011700100349,2015년 1월 17일 14시,토요일,경상북도 구미시 원평동,경상사고,0,0,3,0,차대사람 - 기타,보행자보호의무위반,건조,맑음,단일로 - 횡단보도상,승용,여,43세,상해없음,보행자,여,47세,경상
2015011700100382,2015년 1월 17일 15시,토요일,경상북도 경주시 양남면,중상사고,0,1,7,0,차대차 - 기타,안전운전불이행,건조,맑음,단일로 - 기타,승용,남,75세,상해없음,승용,여,30세,상해없음
2015011700100383,2015년 1월 17일 15시,토요일,경상북도 영덕군 지품면,중상사고,0,2,2,0,차대차 - 추돌 - 진행중,안전거리미확보,건조,맑음,단일로 - 기타,승용,남,29세,상해없음,승용,남,36세,상해없음
2015011700100384,2015년 1월 17일 15시,토요일,경상북도 청도군 청도읍,경상사고,0,0,3,0,차대차 - 측면직각충돌,중앙선침범,건조,맑음,단일로 - 기타,승용,남,62세,경상,승합,남,48세,경상
2015011700100412,2015년 1월 17일 16시,토요일,경상북도 고령군 다산면,경상사고,0,0,1,0,차대차 - 정면충돌,중앙선침범,건조,맑음,단일로 - 기타,승용,남,51세,상해없음,승합,남,55세,경상
2015011700100413,2015년 1월 17일 16시,토요일,경상북도 구미시 인의동,경상사고,0,0,1,0,차대사람 - 기타,안전운전불이행,건조,맑음,단일로 - 기타,승용,남,33세,상해없음,보행자,남,27세,경상
2015011700100446,2015년 1월 17일 17시,토요일,경상북도 포항시 북구 흥해읍,경상사고,0,0,1,0,차대사람 - 기타,안전운전불이행,건조,맑음,단일로 - 기타,승용,남,77세,상해없음,보행자,여,9세,경상
2015011700100447,2015년 1월 17일 17시,토요일,경상북도 포항시 북구 죽도동,경상사고,0,0,2,0,차대차 - 기타,안전운전불이행,건조,맑음,교차로 - 교차로안,승용,남,64세,상해없음,승용,남,26세,경상
2015011700100484,2015년 1월 17일 18시,토요일,경상북도 안동시 금곡동,중상사고,0,1,0,0,차대사람 - 횡단중,신호위반,건조,맑음,단일로 - 횡단보도상,화물,남,67세,상해없음,보행자,여,68세,중상
2015011700100518,2015년 1월 17일 19시,토요일,경상북도 울진군 기성면,경상사고,0,0,1,0,차대사람 - 기타,안전운전불이행,건조,맑음,단일로 - 기타,승용,남,58세,상해없음,보행자,남,51세,경상
2015011700100519,2015년 1월 17일 19시,토요일,경상북도 구미시 도개면,중상사고,0,1,1,0,차대차 - 기타,안전운전불이행,건조,맑음,단일로 - 기타,화물,남,24세,상해없음,화물,남,56세,경상
2015011700100551,2015년 1월 17일 20시,토요일,경상북도 경주시 외동읍,경상사고,0,0,1,0,차대차 - 기타,안전운전불이행,건조,맑음,단일로 - 기타,승용,남,47세,상해없음,승합,남,45세,경상
2015011700100552,2015년 1월 17일 20시,토요일,경상북도 경주시 노동동,경상사고,0,0,1,0,차대차 - 기타,안전운전불이행,건조,맑음,교차로 - 교차로안,승용,남,62세,상해없음,승용,여,61세,경상
2015011700100553,2015년 1월 17일 20시,토요일,경상북도 문경시 가은읍,사망사고,1,0,0,0,차량단독 - 공작물충돌,안전운전불이행,건조,맑음,단일로 - 기타,승용,남,68세,사망,,,,
2015011700100576,2015년 1월 17일 21시,토요일,경상북도 안동시 옥동,경상사고,0,0,5,0,차대차 - 측면직각충돌,교차로운행방법위반,건조,맑음,교차로 - 교차로부근,승용,남,60세,상해없음,승용,남,64세,상해없음
2015011700100577,2015년 1월 17일 21시,토요일,경상북도 고령군 다산면,경상사고,0,0,2,0,차대차 - 측면직각충돌,불법유턴,건조,맑음,단일로 - 기타,화물,남,26세,상해없음,원동기,남,17세,경상
2015011700100599,2015년 1월 17일 22시,토요일,경상북도 경주시 동부동,경상사고,0,0,2,0,차대차 - 측면직각충돌,안전운전불이행,건조,맑음,교차로 - 교차로안,승용,기타불명,기타불명,기타불명,승용,여,47세,경상
2015011700100600,2015년 1월 17일 22시,토요일,경상북도 경주시 탑동,경상사고,0,0,1,0,차대차 - 기타,중앙선침범,건조,맑음,교차로 - 교차로부근,화물,남,56세,상해없음,승용,남,43세,상해없음
2015011700100601,2015년 1월 17일 22시,토요일,경상북도 포항시 북구 흥해읍,경상사고,0,0,2,0,차대차 - 기타,안전운전불이행,건조,맑음,단일로 - 기타,승용,남,52세,경상,화물,남,56세,경상
2015011700100602,2015년 1월 17일 22시,토요일,경상북도 구미시 원평동,경상사고,0,0,1,0,차대차 - 측면직각충돌,안전운전불이행,건조,맑음,교차로 - 교차로안,승용,남,58세,상해없음,원동기,남,42세,경상
2015011700100631,2015년 1월 17일 23시,토요일,경상북도 문경시 모전동,경상사고,0,0,1,0,차대사람 - 횡단중,안전운전불이행,건조,맑음,교차로 - 교차로안,승용,남,43세,상해없음,보행자,남,46세,경상
2015011800100029,2015년 1월 18일 01시,일요일,경상북도 포항시 북구 동빈1가,경상사고,0,0,1,0,차대차 - 기타,신호위반,건조,맑음,교차로 - 교차로안,승용,남,52세,상해없음,승용,남,40세,상해없음