사고번호,사고일시,요일,시군구,사고내용,사망자수,중상자수,경상자수,부상신고자수,사고유형,법규위반,노면상태,기상상태,도로형태,가해운전자 차종,가해운전자 성별,가해운전자 연령,가해운전자 상해정도,피해운전자 차종,피해운전자 성별,피해운전자 연령,피해운전자 상해정도
2015012100100272,2015년 1월 21일 15시,수요일,경상북도 경주시 구정동,부상신고사고,0,0,0,2,차대차 - 기타,안전운전불이행,습기,비,단일로 - 기타,승용,여,48세,부상신고,농기계,남,62세,부상신고
2015012100100273,2015년 1월 21일 15시,수요일,경상북도 상주시 함창읍,중상사고,0,1,1,0,차대차 - 측면직각충돌,중앙선침범,건조,맑음,단일로 - 기타,화물,남,53세,상해없음,화물,남,68세,경상
2015012100100274,2015년 1월 21일 15시,수요일,경상북도 문경시 산북면,중상사고,0,1,0,0,차량단독 - 도로외이탈 - 기타,안전운전불이행,건조,흐림,단일로 - 기타,화물,남,44세,중상,,,,
2015012100100300,2015년 1월 21일 16시,수요일,경상북도 포항시 북구 죽도동,경상사고,0,0,1,0,차대차 - 기타,차로위반,건조,맑음,교차로 - 교차로부근,승용,여,47세,상해없음,승합,남,59세,상해없음
2015012100100301,2015년 1월 21일 16시,수요일,경상북도 경산시 압량면,부상신고사고,0,0,0,1,차대차 - 추돌 - 주정차중,안전운전불이행,건조,맑음,교차로 - 교차로부근,승용,남,36세,기타불명,승용,남,56세,부상신고
2015012100100368,2015년 1월 21일 18시,수요일,경상북도 안동시 운흥동,경상사고,0,0,1,0,차대차 - 추돌 - 주정차중,안전운전불이행,건조,맑음,단일로 - 기타,승용,여,53세,상해없음,승용,남,40세,경상
2015012100100369,2015년 1월 21일 18시,수요일,경상북도 칠곡군 왜관읍,경상사고,0,0,1,0,차대차 - 측면직각충돌,안전운전불이행,결빙,비,단일로 - 기타,화물,남,50세,상해없음,화물,남,45세,경상
2015012100100370,2015년 1월 21일 18시,수요일,경상북도 영천시 완산동,중상사고,0,1,0,0,차대차 - 측면직각충돌,안전운전불이행,습기,비,교차로 - 교차로부근,승용,남,23세,상해없음,원동기,남,34세,중상
2015012100100371,2015년 1월 21일 18시,수요일,경상북도 문경시 모전동,경상사고,0,0,3,0,차대차 - 측면직각충돌,안전운전불이행,건조,맑음,교차로 - 교차로안,승용,여,57세,상해없음,승용,남,38세,상해없음
2015012100100372,2015년 1월 21일 18시,수요일,경상북도 경산시 조영동,경상사고,0,0,1,0,차대사람 - 기타,안전운전불이행,습기,비,교차로 - 교차로안,기타불명,기타불명,기타불명,기타불명,보행자,여,19세,경상
2015012100100373,2015년 1월 21일 18시,수요일,경상북도 구미시 오태동,경상사고,0,0,1,0,차대차 - 기타,안전운전불이행,건조,맑음,교차로 - 교차로안,화물,남,30세,상해없음,승용,여,23세,경상
2015012100100426,2015년 1월 21일 19시,수요일,경상북도 경주시 건천읍,중상사고,0,1,0,0,차대사람 - 기타,안전운전불이행,건조,맑음,단일로 - 기타,승용,여,67세,상해없음,보행자,남,64세,중상
2015012100100458,2015년 1월 21일 20시,수요일,경상북도 안동시 송현동,중상사고,0,1,1,0,차대차 - 추돌 - 진행중,안전운전불이행,습기,비,단일로 - 기타,승용,남,54세,경상,승용,남,37세,중상
2015012100100459,2015년 1월 21일 20시,수요일,경상북도 안동시 옥야동,경상사고,0,0,1,0,차대차 - 기타,중앙선침범,습기,비,단일로 - 기타,화물,남,62세,상해없음,원동기,남,23세,경상
2015012100100460,2015년 1월 21일 20시,수요일,경상북도 영주시 영주동,경상사고,0,0,1,0,차대차 - 기타,안전운전불이행,건조,맑음,교차로 - 교차로안,승용,여,26세,상해없음,이륜,남,56세,경상
2015012100100461,2015년 1월 21일 20시,수요일,경상북도 구미시 구포동,중상사고,0,1,0,0,차대사람 - 기타,안전운전불이행,습기,비,교차로 - 교차로안,승용,남,67세,상해없음,보행자,여,64세,중상
2015012100100462,2015년 1월 21일 20시,수요일,경상북도 구미시 광평동,중상사고,0,1,0,0,차대차 - 기타,신호위반,습기,맑음,교차로 - 교차로안,승용,남,49세,상해없음,승용,여,46세,중상
2015012100100498,2015년 1월 21일 21시,수요일,경상북도 경주시 충효동,경상사고,0,0,1,0,차대사람 - 기타,안전운전불이행,건조,맑음,단일로 - 기타,이륜,남,22세,상해없음,보행자,여,38세,경상
2015012100100499,2015년 1월 21일 21시,수요일,경상북도 구미시 공단동,경상사고,0,0,1,0,차대차 - 기타,안전운전불이행,습기,비,단일로 - 기타,승용,남,54세,상해없음,승용,남,52세,경상
2015012100100500,2015년 1월 21일 21시,수요일,경상북도 구미시 신평동,중상사고,0,1,0,0,차대차 - 추돌 - 주정차중,안전운전불이행,건조,맑음,단일로 - 기타,화물,남,47세,상해없음,승용,남,36세,중상
2015012100100570,2015년 1월 21일 23시,수요일,경상북도 구미시 광평동,경상사고,0,0,1,0,차대차 - 기타,안전운전불이행,습기,비,교차로 - 교차로부근,승용,여,51세,상해없음,승용,남,52세,경상
2015012200100020,2015년 1월 22일 00시,목요일,경상북도 안동시 옥동,경상사고,0,0,1,0,차대사람 - 횡단중,안전운전불이행,건조,맑음,단일로 - 기타,승용,남,57세,기타불명,보행자,여,18세,경상
2015012200100040,2015년 1월 22일 01시,목요일,경상북도 경주시 성건동,경상사고,0,0,2,0,차대차 - 기타,안전운전불이행,건조,맑음,교차로 - 교차로부근,승용,남,31세,상해없음,승용,여,25세,경상
2015012200100058,2015년 1월 22일 02시,목요일,경상북도 포항시 남구 상도동,경상사고,0,0,1,0,차대차 - 측면직각충돌,신호위반,습기,비,교차로 - 교차로안,기타불명,기타불명,기타불명,기타불명,승용,남,41세,상해없음
2015012200100075,2015년 1월 22일 04시,목요일,경상북도 안동시 수상동,경상사고,0,0,1,0,차량단독 - 공작물충돌,안전운전불이행,건조,맑음,단일로 - 기타,승용,여,50세,경상,,,,
2015012200100102,2015년 1월 22일 06시,목요일,경상북도 경산시 하양읍,경상사고,0,0,3,0,차대차 - 기타,안전운전불이행,건조,맑음,단일로 - 기타,승합,남,38세,상해없음,승용,여,58세,경상
2015012200100153,2015년 1월 22일 08시,목요일,경상북도 포항시 북구 용흥동,경상사고,0,0,1,0,차대차 - 기타,교차로운행방법위반,건조,맑음,교차로 - 교차로안,승용,여,50세,상해없음,승용,남,66세,경상
2015012200100154,2015년 1월 22일 08시,목요일,경상북도 구미시 고아읍,중상사고,0,2,0,0,차대차 - 기타,신호위반,건조,맑음,교차로 - 교차로안,승용,남,37세,상해없음,승용,남,49세,중상
2015012200100181,2015년 1월 22일 09시,목요일,경상북도 포항시 북구 항구동,중상사고,0,1,0,0,차대차 - 기타,차로위반,건조,맑음,단일로 - 기타,승용,여,46세,상해없음,승용,남,71세,중상
2015012200100182,2015년 1월 22일 09시,목요일,경상북도 포항시 북구 장성동,경상사고,0,0,3,0,차대차 - 기타,교차로운행방법위반,건조,맑음,교차로 - 교차로안,승용,여,41세,경상,승합,남,58세,경상
2015012200100183,2015년 1월 22일 09시,목요일,경상북도 봉화군 소천면,경상사고,0,0,3,0,차대차 - 정면충돌,안전운전불이행,결빙,흐림,단일로 - 기타,승합,남,59세,상해없음,승용,남,41세,경상
2015012200100227,2015년 1월 22일 11시,목요일,경상북도 상주시 남성동,중상사고,0,1,0,0,차대차 - 측면직각충돌,안전운전불이행,습기,비,단일로 - 기타,승용,여,54세,상해없음,자전거,여,22세,중상
2015012200100247,2015년 1월 22일 12시,목요일,경상북도 경주시 외동읍,중상사고,0,1,0,0,차대차 - 기타,안전운전불이행,습기,비,교차로 - 교차로안,원동기,여,51세,중상,승용,남,52세,상해없음
2015012200100248,2015년 1월 22일 12시,목요일,경상북도 칠곡군 왜관읍,중상사고,0,1,0,0,차대사람 - 기타,안전운전불이행,습기,흐림,교차로 - 교차로안,승용,남,58세,상해없음,보행자,여,77세,중상
2015012200100249,2015년 1월 22일 12시,목요일,경상북도 영덕군 남정면,부상신고사고,0,0,0,1,차량단독 - 공작물충돌,안전운전불이행,건조,흐림,단일로 - 기타,승합,남,50세,부상신고,,,,
2015012200100275,2015년 1월 22일 13시,목요일,경상북도 경주시 성건동,중상사고,0,1,0,0,차량단독 - 기타,안전운전불이행,건조,맑음,단일로 - 기타,원동기,여,66세,중상,,,,
2015012200100276,2015년 1월 22일 13시,목요일,경상북도 경주시 노서동,중상사고,0,1,0,1,차대차 - 기타,신호위반,습기,비,교차로 - 교차로안,승용,여,28세,부상신고,승용,여,42세,중상
2015012200100297,2015년 1월 22일 14시,목요일,경상북도 영주시 평은면,중상사고,0,1,0,0,차량단독 - 도로외이탈 - 추락,안전운전불이행,건조,맑음,단일로 - 기타,화물,남,59세,중상,,,,
2015012200100298,2015년 1월 22일 14시,목요일,경상북도 영천시 화룡동,경상사고,0,0,1,0,차대차 - 측면직각충돌,안전운전불이행,건조,맑음,단일로 - 기타,승용,남,70세,상해없음,원동기,남,49세,경상
2015012200100299,2015년 1월 22일 14시,목요일,경상북도 영천시 화남면,중상사고,0,1,0,0,차대사람 - 길가장자리구역통행중,기타,건조,흐림,단일로 - 기타,승합,남,54세,상해없음,보행자,여,71세,중상
2015012200100300,2015년 1월 22일 14시,목요일,경상북도 경산시 압량면,중상사고,0,1,0,0,차대차 - 기타,교차로운행방법위반,건조,맑음,교차로 - 교차로안,승용,남,31세,상해없음,승합,남,43세,상해없음
2015012200100301,2015년 1월 22일 14시,목요일,경상북도 봉화군 봉성면,중상사고,0,1,0,0,차대차 - 측면직각충돌,안전운전불이행,건조,맑음,단일로 - 기타,승합,남,57세,상해없음,승용,여,46세,중상
2015012200100302,2015년 1월 22일 14시,목요일,경상북도 고령군 쌍림면,경상사고,0,0,2,0,차대차 - 정면충돌,중앙선침범,습기,흐림,교차로 - 교차로안,승용,남,43세,상해없음,화물,남,60세,경상
2015012200100303,2015년 1월 22일 14시,목요일,경상북도 포항시 남구 청림동,중상사고,0,2,1,0,차대차 - 기타,신호위반,습기,비,교차로 - 교차로안,화물,남,20세,기타불명,승용,남,38세,경상
2015012200100328,2015년 1월 22일 15시,목요일,경상북도 안동시 수상동,경상사고,0,0,2,0,차대차 - 기타,안전운전불이행,건조,맑음,단일로 - 기타,화물,남,57세,경상,승용,여,44세,경상
2015012200100352,2015년 1월 22일 16시,목요일,경상북도 안동시 녹전면,중상사고,0,1,0,0,차량단독 - 공작물충돌,안전운전불이행,건조,맑음,단일로 - 기타,화물,남,50세,중상,,,,
2015012200100353,2015년 1월 22일 16시,목요일,경상북도 김천시 감문면,경상사고,0,0,1,0,차대사람 - 길가장자리구역통행중,안전운전불이행,건조,맑음,단일로 - 기타,농기계,남,55세,상해없음,보행자,여,60세,경상
2015012200100354,2015년 1월 22일 16시,목요일,경상북도 상주시 복룡동,사망사고,1,0,0,0,차대차 - 기타,안전운전불이행,건조,맑음,단일로 - 기타,화물,남,50세,상해없음,자전거,남,84세,사망
2015012200100378,2015년 1월 22일 17시,목요일,경상북도 김천시 평화동,중상사고,0,1,0,0,차대차 - 측면직각충돌,안전운전불이행,건조,맑음,교차로 - 교차로안,승용,남,50세,상해없음,이륜,남,48세,중상
2015012200100408,2015년 1월 22일 18시,목요일,경상북도 칠곡군 왜관읍,경상사고,0,0,2,1,차대차 - 측면직각충돌,차로위반,건조,맑음,단일로 - 기타,화물,남,30세,부상신고,승용,남,22세,경상
2015012200100409,2015년 1월 22일 18시,목요일,경상북도 경산시 압량면,경상사고,0,0,1,0,차대차 - 기타,안전운전불이행,건조,맑음,단일로 - 기타,승용,남,48세,상해없음,화물,남,63세,경상
2015012200100410,2015년 1월 22일 18시,목요일,경상북도 경산시 백천동,중상사고,0,1,0,0,차대사람 - 보도통행중,안전운전불이행,습기,비,교차로 - 교차로부근,승용,남,37세,상해없음,보행자,남,72세,중상
2015012200100411,2015년 1월 22일 18시,목요일,경상북도 경산시 백천동,중상사고,0,1,0,0,차대차 - 기타,차로위반,건조,맑음,단일로 - 기타,승용,여,65세,상해없음,승용,여,59세,중상
2015012200100412,2015년 1월 22일 18시,목요일,경상북도 봉화군 봉화읍,중상사고,0,1,0,0,차대사람 - 횡단중,안전운전불이행,습기,맑음,교차로 - 교차로안,승용,남,49세,상해없음,보행자,여,68세,중상
2015012200100413,2015년 1월 22일 18시,목요일,경상북도 구미시 신평동,경상사고,0,0,1,0,차대차 - 측면직각충돌,안전운전불이행,건조,맑음,단일로 - 기타,승용,남,42세,상해없음,원동기,남,22세,경상
2015012200100459,2015년 1월 22일 19시,목요일,경상북도 성주군 선남면,경상사고,0,0,1,0,차대차 - 기타,안전운전불이행,건조,맑음,기타 - 기타,승용,남,66세,상해없음,자전거,여,62세,경상
2015012200100460,2015년 1월 22일 19시,목요일,경상북도 구미시 봉곡동,경상사고,0,0,1,0,차대차 - 측면직각충돌,신호위반,건조,맑음,교차로 - 교차로안,화물,남,54세,상해없음,원동기,남,30세,경상
2015012200100489,2015년 1월 22일 20시,목요일,경상북도 포항시 북구 양덕동,경상사고,0,0,1,0,차대차 - 기타,안전운전불이행,건조,맑음,교차로 - 교차로안,승용,여,42세,상해없음,승용,여,43세,경상
2015012200100490,2015년 1월 22일 20시,목요일,경상북도 경산시 중방동,경상사고,0,0,1,0,차대차 - 추돌 - 진행중,안전거리미확보,습기,비,교차로 - 교차로안,승용,남,45세,상해없음,원동기,남,19세,경상
2015012200100520,2015년 1월 22일 21시,목요일,경상북도 구미시 옥계동,경상사고,0,0,1,0,차대차 - 측면직각충돌,안전운전불이행,건조,맑음,교차로 - 교차로안,화물,남,35세,상해없음,승용,남,62세,경상
2015012200100551,2015년 1월 22일 22시,목요일,경상북도 김천시 신음동,중상사고,0,2,1,0,차량단독 - 도로외이탈 - 추락,안전운전불이행,건조,맑음,단일로 - 기타,승용,남,21세,중상,,,,
2015012200100552,2015년 1월 22일 22시,목요일,경상북도 영주시 봉현면,경상사고,0,0,1,0,차대사람 - 차도통행중,안전운전불이행,건조,맑음,단일로 - 기타,승용,남,35세,상해없음,보행자,남,53세,경상
2015012200100553,2015년 1월 22일 22시,목요일,경상북도 구미시 도량동,중상사고,0,5,0,0,차대차 - 측면직각충돌,안전운전불이행,건조,맑음,단일로 - 기타,승용,남,55세,상해없음,승용,남,38세,중상
2015012300100040,2015년 1월 23일 01시,금요일,경상북도 칠곡군 북삼읍,경상사고,0,0,1,0,차대차 - 추돌 - 주정차중,안전운전불이행,건조,맑음,단일로 - 기타,승용,남,38세,상해없음,승용,여,45세,경상
2015012300100041,2015년 1월 23일 01시,금요일,경상북도 구미시 선산읍,경상사고,0,0,1,0,차대차 - 측면직각충돌,안전운전불이행,건조,맑음,교차로 - 교차로안,승용,남,34세,상해없음,승용,남,31세,경상
2015012300100052,2015년 1월 23일 02시,금요일,경상북도 구미시 진평동,중상사고,0,1,1,0,차대차 - 기타,안전운전불이행,건조,흐림,교차로 - 교차로안,승용,남,23세,상해없음,승용,여,36세,중상
2015012300100151,2015년 1월 23일 08시,금요일,경상북도 칠곡군 북삼읍,중상사고,0,1,1,0,차대차 - 기타,중앙선침범,건조,맑음,교차로 - 교차로부근,승용,남,32세,상해없음,승용,여,46세,중상
2015012300100152,2015년 1월 23일 08시,금요일,경상북도 청도군 매전면,중상사고,0,1,0,0,차대차 - 정면충돌,중앙선침범,습기,안개,단일로 - 기타,승합,남,33세,상해없음,화물,남,51세,중상
2015012300100153,2015년 1월 23일 08시,금요일,경상북도 구미시 구포동,부상신고사고,0,0,0,1,차량단독 - 기타,안전운전불이행,결빙,눈,단일로 - 기타,승용,남,35세,부상신고,,,,
2015012300100154,2015년 1월 23일 08시,금요일,경상북도 구미시 옥성면,경상사고,0,0,1,0,차대차 - 기타,안전운전불이행,결빙,맑음,단일로 - 기타,승용,여,46세,경상,특수,남,40세,상해없음
2015012300100155,2015년 1월 23일 08시,금요일,경상북도 포항시 남구 오천읍,경상사고,0,0,1,0,차대차 - 기타,안전운전불이행,건조,맑음,단일로 - 기타,승용,남,62세,기타불명,승용,남,32세,경상
2015012300100185,2015년 1월 23일 09시,금요일,경상북도 경주시 건천읍,부상신고사고,0,0,0,1,차대차 - 기타,중앙선침범,건조,맑음,단일로 - 기타,승용,여,60세,부상신고,승용,여,31세,상해없음
2015012300100186,2015년 1월 23일 09시,금요일,경상북도 포항시 북구 남빈동,중상사고,0,1,0,0,차대사람 - 기타,안전운전불이행,건조,맑음,단일로 - 기타,원동기,남,21세,상해없음,보행자,여,67세,중상
2015012300100187,2015년 1월 23일 09시,금요일,경상북도 영주시 영주동,경상사고,0,0,1,0,차대사람 - 기타,기타,건조,맑음,단일로 - 기타,승합,남,48세,상해없음,보행자,여,65세,경상
2015012300100211,2015년 1월 23일 10시,금요일,경상북도 칠곡군 약목면,경상사고,0,0,1,0,차대차 - 기타,직진우회전진행방해,건조,맑음,교차로 - 교차로안,화물,남,37세,상해없음,원동기,여,72세,경상
2015012300100247,2015년 1월 23일 11시,금요일,경상북도 경주시 외동읍,경상사고,0,0,3,0,차대차 - 기타,안전운전불이행,건조,맑음,단일로 - 기타,화물,남,54세,상해없음,승용,여,47세,경상
2015012300100248,2015년 1월 23일 11시,금요일,경상북도 영덕군 강구면,중상사고,0,1,0,0,차대차 - 측면직각충돌,안전운전불이행,건조,맑음,단일로 - 횡단보도상,승용,남,52세,상해없음,자전거,남,65세,중상
2015012300100249,2015년 1월 23일 11시,금요일,경상북도 성주군 성주읍,경상사고,0,0,2,0,차대차 - 기타,직진우회전진행방해,건조,맑음,기타 - 기타,승용,남,34세,상해없음,이륜,남,80세,경상
2015012300100271,2015년 1월 23일 12시,금요일,경상북도 안동시 목성동,경상사고,0,0,1,0,차대차 - 기타,안전거리미확보,건조,맑음,단일로 - 기타,승용,남,62세,상해없음,원동기,남,20세,경상
2015012300100324,2015년 1월 23일 14시,금요일,경상북도 구미시 선산읍,중상사고,0,1,0,0,차대차 - 기타,교차로운행방법위반,건조,맑음,교차로 - 교차로안,승합,남,62세,상해없음,이륜,남,79세,중상
2015012300100325,2015년 1월 23일 14시,금요일,경상북도 포항시 남구 동촌동,경상사고,0,0,3,0,차대차 - 기타,안전운전불이행,건조,맑음,단일로 - 기타,건설기계,남,60세,상해없음,승용,남,68세,경상
2015012300100357,2015년 1월 23일 15시,금요일,경상북도 상주시 함창읍,중상사고,0,2,0,0,차대차 - 측면직각충돌,교차로운행방법위반,건조,맑음,교차로 - 교차로안,화물,여,54세,상해없음,원동기,여,54세,중상
2015012300100385,2015년 1월 23일 16시,금요일,경상북도 포항시 남구 해도동,중상사고,0,1,0,0,차대사람 - 기타,안전운전불이행,건조,맑음,단일로 - 기타,승용,여,56세,상해없음,보행자,남,73세,중상
2015012300100406,2015년 1월 23일 17시,금요일,경상북도 울진군 평해읍,경상사고,0,0,1,0,차대차 - 기타,안전운전불이행,건조,맑음,교차로 - 교차로안,승용,여,60세,상해없음,승용,여,53세,경상
2015012300100455,2015년 1월 23일 18시,금요일,경상북도 성주군 월항면,중상사고,0,1,0,0,차대사람 - 기타,안전운전불이행,건조,맑음,기타 - 기타,특수,남,47세,상해없음,보행자,남,60세,중상
2015012300100482,2015년 1월 23일 19시,금요일,경상북도 경산시 와촌면,경상사고,0,0,3,0,차대차 - 기타,안전운전불이행,건조,맑음,단일로 - 기타,승합,남,48세,상해없음,승용,남,63세,경상
2015012300100483,2015년 1월 23일 19시,금요일,경상북도 구미시 사곡동,경상사고,0,0,1,0,차대사람 - 기타,안전운전불이행,건조,맑음,단일로 - 기타,승용,여,46세,상해없음,보행자,여,61세,경상
2015012300100484,2015년 1월 23일 19시,금요일,경상북도 구미시 송정동,부상신고사고,0,0,0,1,차대차 - 기타,안전운전불이행,건조,맑음,교차로 - 교차로안,기타불명,기타불명,기타불명,기타불명,이륜,남,16세,부상신고
2015012300100518,2015년 1월 23일 20시,금요일,경상북도 경주시 동천동,중상사고,0,1,0,0,차대사람 - 기타,안전운전불이행,건조,맑음,단일로 - 기타,원동기,남,67세,상해없음,보행자,여,72세,중상
2015012300100519,2015년 1월 23일 20시,금요일,경상북도 경주시 조양동,중상사고,0,1,0,0,차대차 - 기타,안전운전불이행,건조,맑음,단일로 - 기타,승합,남,54세,상해없음,승용,남,50세,중상
2015012300100520,2015년 1월 23일 20시,금요일,경상북도 김천시 감문면,중상사고,0,1,0,0,차대차 - 측면직각충돌,중앙선침범,건조,맑음,단일로 - 기타,승용,여,51세,상해없음,승용,남,66세,중상
2015012300100521,2015년 1월 23일 20시,금요일,경상북도 경산시 임당동,중상사고,0,1,0,0,차대사람 - 기타,안전운전불이행,건조,맑음,단일로 - 기타,승용,기타불명,기타불명,기타불명,보행자,여,90세 이상,중상
2015012300100522,2015년 1월 23일 20시,금요일,경상북도 구미시 공단동,경상사고,0,0,1,0,차대차 - 기타,안전운전불이행,건조,맑음,단일로 - 기타,승용,남,24세,상해없음,승용,남,29세,경상
2015012300100549,2015년 1월 23일 21시,금요일,경상북도 경산시 옥산동,경상사고,0,0,1,0,차대차 - 추돌 - 진행중,안전거리미확보,건조,맑음,단일로 - 기타,원동기,남,19세,경상,승용,여,59세,상해없음
2015012300100550,2015년 1월 23일 21시,금요일,경상북도 구미시 도량동,경상사고,0,0,1,0,차대차 - 기타,안전운전불이행,건조,맑음,교차로 - 교차로부근,승용,남,59세,상해없음,이륜,남,19세,경상
2015012300100574,2015년 1월 23일 22시,금요일,경상북도 포항시 북구 흥해읍,경상사고,0,0,2,0,차대차 - 기타,안전운전불이행,건조,맑음,단일로 - 기타,승용,여,26세,상해없음,승용,남,61세,경상
2015012300100575,2015년 1월 23일 22시,금요일,경상북도 포항시 북구 장성동,중상사고,0,1,1,0,차대차 - 기타,안전운전불이행,건조,맑음,교차로 - 교차로안,승용,남,36세,경상,승용,남,36세,중상
2015012300100576,2015년 1월 23일 22시,금요일,경상북도 안동시 정하동,경상사고,0,0,1,0,차대사람 - 차도통행중,안전운전불이행,건조,맑음,단일로 - 기타,승용,남,48세,상해없음,보행자,남,14세,경상
2015012300100577,2015년 1월 23일 22시,금요일,경상북도 안동시 용상동,중상사고,0,1,0,0,차대사람 - 횡단중,안전운전불이행,건조,맑음,교차로 - 교차로안,승용,남,42세,상해없음,보행자,남,41세,중상
2015012400100018,2015년 1월 24일 00시,토요일,경상북도 구미시 진평동,부상신고사고,0,0,0,1,차대차 - 측면직각충돌,안전운전불이행,건조,맑음,교차로 - 교차로안,승용,남,29세,상해없음,이륜,남,23세,부상신고
2015012400100038,2015년 1월 24일 01시,토요일,경상북도 포항시 북구 용흥동,사망사고,1,0,0,0,차대차 - 기타,안전운전불이행,건조,맑음,단일로 - 기타,승용,남,61세,사망,건설기계,남,55세,기타불명
2015012400100039,2015년 1월 24일 01시,토요일,경상북도 영천시 문외동,중상사고,0,1,0,0,차량단독 - 공작물충돌,안전운전불이행,건조,흐림,단일로 - 기타,승용,남,31세,중상,,,,
2015012400100040,2015년 1월 24일 01시,토요일,경상북도 울릉군 울릉읍,중상사고,0,1,0,0,차량단독 - 전도전복,안전운전불이행,건조,맑음,단일로 - 기타,이륜,남,53세,중상,,,,
2015012400100058,2015년 1월 24일 02시,토요일,경상북도 포항시 남구 효자동,경상사고,0,0,2,0,차대차 - 추돌 - 진행중,안전운전불이행,건조,맑음,단일로 - 기타,승용,남,29세,경상,승용,여,41세,경상
2015012400100065,2015년 1월 24일 03시,토요일,경상북도 포항시 북구 우현동,경상사고,0,0,1,0,차대차 - 기타,중앙선침범,건조,맑음,단일로 - 기타,승용,남,52세,상해없음,승용,여,22세,경상
2015012400100089,2015년 1월 24일 05시,토요일,경상북도 구미시 광평동,경상사고,0,0,1,0,차대차 - 기타,안전운전불이행,건조,맑음,교차로 - 교차로안,승용,남,27세,상해없음,승용,남,54세,경상
2015012400100090,2015년 1월 24일 05시,토요일,경상북도 구미시 남통동,부상신고사고,0,0,0,1,차대차 - 추돌 - 주정차중,안전운전불이행,건조,맑음,교차로 - 교차로부근,승용,남,50세,부상신고,승용,남,41세,기타불명
2015012400100101,2015년 1월 24일 06시,토요일,경상북도 경주시 용강동,중상사고,0,1,0,0,차대사람 - 횡단중,안전운전불이행,건조,맑음,단일로 - 기타,승용,남,71세,상해없음,보행자,남,21세,중상
2015012400100102,2015년 1월 24일 06시,토요일,경상북도 칠곡군 왜관읍,중상사고,0,1,0,0,차대차 - 추돌 - 진행중,안전운전불이행,습기,안개,단일로 - 기타,화물,남,56세,상해없음,농기계,남,70세,중상
2015012400100103,2015년 1월 24일 06시,토요일,경상북도 포항시 남구 대송면,중상사고,0,1,6,0,차대차 - 측면직각충돌,신호위반,건조,맑음,교차로 - 교차로안,승용,남,58세,상해없음,승합,남,47세,경상
2015012400100117,2015년 1월 24일 07시,토요일,경상북도 경주시 안강읍,경상사고,0,0,1,0,차대차 - 측면직각충돌,안전운전불이행,건조,맑음,교차로 - 교차로안,승용,남,40세,상해없음,자전거,남,80세,경상
2015012400100118,2015년 1월 24일 07시,토요일,경상북도 포항시 북구 죽도동,경상사고,0,0,1,0,차대차 - 기타,안전운전불이행,건조,맑음,교차로 - 교차로안,승합,남,47세,상해없음,승용,남,46세,경상
2015012400100119,2015년 1월 24일 07시,토요일,경상북도 포항시 남구 동촌동,중상사고,0,1,0,0,차대차 - 기타,안전운전불이행,건조,맑음,기타 - 기타,이륜,남,27세,상해없음,자전거,남,62세,중상
2015012400100133,2015년 1월 24일 08시,토요일,경상북도 봉화군 재산면,부상신고사고,0,0,0,1,차량단독 - 공작물충돌,안전운전불이행,건조,맑음,단일로 - 기타,승용,남,33세,부상신고,,,,
2015012400100134,2015년 1월 24일 08시,토요일,경상북도 구미시 광평동,경상사고,0,0,1,0,차대차 - 기타,신호위반,건조,맑음,교차로 - 교차로안,승용,남,46세,상해없음,승용,여,34세,경상
2015012400100155,2015년 1월 24일 09시,토요일,경상북도 고령군 고령읍,경상사고,0,0,1,0,차량단독 - 전도전복,안전운전불이행,건조,맑음,교차로 - 교차로안,원동기,남,73세,경상,,,,
2015012400100175,2015년 1월 24일 10시,토요일,경상북도 청송군 청송읍,경상사고,0,0,1,0,차량단독 - 전도전복,안전운전불이행,건조,맑음,단일로 - 기타,원동기,남,71세,경상,,,,
2015012400100231,2015년 1월 24일 12시,토요일,경상북도 칠곡군 지천면,경상사고,0,0,2,0,차대차 - 추돌 - 진행중,안전거리미확보,건조,맑음,단일로 - 기타,승용,여,42세,경상,승용,남,47세,상해없음
2015012400100281,2015년 1월 24일 14시,토요일,경상북도 상주시 무양동,경상사고,0,0,1,0,차대차 - 측면직각충돌,불법유턴,건조,맑음,단일로 - 기타,승용,남,67세,상해없음,승용,여,29세,경상
2015012400100282,2015년 1월 24일 14시,토요일,경상북도 청도군 화양읍,경상사고,0,0,1,0,차대사람 - 횡단중,안전운전불이행,건조,맑음,단일로 - 기타,승용,남,51세,상해없음,보행자,남,54세,경상
2015012400100330,2015년 1월 24일 16시,토요일,경상북도 성주군 선남면,경상사고,0,0,1,0,차대차 - 기타,안전운전불이행,건조,맑음,기타 - 기타,승용,기타불명,기타불명,기타불명,화물,남,46세,경상
2015012400100331,2015년 1월 24일 16시,토요일,경상북도 포항시 남구 오천읍,중상사고,0,1,1,0,차대차 - 기타,중앙선침범,건조,맑음,단일로 - 기타,승용,여,45세,경상,승용,남,39세,기타불명
2015012400100364,2015년 1월 24일 17시,토요일,경상북도 경산시 압량면,중상사고,0,1,1,0,차대차 - 기타,안전거리미확보,건조,맑음,교차로 - 교차로안,승용,남,31세,중상,이륜,남,18세,경상