사고번호,사고일시,요일,시군구,사고내용,사망자수,중상자수,경상자수,부상신고자수,사고유형,법규위반,노면상태,기상상태,도로형태,가해운전자 차종,가해운전자 성별,가해운전자 연령,가해운전자 상해정도,피해운전자 차종,피해운전자 성별,피해운전자 연령,피해운전자 상해정도
2015012400100402,2015년 1월 24일 18시,토요일,경상북도 울진군 기성면,경상사고,0,0,1,0,차대차 - 기타,안전운전불이행,건조,맑음,단일로 - 기타,승용,남,29세,상해없음,원동기,남,84세,경상
2015012400100403,2015년 1월 24일 18시,토요일,경상북도 구미시 사곡동,중상사고,0,1,0,0,차대사람 - 기타,중앙선침범,건조,맑음,단일로 - 기타,승용,남,44세,상해없음,보행자,여,49세,중상
2015012400100450,2015년 1월 24일 19시,토요일,경상북도 경주시 보문동,경상사고,0,0,1,0,차대차 - 기타,안전운전불이행,건조,맑음,단일로 - 기타,승용,남,56세,상해없음,승용,남,30세,경상
2015012400100451,2015년 1월 24일 19시,토요일,경상북도 포항시 북구 죽도동,경상사고,0,0,1,0,차대차 - 기타,안전거리미확보,건조,맑음,단일로 - 기타,승용,남,53세,상해없음,승용,남,50세,경상
2015012400100452,2015년 1월 24일 19시,토요일,경상북도 경산시 진량읍,사망사고,1,0,0,0,차대사람 - 기타,신호위반,건조,맑음,교차로 - 교차로안,특수,남,45세,상해없음,보행자,여,20세,사망
2015012400100485,2015년 1월 24일 20시,토요일,경상북도 칠곡군 왜관읍,중상사고,0,1,0,0,차대사람 - 길가장자리구역통행중,안전운전불이행,건조,맑음,단일로 - 기타,승용,여,47세,상해없음,보행자,여,72세,중상
2015012400100515,2015년 1월 24일 21시,토요일,경상북도 구미시 선산읍,사망사고,1,0,0,0,차대차 - 추돌 - 진행중,안전운전불이행,건조,맑음,단일로 - 기타,승용,여,44세,상해없음,자전거,남,44세,사망
2015012400100516,2015년 1월 24일 21시,토요일,경상북도 구미시 진평동,중상사고,0,1,0,0,차대차 - 기타,안전운전불이행,건조,맑음,교차로 - 교차로안,승용,남,32세,상해없음,이륜,남,42세,중상
2015012400100517,2015년 1월 24일 21시,토요일,경상북도 포항시 남구 해도동,경상사고,0,0,1,0,차대차 - 측면직각충돌,신호위반,건조,맑음,교차로 - 교차로안,화물,남,23세,상해없음,승용,남,51세,경상
2015012400100518,2015년 1월 24일 21시,토요일,경상북도 칠곡군 왜관읍,중상사고,0,6,22,2,차대차 - 추돌 - 주정차중,안전운전불이행,건조,맑음,단일로 - 기타,화물,남,52세,부상신고,승합,남,57세,상해없음
2015012400100545,2015년 1월 24일 22시,토요일,경상북도 경주시 외동읍,경상사고,0,0,1,0,차대차 - 측면직각충돌,안전운전불이행,건조,흐림,단일로 - 기타,화물,남,54세,상해없음,승용,남,28세,경상
2015012500100004,2015년 1월 25일 00시,일요일,경상북도 울진군 북면,중상사고,0,2,0,0,차대차 - 기타,중앙선침범,건조,맑음,단일로 - 기타,승용,남,30세,상해없음,승용,남,57세,상해없음
2015012500100005,2015년 1월 25일 00시,일요일,경상북도 구미시 봉곡동,부상신고사고,0,0,0,1,차량단독 - 기타,안전운전불이행,건조,맑음,단일로 - 기타,승용,여,49세,부상신고,,,,
2015012500100016,2015년 1월 25일 01시,일요일,경상북도 경주시 외동읍,사망사고,1,0,0,0,차대사람 - 기타,안전운전불이행,건조,맑음,단일로 - 기타,승용,여,51세,상해없음,보행자,남,62세,사망
2015012500100045,2015년 1월 25일 03시,일요일,경상북도 경주시 석장동,경상사고,0,0,1,0,차대사람 - 기타,안전운전불이행,건조,맑음,단일로 - 기타,기타불명,기타불명,기타불명,기타불명,보행자,남,34세,경상
2015012500100059,2015년 1월 25일 04시,일요일,경상북도 구미시 형곡동,경상사고,0,0,1,0,차대사람 - 기타,안전운전불이행,건조,맑음,단일로 - 기타,승용,남,26세,상해없음,보행자,여,33세,경상
2015012500100064,2015년 1월 25일 05시,일요일,경상북도 칠곡군 북삼읍,중상사고,0,1,2,0,차대차 - 측면직각충돌,직진우회전진행방해,건조,맑음,교차로 - 교차로안,화물,남,58세,경상,승용,남,62세,중상
2015012500100065,2015년 1월 25일 05시,일요일,경상북도 포항시 남구 연일읍,중상사고,0,1,0,0,차대차 - 기타,신호위반,건조,맑음,교차로 - 교차로안,승용,남,48세,상해없음,승용,남,70세,중상
2015012500100066,2015년 1월 25일 05시,일요일,경상북도 포항시 남구 호미곶면,중상사고,0,1,0,0,차량단독 - 공작물충돌,안전운전불이행,건조,맑음,단일로 - 기타,승용,남,25세,중상,,,,
2015012500100098,2015년 1월 25일 08시,일요일,경상북도 칠곡군 지천면,경상사고,0,0,1,0,차대차 - 추돌 - 진행중,신호위반,건조,맑음,교차로 - 교차로안,승용,남,63세,상해없음,승용,남,30세,경상
2015012500100099,2015년 1월 25일 08시,일요일,경상북도 봉화군 석포면,경상사고,0,0,1,0,차대차 - 추돌 - 진행중,교차로운행방법위반,건조,맑음,교차로 - 교차로안,승합,남,63세,상해없음,건설기계,남,40세,경상
2015012500100115,2015년 1월 25일 09시,일요일,경상북도 경주시 구황동,경상사고,0,0,3,0,차대차 - 기타,안전운전불이행,건조,맑음,단일로 - 기타,승용,남,74세,상해없음,승용,남,42세,경상
2015012500100116,2015년 1월 25일 09시,일요일,경상북도 포항시 북구 죽도동,경상사고,0,0,1,0,차대사람 - 기타,안전운전불이행,건조,맑음,교차로 - 교차로안,원동기,남,25세,상해없음,보행자,여,68세,경상
2015012500100117,2015년 1월 25일 09시,일요일,경상북도 울진군 후포면,경상사고,0,0,1,0,차대사람 - 횡단중,안전운전불이행,건조,맑음,단일로 - 기타,승용,여,54세,상해없음,보행자,여,8세,경상
2015012500100125,2015년 1월 25일 10시,일요일,경상북도 문경시 마성면,경상사고,0,0,1,0,차량단독 - 공작물충돌,안전운전불이행,건조,맑음,단일로 - 기타,화물,여,55세,경상,,,,
2015012500100126,2015년 1월 25일 10시,일요일,경상북도 성주군 용암면,경상사고,0,0,2,0,차대차 - 기타,안전운전불이행,건조,맑음,기타 - 기타,화물,남,48세,상해없음,승용,남,42세,경상
2015012500100139,2015년 1월 25일 11시,일요일,경상북도 청송군 현동면,경상사고,0,0,2,0,차대차 - 추돌 - 진행중,중앙선침범,건조,맑음,단일로 - 기타,승용,남,25세,상해없음,승합,남,51세,경상
2015012500100173,2015년 1월 25일 13시,일요일,경상북도 포항시 남구 이동,경상사고,0,0,1,0,차대차 - 추돌 - 진행중,안전운전불이행,건조,흐림,단일로 - 기타,승용,여,55세,상해없음,승용,여,45세,경상
2015012500100202,2015년 1월 25일 14시,일요일,경상북도 군위군 효령면,경상사고,0,0,5,0,차대차 - 측면직각충돌,직진우회전진행방해,건조,맑음,교차로 - 교차로안,승용,여,37세,상해없음,승용,남,41세,경상
2015012500100203,2015년 1월 25일 14시,일요일,경상북도 구미시 도량동,경상사고,0,0,1,0,차대차 - 기타,안전운전불이행,건조,맑음,단일로 - 기타,승용,남,44세,상해없음,원동기,남,41세,경상
2015012500100204,2015년 1월 25일 14시,일요일,경상북도 구미시 광평동,중상사고,0,1,0,0,차대차 - 기타,안전운전불이행,건조,맑음,교차로 - 교차로부근,승용,남,49세,상해없음,승용,남,35세,상해없음
2015012500100205,2015년 1월 25일 14시,일요일,경상북도 포항시 남구 송도동,중상사고,0,1,0,0,차대차 - 측면직각충돌,불법유턴,건조,맑음,단일로 - 기타,자전거,남,41세,중상,화물,남,51세,상해없음
2015012500100218,2015년 1월 25일 15시,일요일,경상북도 포항시 남구 해도동,경상사고,0,0,2,0,차대차 - 측면직각충돌,안전운전불이행,건조,맑음,단일로 - 기타,승용,남,38세,기타불명,승용,여,43세,경상
2015012500100232,2015년 1월 25일 16시,일요일,경상북도 구미시 광평동,중상사고,0,1,0,0,차대차 - 기타,신호위반,건조,맑음,교차로 - 교차로부근,화물,남,64세,상해없음,이륜,남,21세,중상
2015012500100249,2015년 1월 25일 17시,일요일,경상북도 포항시 북구 송라면,중상사고,0,3,1,0,차대차 - 기타,교차로운행방법위반,건조,맑음,교차로 - 교차로안,승용,여,58세,상해없음,승용,남,45세,중상
2015012500100250,2015년 1월 25일 17시,일요일,경상북도 칠곡군 동명면,경상사고,0,0,1,0,차대차 - 측면직각충돌,차로위반,건조,맑음,단일로 - 기타,이륜,남,68세,상해없음,승용,여,28세,상해없음
2015012500100251,2015년 1월 25일 17시,일요일,경상북도 칠곡군 석적읍,중상사고,0,1,0,0,차대차 - 측면직각충돌,안전운전불이행,건조,흐림,교차로 - 교차로안,이륜,남,36세,중상,승용,남,64세,상해없음
2015012500100277,2015년 1월 25일 18시,일요일,경상북도 영주시 가흥동,중상사고,0,1,0,0,차대사람 - 횡단중,보행자보호의무위반,건조,흐림,단일로 - 횡단보도상,승용,남,66세,상해없음,보행자,남,52세,중상
2015012500100278,2015년 1월 25일 18시,일요일,경상북도 성주군 선남면,사망사고,1,1,0,0,차대차 - 추돌 - 진행중,안전운전불이행,건조,맑음,단일로 - 교량,화물,남,68세,상해없음,원동기,남,31세,중상
2015012500100323,2015년 1월 25일 19시,일요일,경상북도 경주시 외동읍,사망사고,1,0,0,0,차량단독 - 공작물충돌,안전운전불이행,습기,비,교차로 - 교차로부근,승용,남,59세,사망,,,,
2015012500100369,2015년 1월 25일 20시,일요일,경상북도 영덕군 영해면,중상사고,0,1,0,1,차량단독 - 공작물충돌,안전운전불이행,건조,맑음,단일로 - 기타,승용,남,46세,부상신고,,,,
2015012500100406,2015년 1월 25일 21시,일요일,경상북도 안동시 송현동,경상사고,0,0,1,0,차대차 - 기타,안전운전불이행,습기,비,단일로 - 기타,승용,남,31세,상해없음,승용,남,30세,경상
2015012500100407,2015년 1월 25일 21시,일요일,경상북도 경산시 사동,중상사고,0,1,0,0,차대사람 - 기타,안전운전불이행,습기,비,교차로 - 교차로안,승용,여,57세,상해없음,보행자,남,49세,중상
2015012500100408,2015년 1월 25일 21시,일요일,경상북도 구미시 고아읍,중상사고,0,1,0,0,차대차 - 기타,안전거리미확보,습기,비,단일로 - 기타,승용,남,52세,상해없음,원동기,남,43세,중상
2015012500100409,2015년 1월 25일 21시,일요일,경상북도 구미시 사곡동,부상신고사고,0,0,0,1,차대차 - 측면직각충돌,안전운전불이행,습기,비,기타 - 기타,기타불명,기타불명,기타불명,기타불명,승용,남,40세,부상신고
2015012500100410,2015년 1월 25일 21시,일요일,경상북도 구미시 고아읍,경상사고,0,0,1,0,차대차 - 기타,교차로운행방법위반,건조,맑음,교차로 - 교차로안,승용,남,60세,경상,승용,남,74세,상해없음
2015012500100435,2015년 1월 25일 22시,일요일,경상북도 영주시 가흥동,경상사고,0,0,1,0,차대차 - 측면직각충돌,중앙선침범,건조,맑음,단일로 - 기타,승용,남,37세,상해없음,승용,남,56세,경상
2015012500100436,2015년 1월 25일 22시,일요일,경상북도 경산시 평산동,경상사고,0,0,2,0,차대차 - 기타,안전거리미확보,습기,비,단일로 - 기타,승용,남,54세,상해없음,승용,여,53세,경상
2015012500100437,2015년 1월 25일 22시,일요일,경상북도 상주시 사벌면,경상사고,0,0,1,0,차대차 - 측면직각충돌,안전거리미확보,습기,비,단일로 - 기타,화물,남,49세,상해없음,승용,남,47세,경상
2015012500100458,2015년 1월 25일 23시,일요일,경상북도 포항시 북구 죽도동,경상사고,0,0,1,0,차대차 - 기타,안전운전불이행,습기,비,단일로 - 기타,승용,남,58세,상해없음,승용,여,49세,경상
2015012500100459,2015년 1월 25일 23시,일요일,경상북도 경산시 진량읍,경상사고,0,0,1,0,차대차 - 정면충돌,신호위반,습기,비,교차로 - 교차로안,승용,남,40세,상해없음,승용,남,29세,경상
2015012600100025,2015년 1월 26일 01시,월요일,경상북도 구미시 옥계동,중상사고,0,1,1,0,차대차 - 기타,중앙선침범,습기,비,단일로 - 기타,화물,남,38세,중상,승용,여,40세,경상
2015012600100026,2015년 1월 26일 01시,월요일,경상북도 경주시 율동,중상사고,0,1,2,0,차대차 - 추돌 - 진행중,안전거리미확보,습기,비,단일로 - 기타,승용,남,44세,중상,승용,남,24세,경상
2015012600100042,2015년 1월 26일 03시,월요일,경상북도 구미시 남통동,경상사고,0,0,1,0,차대차 - 기타,안전운전불이행,건조,맑음,기타 - 기타,승용,남,22세,상해없음,승용,남,44세,상해없음
2015012600100049,2015년 1월 26일 04시,월요일,경상북도 구미시 구평동,중상사고,0,1,3,0,차대차 - 기타,신호위반,습기,비,교차로 - 교차로안,승용,남,20세,중상,승용,여,49세,경상
2015012600100055,2015년 1월 26일 05시,월요일,경상북도 포항시 북구 죽도동,경상사고,0,0,2,0,차대차 - 기타,교차로운행방법위반,습기,비,교차로 - 교차로안,승용,남,51세,상해없음,승용,남,62세,경상
2015012600100072,2015년 1월 26일 06시,월요일,경상북도 경산시 압량면,경상사고,0,0,1,0,차대차 - 기타,신호위반,습기,비,교차로 - 교차로안,화물,남,43세,상해없음,승용,남,45세,경상
2015012600100114,2015년 1월 26일 08시,월요일,경상북도 경산시 하양읍,경상사고,0,0,2,0,차대차 - 기타,직진우회전진행방해,건조,맑음,교차로 - 교차로안,승용,남,59세,상해없음,원동기,남,58세,경상
2015012600100115,2015년 1월 26일 08시,월요일,경상북도 청도군 화양읍,중상사고,0,1,4,0,차대차 - 측면직각충돌,직진우회전진행방해,습기,비,교차로 - 교차로안,승용,남,68세,경상,승용,여,46세,경상
2015012600100136,2015년 1월 26일 09시,월요일,경상북도 경산시 자인면,경상사고,0,0,1,0,차대차 - 기타,안전운전불이행,건조,맑음,교차로 - 교차로부근,승용,기타불명,기타불명,기타불명,승용,남,68세,경상
2015012600100137,2015년 1월 26일 09시,월요일,경상북도 구미시 공단동,중상사고,0,1,0,0,차대차 - 기타,교차로운행방법위반,건조,흐림,교차로 - 교차로안,승용,남,28세,상해없음,자전거,남,73세,중상
2015012600100162,2015년 1월 26일 10시,월요일,경상북도 경주시 보문동,경상사고,0,0,1,1,차대차 - 측면직각충돌,안전운전불이행,건조,맑음,단일로 - 기타,승용,남,42세,상해없음,승용,남,52세,경상
2015012600100163,2015년 1월 26일 10시,월요일,경상북도 포항시 북구 흥해읍,사망사고,1,0,0,0,차대사람 - 기타,안전운전불이행,습기,흐림,교차로 - 교차로안,화물,남,41세,상해없음,보행자,여,62세,사망
2015012600100164,2015년 1월 26일 10시,월요일,경상북도 칠곡군 석적읍,중상사고,0,1,0,0,차대사람 - 기타,안전운전불이행,습기,흐림,단일로 - 기타,화물,남,31세,상해없음,보행자,여,62세,중상
2015012600100165,2015년 1월 26일 10시,월요일,경상북도 구미시 봉곡동,중상사고,0,1,0,0,차대사람 - 기타,보행자보호의무위반,건조,맑음,단일로 - 횡단보도상,승용,여,44세,상해없음,보행자,남,15세,중상
2015012600100197,2015년 1월 26일 11시,월요일,경상북도 경주시 성건동,중상사고,0,1,2,0,차대차 - 기타,안전운전불이행,습기,맑음,단일로 - 기타,승용,남,80세,상해없음,승용,여,41세,중상
2015012600100198,2015년 1월 26일 11시,월요일,경상북도 영덕군 영덕읍,경상사고,0,0,2,0,차대차 - 측면직각충돌,안전운전불이행,건조,흐림,단일로 - 기타,승용,남,55세,상해없음,승용,남,32세,경상
2015012600100199,2015년 1월 26일 11시,월요일,경상북도 포항시 남구 상도동,경상사고,0,0,1,0,차대사람 - 기타,안전운전불이행,건조,맑음,단일로 - 기타,기타불명,기타불명,기타불명,기타불명,보행자,여,68세,경상
2015012600100224,2015년 1월 26일 12시,월요일,경상북도 상주시 병성동,경상사고,0,0,1,0,차량단독 - 전도전복,안전운전불이행,건조,흐림,단일로 - 기타,승용,남,30세,경상,,,,
2015012600100251,2015년 1월 26일 13시,월요일,경상북도 군위군 우보면,중상사고,0,1,0,0,차대차 - 정면충돌,안전운전불이행,습기,흐림,단일로 - 기타,승용,남,66세,상해없음,승용,남,67세,중상
2015012600100280,2015년 1월 26일 14시,월요일,경상북도 김천시 부곡동,중상사고,0,1,0,0,차대차 - 측면직각충돌,안전운전불이행,건조,맑음,단일로 - 기타,승용,여,28세,상해없음,이륜,남,17세,중상
2015012600100306,2015년 1월 26일 15시,월요일,경상북도 포항시 북구 신광면,경상사고,0,0,1,0,차량단독 - 도로외이탈 - 추락,안전운전불이행,건조,맑음,단일로 - 기타,화물,남,70세,상해없음,,,,
2015012600100307,2015년 1월 26일 15시,월요일,경상북도 구미시 남통동,중상사고,0,1,0,0,차대차 - 기타,안전운전불이행,건조,흐림,기타 - 기타,승용,남,41세,상해없음,승용,여,36세,중상
2015012600100341,2015년 1월 26일 16시,월요일,경상북도 구미시 형곡동,경상사고,0,0,1,0,차대차 - 기타,안전운전불이행,건조,흐림,교차로 - 교차로안,승합,남,32세,상해없음,원동기,남,17세,경상
2015012600100364,2015년 1월 26일 17시,월요일,경상북도 경산시 와촌면,경상사고,0,0,1,0,차대차 - 기타,중앙선침범,건조,맑음,단일로 - 기타,화물,남,58세,상해없음,승용,여,50세,경상
2015012600100415,2015년 1월 26일 18시,월요일,경상북도 포항시 북구 장성동,중상사고,0,1,0,0,차대차 - 기타,안전운전불이행,건조,맑음,단일로 - 기타,승용,여,43세,상해없음,원동기,남,21세,중상
2015012600100416,2015년 1월 26일 18시,월요일,경상북도 영주시 영주동,중상사고,0,1,0,0,차대사람 - 횡단중,보행자보호의무위반,건조,맑음,단일로 - 횡단보도상,승용,남,48세,상해없음,보행자,남,61세,중상
2015012600100417,2015년 1월 26일 18시,월요일,경상북도 경산시 자인면,사망사고,1,0,0,0,차대사람 - 횡단중,안전운전불이행,건조,흐림,교차로 - 교차로부근,승용,남,47세,상해없음,보행자,여,79세,사망
2015012600100418,2015년 1월 26일 18시,월요일,경상북도 경산시 옥산동,경상사고,0,0,2,0,차대차 - 기타,직진우회전진행방해,건조,맑음,교차로 - 교차로안,승용,여,65세,경상,승용,남,29세,경상
2015012600100419,2015년 1월 26일 18시,월요일,경상북도 구미시 옥계동,경상사고,0,0,1,0,차대차 - 기타,교차로운행방법위반,건조,맑음,교차로 - 교차로안,승용,여,40세,상해없음,원동기,남,23세,경상
2015012600100420,2015년 1월 26일 18시,월요일,경상북도 구미시 진평동,경상사고,0,0,1,0,차대차 - 기타,안전운전불이행,건조,맑음,단일로 - 기타,승합,남,41세,상해없음,승용,여,43세,경상
2015012600100448,2015년 1월 26일 19시,월요일,경상북도 경주시 황성동,중상사고,0,1,1,0,차대차 - 추돌 - 주정차중,안전운전불이행,건조,맑음,교차로 - 교차로부근,승용,남,54세,상해없음,승합,남,29세,중상
2015012600100449,2015년 1월 26일 19시,월요일,경상북도 영천시 완산동,중상사고,0,1,0,0,차대사람 - 횡단중,안전운전불이행,습기,흐림,단일로 - 기타,승용,여,43세,상해없음,보행자,남,72세,중상
2015012600100450,2015년 1월 26일 19시,월요일,경상북도 경산시 와촌면,경상사고,0,0,1,0,차대차 - 기타,안전운전불이행,건조,맑음,단일로 - 기타,화물,남,38세,상해없음,승용,여,46세,경상
2015012600100484,2015년 1월 26일 20시,월요일,경상북도 구미시 도량동,경상사고,0,0,3,0,차대차 - 측면직각충돌,신호위반,건조,맑음,교차로 - 교차로안,화물,남,61세,상해없음,승용,남,30세,경상
2015012600100508,2015년 1월 26일 21시,월요일,경상북도 경주시 성건동,경상사고,0,0,1,0,차대차 - 기타,안전운전불이행,건조,맑음,단일로 - 기타,승용,남,39세,상해없음,원동기,기타불명,기타불명,기타불명
2015012600100528,2015년 1월 26일 22시,월요일,경상북도 경주시 안강읍,중상사고,0,1,0,0,차대사람 - 기타,안전운전불이행,건조,맑음,단일로 - 기타,승용,남,54세,상해없음,보행자,여,71세,중상
2015012600100554,2015년 1월 26일 23시,월요일,경상북도 성주군 성주읍,경상사고,0,0,2,0,차량단독 - 공작물충돌,안전운전불이행,건조,맑음,기타 - 기타,승용,남,39세,경상,,,,
2015012600100555,2015년 1월 26일 23시,월요일,경상북도 포항시 남구 오천읍,사망사고,1,0,0,0,차대사람 - 횡단중,안전운전불이행,건조,맑음,교차로 - 교차로안,승용,남,42세,상해없음,보행자,남,52세,사망
2015012600100556,2015년 1월 26일 23시,월요일,경상북도 포항시 남구 장기면,중상사고,0,1,0,0,차량단독 - 공작물충돌,안전운전불이행,건조,맑음,교차로 - 교차로부근,화물,남,57세,상해없음,,,,
2015012700100012,2015년 1월 27일 00시,화요일,경상북도 경주시 동천동,경상사고,0,0,1,0,차대차 - 기타,안전운전불이행,건조,맑음,교차로 - 교차로안,승용,남,39세,상해없음,승용,남,62세,상해없음
2015012700100013,2015년 1월 27일 00시,화요일,경상북도 상주시 이안면,중상사고,0,2,0,0,차대차 - 추돌 - 진행중,안전운전불이행,건조,맑음,단일로 - 기타,화물,남,32세,상해없음,화물,남,54세,중상
2015012700100024,2015년 1월 27일 01시,화요일,경상북도 안동시 광석동,경상사고,0,0,1,0,차대사람 - 횡단중,안전운전불이행,건조,맑음,단일로 - 기타,승용,남,51세,상해없음,보행자,남,29세,경상
2015012700100025,2015년 1월 27일 01시,화요일,경상북도 영주시 영주동,경상사고,0,0,1,0,차대차 - 측면직각충돌,안전운전불이행,건조,맑음,교차로 - 교차로부근,화물,남,58세,상해없음,승용,남,44세,경상
2015012700100026,2015년 1월 27일 01시,화요일,경상북도 포항시 남구 장흥동,중상사고,0,1,1,0,차대차 - 측면직각충돌,안전운전불이행,건조,맑음,단일로 - 기타,화물,남,64세,상해없음,승용,여,55세,중상
2015012700100041,2015년 1월 27일 03시,화요일,경상북도 상주시 함창읍,부상신고사고,0,0,0,1,차량단독 - 공작물충돌,안전운전불이행,건조,맑음,단일로 - 기타,승용,남,40세,부상신고,,,,
2015012700100046,2015년 1월 27일 04시,화요일,경상북도 안동시 옥동,경상사고,0,0,1,0,차대차 - 측면직각충돌,교차로운행방법위반,건조,맑음,교차로 - 교차로안,승용,여,30세,상해없음,승용,남,64세,경상
2015012700100047,2015년 1월 27일 04시,화요일,경상북도 김천시 지좌동,경상사고,0,0,1,0,차량단독 - 공작물충돌,안전운전불이행,건조,맑음,단일로 - 기타,승용,남,27세,경상,,,,
2015012700100086,2015년 1월 27일 07시,화요일,경상북도 안동시 용상동,경상사고,0,0,2,0,차대차 - 기타,교차로운행방법위반,건조,맑음,교차로 - 교차로안,승용,여,22세,상해없음,승용,여,49세,경상
2015012700100110,2015년 1월 27일 08시,화요일,경상북도 칠곡군 석적읍,경상사고,0,0,1,0,차대차 - 추돌 - 진행중,안전운전불이행,건조,맑음,단일로 - 기타,승용,기타불명,기타불명,기타불명,승용,여,37세,경상
2015012700100111,2015년 1월 27일 08시,화요일,경상북도 경산시 와촌면,경상사고,0,0,1,0,차대차 - 기타,안전거리미확보,건조,맑음,단일로 - 기타,승용,여,58세,상해없음,승용,여,54세,경상
2015012700100112,2015년 1월 27일 08시,화요일,경상북도 구미시 오태동,경상사고,0,0,1,0,차량단독 - 공작물충돌,안전운전불이행,건조,맑음,단일로 - 기타,승용,여,27세,경상,,,,
2015012700100157,2015년 1월 27일 10시,화요일,경상북도 포항시 북구 두호동,경상사고,0,0,1,0,차대차 - 기타,기타,건조,맑음,단일로 - 기타,승용,남,69세,상해없음,원동기,남,50세,경상
2015012700100158,2015년 1월 27일 10시,화요일,경상북도 봉화군 봉화읍,중상사고,0,1,0,0,차대사람 - 횡단중,안전운전불이행,건조,맑음,기타 - 기타,화물,남,46세,상해없음,보행자,여,82세,중상
2015012700100194,2015년 1월 27일 12시,화요일,경상북도 경산시 중방동,경상사고,0,0,1,0,차대차 - 기타,신호위반,건조,맑음,교차로 - 교차로안,승용,남,28세,상해없음,승용,남,68세,경상
2015012700100223,2015년 1월 27일 13시,화요일,경상북도 안동시 화성동,경상사고,0,0,2,0,차대차 - 추돌 - 진행중,안전운전불이행,건조,맑음,교차로 - 교차로부근,건설기계,남,53세,상해없음,승용,남,28세,경상
2015012700100224,2015년 1월 27일 13시,화요일,경상북도 김천시 평화동,경상사고,0,0,1,0,차대사람 - 보도통행중,보행자보호의무위반,건조,맑음,단일로 - 기타,자전거,남,51세,상해없음,보행자,여,56세,경상
2015012700100254,2015년 1월 27일 14시,화요일,경상북도 영천시 화남면,중상사고,0,3,0,0,차량단독 - 도로외이탈 - 추락,안전운전불이행,건조,맑음,단일로 - 기타,화물,남,70세,중상,,,,
2015012700100284,2015년 1월 27일 15시,화요일,경상북도 경산시 남산면,중상사고,0,1,0,0,차대차 - 기타,안전운전불이행,건조,맑음,단일로 - 기타,기타불명,기타불명,기타불명,기타불명,자전거,남,49세,중상
2015012700100285,2015년 1월 27일 15시,화요일,경상북도 봉화군 봉성면,중상사고,0,1,1,1,차대차 - 정면충돌,중앙선침범,건조,맑음,단일로 - 기타,승합,남,35세,부상신고,승용,여,63세,중상
2015012700100312,2015년 1월 27일 16시,화요일,경상북도 영양군 영양읍,중상사고,0,1,2,0,차대차 - 측면직각충돌,교차로운행방법위반,건조,맑음,교차로 - 교차로안,화물,남,52세,경상,승용,남,49세,경상
2015012700100313,2015년 1월 27일 16시,화요일,경상북도 포항시 남구 오천읍,중상사고,0,1,0,0,차대사람 - 횡단중,안전운전불이행,건조,맑음,단일로 - 기타,승용,남,41세,상해없음,보행자,남,3세,중상
2015012700100343,2015년 1월 27일 17시,화요일,경상북도 경주시 용강동,중상사고,0,1,0,0,차대차 - 기타,교차로운행방법위반,건조,맑음,교차로 - 교차로안,승용,여,39세,상해없음,이륜,남,75세,중상
2015012700100344,2015년 1월 27일 17시,화요일,경상북도 경주시 동천동,중상사고,0,1,0,0,차대사람 - 횡단중,안전운전불이행,건조,흐림,단일로 - 기타,승용,여,39세,상해없음,보행자,여,67세,중상
2015012700100386,2015년 1월 27일 18시,화요일,경상북도 경주시 인왕동,중상사고,0,1,0,0,차대차 - 기타,안전운전불이행,건조,맑음,교차로 - 교차로부근,승용,남,70세,상해없음,이륜,남,36세,중상
2015012700100387,2015년 1월 27일 18시,화요일,경상북도 포항시 북구 대흥동,경상사고,0,0,1,0,차대차 - 기타,안전거리미확보,건조,맑음,교차로 - 교차로안,화물,남,48세,상해없음,자전거,여,66세,경상
2015012700100388,2015년 1월 27일 18시,화요일,경상북도 칠곡군 석적읍,중상사고,0,2,0,1,차대차 - 측면직각충돌,신호위반,건조,맑음,교차로 - 교차로안,승용,남,23세,부상신고,승용,남,43세,상해없음
2015012700100389,2015년 1월 27일 18시,화요일,경상북도 경산시 용성면,중상사고,0,1,0,0,차대사람 - 길가장자리구역통행중,안전운전불이행,건조,맑음,단일로 - 기타,승용,남,45세,상해없음,보행자,여,73세,중상
2015012700100390,2015년 1월 27일 18시,화요일,경상북도 경산시 진량읍,경상사고,0,0,2,0,차대차 - 기타,중앙선침범,건조,맑음,단일로 - 기타,승용,남,50세,경상,승합,남,60세,경상
2015012700100429,2015년 1월 27일 19시,화요일,경상북도 구미시 신평동,중상사고,0,1,2,0,차대차 - 기타,안전운전불이행,건조,맑음,교차로 - 교차로안,승용,여,54세,경상,승용,여,42세,중상
2015012700100484,2015년 1월 27일 21시,화요일,경상북도 고령군 쌍림면,경상사고,0,0,1,0,차대사람 - 길가장자리구역통행중,안전운전불이행,건조,맑음,단일로 - 기타,승용,남,60세,상해없음,보행자,여,67세,경상
2015012700100500,2015년 1월 27일 22시,화요일,경상북도 포항시 북구 득량동,경상사고,0,0,2,0,차대차 - 기타,안전운전불이행,건조,맑음,단일로 - 기타,승용,남,29세,상해없음,승용,남,34세,경상
2015012700100501,2015년 1월 27일 22시,화요일,경상북도 포항시 북구 대흥동,경상사고,0,0,1,0,차대사람 - 기타,안전운전불이행,건조,맑음,단일로 - 기타,승용,남,27세,상해없음,보행자,남,29세,경상
2015012700100502,2015년 1월 27일 22시,화요일,경상북도 경산시 계양동,경상사고,0,0,1,0,차대차 - 기타,안전운전불이행,건조,맑음,교차로 - 교차로안,승용,남,36세,상해없음,이륜,남,19세,경상