사고번호,사고일시,요일,시군구,사고내용,사망자수,중상자수,경상자수,부상신고자수,사고유형,법규위반,노면상태,기상상태,도로형태,가해운전자 차종,가해운전자 성별,가해운전자 연령,가해운전자 상해정도,피해운전자 차종,피해운전자 성별,피해운전자 연령,피해운전자 상해정도
2015012700100520,2015년 1월 27일 23시,화요일,경상북도 경주시 외동읍,중상사고,0,2,0,0,차량단독 - 공작물충돌,안전운전불이행,건조,맑음,단일로 - 기타,승용,남,36세,중상,,,,
2015012800100010,2015년 1월 28일 00시,수요일,경상북도 울진군 죽변면,경상사고,0,0,2,0,차대차 - 기타,안전운전불이행,적설,눈,단일로 - 기타,승용,남,52세,상해없음,승용,남,33세,경상
2015012800100025,2015년 1월 28일 01시,수요일,경상북도 울진군 근남면,부상신고사고,0,0,0,1,차대차 - 기타,안전운전불이행,건조,맑음,교차로 - 교차로부근,승용,남,65세,부상신고,승용,남,71세,상해없음
2015012800100032,2015년 1월 28일 02시,수요일,경상북도 영천시 금호읍,경상사고,0,0,1,0,차대차 - 측면직각충돌,안전운전불이행,건조,맑음,교차로 - 교차로안,승용,남,39세,상해없음,승용,여,61세,상해없음
2015012800100063,2015년 1월 28일 06시,수요일,경상북도 경산시 옥산동,경상사고,0,0,5,0,차대차 - 기타,신호위반,건조,맑음,교차로 - 교차로안,승용,남,45세,상해없음,화물,남,39세,경상
2015012800100064,2015년 1월 28일 06시,수요일,경상북도 고령군 고령읍,중상사고,0,1,0,0,차대차 - 측면직각충돌,교차로운행방법위반,건조,맑음,교차로 - 교차로안,원동기,남,71세,중상,화물,남,40세,상해없음
2015012800100108,2015년 1월 28일 08시,수요일,경상북도 포항시 남구 대송면,경상사고,0,0,1,0,차대차 - 추돌 - 진행중,안전운전불이행,건조,맑음,교차로 - 교차로부근,승용,남,36세,상해없음,화물,남,45세,경상
2015012800100140,2015년 1월 28일 10시,수요일,경상북도 경주시 동천동,경상사고,0,0,1,0,차대사람 - 기타,안전운전불이행,건조,맑음,교차로 - 교차로부근,승용,남,45세,상해없음,보행자,남,75세,경상
2015012800100141,2015년 1월 28일 10시,수요일,경상북도 성주군 성주읍,경상사고,0,0,1,0,차대차 - 측면직각충돌,직진우회전진행방해,건조,맑음,기타 - 기타,승용,남,49세,상해없음,원동기,남,76세,경상
2015012800100159,2015년 1월 28일 11시,수요일,경상북도 안동시 와룡면,중상사고,0,1,0,0,차대차 - 기타,안전운전불이행,건조,맑음,단일로 - 기타,화물,남,48세,상해없음,이륜,남,79세,중상
2015012800100160,2015년 1월 28일 11시,수요일,경상북도 김천시 남면,경상사고,0,0,1,0,차대차 - 측면직각충돌,안전운전불이행,건조,맑음,단일로 - 기타,승합,남,38세,상해없음,농기계,남,54세,경상
2015012800100161,2015년 1월 28일 11시,수요일,경상북도 울진군 평해읍,경상사고,0,0,2,0,차대차 - 기타,안전운전불이행,적설,눈,단일로 - 기타,화물,남,44세,상해없음,화물,남,65세,경상
2015012800100183,2015년 1월 28일 12시,수요일,경상북도 경주시 건천읍,경상사고,0,0,2,0,차대차 - 기타,안전운전불이행,건조,맑음,단일로 - 기타,화물,남,24세,상해없음,승용,남,55세,경상
2015012800100184,2015년 1월 28일 12시,수요일,경상북도 김천시 성내동,중상사고,0,1,0,0,차대사람 - 횡단중,안전운전불이행,건조,맑음,단일로 - 기타,승합,남,55세,상해없음,보행자,여,39세,중상
2015012800100185,2015년 1월 28일 12시,수요일,경상북도 칠곡군 석적읍,중상사고,0,1,0,0,차대차 - 측면직각충돌,직진우회전진행방해,건조,맑음,교차로 - 교차로안,승용,남,34세,상해없음,이륜,남,32세,중상
2015012800100186,2015년 1월 28일 12시,수요일,경상북도 포항시 남구 상도동,중상사고,0,1,0,0,차대사람 - 기타,기타,적설,눈,단일로 - 기타,승용,여,44세,상해없음,보행자,남,7세,중상
2015012800100187,2015년 1월 28일 12시,수요일,경상북도 포항시 남구 구룡포읍,경상사고,0,0,1,0,차대차 - 측면직각충돌,안전운전불이행,습기,비,교차로 - 교차로안,화물,남,54세,상해없음,승용,남,38세,경상
2015012800100207,2015년 1월 28일 13시,수요일,경상북도 상주시 냉림동,부상신고사고,0,0,0,1,차대차 - 측면직각충돌,신호위반,건조,맑음,교차로 - 교차로안,이륜,남,79세,부상신고,승용,여,58세,상해없음
2015012800100208,2015년 1월 28일 13시,수요일,경상북도 포항시 남구 장기면,경상사고,0,0,1,0,차대차 - 기타,안전운전불이행,적설,눈,단일로 - 기타,승용,남,45세,상해없음,승용,남,31세,경상
2015012800100253,2015년 1월 28일 15시,수요일,경상북도 경주시 성건동,중상사고,0,1,4,0,차대차 - 기타,안전운전불이행,적설,눈,교차로 - 교차로부근,화물,남,55세,상해없음,승용,여,51세,중상
2015012800100254,2015년 1월 28일 15시,수요일,경상북도 포항시 남구 연일읍,중상사고,0,1,0,0,차대차 - 측면직각충돌,안전운전불이행,건조,맑음,교차로 - 교차로안,승용,남,47세,상해없음,승용,남,30세,중상
2015012800100280,2015년 1월 28일 16시,수요일,경상북도 포항시 북구 흥해읍,경상사고,0,0,1,0,차대사람 - 기타,안전운전불이행,적설,눈,단일로 - 기타,화물,남,60세,상해없음,보행자,여,44세,경상
2015012800100306,2015년 1월 28일 17시,수요일,경상북도 포항시 북구 흥해읍,경상사고,0,0,2,0,차대차 - 기타,안전거리미확보,습기,눈,교차로 - 교차로부근,승용,남,41세,상해없음,승용,여,58세,경상
2015012800100307,2015년 1월 28일 17시,수요일,경상북도 경산시 중방동,경상사고,0,0,2,0,차대차 - 기타,안전운전불이행,건조,맑음,단일로 - 기타,원동기,남,22세,상해없음,승용,여,23세,경상
2015012800100308,2015년 1월 28일 17시,수요일,경상북도 청도군 각북면,중상사고,0,1,1,0,차대차 - 정면충돌,중앙선침범,건조,맑음,단일로 - 기타,승용,남,70세,경상,화물,남,53세,중상
2015012800100309,2015년 1월 28일 17시,수요일,경상북도 구미시 도량동,경상사고,0,0,1,0,차대차 - 기타,차로위반,건조,맑음,교차로 - 교차로부근,승용,남,51세,상해없음,이륜,남,19세,경상
2015012800100310,2015년 1월 28일 17시,수요일,경상북도 포항시 남구 이동,경상사고,0,0,2,0,차대차 - 추돌 - 진행중,안전운전불이행,적설,맑음,교차로 - 교차로부근,승용,남,44세,상해없음,승용,여,57세,경상
2015012800100349,2015년 1월 28일 18시,수요일,경상북도 안동시 금곡동,경상사고,0,0,1,0,차대사람 - 길가장자리구역통행중,안전운전불이행,건조,맑음,단일로 - 기타,승용,남,57세,상해없음,보행자,남,40세,경상
2015012800100401,2015년 1월 28일 20시,수요일,경상북도 상주시 낙양동,경상사고,0,0,1,0,차대차 - 측면직각충돌,교차로운행방법위반,건조,맑음,교차로 - 교차로안,승용,남,53세,상해없음,이륜,남,45세,경상
2015012800100428,2015년 1월 28일 21시,수요일,경상북도 포항시 북구 죽도동,중상사고,0,1,1,0,차대차 - 기타,안전운전불이행,건조,맑음,단일로 - 기타,승용,남,52세,상해없음,승용,여,28세,중상
2015012800100429,2015년 1월 28일 21시,수요일,경상북도 봉화군 상운면,경상사고,0,0,1,1,차대차 - 측면직각충돌,중앙선침범,건조,맑음,교차로 - 교차로부근,승용,남,65세,부상신고,승용,남,41세,경상
2015012800100430,2015년 1월 28일 21시,수요일,경상북도 구미시 공단동,경상사고,0,0,1,0,차대차 - 추돌 - 진행중,안전운전불이행,건조,맑음,단일로 - 교량,승용,남,29세,상해없음,승용,남,38세,경상
2015012800100454,2015년 1월 28일 22시,수요일,경상북도 포항시 북구 양덕동,경상사고,0,0,1,0,차대차 - 기타,교차로운행방법위반,결빙,흐림,교차로 - 교차로안,승용,남,54세,상해없음,승용,남,62세,상해없음
2015012800100455,2015년 1월 28일 22시,수요일,경상북도 포항시 북구 청하면,경상사고,0,0,1,0,차량단독 - 공작물충돌,안전운전불이행,결빙,눈,단일로 - 기타,승용,남,33세,상해없음,,,,
2015012800100456,2015년 1월 28일 22시,수요일,경상북도 경산시 옥곡동,중상사고,0,1,0,0,차대사람 - 기타,안전운전불이행,건조,맑음,단일로 - 교량,승용,남,25세,상해없음,보행자,남,48세,중상
2015012800100472,2015년 1월 28일 23시,수요일,경상북도 포항시 북구 청하면,중상사고,0,1,0,0,차대차 - 기타,중앙선침범,결빙,흐림,단일로 - 기타,화물,남,53세,상해없음,승용,남,53세,중상
2015012800100473,2015년 1월 28일 23시,수요일,경상북도 청도군 청도읍,중상사고,0,2,4,0,차대차 - 측면직각충돌,안전운전불이행,건조,맑음,단일로 - 기타,승용,남,26세,중상,승용,여,58세,중상
2015012900100027,2015년 1월 29일 01시,목요일,경상북도 경주시 용강동,경상사고,0,0,1,0,차대차 - 기타,안전운전불이행,건조,맑음,단일로 - 기타,승합,남,31세,경상,화물,남,45세,상해없음
2015012900100028,2015년 1월 29일 01시,목요일,경상북도 포항시 북구 용흥동,중상사고,0,1,0,1,차대차 - 기타,차로위반,결빙,눈,미분류 - 미분류,승용,남,30세,상해없음,승용,남,45세,부상신고
2015012900100073,2015년 1월 29일 06시,목요일,경상북도 영주시 영주동,경상사고,0,0,1,0,차대차 - 정면충돌,안전운전불이행,건조,맑음,교차로 - 교차로부근,승용,남,73세,상해없음,자전거,여,68세,경상
2015012900100074,2015년 1월 29일 06시,목요일,경상북도 칠곡군 동명면,중상사고,0,1,0,2,차대차 - 측면직각충돌,안전거리미확보,건조,맑음,단일로 - 기타,화물,남,52세,부상신고,승용,남,49세,중상
2015012900100075,2015년 1월 29일 06시,목요일,경상북도 구미시 광평동,중상사고,0,1,0,0,차대차 - 기타,신호위반,건조,맑음,교차로 - 교차로안,승용,남,33세,상해없음,자전거,남,58세,중상
2015012900100089,2015년 1월 29일 07시,목요일,경상북도 영천시 금노동,중상사고,0,1,0,0,차대차 - 측면직각충돌,안전운전불이행,건조,맑음,교차로 - 교차로부근,화물,남,49세,상해없음,원동기,남,78세,중상
2015012900100090,2015년 1월 29일 07시,목요일,경상북도 구미시 진평동,경상사고,0,0,3,0,차대차 - 기타,안전운전불이행,건조,맑음,교차로 - 교차로부근,승합,남,35세,상해없음,승용,남,34세,경상
2015012900100091,2015년 1월 29일 07시,목요일,경상북도 포항시 남구 동해면,사망사고,1,0,0,0,차량단독 - 도로외이탈 - 추락,안전운전불이행,결빙,눈,미분류 - 미분류,승용,남,30세,사망,,,,
2015012900100115,2015년 1월 29일 08시,목요일,경상북도 영덕군 영덕읍,경상사고,0,0,2,0,차대사람 - 기타,안전운전불이행,결빙,눈,단일로 - 기타,화물,남,73세,경상,보행자,남,38세,경상
2015012900100116,2015년 1월 29일 08시,목요일,경상북도 청도군 각남면,중상사고,0,1,9,0,차대차 - 측면직각충돌,안전운전불이행,건조,맑음,교차로 - 교차로안,화물,남,42세,경상,승합,남,56세,경상
2015012900100117,2015년 1월 29일 08시,목요일,경상북도 고령군 개진면,경상사고,0,0,2,0,차대차 - 추돌 - 진행중,과속,건조,맑음,단일로 - 기타,승용,남,27세,경상,승용,남,57세,경상
2015012900100154,2015년 1월 29일 10시,목요일,경상북도 경산시 진량읍,경상사고,0,0,2,0,차대차 - 기타,안전운전불이행,건조,맑음,단일로 - 기타,승용,여,33세,상해없음,승용,남,33세,경상
2015012900100174,2015년 1월 29일 11시,목요일,경상북도 경주시 용강동,경상사고,0,0,1,1,차대차 - 기타,신호위반,건조,흐림,교차로 - 교차로안,승용,여,50세,부상신고,승용,남,50세,경상
2015012900100175,2015년 1월 29일 11시,목요일,경상북도 영주시 가흥동,경상사고,0,0,1,0,차대차 - 측면직각충돌,안전운전불이행,건조,맑음,단일로 - 횡단보도상,승용,남,59세,상해없음,자전거,여,57세,경상
2015012900100176,2015년 1월 29일 11시,목요일,경상북도 경산시 백천동,중상사고,0,1,0,0,차대차 - 기타,신호위반,건조,맑음,교차로 - 교차로안,승용,여,57세,상해없음,승용,여,52세,중상
2015012900100177,2015년 1월 29일 11시,목요일,경상북도 경산시 정평동,중상사고,0,2,0,0,차대차 - 기타,안전운전불이행,건조,맑음,단일로 - 기타,승용,남,19세,상해없음,화물,남,63세,중상
2015012900100197,2015년 1월 29일 12시,목요일,경상북도 칠곡군 왜관읍,부상신고사고,0,0,0,1,차대차 - 기타,안전운전불이행,건조,맑음,단일로 - 교량,원동기,여,48세,부상신고,건설기계,남,53세,상해없음
2015012900100232,2015년 1월 29일 13시,목요일,경상북도 구미시 고아읍,경상사고,0,0,1,0,차대차 - 기타,안전운전불이행,건조,맑음,교차로 - 교차로부근,승용,남,63세,상해없음,승용,여,41세,경상
2015012900100258,2015년 1월 29일 14시,목요일,경상북도 포항시 남구 송내동,경상사고,0,0,3,1,차대차 - 측면직각충돌,안전운전불이행,건조,맑음,교차로 - 교차로부근,승합,남,40세,상해없음,승용,남,44세,경상
2015012900100292,2015년 1월 29일 15시,목요일,경상북도 경산시 옥산동,중상사고,0,2,0,0,차대차 - 기타,중앙선침범,건조,맑음,단일로 - 기타,화물,남,43세,중상,승용,여,37세,중상
2015012900100293,2015년 1월 29일 15시,목요일,경상북도 구미시 고아읍,경상사고,0,0,1,0,차대차 - 측면직각충돌,안전거리미확보,건조,맑음,단일로 - 기타,승용,남,83세,상해없음,승용,남,55세,경상
2015012900100319,2015년 1월 29일 16시,목요일,경상북도 경주시 안강읍,중상사고,0,1,0,0,차대차 - 기타,안전운전불이행,건조,흐림,단일로 - 기타,승용,남,59세,상해없음,승용,남,67세,중상
2015012900100320,2015년 1월 29일 16시,목요일,경상북도 구미시 원평동,경상사고,0,0,1,0,차대차 - 기타,안전운전불이행,건조,맑음,교차로 - 교차로부근,승용,여,18세,상해없음,승용,여,45세,경상
2015012900100353,2015년 1월 29일 17시,목요일,경상북도 의성군 단북면,중상사고,0,1,1,0,차대차 - 측면직각충돌,중앙선침범,습기,비,단일로 - 기타,승용,여,56세,경상,승합,남,61세,중상
2015012900100354,2015년 1월 29일 17시,목요일,경상북도 영천시 문내동,중상사고,0,1,0,0,차대사람 - 길가장자리구역통행중,안전운전불이행,건조,맑음,단일로 - 기타,승합,기타불명,기타불명,기타불명,보행자,남,76세,중상
2015012900100355,2015년 1월 29일 17시,목요일,경상북도 영천시 망정동,경상사고,0,0,1,0,차대차 - 추돌 - 진행중,안전운전불이행,건조,맑음,단일로 - 기타,승용,남,57세,기타불명,승용,여,59세,경상
2015012900100356,2015년 1월 29일 17시,목요일,경상북도 영덕군 강구면,부상신고사고,0,0,0,1,차량단독 - 공작물충돌,안전운전불이행,건조,맑음,단일로 - 기타,화물,남,68세,부상신고,,,,
2015012900100357,2015년 1월 29일 17시,목요일,경상북도 포항시 남구 해도동,중상사고,0,1,0,0,차대차 - 측면직각충돌,안전운전불이행,습기,비,교차로 - 교차로부근,승용,남,40세,상해없음,자전거,여,57세,중상
2015012900100394,2015년 1월 29일 18시,목요일,경상북도 구미시 공단동,중상사고,0,1,0,0,차대사람 - 기타,보행자보호의무위반,습기,눈,단일로 - 횡단보도상,승용,남,42세,상해없음,보행자,남,73세,중상
2015012900100438,2015년 1월 29일 19시,목요일,경상북도 경주시 양북면,중상사고,0,1,0,0,차대차 - 추돌 - 진행중,안전운전불이행,건조,맑음,단일로 - 기타,승용,남,47세,상해없음,승용,여,29세,중상
2015012900100439,2015년 1월 29일 19시,목요일,경상북도 경산시 옥산동,경상사고,0,0,1,0,차대사람 - 기타,안전운전불이행,건조,맑음,단일로 - 횡단보도상,승용,여,55세,상해없음,보행자,남,64세,경상
2015012900100474,2015년 1월 29일 20시,목요일,경상북도 영주시 영주동,경상사고,0,0,4,0,차대차 - 측면직각충돌,안전운전불이행,건조,맑음,교차로 - 교차로안,승용,남,32세,상해없음,승용,여,46세,경상
2015012900100475,2015년 1월 29일 20시,목요일,경상북도 경산시 평산동,중상사고,0,1,1,0,차대차 - 기타,안전거리미확보,습기,비,단일로 - 기타,승용,남,31세,경상,승용,여,47세,상해없음
2015012900100527,2015년 1월 29일 22시,목요일,경상북도 영천시 금호읍,경상사고,0,0,1,0,차대차 - 측면직각충돌,안전운전불이행,건조,맑음,단일로 - 기타,승용,기타불명,기타불명,기타불명,승용,남,37세,경상
2015012900100528,2015년 1월 29일 22시,목요일,경상북도 구미시 옥계동,경상사고,0,0,1,0,차대차 - 기타,안전운전불이행,습기,눈,단일로 - 기타,승용,남,37세,상해없음,승용,남,34세,경상
2015012900100563,2015년 1월 29일 23시,목요일,경상북도 경주시 외동읍,중상사고,0,1,0,0,차대사람 - 기타,신호위반,건조,맑음,교차로 - 교차로안,승용,남,35세,상해없음,보행자,남,62세,중상
2015012900100564,2015년 1월 29일 23시,목요일,경상북도 구미시 옥계동,부상신고사고,0,0,0,1,차대차 - 기타,안전운전불이행,습기,눈,단일로 - 기타,승용,남,50세,부상신고,건설기계,남,35세,상해없음
2015013000100013,2015년 1월 30일 00시,금요일,경상북도 영주시 휴천동,경상사고,0,0,1,0,차대차 - 추돌 - 진행중,안전운전불이행,습기,흐림,기타 - 기타,화물,남,50세,상해없음,화물,남,62세,경상
2015013000100035,2015년 1월 30일 01시,금요일,경상북도 포항시 남구 대송면,중상사고,0,2,2,0,차대차 - 측면직각충돌,중앙선침범,습기,흐림,단일로 - 기타,승용,남,22세,상해없음,승용,남,31세,경상
2015013000100081,2015년 1월 30일 05시,금요일,경상북도 경산시 남천면,중상사고,0,1,0,0,차대차 - 추돌 - 주정차중,안전운전불이행,건조,맑음,기타 - 기타,화물,남,54세,상해없음,화물,남,36세,중상
2015013000100094,2015년 1월 30일 06시,금요일,경상북도 경주시 현곡면,중상사고,0,1,0,0,차대사람 - 기타,안전운전불이행,건조,맑음,교차로 - 교차로부근,승합,남,58세,상해없음,보행자,남,50세,중상
2015013000100117,2015년 1월 30일 07시,금요일,경상북도 포항시 남구 상도동,경상사고,0,0,1,0,차대차 - 추돌 - 주정차중,차로위반,건조,맑음,단일로 - 기타,승용,여,45세,상해없음,승용,여,33세,경상
2015013000100118,2015년 1월 30일 07시,금요일,경상북도 포항시 남구 해도동,경상사고,0,0,1,0,차대차 - 추돌 - 진행중,교차로운행방법위반,건조,맑음,교차로 - 교차로안,승용,남,29세,상해없음,승용,여,43세,경상
2015013000100174,2015년 1월 30일 09시,금요일,경상북도 영천시 신령면,중상사고,0,1,0,0,차량단독 - 공작물충돌,안전운전불이행,건조,흐림,단일로 - 기타,승용,남,67세,상해없음,,,,
2015013000100202,2015년 1월 30일 10시,금요일,경상북도 경주시 성건동,중상사고,0,1,0,0,차대사람 - 기타,안전운전불이행,건조,맑음,단일로 - 기타,승합,남,52세,상해없음,보행자,여,74세,중상
2015013000100203,2015년 1월 30일 10시,금요일,경상북도 안동시 일직면,경상사고,0,0,1,0,차대차 - 기타,안전운전불이행,결빙,맑음,단일로 - 기타,승용,남,34세,상해없음,화물,남,31세,경상
2015013000100204,2015년 1월 30일 10시,금요일,경상북도 김천시 어모면,중상사고,0,2,0,0,차대차 - 측면직각충돌,교차로운행방법위반,건조,맑음,교차로 - 교차로안,화물,남,82세,중상,화물,남,66세,중상
2015013000100205,2015년 1월 30일 10시,금요일,경상북도 문경시 문경읍,사망사고,1,1,0,0,차량단독 - 공작물충돌,안전운전불이행,결빙,맑음,단일로 - 기타,승용,여,59세,중상,,,,
2015013000100251,2015년 1월 30일 12시,금요일,경상북도 구미시 진평동,경상사고,0,0,3,0,차대차 - 기타,안전운전불이행,건조,맑음,단일로 - 기타,승용,남,32세,경상,승용,여,45세,상해없음
2015013000100271,2015년 1월 30일 13시,금요일,경상북도 포항시 북구 상원동,경상사고,0,0,1,0,차대사람 - 길가장자리구역통행중,안전운전불이행,건조,맑음,단일로 - 기타,승용,남,24세,상해없음,보행자,여,30세,경상
2015013000100272,2015년 1월 30일 13시,금요일,경상북도 영천시 완산동,경상사고,0,0,1,0,차대사람 - 차도통행중,안전운전불이행,건조,맑음,단일로 - 기타,화물,기타불명,기타불명,기타불명,보행자,여,79세,경상
2015013000100295,2015년 1월 30일 14시,금요일,경상북도 경주시 서부동,중상사고,0,1,0,0,차대사람 - 횡단중,안전운전불이행,건조,맑음,단일로 - 기타,승용,남,27세,상해없음,보행자,여,81세,중상
2015013000100296,2015년 1월 30일 14시,금요일,경상북도 칠곡군 왜관읍,중상사고,0,3,0,0,차대차 - 측면직각충돌,교차로운행방법위반,건조,맑음,교차로 - 교차로안,승용,여,47세,중상,화물,남,63세,중상
2015013000100297,2015년 1월 30일 14시,금요일,경상북도 영천시 문내동,경상사고,0,0,2,0,차대차 - 추돌 - 진행중,교차로운행방법위반,건조,맑음,교차로 - 교차로안,승용,남,57세,상해없음,승용,여,35세,경상
2015013000100388,2015년 1월 30일 17시,금요일,경상북도 의성군 단밀면,부상신고사고,0,0,0,1,차대차 - 추돌 - 주정차중,안전운전불이행,건조,맑음,단일로 - 기타,원동기,남,79세,부상신고,승용,남,81세,상해없음
2015013000100389,2015년 1월 30일 17시,금요일,경상북도 칠곡군 약목면,중상사고,0,1,0,0,차대사람 - 기타,안전운전불이행,건조,흐림,단일로 - 기타,이륜,여,54세,상해없음,보행자,여,65세,중상
2015013000100390,2015년 1월 30일 17시,금요일,경상북도 구미시 고아읍,부상신고사고,0,0,0,1,차대차 - 기타,안전운전불이행,건조,맑음,단일로 - 기타,이륜,남,72세,부상신고,화물,남,54세,상해없음
2015013000100391,2015년 1월 30일 17시,금요일,경상북도 구미시 형곡동,중상사고,0,1,0,0,차대차 - 기타,안전운전불이행,건조,맑음,단일로 - 기타,화물,남,53세,상해없음,이륜,남,62세,중상
2015013000100392,2015년 1월 30일 17시,금요일,경상북도 포항시 남구 대잠동,경상사고,0,0,2,0,차대차 - 기타,직진우회전진행방해,건조,맑음,교차로 - 교차로안,승용,여,47세,상해없음,승용,남,51세,경상
2015013000100477,2015년 1월 30일 19시,금요일,경상북도 문경시 점촌동,경상사고,0,0,1,0,차대차 - 기타,안전운전불이행,건조,맑음,단일로 - 기타,승용,남,52세,상해없음,원동기,남,19세,경상
2015013000100478,2015년 1월 30일 19시,금요일,경상북도 구미시 진평동,중상사고,0,1,1,0,차대차 - 기타,신호위반,건조,흐림,교차로 - 교차로부근,원동기,남,18세,중상,원동기,남,31세,경상
2015013000100526,2015년 1월 30일 20시,금요일,경상북도 경주시 용강동,중상사고,0,1,0,0,차대차 - 기타,교차로운행방법위반,건조,맑음,교차로 - 교차로안,승용,남,37세,상해없음,원동기,남,36세,중상
2015013000100550,2015년 1월 30일 21시,금요일,경상북도 영주시 풍기읍,중상사고,0,1,0,0,차량단독 - 기타,안전운전불이행,건조,맑음,단일로 - 기타,승용,남,32세,중상,,,,
2015013000100551,2015년 1월 30일 21시,금요일,경상북도 칠곡군 왜관읍,중상사고,0,1,0,0,차대차 - 추돌 - 주정차중,차로위반,건조,맑음,단일로 - 기타,승용,남,38세,상해없음,승합,남,50세,상해없음
2015013000100552,2015년 1월 30일 21시,금요일,경상북도 경산시 사동,중상사고,0,1,0,0,차대사람 - 기타,보행자보호의무위반,건조,맑음,단일로 - 횡단보도상,승용,남,45세,상해없음,보행자,여,56세,중상
2015013000100553,2015년 1월 30일 21시,금요일,경상북도 구미시 오태동,경상사고,0,0,1,0,차대차 - 추돌 - 주정차중,안전운전불이행,건조,맑음,단일로 - 횡단보도부근,승용,남,59세,상해없음,승용,남,43세,상해없음
2015013000100588,2015년 1월 30일 22시,금요일,경상북도 문경시 흥덕동,경상사고,0,0,1,0,차대차 - 측면직각충돌,교차로운행방법위반,건조,맑음,교차로 - 교차로안,원동기,남,16세,경상,승합,남,40세,상해없음
2015013000100589,2015년 1월 30일 22시,금요일,경상북도 포항시 남구 오천읍,경상사고,0,0,2,0,차대차 - 측면직각충돌,안전운전불이행,건조,맑음,교차로 - 교차로안,화물,남,29세,상해없음,승용,여,53세,경상
2015013000100620,2015년 1월 30일 23시,금요일,경상북도 경주시 황성동,경상사고,0,0,1,0,차대차 - 기타,신호위반,건조,맑음,교차로 - 교차로안,원동기,남,59세,경상,승용,여,53세,상해없음
2015013000100621,2015년 1월 30일 23시,금요일,경상북도 포항시 북구 창포동,경상사고,0,0,1,0,차대차 - 기타,안전운전불이행,건조,맑음,단일로 - 기타,승용,남,47세,상해없음,승용,여,50세,경상
2015013100100020,2015년 1월 31일 00시,토요일,경상북도 안동시 정하동,중상사고,0,2,0,0,차대차 - 측면직각충돌,직진우회전진행방해,건조,맑음,교차로 - 교차로안,승용,남,24세,상해없음,승용,여,29세,중상
2015013100100021,2015년 1월 31일 00시,토요일,경상북도 포항시 남구 대잠동,경상사고,0,0,2,0,차대차 - 측면직각충돌,안전운전불이행,건조,맑음,교차로 - 교차로부근,승용,남,61세,상해없음,승용,남,42세,상해없음
2015013100100046,2015년 1월 31일 02시,토요일,경상북도 칠곡군 석적읍,경상사고,0,0,1,0,차대차 - 정면충돌,중앙선침범,건조,맑음,교차로 - 교차로부근,승용,남,39세,상해없음,승용,여,31세,경상
2015013100100088,2015년 1월 31일 06시,토요일,경상북도 칠곡군 석적읍,사망사고,1,1,1,0,차대차 - 기타,안전운전불이행,건조,맑음,단일로 - 기타,화물,남,61세,사망,승용,여,31세,경상
2015013100100099,2015년 1월 31일 07시,토요일,경상북도 고령군 고령읍,중상사고,0,1,0,0,차대차 - 측면직각충돌,안전운전불이행,건조,맑음,단일로 - 기타,화물,남,57세,상해없음,자전거,여,75세,중상
2015013100100100,2015년 1월 31일 07시,토요일,경상북도 포항시 남구 청림동,경상사고,0,0,1,0,차대차 - 측면직각충돌,안전운전불이행,건조,맑음,단일로 - 기타,화물,남,47세,상해없음,승용,남,54세,경상
2015013100100121,2015년 1월 31일 08시,토요일,경상북도 칠곡군 동명면,중상사고,0,1,1,1,차대차 - 추돌 - 주정차중,안전운전불이행,건조,맑음,단일로 - 기타,화물,남,60세,부상신고,특수,남,38세,상해없음
2015013100100140,2015년 1월 31일 09시,토요일,경상북도 상주시 초산동,중상사고,0,1,0,0,차대차 - 추돌 - 진행중,안전거리미확보,건조,맑음,단일로 - 기타,화물,남,27세,상해없음,화물,남,68세,중상
2015013100100141,2015년 1월 31일 09시,토요일,경상북도 상주시 낙양동,부상신고사고,0,0,0,1,차대차 - 측면직각충돌,안전운전불이행,건조,맑음,단일로 - 기타,이륜,여,53세,부상신고,승용,여,52세,상해없음
2015013100100159,2015년 1월 31일 10시,토요일,경상북도 경주시 건천읍,경상사고,0,0,1,0,차대차 - 기타,안전운전불이행,건조,맑음,단일로 - 기타,승용,여,51세,상해없음,승용,남,47세,경상
2015013100100160,2015년 1월 31일 10시,토요일,경상북도 구미시 고아읍,경상사고,0,0,1,1,차대차 - 측면직각충돌,안전운전불이행,건조,맑음,교차로 - 교차로안,화물,남,56세,상해없음,승용,남,60세,경상
2015013100100216,2015년 1월 31일 12시,토요일,경상북도 포항시 북구 대신동,경상사고,0,0,1,0,차대차 - 기타,신호위반,건조,맑음,교차로 - 교차로안,승용,여,42세,상해없음,승용,남,48세,경상
2015013100100217,2015년 1월 31일 12시,토요일,경상북도 영주시 하망동,경상사고,0,0,1,0,차대차 - 측면직각충돌,안전운전불이행,건조,맑음,교차로 - 교차로안,승용,남,52세,상해없음,승용,남,71세,경상
2015013100100250,2015년 1월 31일 13시,토요일,경상북도 포항시 북구 죽도동,경상사고,0,0,1,0,차대사람 - 횡단중,안전운전불이행,건조,맑음,단일로 - 기타,화물,남,59세,상해없음,보행자,남,35세,경상
2015013100100251,2015년 1월 31일 13시,토요일,경상북도 포항시 북구 용흥동,경상사고,0,0,1,0,차대차 - 추돌 - 진행중,안전운전불이행,건조,맑음,단일로 - 기타,승용,남,34세,기타불명,승용,남,33세,경상
2015013100100252,2015년 1월 31일 13시,토요일,경상북도 구미시 광평동,경상사고,0,0,2,0,차대차 - 기타,안전운전불이행,건조,맑음,단일로 - 기타,승용,남,42세,상해없음,승용,남,58세,경상