사고번호,사고일시,요일,시군구,사고내용,사망자수,중상자수,경상자수,부상신고자수,사고유형,법규위반,노면상태,기상상태,도로형태,가해운전자 차종,가해운전자 성별,가해운전자 연령,가해운전자 상해정도,피해운전자 차종,피해운전자 성별,피해운전자 연령,피해운전자 상해정도
2015013100100287,2015년 1월 31일 14시,토요일,경상북도 경주시 동방동,경상사고,0,0,3,0,차대차 - 추돌 - 주정차중,안전거리미확보,건조,맑음,단일로 - 횡단보도부근,화물,남,66세,상해없음,승용,여,40세,경상
2015013100100288,2015년 1월 31일 14시,토요일,경상북도 포항시 남구 오천읍,경상사고,0,0,1,0,차대차 - 측면직각충돌,직진우회전진행방해,건조,맑음,교차로 - 교차로안,승용,남,34세,상해없음,승용,여,37세,경상
2015013100100289,2015년 1월 31일 14시,토요일,경상북도 포항시 남구 오천읍,부상신고사고,0,0,0,1,차량단독 - 공작물충돌,안전운전불이행,건조,맑음,단일로 - 기타,화물,남,45세,부상신고,,,,
2015013100100347,2015년 1월 31일 16시,토요일,경상북도 포항시 남구 송도동,중상사고,0,1,0,0,차대차 - 측면직각충돌,안전운전불이행,건조,맑음,교차로 - 교차로안,이륜,여,46세,중상,승용,여,41세,상해없음
2015013100100381,2015년 1월 31일 17시,토요일,경상북도 경주시 건천읍,사망사고,1,1,0,0,차량단독 - 기타,안전운전불이행,건조,맑음,단일로 - 기타,승용,남,44세,중상,,,,
2015013100100382,2015년 1월 31일 17시,토요일,경상북도 영천시 작산동,경상사고,0,0,1,0,차대차 - 측면직각충돌,안전거리미확보,건조,맑음,단일로 - 기타,승용,남,28세,상해없음,승용,남,45세,경상
2015013100100383,2015년 1월 31일 17시,토요일,경상북도 구미시 원평동,중상사고,0,1,0,0,차대사람 - 기타,안전운전불이행,건조,맑음,교차로 - 교차로부근,승용,남,61세,상해없음,보행자,남,54세,중상
2015013100100448,2015년 1월 31일 19시,토요일,경상북도 청도군 이서면,중상사고,0,1,1,0,차대사람 - 길가장자리구역통행중,안전운전불이행,건조,맑음,단일로 - 기타,원동기,남,69세,중상,보행자,여,47세,경상
2015013100100478,2015년 1월 31일 20시,토요일,경상북도 문경시 점촌동,경상사고,0,0,1,0,차량단독 - 공작물충돌,안전운전불이행,건조,맑음,교차로 - 교차로안,화물,남,47세,경상,,,,
2015020100100051,2015년 2월 1일 03시,일요일,경상북도 경주시 서면,사망사고,1,1,0,0,차량단독 - 공작물충돌,안전운전불이행,건조,맑음,단일로 - 기타,승용,남,40세,중상,,,,
2015020100100070,2015년 2월 1일 05시,일요일,경상북도 구미시 시미동,중상사고,0,1,1,1,차대차 - 기타,교차로운행방법위반,건조,맑음,교차로 - 교차로안,승용,남,34세,부상신고,승합,남,30세,경상
2015020100100091,2015년 2월 1일 07시,일요일,경상북도 포항시 남구 동해면,중상사고,0,1,0,0,차대차 - 추돌 - 진행중,안전운전불이행,건조,맑음,단일로 - 기타,화물,남,61세,중상,승용,남,68세,상해없음
2015020100100129,2015년 2월 1일 09시,일요일,경상북도 영천시 망정동,경상사고,0,0,1,0,차대차 - 추돌 - 주정차중,안전운전불이행,건조,맑음,단일로 - 기타,승용,남,41세,기타불명,승용,여,38세,경상
2015020100100165,2015년 2월 1일 11시,일요일,경상북도 경주시 외동읍,중상사고,0,1,1,0,차대차 - 추돌 - 진행중,안전운전불이행,건조,맑음,단일로 - 기타,건설기계,남,52세,상해없음,승용,남,51세,경상
2015020100100166,2015년 2월 1일 11시,일요일,경상북도 구미시 송정동,경상사고,0,0,1,0,차대차 - 기타,안전운전불이행,건조,맑음,단일로 - 기타,승용,남,55세,상해없음,승용,남,50세,경상
2015020100100190,2015년 2월 1일 12시,일요일,경상북도 구미시 공단동,경상사고,0,0,1,0,차량단독 - 공작물충돌,안전운전불이행,건조,맑음,단일로 - 기타,승용,남,28세,상해없음,,,,
2015020100100227,2015년 2월 1일 14시,일요일,경상북도 경주시 성건동,경상사고,0,0,2,0,차대차 - 기타,안전운전불이행,건조,맑음,교차로 - 교차로안,승용,남,70세,상해없음,특수,여,41세,상해없음
2015020100100228,2015년 2월 1일 14시,일요일,경상북도 포항시 북구 용흥동,경상사고,0,0,3,0,차대차 - 측면직각충돌,신호위반,건조,맑음,교차로 - 교차로안,승용,남,77세,상해없음,승용,여,44세,경상
2015020100100229,2015년 2월 1일 14시,일요일,경상북도 안동시 송현동,경상사고,0,0,1,0,차대차 - 측면직각충돌,신호위반,건조,맑음,교차로 - 교차로부근,승용,남,29세,상해없음,이륜,남,19세,경상
2015020100100230,2015년 2월 1일 14시,일요일,경상북도 상주시 만산동,경상사고,0,0,2,0,차대차 - 측면직각충돌,교차로운행방법위반,건조,맑음,교차로 - 교차로안,승합,남,49세,경상,승용,여,58세,경상
2015020100100231,2015년 2월 1일 14시,일요일,경상북도 청송군 청송읍,중상사고,0,1,6,0,차대차 - 정면충돌,중앙선침범,건조,맑음,단일로 - 기타,승용,남,26세,경상,승용,남,40세,경상
2015020100100253,2015년 2월 1일 15시,일요일,경상북도 문경시 가은읍,중상사고,0,1,0,0,차대차 - 측면직각충돌,안전운전불이행,건조,맑음,단일로 - 기타,승용,남,48세,상해없음,승합,남,64세,상해없음
2015020100100275,2015년 2월 1일 16시,일요일,경상북도 포항시 북구 장성동,중상사고,0,1,0,0,차대사람 - 횡단중,보행자보호의무위반,건조,맑음,교차로 - 교차로부근,승합,남,53세,상해없음,보행자,여,64세,중상
2015020100100276,2015년 2월 1일 16시,일요일,경상북도 안동시 용상동,경상사고,0,0,2,0,차대차 - 기타,안전운전불이행,건조,맑음,교차로 - 교차로부근,화물,남,47세,상해없음,승용,남,28세,경상
2015020100100296,2015년 2월 1일 17시,일요일,경상북도 경주시 시래동,경상사고,0,0,2,0,차대차 - 기타,안전운전불이행,건조,맑음,교차로 - 교차로안,승용,여,55세,경상,화물,남,55세,상해없음
2015020100100297,2015년 2월 1일 17시,일요일,경상북도 포항시 북구 창포동,중상사고,0,1,0,0,차대차 - 기타,교차로운행방법위반,건조,맑음,교차로 - 교차로안,승합,남,66세,상해없음,원동기,남,40세,중상
2015020100100298,2015년 2월 1일 17시,일요일,경상북도 포항시 남구 구룡포읍,경상사고,0,0,1,0,차대차 - 기타,안전운전불이행,건조,맑음,단일로 - 기타,승용,남,52세,상해없음,화물,남,23세,경상
2015020100100323,2015년 2월 1일 18시,일요일,경상북도 영천시 대창면,경상사고,0,0,1,0,차대사람 - 차도통행중,안전운전불이행,건조,맑음,단일로 - 기타,화물,남,56세,상해없음,보행자,남,68세,경상
2015020100100324,2015년 2월 1일 18시,일요일,경상북도 고령군 운수면,경상사고,0,0,2,0,차대차 - 정면충돌,중앙선침범,건조,맑음,교차로 - 교차로안,승용,남,62세,상해없음,승용,남,52세,경상
2015020100100353,2015년 2월 1일 19시,일요일,경상북도 구미시 도량동,중상사고,0,2,2,0,차대차 - 기타,안전운전불이행,건조,맑음,교차로 - 교차로부근,승용,남,42세,상해없음,승용,여,38세,경상
2015020100100375,2015년 2월 1일 20시,일요일,경상북도 포항시 북구 죽도동,중상사고,0,1,0,0,차대차 - 기타,신호위반,건조,맑음,교차로 - 교차로안,원동기,남,18세,상해없음,승용,남,36세,상해없음
2015020100100376,2015년 2월 1일 20시,일요일,경상북도 포항시 북구 죽도동,중상사고,0,1,0,0,차대차 - 측면직각충돌,안전운전불이행,건조,맑음,단일로 - 기타,승용,남,19세,상해없음,자전거,남,59세,중상
2015020100100408,2015년 2월 1일 22시,일요일,경상북도 경주시 성건동,중상사고,0,1,0,0,차대사람 - 기타,안전운전불이행,건조,맑음,교차로 - 교차로안,승용,남,46세,상해없음,보행자,여,69세,중상
2015020100100409,2015년 2월 1일 22시,일요일,경상북도 경주시 산내면,경상사고,0,0,1,0,차대사람 - 기타,안전운전불이행,건조,맑음,단일로 - 기타,승용,남,52세,상해없음,보행자,여,50세,경상
2015020100100422,2015년 2월 1일 23시,일요일,경상북도 포항시 북구 장성동,중상사고,0,1,2,0,차대차 - 기타,안전운전불이행,건조,맑음,교차로 - 교차로안,승용,남,20세,상해없음,승용,남,26세,중상
2015020200100021,2015년 2월 2일 02시,월요일,경상북도 경산시 조영동,중상사고,0,1,0,0,차대사람 - 기타,보행자보호의무위반,건조,맑음,교차로 - 교차로안,승용,남,30세,상해없음,보행자,남,52세,중상
2015020200100037,2015년 2월 2일 05시,월요일,경상북도 영천시 임고면,경상사고,0,0,1,1,차량단독 - 공작물충돌,안전운전불이행,건조,맑음,단일로 - 기타,승용,여,44세,부상신고,,,,
2015020200100052,2015년 2월 2일 06시,월요일,경상북도 포항시 남구 상도동,경상사고,0,0,1,0,차대차 - 측면직각충돌,신호위반,건조,맑음,교차로 - 교차로안,건설기계,남,41세,상해없음,승합,남,67세,경상
2015020200100064,2015년 2월 2일 07시,월요일,경상북도 구미시 진평동,중상사고,0,1,2,0,차대차 - 기타,교차로운행방법위반,건조,맑음,교차로 - 교차로안,승용,여,28세,경상,승용,여,44세,중상
2015020200100092,2015년 2월 2일 08시,월요일,경상북도 울진군 후포면,중상사고,0,2,0,0,차대차 - 정면충돌,중앙선침범,건조,맑음,단일로 - 기타,승용,남,48세,중상,화물,남,62세,중상
2015020200100128,2015년 2월 2일 10시,월요일,경상북도 경주시 안강읍,중상사고,0,1,0,0,차대사람 - 기타,안전운전불이행,건조,맑음,교차로 - 교차로안,화물,남,48세,상해없음,보행자,여,89세,중상
2015020200100129,2015년 2월 2일 10시,월요일,경상북도 의성군 봉양면,경상사고,0,0,2,0,차대차 - 측면직각충돌,안전운전불이행,건조,맑음,교차로 - 교차로부근,화물,남,53세,상해없음,원동기,남,84세,경상
2015020200100177,2015년 2월 2일 12시,월요일,경상북도 경산시 조영동,부상신고사고,0,0,0,1,차대사람 - 길가장자리구역통행중,안전운전불이행,건조,맑음,단일로 - 기타,승용,남,56세,상해없음,보행자,남,30세,부상신고
2015020200100178,2015년 2월 2일 12시,월요일,경상북도 경산시 진량읍,중상사고,0,1,0,0,차대차 - 기타,교차로운행방법위반,건조,맑음,교차로 - 교차로안,승용,남,71세,상해없음,자전거,남,80세,중상
2015020200100203,2015년 2월 2일 13시,월요일,경상북도 경주시 동천동,중상사고,0,1,0,0,차대사람 - 기타,안전운전불이행,건조,맑음,단일로 - 기타,화물,남,31세,상해없음,보행자,남,52세,중상
2015020200100204,2015년 2월 2일 13시,월요일,경상북도 의성군 구천면,중상사고,0,1,1,0,차대사람 - 길가장자리구역통행중,안전운전불이행,건조,맑음,단일로 - 기타,승용,남,65세,상해없음,보행자,여,58세,경상
2015020200100205,2015년 2월 2일 13시,월요일,경상북도 영덕군 강구면,경상사고,0,0,1,0,차량단독 - 도로외이탈 - 기타,안전운전불이행,건조,맑음,단일로 - 기타,자전거,남,74세,경상,,,,
2015020200100206,2015년 2월 2일 13시,월요일,경상북도 예천군 예천읍,중상사고,0,1,0,0,차대사람 - 보도통행중,안전운전불이행,건조,맑음,단일로 - 기타,승용,남,72세,상해없음,보행자,남,61세,중상
2015020200100226,2015년 2월 2일 14시,월요일,경상북도 의성군 금성면,중상사고,0,1,0,0,차대차 - 추돌 - 진행중,안전거리미확보,건조,맑음,단일로 - 기타,승합,남,69세,상해없음,원동기,남,86세,중상
2015020200100227,2015년 2월 2일 14시,월요일,경상북도 포항시 남구 호동,경상사고,0,0,2,0,차대차 - 기타,안전운전불이행,건조,맑음,교차로 - 교차로부근,화물,남,28세,상해없음,승용,여,50세,경상
2015020200100258,2015년 2월 2일 15시,월요일,경상북도 포항시 북구 장성동,중상사고,0,1,0,0,차대차 - 측면직각충돌,안전운전불이행,건조,맑음,교차로 - 교차로부근,승용,여,32세,상해없음,화물,남,38세,중상
2015020200100259,2015년 2월 2일 15시,월요일,경상북도 경산시 사동,경상사고,0,0,1,0,차대차 - 기타,신호위반,건조,맑음,교차로 - 교차로안,화물,남,35세,기타불명,화물,남,61세,경상
2015020200100318,2015년 2월 2일 17시,월요일,경상북도 경주시 동부동,경상사고,0,0,1,0,차대차 - 기타,안전운전불이행,건조,맑음,단일로 - 기타,화물,남,61세,상해없음,승용,여,36세,경상
2015020200100319,2015년 2월 2일 17시,월요일,경상북도 포항시 북구 대신동,중상사고,0,1,0,0,차대차 - 기타,안전운전불이행,건조,맑음,단일로 - 기타,화물,남,60세,상해없음,자전거,남,59세,중상
2015020200100320,2015년 2월 2일 17시,월요일,경상북도 상주시 남성동,경상사고,0,0,1,0,차대차 - 기타,신호위반,건조,맑음,교차로 - 교차로부근,이륜,남,19세,상해없음,승용,여,36세,경상
2015020200100321,2015년 2월 2일 17시,월요일,경상북도 칠곡군 왜관읍,경상사고,0,0,1,0,차대차 - 측면직각충돌,안전운전불이행,건조,맑음,교차로 - 교차로부근,건설기계,남,54세,상해없음,승용,남,48세,경상
2015020200100322,2015년 2월 2일 17시,월요일,경상북도 경산시 자인면,경상사고,0,0,1,0,차대차 - 기타,중앙선침범,건조,맑음,단일로 - 기타,원동기,남,72세,상해없음,승용,여,44세,경상
2015020200100355,2015년 2월 2일 18시,월요일,경상북도 포항시 북구 장성동,경상사고,0,0,1,0,차대차 - 기타,안전거리미확보,건조,맑음,단일로 - 기타,승용,남,51세,상해없음,승용,여,52세,경상
2015020200100356,2015년 2월 2일 18시,월요일,경상북도 포항시 남구 구룡포읍,경상사고,0,0,1,0,차대차 - 추돌 - 주정차중,안전운전불이행,건조,맑음,교차로 - 교차로부근,이륜,남,55세,경상,승용,여,47세,상해없음
2015020200100394,2015년 2월 2일 19시,월요일,경상북도 포항시 남구 대도동,경상사고,0,0,1,0,차대차 - 측면직각충돌,안전운전불이행,건조,맑음,교차로 - 교차로안,승용,남,57세,상해없음,자전거,남,53세,경상
2015020200100420,2015년 2월 2일 20시,월요일,경상북도 구미시 사곡동,경상사고,0,0,1,0,차대사람 - 횡단중,안전운전불이행,건조,맑음,기타 - 기타,기타불명,기타불명,기타불명,기타불명,보행자,여,37세,경상
2015020200100443,2015년 2월 2일 21시,월요일,경상북도 경주시 외동읍,중상사고,0,1,0,0,차대사람 - 기타,신호위반,건조,맑음,단일로 - 기타,승용,여,47세,상해없음,보행자,여,34세,중상
2015020200100444,2015년 2월 2일 21시,월요일,경상북도 포항시 북구 흥해읍,경상사고,0,0,1,0,차대사람 - 기타,안전운전불이행,건조,맑음,교차로 - 교차로안,화물,남,39세,상해없음,보행자,남,52세,경상
2015020200100472,2015년 2월 2일 22시,월요일,경상북도 김천시 어모면,경상사고,0,0,2,0,차대차 - 정면충돌,안전운전불이행,건조,맑음,단일로 - 기타,승합,남,48세,상해없음,승용,남,32세,경상
2015020200100488,2015년 2월 2일 23시,월요일,경상북도 포항시 북구 우현동,경상사고,0,0,1,0,차대차 - 기타,안전운전불이행,건조,맑음,단일로 - 기타,승용,남,54세,상해없음,승용,남,50세,경상
2015020200100489,2015년 2월 2일 23시,월요일,경상북도 의성군 의성읍,경상사고,0,0,2,0,차대차 - 측면직각충돌,교차로운행방법위반,건조,맑음,교차로 - 교차로안,승용,여,41세,상해없음,승용,남,58세,경상
2015020200100490,2015년 2월 2일 23시,월요일,경상북도 경산시 대평동,중상사고,0,1,0,0,차대차 - 측면직각충돌,불법유턴,건조,맑음,교차로 - 교차로부근,승용,남,31세,상해없음,이륜,남,25세,중상
2015020300100011,2015년 2월 3일 00시,화요일,경상북도 영주시 휴천동,중상사고,0,1,0,0,차대차 - 추돌 - 진행중,안전운전불이행,건조,맑음,교차로 - 교차로부근,승용,남,44세,상해없음,승용,남,25세,중상
2015020300100030,2015년 2월 3일 01시,화요일,경상북도 경산시 하양읍,중상사고,0,1,0,0,차대차 - 기타,안전운전불이행,건조,맑음,교차로 - 교차로부근,승용,여,49세,중상,화물,남,36세,기타불명
2015020300100049,2015년 2월 3일 03시,화요일,경상북도 경주시 동천동,경상사고,0,0,1,0,차대차 - 측면직각충돌,교차로운행방법위반,건조,맑음,교차로 - 교차로안,승용,남,33세,상해없음,원동기,여,49세,경상
2015020300100050,2015년 2월 3일 03시,화요일,경상북도 구미시 지산동,사망사고,4,0,1,0,차대차 - 기타,안전운전불이행,건조,맑음,단일로 - 기타,승용,남,38세,경상,승용,남,34세,사망
2015020300100104,2015년 2월 3일 07시,화요일,경상북도 경주시 용강동,중상사고,0,1,1,0,차대차 - 기타,중앙선침범,건조,맑음,단일로 - 기타,승용,남,59세,중상,승용,여,64세,경상
2015020300100105,2015년 2월 3일 07시,화요일,경상북도 포항시 북구 장성동,중상사고,0,2,1,0,차대차 - 기타,안전운전불이행,건조,맑음,단일로 - 기타,승용,남,57세,중상,승합,남,46세,경상
2015020300100106,2015년 2월 3일 07시,화요일,경상북도 포항시 남구 대송면,경상사고,0,0,1,0,차대사람 - 횡단중,보행자보호의무위반,건조,맑음,교차로 - 교차로안,승용,남,29세,상해없음,보행자,남,49세,경상
2015020300100181,2015년 2월 3일 09시,화요일,경상북도 경주시 현곡면,중상사고,0,1,2,0,차대차 - 기타,안전운전불이행,건조,맑음,교차로 - 교차로안,승용,여,48세,상해없음,승용,여,55세,경상
2015020300100182,2015년 2월 3일 09시,화요일,경상북도 경산시 대동,경상사고,0,0,1,0,차대차 - 기타,안전운전불이행,건조,맑음,단일로 - 기타,승용,남,23세,상해없음,화물,남,46세,경상
2015020300100183,2015년 2월 3일 09시,화요일,경상북도 포항시 남구 대도동,경상사고,0,0,1,0,차대사람 - 길가장자리구역통행중,안전운전불이행,건조,맑음,단일로 - 기타,승용,남,71세,상해없음,보행자,여,21세,경상
2015020300100203,2015년 2월 3일 10시,화요일,경상북도 경산시 사동,중상사고,0,1,0,0,차대차 - 기타,교차로운행방법위반,건조,맑음,교차로 - 교차로안,승용,여,45세,상해없음,승용,여,44세,중상
2015020300100204,2015년 2월 3일 10시,화요일,경상북도 영덕군 남정면,경상사고,0,0,2,0,차대차 - 측면직각충돌,안전거리미확보,건조,맑음,단일로 - 기타,화물,남,60세,상해없음,승용,남,34세,경상
2015020300100205,2015년 2월 3일 10시,화요일,경상북도 포항시 남구 대송면,중상사고,0,1,0,0,차대차 - 추돌 - 진행중,직진우회전진행방해,건조,맑음,교차로 - 교차로안,화물,남,56세,상해없음,화물,남,56세,중상
2015020300100231,2015년 2월 3일 11시,화요일,경상북도 경산시 진량읍,경상사고,0,0,2,0,차대차 - 기타,직진우회전진행방해,건조,맑음,교차로 - 교차로안,승용,남,46세,경상,승용,남,34세,경상
2015020300100232,2015년 2월 3일 11시,화요일,경상북도 경산시 자인면,경상사고,0,0,1,0,차대차 - 기타,안전운전불이행,건조,맑음,교차로 - 교차로안,화물,여,55세,상해없음,화물,여,49세,경상
2015020300100252,2015년 2월 3일 12시,화요일,경상북도 포항시 북구 장성동,중상사고,0,1,0,0,차대사람 - 기타,안전운전불이행,건조,맑음,단일로 - 기타,승용,여,51세,상해없음,보행자,여,41세,중상
2015020300100253,2015년 2월 3일 12시,화요일,경상북도 영주시 영주동,중상사고,0,1,0,0,차대차 - 측면직각충돌,교차로운행방법위반,건조,맑음,교차로 - 교차로안,승용,여,69세,상해없음,승용,여,43세,상해없음
2015020300100281,2015년 2월 3일 13시,화요일,경상북도 청도군 청도읍,경상사고,0,0,3,0,차대차 - 측면직각충돌,안전운전불이행,건조,맑음,단일로 - 기타,이륜,남,66세,경상,승용,남,48세,경상
2015020300100307,2015년 2월 3일 14시,화요일,경상북도 김천시 대항면,중상사고,0,1,0,0,차대차 - 측면직각충돌,교차로운행방법위반,건조,맑음,교차로 - 교차로부근,화물,남,65세,상해없음,이륜,남,76세,중상
2015020300100308,2015년 2월 3일 14시,화요일,경상북도 의성군 의성읍,중상사고,0,1,0,0,차량단독 - 전도전복,안전운전불이행,건조,맑음,단일로 - 기타,원동기,남,70세,중상,,,,
2015020300100309,2015년 2월 3일 14시,화요일,경상북도 성주군 성주읍,중상사고,0,1,0,0,차대차 - 기타,안전운전불이행,건조,맑음,교차로 - 교차로안,승용,남,55세,상해없음,자전거,여,55세,중상
2015020300100338,2015년 2월 3일 15시,화요일,경상북도 안동시 금곡동,경상사고,0,0,1,0,차대차 - 기타,안전운전불이행,건조,맑음,단일로 - 기타,승합,남,61세,상해없음,승용,남,23세,경상
2015020300100368,2015년 2월 3일 16시,화요일,경상북도 경산시 진량읍,중상사고,0,1,1,0,차대차 - 기타,직진우회전진행방해,건조,맑음,교차로 - 교차로안,화물,남,63세,상해없음,승용,남,60세,중상
2015020300100369,2015년 2월 3일 16시,화요일,경상북도 경산시 사동,경상사고,0,0,1,0,차대사람 - 기타,안전운전불이행,건조,맑음,교차로 - 교차로부근,화물,남,30세,상해없음,보행자,여,60세,경상
2015020300100401,2015년 2월 3일 17시,화요일,경상북도 구미시 인의동,경상사고,0,0,1,0,차대차 - 기타,안전운전불이행,건조,맑음,단일로 - 기타,승용,여,31세,상해없음,자전거,여,55세,경상
2015020300100431,2015년 2월 3일 18시,화요일,경상북도 경주시 동천동,경상사고,0,0,1,0,차대차 - 기타,안전운전불이행,건조,맑음,단일로 - 기타,자전거,남,65세,경상,승용,여,32세,상해없음
2015020300100490,2015년 2월 3일 20시,화요일,경상북도 영주시 가흥동,경상사고,0,0,1,0,차대차 - 측면직각충돌,중앙선침범,건조,맑음,단일로 - 기타,승용,남,34세,상해없음,원동기,남,39세,경상
2015020300100491,2015년 2월 3일 20시,화요일,경상북도 구미시 송정동,부상신고사고,0,0,0,1,차대차 - 기타,안전운전불이행,건조,맑음,단일로 - 기타,원동기,남,19세,부상신고,승용,남,52세,상해없음
2015020300100514,2015년 2월 3일 21시,화요일,경상북도 포항시 남구 이동,경상사고,0,0,1,0,차대차 - 측면직각충돌,안전운전불이행,건조,맑음,교차로 - 교차로안,승용,남,45세,상해없음,승용,여,49세,경상
2015020300100569,2015년 2월 3일 23시,화요일,경상북도 포항시 북구 덕산동,중상사고,0,1,0,0,차량단독 - 기타,안전운전불이행,건조,맑음,교차로 - 교차로부근,승용,남,51세,상해없음,,,,
2015020400100029,2015년 2월 4일 02시,수요일,경상북도 영주시 가흥동,경상사고,0,0,3,0,차량단독 - 공작물충돌,안전운전불이행,건조,맑음,교차로 - 교차로안,승용,남,26세,경상,,,,
2015020400100073,2015년 2월 4일 06시,수요일,경상북도 포항시 북구 우현동,사망사고,1,0,0,0,차대사람 - 기타,안전운전불이행,건조,맑음,단일로 - 횡단보도부근,승합,남,53세,상해없음,보행자,남,86세,사망
2015020400100099,2015년 2월 4일 07시,수요일,경상북도 포항시 북구 양덕동,중상사고,0,2,2,0,차대차 - 측면직각충돌,안전운전불이행,건조,맑음,교차로 - 교차로안,승용,남,56세,상해없음,승용,여,47세,중상
2015020400100131,2015년 2월 4일 08시,수요일,경상북도 경주시 외동읍,중상사고,0,1,2,0,차대차 - 기타,안전운전불이행,건조,맑음,교차로 - 교차로안,승용,남,63세,상해없음,승용,남,58세,경상
2015020400100159,2015년 2월 4일 09시,수요일,경상북도 안동시 옥동,중상사고,0,1,1,0,차대차 - 측면직각충돌,직진우회전진행방해,건조,맑음,교차로 - 교차로안,승용,여,54세,상해없음,승용,여,38세,중상
2015020400100160,2015년 2월 4일 09시,수요일,경상북도 안동시 남문동,부상신고사고,0,0,0,1,차대사람 - 횡단중,안전운전불이행,건조,맑음,단일로 - 횡단보도상,승용,남,31세,상해없음,보행자,남,67세,부상신고
2015020400100161,2015년 2월 4일 09시,수요일,경상북도 김천시 감천면,경상사고,0,0,1,0,차대차 - 측면직각충돌,안전운전불이행,건조,흐림,단일로 - 기타,건설기계,남,55세,상해없음,승용,남,48세,경상
2015020400100162,2015년 2월 4일 09시,수요일,경상북도 상주시 남적동,사망사고,1,0,0,0,차대차 - 측면직각충돌,안전운전불이행,건조,맑음,교차로 - 교차로안,화물,여,67세,상해없음,농기계,남,75세,사망
2015020400100163,2015년 2월 4일 09시,수요일,경상북도 의성군 단북면,부상신고사고,0,0,0,1,차대차 - 측면직각충돌,안전운전불이행,건조,맑음,단일로 - 기타,원동기,남,81세,부상신고,승용,남,60세,상해없음
2015020400100164,2015년 2월 4일 09시,수요일,경상북도 칠곡군 약목면,경상사고,0,0,1,0,차대차 - 추돌 - 진행중,안전운전불이행,건조,맑음,단일로 - 기타,화물,남,32세,상해없음,승용,남,36세,경상
2015020400100165,2015년 2월 4일 09시,수요일,경상북도 포항시 남구 괴동동,경상사고,0,0,1,0,차대차 - 기타,안전운전불이행,건조,맑음,단일로 - 기타,화물,남,54세,상해없음,승용,남,46세,경상
2015020400100190,2015년 2월 4일 10시,수요일,경상북도 영주시 휴천동,경상사고,0,0,1,0,차대차 - 추돌 - 주정차중,안전운전불이행,건조,맑음,기타 - 기타,승용,남,49세,상해없음,승용,남,28세,경상
2015020400100217,2015년 2월 4일 11시,수요일,경상북도 칠곡군 왜관읍,중상사고,0,1,0,0,차대차 - 측면직각충돌,안전운전불이행,건조,맑음,단일로 - 횡단보도상,승합,남,27세,상해없음,자전거,여,59세,중상
2015020400100245,2015년 2월 4일 12시,수요일,경상북도 의성군 금성면,중상사고,0,1,0,0,차대차 - 측면직각충돌,신호위반,건조,흐림,교차로 - 교차로안,화물,남,48세,상해없음,화물,남,38세,중상
2015020400100246,2015년 2월 4일 12시,수요일,경상북도 영천시 완산동,중상사고,0,1,0,0,차대사람 - 횡단중,보행자보호의무위반,건조,맑음,단일로 - 횡단보도상,승합,남,36세,상해없음,보행자,여,60세,중상
2015020400100270,2015년 2월 4일 13시,수요일,경상북도 경주시 성동동,중상사고,0,1,0,0,차대사람 - 기타,안전운전불이행,건조,맑음,교차로 - 교차로부근,승용,남,18세,상해없음,보행자,여,70세,중상
2015020400100271,2015년 2월 4일 13시,수요일,경상북도 경산시 진량읍,경상사고,0,0,1,0,차대차 - 기타,안전운전불이행,건조,맑음,교차로 - 교차로안,화물,남,60세,상해없음,화물,남,34세,경상
2015020400100296,2015년 2월 4일 14시,수요일,경상북도 포항시 북구 죽도동,중상사고,0,1,0,0,차대차 - 기타,안전운전불이행,건조,맑음,단일로 - 기타,자전거,남,62세,중상,승용,남,51세,상해없음
2015020400100297,2015년 2월 4일 14시,수요일,경상북도 상주시 서성동,중상사고,0,1,1,0,차대차 - 측면직각충돌,중앙선침범,건조,맑음,단일로 - 기타,승용,여,54세,상해없음,원동기,남,64세,경상
2015020400100298,2015년 2월 4일 14시,수요일,경상북도 상주시 냉림동,부상신고사고,0,0,0,1,차대차 - 측면직각충돌,안전운전불이행,건조,맑음,단일로 - 기타,자전거,남,13세,부상신고,승용,남,38세,상해없음
2015020400100299,2015년 2월 4일 14시,수요일,경상북도 구미시 황상동,경상사고,0,0,1,0,차대차 - 기타,교차로운행방법위반,건조,맑음,단일로 - 기타,건설기계,남,58세,상해없음,원동기,남,34세,경상
2015020400100300,2015년 2월 4일 14시,수요일,경상북도 포항시 남구 연일읍,경상사고,0,0,1,0,차대차 - 측면직각충돌,안전운전불이행,건조,맑음,교차로 - 교차로안,승용,남,58세,상해없음,자전거,여,8세,경상
2015020400100328,2015년 2월 4일 15시,수요일,경상북도 영주시 휴천동,경상사고,0,0,2,0,차대차 - 추돌 - 진행중,안전운전불이행,건조,맑음,교차로 - 교차로안,승용,여,61세,경상,승용,남,41세,경상
2015020400100329,2015년 2월 4일 15시,수요일,경상북도 경산시 옥산동,경상사고,0,0,1,0,차대사람 - 기타,보행자보호의무위반,건조,맑음,교차로 - 교차로부근,승용,남,52세,상해없음,보행자,남,60세,경상
2015020400100330,2015년 2월 4일 15시,수요일,경상북도 포항시 남구 상도동,경상사고,0,0,1,0,차대사람 - 차도통행중,안전운전불이행,건조,맑음,기타 - 기타,승용,남,41세,상해없음,보행자,남,44세,경상
2015020400100359,2015년 2월 4일 16시,수요일,경상북도 포항시 북구 흥해읍,경상사고,0,0,2,0,차대차 - 기타,교차로운행방법위반,건조,맑음,교차로 - 교차로부근,승용,여,54세,상해없음,화물,남,40세,경상