사고번호,사고일시,요일,시군구,사고내용,사망자수,중상자수,경상자수,부상신고자수,사고유형,법규위반,노면상태,기상상태,도로형태,가해운전자 차종,가해운전자 성별,가해운전자 연령,가해운전자 상해정도,피해운전자 차종,피해운전자 성별,피해운전자 연령,피해운전자 상해정도
2015020400100360,2015년 2월 4일 16시,수요일,경상북도 안동시 와룡면,경상사고,0,0,1,0,차량단독 - 기타,기타,건조,맑음,단일로 - 기타,농기계,남,59세,경상,,,,
2015020400100361,2015년 2월 4일 16시,수요일,경상북도 봉화군 명호면,중상사고,0,2,0,0,차량단독 - 도로외이탈 - 추락,안전운전불이행,결빙,맑음,단일로 - 기타,승용,남,40세,중상,,,,
2015020400100362,2015년 2월 4일 16시,수요일,경상북도 포항시 남구 송도동,경상사고,0,0,1,0,차대사람 - 보도통행중,기타,건조,맑음,교차로 - 교차로부근,승용,남,45세,상해없음,보행자,여,50세,경상
2015020400100430,2015년 2월 4일 18시,수요일,경상북도 포항시 남구 해도동,경상사고,0,0,1,0,차대차 - 기타,안전운전불이행,건조,흐림,단일로 - 기타,자전거,여,55세,경상,승용,남,40세,상해없음
2015020400100471,2015년 2월 4일 19시,수요일,경상북도 경산시 사동,경상사고,0,0,1,0,차대차 - 기타,직진우회전진행방해,건조,맑음,교차로 - 교차로안,승용,여,52세,상해없음,승합,남,30세,경상
2015020400100501,2015년 2월 4일 20시,수요일,경상북도 안동시 와룡면,경상사고,0,0,1,0,차량단독 - 공작물충돌,안전운전불이행,건조,맑음,단일로 - 기타,이륜,남,73세,경상,,,,
2015020500100027,2015년 2월 5일 01시,목요일,경상북도 구미시 원평동,부상신고사고,0,0,0,1,차량단독 - 전도전복,안전운전불이행,건조,맑음,교차로 - 교차로부근,이륜,남,23세,부상신고,,,,
2015020500100038,2015년 2월 5일 02시,목요일,경상북도 구미시 임수동,경상사고,0,0,1,0,차대차 - 추돌 - 진행중,안전운전불이행,건조,맑음,단일로 - 기타,승용,남,19세,상해없음,승용,남,36세,경상
2015020500100039,2015년 2월 5일 02시,목요일,경상북도 구미시 황상동,중상사고,0,1,0,0,차량단독 - 공작물충돌,안전운전불이행,건조,맑음,교차로 - 교차로부근,승용,여,32세,중상,,,,
2015020500100052,2015년 2월 5일 04시,목요일,경상북도 영천시 망정동,중상사고,0,1,1,0,차대차 - 추돌 - 진행중,안전운전불이행,건조,맑음,단일로 - 기타,승용,남,32세,경상,화물,남,44세,중상
2015020500100130,2015년 2월 5일 08시,목요일,경상북도 의성군 안계면,중상사고,0,1,1,0,차대차 - 측면직각충돌,교차로운행방법위반,건조,맑음,교차로 - 교차로안,화물,남,47세,상해없음,화물,남,85세,경상
2015020500100131,2015년 2월 5일 08시,목요일,경상북도 봉화군 봉화읍,중상사고,0,1,0,0,차대사람 - 차도통행중,안전운전불이행,건조,맑음,교차로 - 교차로안,화물,남,57세,상해없음,보행자,여,90세 이상,중상
2015020500100159,2015년 2월 5일 09시,목요일,경상북도 포항시 북구 두호동,중상사고,0,1,0,0,차대차 - 기타,차로위반,건조,맑음,단일로 - 기타,승용,남,52세,상해없음,원동기,남,27세,중상
2015020500100160,2015년 2월 5일 09시,목요일,경상북도 안동시 길안면,중상사고,0,2,0,0,차대차 - 추돌 - 진행중,안전거리미확보,건조,맑음,단일로 - 기타,화물,남,45세,상해없음,승용,여,37세,중상
2015020500100161,2015년 2월 5일 09시,목요일,경상북도 영주시 이산면,중상사고,0,1,0,0,차대사람 - 길가장자리구역통행중,안전운전불이행,건조,맑음,기타 - 기타,승용,여,51세,상해없음,보행자,남,66세,중상
2015020500100184,2015년 2월 5일 10시,목요일,경상북도 경주시 성건동,중상사고,0,1,0,0,차대차 - 기타,안전운전불이행,건조,맑음,교차로 - 교차로부근,승용,기타불명,기타불명,기타불명,승합,남,40세,상해없음
2015020500100185,2015년 2월 5일 10시,목요일,경상북도 안동시 옥동,경상사고,0,0,3,0,차대차 - 추돌 - 진행중,안전운전불이행,건조,맑음,교차로 - 교차로부근,화물,남,28세,상해없음,화물,남,48세,경상
2015020500100186,2015년 2월 5일 10시,목요일,경상북도 영주시 영주동,경상사고,0,0,1,1,차대차 - 측면직각충돌,신호위반,건조,맑음,교차로 - 교차로안,화물,남,60세,상해없음,승용,남,34세,경상
2015020500100206,2015년 2월 5일 11시,목요일,경상북도 안동시 태화동,경상사고,0,0,1,1,차대차 - 측면직각충돌,교차로운행방법위반,건조,맑음,교차로 - 교차로안,승용,남,61세,부상신고,화물,남,34세,경상
2015020500100207,2015년 2월 5일 11시,목요일,경상북도 봉화군 봉화읍,중상사고,0,1,0,0,차대사람 - 기타,기타,건조,맑음,단일로 - 기타,승합,남,58세,상해없음,보행자,여,68세,중상
2015020500100208,2015년 2월 5일 11시,목요일,경상북도 포항시 남구 오천읍,경상사고,0,0,1,0,차대사람 - 기타,안전운전불이행,건조,맑음,단일로 - 기타,승용,여,57세,상해없음,보행자,남,46세,경상
2015020500100229,2015년 2월 5일 12시,목요일,경상북도 포항시 북구 항구동,중상사고,0,1,0,0,차량단독 - 기타,안전운전불이행,건조,맑음,단일로 - 기타,원동기,남,76세,중상,,,,
2015020500100250,2015년 2월 5일 13시,목요일,경상북도 영양군 청기면,중상사고,0,1,0,0,차량단독 - 도로외이탈 - 기타,안전운전불이행,건조,맑음,단일로 - 기타,승용,남,73세,상해없음,,,,
2015020500100251,2015년 2월 5일 13시,목요일,경상북도 포항시 남구 대잠동,경상사고,0,0,1,0,차대차 - 측면직각충돌,안전운전불이행,건조,맑음,교차로 - 교차로안,승용,남,53세,경상,화물,남,48세,상해없음
2015020500100252,2015년 2월 5일 13시,목요일,경상북도 포항시 남구 청림동,경상사고,0,0,1,0,차대차 - 기타,안전운전불이행,건조,맑음,단일로 - 기타,건설기계,남,50세,경상,화물,남,58세,상해없음
2015020500100267,2015년 2월 5일 14시,목요일,경상북도 포항시 남구 오천읍,경상사고,0,0,1,0,차대차 - 측면직각충돌,직진우회전진행방해,건조,맑음,교차로 - 교차로부근,화물,남,48세,상해없음,화물,남,52세,경상
2015020500100291,2015년 2월 5일 15시,목요일,경상북도 영천시 청통면,경상사고,0,0,1,0,차대차 - 측면직각충돌,안전운전불이행,건조,맑음,단일로 - 기타,승용,여,61세,경상,화물,남,54세,상해없음
2015020500100292,2015년 2월 5일 15시,목요일,경상북도 군위군 군위읍,중상사고,0,2,0,0,차량단독 - 전도전복,안전운전불이행,건조,맑음,단일로 - 기타,승합,남,20세,상해없음,,,,
2015020500100322,2015년 2월 5일 16시,목요일,경상북도 경주시 동천동,경상사고,0,0,1,0,차대차 - 기타,안전운전불이행,건조,맑음,교차로 - 교차로안,승용,남,43세,상해없음,자전거,여,44세,경상
2015020500100323,2015년 2월 5일 16시,목요일,경상북도 경주시 동부동,경상사고,0,0,4,1,차대차 - 기타,안전운전불이행,건조,맑음,교차로 - 교차로부근,승합,남,54세,상해없음,승용,남,59세,경상
2015020500100324,2015년 2월 5일 16시,목요일,경상북도 안동시 안막동,중상사고,0,1,1,0,차대차 - 추돌 - 진행중,안전운전불이행,건조,맑음,교차로 - 교차로부근,승용,여,53세,경상,승용,남,37세,상해없음
2015020500100325,2015년 2월 5일 16시,목요일,경상북도 구미시 원평동,경상사고,0,0,1,0,차대사람 - 기타,안전운전불이행,건조,맑음,단일로 - 기타,화물,남,61세,상해없음,보행자,남,5세,경상
2015020500100349,2015년 2월 5일 17시,목요일,경상북도 구미시 도량동,경상사고,0,0,1,0,차대차 - 추돌 - 진행중,안전운전불이행,건조,맑음,교차로 - 교차로부근,이륜,남,19세,경상,승용,여,52세,상해없음
2015020500100382,2015년 2월 5일 18시,목요일,경상북도 경주시 황성동,경상사고,0,0,1,0,차대차 - 기타,안전운전불이행,건조,맑음,단일로 - 기타,화물,남,49세,상해없음,원동기,남,18세,경상
2015020500100383,2015년 2월 5일 18시,목요일,경상북도 경주시 산내면,중상사고,0,1,0,0,차대사람 - 기타,안전운전불이행,건조,맑음,교차로 - 교차로부근,승용,남,61세,상해없음,보행자,여,55세,중상
2015020500100384,2015년 2월 5일 18시,목요일,경상북도 안동시 임하면,경상사고,0,0,2,0,차대차 - 정면충돌,교차로운행방법위반,건조,맑음,교차로 - 교차로안,화물,남,63세,경상,화물,남,55세,경상
2015020500100414,2015년 2월 5일 19시,목요일,경상북도 포항시 북구 흥해읍,경상사고,0,0,1,0,차대차 - 기타,안전거리미확보,건조,맑음,단일로 - 기타,승용,여,32세,상해없음,화물,남,28세,경상
2015020500100415,2015년 2월 5일 19시,목요일,경상북도 영천시 금호읍,중상사고,0,1,2,0,차대차 - 추돌 - 주정차중,안전운전불이행,건조,맑음,교차로 - 교차로부근,승용,여,47세,상해없음,승용,여,30세,경상
2015020500100416,2015년 2월 5일 19시,목요일,경상북도 경산시 정평동,경상사고,0,0,1,0,차대차 - 기타,안전운전불이행,건조,맑음,단일로 - 기타,화물,남,47세,상해없음,승용,여,51세,상해없음
2015020500100459,2015년 2월 5일 20시,목요일,경상북도 김천시 대광동,경상사고,0,0,2,0,차대차 - 측면직각충돌,안전운전불이행,건조,맑음,교차로 - 교차로부근,승용,여,42세,상해없음,승용,여,58세,경상
2015020500100460,2015년 2월 5일 20시,목요일,경상북도 영주시 휴천동,경상사고,0,0,1,0,차대차 - 측면직각충돌,안전운전불이행,건조,맑음,기타 - 기타,승용,남,32세,상해없음,이륜,남,19세,경상
2015020500100477,2015년 2월 5일 21시,목요일,경상북도 안동시 평화동,경상사고,0,0,1,0,차대차 - 측면직각충돌,안전운전불이행,건조,맑음,단일로 - 기타,승용,남,42세,기타불명,자전거,남,16세,경상
2015020500100478,2015년 2월 5일 21시,목요일,경상북도 구미시 선산읍,부상신고사고,0,0,0,1,차대차 - 측면직각충돌,교차로운행방법위반,건조,맑음,교차로 - 교차로안,이륜,남,16세,부상신고,승용,남,41세,상해없음
2015020500100513,2015년 2월 5일 22시,목요일,경상북도 군위군 효령면,중상사고,0,1,0,0,차대사람 - 횡단중,안전운전불이행,건조,맑음,단일로 - 기타,승용,남,47세,상해없음,보행자,남,52세,중상
2015020500100514,2015년 2월 5일 22시,목요일,경상북도 구미시 신평동,중상사고,0,1,0,0,차대차 - 측면직각충돌,중앙선침범,건조,맑음,단일로 - 기타,승용,여,24세,상해없음,이륜,남,18세,중상
2015020500100515,2015년 2월 5일 22시,목요일,경상북도 포항시 남구 인덕동,경상사고,0,0,2,0,차대차 - 측면직각충돌,안전운전불이행,건조,맑음,교차로 - 교차로안,화물,남,37세,상해없음,승합,남,59세,경상
2015020500100542,2015년 2월 5일 23시,목요일,경상북도 포항시 북구 우현동,경상사고,0,0,1,0,차대차 - 측면직각충돌,불법유턴,건조,맑음,단일로 - 기타,승용,남,39세,상해없음,승용,남,50세,경상
2015020600100057,2015년 2월 6일 04시,금요일,경상북도 경주시 외동읍,경상사고,0,0,1,0,차량단독 - 공작물충돌,안전운전불이행,건조,맑음,단일로 - 기타,승용,남,28세,경상,,,,
2015020600100128,2015년 2월 6일 08시,금요일,경상북도 칠곡군 가산면,중상사고,0,1,1,1,차대차 - 기타,중앙선침범,건조,맑음,단일로 - 기타,승용,남,22세,부상신고,승용,남,64세,중상
2015020600100129,2015년 2월 6일 08시,금요일,경상북도 경산시 삼풍동,사망사고,1,0,0,0,차대사람 - 길가장자리구역통행중,안전운전불이행,건조,맑음,단일로 - 기타,승용,남,49세,상해없음,보행자,남,76세,사망
2015020600100130,2015년 2월 6일 08시,금요일,경상북도 구미시 송정동,중상사고,0,1,0,0,차대차 - 기타,안전운전불이행,건조,맑음,단일로 - 기타,승용,여,35세,상해없음,승용,여,45세,중상
2015020600100163,2015년 2월 6일 09시,금요일,경상북도 칠곡군 동명면,부상신고사고,0,0,0,1,차대차 - 기타,교차로운행방법위반,건조,맑음,교차로 - 교차로안,이륜,남,71세,부상신고,승용,여,53세,상해없음
2015020600100188,2015년 2월 6일 10시,금요일,경상북도 경주시 외동읍,중상사고,0,2,0,0,차대차 - 기타,안전운전불이행,건조,맑음,단일로 - 기타,농기계,남,73세,중상,특수,남,54세,상해없음
2015020600100189,2015년 2월 6일 10시,금요일,경상북도 포항시 북구 죽도동,중상사고,0,1,0,0,차대차 - 측면직각충돌,안전운전불이행,건조,맑음,단일로 - 기타,승합,남,40세,상해없음,자전거,여,55세,중상
2015020600100190,2015년 2월 6일 10시,금요일,경상북도 김천시 용두동,중상사고,0,1,0,0,차대사람 - 차도통행중,안전운전불이행,건조,맑음,교차로 - 교차로안,승용,남,28세,상해없음,보행자,여,79세,중상
2015020600100191,2015년 2월 6일 10시,금요일,경상북도 고령군 쌍림면,중상사고,0,1,0,0,차량단독 - 전도전복,기타,결빙,맑음,단일로 - 기타,원동기,남,67세,중상,,,,
2015020600100214,2015년 2월 6일 11시,금요일,경상북도 의성군 안계면,중상사고,0,1,0,0,차대차 - 측면직각충돌,안전운전불이행,건조,맑음,단일로 - 기타,화물,여,74세,상해없음,원동기,여,66세,중상
2015020600100241,2015년 2월 6일 12시,금요일,경상북도 포항시 북구 용흥동,경상사고,0,0,1,0,차대차 - 기타,신호위반,건조,맑음,교차로 - 교차로안,승용,남,48세,상해없음,자전거,남,62세,경상
2015020600100242,2015년 2월 6일 12시,금요일,경상북도 안동시 명륜동,경상사고,0,0,1,0,차대차 - 측면직각충돌,안전운전불이행,건조,맑음,단일로 - 기타,이륜,남,51세,상해없음,이륜,남,38세,경상
2015020600100243,2015년 2월 6일 12시,금요일,경상북도 김천시 덕곡동,중상사고,0,1,1,0,차대차 - 측면직각충돌,안전거리미확보,건조,맑음,교차로 - 교차로부근,승용,남,45세,상해없음,승용,남,61세,중상
2015020600100263,2015년 2월 6일 13시,금요일,경상북도 포항시 북구 창포동,경상사고,0,0,1,1,차대차 - 기타,안전운전불이행,건조,맑음,교차로 - 교차로부근,화물,남,34세,상해없음,승용,남,39세,경상
2015020600100264,2015년 2월 6일 13시,금요일,경상북도 경산시 옥곡동,경상사고,0,0,1,0,차대차 - 기타,안전운전불이행,건조,맑음,단일로 - 기타,승용,남,38세,상해없음,자전거,남,49세,경상
2015020600100298,2015년 2월 6일 14시,금요일,경상북도 경산시 남천면,중상사고,0,1,1,0,차대차 - 기타,안전거리미확보,건조,맑음,교차로 - 교차로안,화물,남,32세,상해없음,승용,남,31세,경상
2015020600100299,2015년 2월 6일 14시,금요일,경상북도 울진군 울진읍,경상사고,0,0,1,0,차대차 - 추돌 - 진행중,안전운전불이행,건조,맑음,교차로 - 교차로안,승용,남,48세,상해없음,승용,남,64세,상해없음
2015020600100323,2015년 2월 6일 15시,금요일,경상북도 김천시 모암동,경상사고,0,0,1,0,차대차 - 측면직각충돌,신호위반,건조,맑음,교차로 - 교차로안,이륜,남,70세,경상,승용,여,43세,상해없음
2015020600100324,2015년 2월 6일 15시,금요일,경상북도 경산시 신천동,경상사고,0,0,1,0,차대차 - 기타,안전운전불이행,건조,맑음,단일로 - 기타,화물,남,27세,경상,건설기계,남,50세,상해없음
2015020600100357,2015년 2월 6일 16시,금요일,경상북도 영천시 야사동,경상사고,0,0,1,0,차대차 - 추돌 - 진행중,안전운전불이행,건조,맑음,단일로 - 기타,승용,남,49세,상해없음,원동기,남,54세,경상
2015020600100358,2015년 2월 6일 16시,금요일,경상북도 예천군 유천면,중상사고,0,1,0,0,차대차 - 추돌 - 진행중,기타,건조,맑음,교차로 - 교차로안,승용,남,28세,상해없음,이륜,남,64세,중상
2015020600100359,2015년 2월 6일 16시,금요일,경상북도 포항시 남구 이동,경상사고,0,0,1,0,차대차 - 추돌 - 진행중,안전운전불이행,건조,맑음,단일로 - 기타,승용,남,50세,상해없음,승용,여,36세,경상
2015020600100389,2015년 2월 6일 17시,금요일,경상북도 경주시 황오동,경상사고,0,0,1,0,차대사람 - 길가장자리구역통행중,안전운전불이행,건조,맑음,교차로 - 교차로부근,이륜,남,16세,기타불명,보행자,남,18세,경상
2015020600100431,2015년 2월 6일 18시,금요일,경상북도 영천시 야사동,부상신고사고,0,0,0,1,차대차 - 측면직각충돌,안전운전불이행,건조,맑음,단일로 - 기타,승용,남,50세,상해없음,승용,여,55세,부상신고
2015020600100432,2015년 2월 6일 18시,금요일,경상북도 문경시 모전동,경상사고,0,0,1,0,차대차 - 정면충돌,안전운전불이행,건조,맑음,교차로 - 교차로안,승용,남,75세,상해없음,화물,남,29세,경상
2015020600100433,2015년 2월 6일 18시,금요일,경상북도 경산시 중방동,중상사고,0,1,0,2,차대차 - 기타,안전거리미확보,건조,맑음,교차로 - 교차로부근,승용,여,43세,상해없음,승용,여,51세,중상
2015020600100476,2015년 2월 6일 19시,금요일,경상북도 상주시 함창읍,부상신고사고,0,0,0,1,차대차 - 측면직각충돌,직진우회전진행방해,건조,맑음,교차로 - 교차로안,승용,남,32세,부상신고,화물,남,53세,상해없음
2015020600100477,2015년 2월 6일 19시,금요일,경상북도 상주시 무양동,경상사고,0,0,1,0,차대차 - 측면직각충돌,교차로운행방법위반,건조,맑음,교차로 - 교차로안,승용,남,55세,상해없음,승용,남,29세,경상
2015020600100478,2015년 2월 6일 19시,금요일,경상북도 영주시 휴천동,중상사고,0,1,0,0,차대차 - 측면직각충돌,안전운전불이행,건조,맑음,단일로 - 기타,승용,여,37세,상해없음,이륜,여,69세,중상
2015020600100479,2015년 2월 6일 19시,금요일,경상북도 경산시 중방동,경상사고,0,0,1,0,차대차 - 기타,안전운전불이행,건조,맑음,단일로 - 기타,원동기,남,17세,경상,승용,여,35세,상해없음
2015020600100480,2015년 2월 6일 19시,금요일,경상북도 영덕군 강구면,경상사고,0,0,4,0,차대차 - 추돌 - 진행중,안전거리미확보,건조,맑음,교차로 - 교차로부근,건설기계,남,43세,상해없음,승용,여,55세,경상
2015020600100481,2015년 2월 6일 19시,금요일,경상북도 청송군 부남면,중상사고,0,1,0,0,차대차 - 기타,안전운전불이행,건조,맑음,단일로 - 기타,기타불명,기타불명,기타불명,기타불명,이륜,남,67세,중상
2015020600100482,2015년 2월 6일 19시,금요일,경상북도 구미시 송정동,중상사고,0,1,0,0,차대차 - 기타,안전운전불이행,건조,맑음,교차로 - 교차로안,승용,여,49세,상해없음,이륜,남,38세,중상
2015020600100511,2015년 2월 6일 20시,금요일,경상북도 경주시 외동읍,경상사고,0,0,4,0,차대차 - 기타,안전운전불이행,건조,맑음,단일로 - 기타,승용,여,54세,경상,승용,남,47세,상해없음
2015020600100512,2015년 2월 6일 20시,금요일,경상북도 안동시 용상동,중상사고,0,2,3,0,차대차 - 측면직각충돌,안전운전불이행,건조,맑음,교차로 - 교차로안,승용,여,42세,경상,화물,남,57세,상해없음
2015020600100552,2015년 2월 6일 21시,금요일,경상북도 포항시 남구 연일읍,중상사고,0,1,1,0,차대차 - 측면직각충돌,안전운전불이행,건조,맑음,교차로 - 교차로안,승용,남,23세,상해없음,화물,남,46세,경상
2015020600100578,2015년 2월 6일 22시,금요일,경상북도 구미시 부곡동,중상사고,0,1,0,0,차대사람 - 기타,안전운전불이행,건조,맑음,단일로 - 기타,기타불명,기타불명,기타불명,기타불명,보행자,남,40세,중상
2015020600100607,2015년 2월 6일 23시,금요일,경상북도 경산시 압량면,사망사고,1,0,0,0,차대사람 - 기타,안전운전불이행,건조,맑음,단일로 - 기타,승합,남,47세,상해없음,보행자,남,50세,사망
2015020600100608,2015년 2월 6일 23시,금요일,경상북도 구미시 진평동,경상사고,0,0,1,0,차대차 - 기타,안전운전불이행,건조,기타,교차로 - 교차로부근,이륜,남,22세,경상,화물,남,34세,상해없음
2015020600100609,2015년 2월 6일 23시,금요일,경상북도 구미시 고아읍,중상사고,0,1,0,0,차대사람 - 기타,신호위반,건조,맑음,교차로 - 교차로부근,이륜,남,22세,상해없음,보행자,남,23세,중상
2015020600100610,2015년 2월 6일 23시,금요일,경상북도 구미시 해평면,중상사고,0,2,0,0,차량단독 - 공작물충돌,안전운전불이행,건조,맑음,단일로 - 기타,승용,남,37세,중상,,,,
2015020700100034,2015년 2월 7일 01시,토요일,경상북도 경주시 황성동,중상사고,0,1,0,0,차대차 - 기타,기타,건조,맑음,교차로 - 교차로부근,자전거,남,67세,중상,원동기,남,52세,상해없음
2015020700100035,2015년 2월 7일 01시,토요일,경상북도 구미시 공단동,사망사고,1,0,1,0,차대차 - 추돌 - 주정차중,안전운전불이행,건조,맑음,교차로 - 교차로부근,화물,남,23세,경상,화물,남,53세,상해없음
2015020700100036,2015년 2월 7일 01시,토요일,경상북도 구미시 임수동,경상사고,0,0,1,0,차대차 - 기타,안전운전불이행,건조,맑음,교차로 - 교차로부근,승용,남,26세,상해없음,승용,여,49세,경상
2015020700100050,2015년 2월 7일 02시,토요일,경상북도 포항시 남구 오천읍,중상사고,0,1,1,3,차대차 - 측면직각충돌,직진우회전진행방해,건조,맑음,교차로 - 교차로안,승용,남,30세,상해없음,승용,여,34세,중상
2015020700100069,2015년 2월 7일 04시,토요일,경상북도 포항시 북구 상원동,중상사고,0,1,0,0,차대차 - 기타,차로위반,건조,맑음,단일로 - 기타,승용,남,51세,상해없음,원동기,남,22세,중상
2015020700100070,2015년 2월 7일 04시,토요일,경상북도 영천시 북안면,중상사고,0,1,2,1,차대차 - 추돌 - 진행중,안전운전불이행,건조,맑음,단일로 - 교량,승용,남,26세,상해없음,화물,남,58세,중상
2015020700100071,2015년 2월 7일 04시,토요일,경상북도 상주시 낙동면,중상사고,0,1,0,0,차대차 - 측면직각충돌,안전운전불이행,건조,맑음,단일로 - 기타,기타불명,기타불명,기타불명,기타불명,승용,남,51세,상해없음
2015020700100088,2015년 2월 7일 05시,토요일,경상북도 구미시 진평동,중상사고,0,1,0,0,차대사람 - 횡단중,안전운전불이행,건조,맑음,교차로 - 교차로부근,승용,남,41세,상해없음,보행자,여,75세,중상
2015020700100123,2015년 2월 7일 08시,토요일,경상북도 포항시 북구 득량동,경상사고,0,0,1,0,차대차 - 기타,신호위반,건조,맑음,단일로 - 기타,원동기,남,34세,경상,승용,여,41세,상해없음
2015020700100167,2015년 2월 7일 10시,토요일,경상북도 영주시 하망동,중상사고,0,1,0,0,차대사람 - 기타,안전운전불이행,건조,맑음,단일로 - 기타,승용,남,59세,상해없음,보행자,남,38세,중상
2015020700100168,2015년 2월 7일 10시,토요일,경상북도 포항시 남구 대잠동,중상사고,0,1,0,0,차대차 - 측면직각충돌,직진우회전진행방해,건조,맑음,교차로 - 교차로안,승용,남,24세,상해없음,승용,남,76세,중상
2015020700100197,2015년 2월 7일 11시,토요일,경상북도 경주시 현곡면,중상사고,0,1,2,0,차대차 - 기타,안전운전불이행,건조,맑음,단일로 - 기타,화물,남,65세,상해없음,화물,남,45세,중상
2015020700100198,2015년 2월 7일 11시,토요일,경상북도 포항시 북구 양덕동,중상사고,0,1,0,0,차대차 - 기타,교차로운행방법위반,건조,맑음,교차로 - 교차로안,승용,여,43세,상해없음,승용,여,34세,중상
2015020700100199,2015년 2월 7일 11시,토요일,경상북도 의성군 의성읍,경상사고,0,0,1,0,차대차 - 측면직각충돌,안전운전불이행,건조,맑음,교차로 - 교차로부근,원동기,남,75세,경상,화물,남,63세,상해없음
2015020700100244,2015년 2월 7일 13시,토요일,경상북도 영천시 화남면,경상사고,0,0,1,0,차대차 - 추돌 - 진행중,안전거리미확보,건조,맑음,단일로 - 기타,승용,남,63세,상해없음,화물,남,60세,경상
2015020700100245,2015년 2월 7일 13시,토요일,경상북도 영천시 문외동,경상사고,0,0,1,0,차대차 - 측면직각충돌,안전운전불이행,건조,맑음,단일로 - 기타,승합,남,48세,상해없음,승용,남,53세,경상
2015020700100246,2015년 2월 7일 13시,토요일,경상북도 영덕군 달산면,중상사고,0,1,2,0,차량단독 - 공작물충돌,안전운전불이행,건조,맑음,단일로 - 기타,화물,남,65세,경상,,,,
2015020700100273,2015년 2월 7일 14시,토요일,경상북도 의성군 단촌면,경상사고,0,0,3,0,차대차 - 측면직각충돌,중앙선침범,건조,맑음,단일로 - 기타,승용,남,50세,상해없음,화물,남,35세,경상
2015020700100274,2015년 2월 7일 14시,토요일,경상북도 청도군 화양읍,경상사고,0,0,1,0,차대사람 - 길가장자리구역통행중,불법유턴,건조,맑음,기타 - 기타,승용,여,56세,상해없음,보행자,남,55세,경상
2015020700100275,2015년 2월 7일 14시,토요일,경상북도 포항시 남구 연일읍,경상사고,0,0,2,0,차대차 - 측면직각충돌,직진우회전진행방해,건조,맑음,교차로 - 교차로안,승용,여,45세,경상,승용,여,54세,경상
2015020700100276,2015년 2월 7일 14시,토요일,경상북도 경산시 진량읍,중상사고,0,1,0,0,차량단독 - 전도전복,안전운전불이행,건조,맑음,단일로 - 기타,승용,여,21세,상해없음,,,,
2015020700100302,2015년 2월 7일 15시,토요일,경상북도 상주시 성동동,경상사고,0,0,1,0,차대차 - 추돌 - 진행중,안전거리미확보,건조,맑음,교차로 - 교차로부근,승용,여,42세,상해없음,승용,남,58세,상해없음
2015020700100303,2015년 2월 7일 15시,토요일,경상북도 칠곡군 왜관읍,경상사고,0,0,1,0,차대차 - 기타,중앙선침범,건조,맑음,교차로 - 교차로부근,승용,남,45세,상해없음,승용,남,41세,경상
2015020700100304,2015년 2월 7일 15시,토요일,경상북도 칠곡군 왜관읍,경상사고,0,0,1,0,차대사람 - 길가장자리구역통행중,안전운전불이행,건조,맑음,단일로 - 기타,승용,여,47세,상해없음,보행자,여,59세,경상
2015020700100305,2015년 2월 7일 15시,토요일,경상북도 구미시 고아읍,경상사고,0,0,1,0,차대차 - 기타,안전운전불이행,건조,맑음,교차로 - 교차로부근,기타불명,기타불명,기타불명,기타불명,자전거,여,71세,경상
2015020700100326,2015년 2월 7일 16시,토요일,경상북도 구미시 황상동,중상사고,0,1,0,0,차대차 - 기타,중앙선침범,건조,맑음,단일로 - 기타,승용,남,65세,상해없음,이륜,남,58세,중상
2015020700100382,2015년 2월 7일 18시,토요일,경상북도 경주시 외동읍,부상신고사고,0,0,0,1,차대차 - 기타,안전운전불이행,건조,맑음,단일로 - 기타,승합,남,55세,상해없음,승용,남,34세,상해없음
2015020700100383,2015년 2월 7일 18시,토요일,경상북도 포항시 북구 우현동,경상사고,0,0,1,0,차대차 - 기타,안전운전불이행,건조,맑음,단일로 - 기타,승용,여,51세,상해없음,승용,남,75세,경상
2015020700100384,2015년 2월 7일 18시,토요일,경상북도 포항시 남구 상도동,중상사고,0,1,2,0,차대차 - 측면직각충돌,안전운전불이행,건조,맑음,단일로 - 기타,승용,여,34세,상해없음,승용,남,67세,경상
2015020700100425,2015년 2월 7일 19시,토요일,경상북도 포항시 북구 흥해읍,중상사고,0,2,1,0,차대차 - 기타,교차로운행방법위반,건조,맑음,교차로 - 교차로안,승합,남,58세,상해없음,승용,남,59세,상해없음
2015020700100426,2015년 2월 7일 19시,토요일,경상북도 경산시 진량읍,경상사고,0,0,1,0,차대차 - 기타,안전거리미확보,건조,맑음,단일로 - 기타,승용,여,41세,상해없음,이륜,남,20세,경상
2015020700100486,2015년 2월 7일 21시,토요일,경상북도 포항시 북구 죽도동,경상사고,0,0,1,0,차대차 - 기타,신호위반,건조,맑음,교차로 - 교차로안,원동기,남,19세,상해없음,승용,남,66세,경상
2015020700100511,2015년 2월 7일 22시,토요일,경상북도 포항시 북구 죽도동,경상사고,0,0,1,0,차대차 - 기타,안전운전불이행,건조,맑음,교차로 - 교차로안,승용,남,29세,상해없음,승용,남,47세,경상
2015020800100017,2015년 2월 8일 00시,일요일,경상북도 경주시 시래동,부상신고사고,0,0,0,3,차대차 - 기타,안전운전불이행,건조,맑음,단일로 - 기타,승용,남,40세,상해없음,승용,남,57세,상해없음
2015020800100018,2015년 2월 8일 00시,일요일,경상북도 문경시 모전동,중상사고,0,1,0,0,차대사람 - 기타,안전운전불이행,건조,맑음,교차로 - 교차로안,승용,남,33세,상해없음,보행자,남,42세,중상