사고번호,사고일시,요일,시군구,사고내용,사망자수,중상자수,경상자수,부상신고자수,사고유형,법규위반,노면상태,기상상태,도로형태,가해운전자 차종,가해운전자 성별,가해운전자 연령,가해운전자 상해정도,피해운전자 차종,피해운전자 성별,피해운전자 연령,피해운전자 상해정도
2015020800100065,2015년 2월 8일 03시,일요일,경상북도 경주시 충효동,경상사고,0,0,1,0,차대차 - 기타,신호위반,건조,맑음,단일로 - 기타,승용,여,53세,상해없음,화물,남,39세,경상
2015020800100070,2015년 2월 8일 04시,일요일,경상북도 청송군 청송읍,경상사고,0,0,1,0,차량단독 - 공작물충돌,안전운전불이행,건조,맑음,교차로 - 교차로부근,승용,남,26세,경상,,,,
2015020800100105,2015년 2월 8일 07시,일요일,경상북도 포항시 남구 대잠동,경상사고,0,0,1,0,차대차 - 측면직각충돌,신호위반,건조,맑음,교차로 - 교차로안,승용,여,44세,상해없음,승용,남,47세,경상
2015020800100122,2015년 2월 8일 09시,일요일,경상북도 영천시 야사동,중상사고,0,1,0,0,차대사람 - 보도통행중,안전운전불이행,건조,맑음,단일로 - 기타,승합,남,62세,상해없음,보행자,남,18세,중상
2015020800100142,2015년 2월 8일 10시,일요일,경상북도 경주시 양북면,중상사고,0,1,1,1,차대차 - 기타,안전운전불이행,건조,맑음,단일로 - 기타,승용,여,53세,상해없음,화물,남,70세,경상
2015020800100143,2015년 2월 8일 10시,일요일,경상북도 청도군 이서면,경상사고,0,0,1,0,차대차 - 추돌 - 진행중,안전운전불이행,건조,맑음,단일로 - 기타,승용,남,34세,상해없음,승용,남,30세,경상
2015020800100144,2015년 2월 8일 10시,일요일,경상북도 청송군 현동면,중상사고,0,1,0,0,차대차 - 정면충돌,중앙선침범,건조,맑음,단일로 - 기타,승용,남,49세,상해없음,화물,남,45세,중상
2015020800100159,2015년 2월 8일 11시,일요일,경상북도 봉화군 명호면,경상사고,0,0,2,0,차량단독 - 도로외이탈 - 기타,안전운전불이행,건조,맑음,단일로 - 기타,화물,남,65세,경상,,,,
2015020800100206,2015년 2월 8일 13시,일요일,경상북도 경주시 외동읍,중상사고,0,2,0,2,차대차 - 측면직각충돌,안전운전불이행,건조,맑음,단일로 - 기타,승용,남,51세,상해없음,승용,남,60세,중상
2015020800100230,2015년 2월 8일 14시,일요일,경상북도 포항시 북구 장성동,경상사고,0,0,3,0,차대차 - 기타,안전운전불이행,건조,맑음,교차로 - 교차로부근,승용,남,56세,상해없음,승용,여,36세,경상
2015020800100231,2015년 2월 8일 14시,일요일,경상북도 포항시 북구 죽도동,경상사고,0,0,1,0,차대차 - 측면직각충돌,신호위반,건조,맑음,교차로 - 교차로안,화물,남,59세,상해없음,승용,남,42세,경상
2015020800100232,2015년 2월 8일 14시,일요일,경상북도 포항시 북구 죽도동,경상사고,0,0,4,0,차대차 - 측면직각충돌,안전거리미확보,건조,맑음,교차로 - 교차로안,승용,여,67세,상해없음,승용,남,25세,경상
2015020800100261,2015년 2월 8일 15시,일요일,경상북도 칠곡군 약목면,경상사고,0,0,1,0,차대차 - 기타,안전운전불이행,건조,맑음,교차로 - 교차로부근,승용,남,26세,상해없음,승용,남,24세,경상
2015020800100262,2015년 2월 8일 15시,일요일,경상북도 구미시 지산동,중상사고,0,3,3,0,차대차 - 기타,안전거리미확보,건조,맑음,교차로 - 교차로부근,승용,남,60세,상해없음,승용,남,29세,경상
2015020800100314,2015년 2월 8일 17시,일요일,경상북도 포항시 북구 항구동,경상사고,0,0,2,0,차대차 - 기타,안전거리미확보,건조,맑음,단일로 - 기타,승용,남,54세,상해없음,승용,남,28세,경상
2015020800100341,2015년 2월 8일 18시,일요일,경상북도 영주시 영주동,경상사고,0,0,1,0,차대차 - 측면직각충돌,안전운전불이행,건조,맑음,기타 - 기타,승용,여,39세,상해없음,이륜,남,16세,경상
2015020800100342,2015년 2월 8일 18시,일요일,경상북도 경산시 하양읍,경상사고,0,0,2,0,차대차 - 기타,안전운전불이행,건조,맑음,교차로 - 교차로안,승용,남,52세,상해없음,승용,여,61세,경상
2015020800100343,2015년 2월 8일 18시,일요일,경상북도 포항시 남구 오천읍,경상사고,0,0,1,0,차대사람 - 차도통행중,안전운전불이행,건조,맑음,단일로 - 기타,승용,남,63세,상해없음,보행자,여,39세,경상
2015020800100375,2015년 2월 8일 19시,일요일,경상북도 경주시 동천동,경상사고,0,0,1,0,차량단독 - 기타,기타,건조,맑음,교차로 - 교차로부근,승합,남,46세,상해없음,,,,
2015020800100376,2015년 2월 8일 19시,일요일,경상북도 구미시 사곡동,중상사고,0,2,3,0,차대차 - 기타,안전운전불이행,건조,맑음,교차로 - 교차로부근,승용,남,51세,상해없음,승용,남,46세,중상
2015020800100406,2015년 2월 8일 20시,일요일,경상북도 영덕군 강구면,경상사고,0,0,1,0,차대차 - 측면직각충돌,차로위반,건조,맑음,단일로 - 기타,화물,남,48세,상해없음,승용,남,41세,경상
2015020800100407,2015년 2월 8일 20시,일요일,경상북도 구미시 공단동,경상사고,0,0,4,0,차대차 - 기타,안전운전불이행,건조,맑음,교차로 - 교차로부근,승용,남,56세,상해없음,승용,남,42세,경상
2015020800100437,2015년 2월 8일 21시,일요일,경상북도 포항시 북구 대신동,경상사고,0,0,1,0,차대차 - 기타,차로위반,건조,맑음,단일로 - 기타,승용,여,64세,상해없음,승용,남,49세,경상
2015020800100457,2015년 2월 8일 22시,일요일,경상북도 구미시 임수동,경상사고,0,0,1,1,차대차 - 기타,안전운전불이행,건조,맑음,교차로 - 교차로부근,승용,여,50세,상해없음,승용,남,23세,부상신고
2015020900100012,2015년 2월 9일 01시,월요일,경상북도 안동시 풍산읍,경상사고,0,0,1,0,차대차 - 기타,안전운전불이행,건조,맑음,교차로 - 교차로안,화물,남,46세,상해없음,승용,남,58세,경상
2015020900100017,2015년 2월 9일 02시,월요일,경상북도 성주군 용암면,중상사고,0,1,0,0,차대차 - 측면직각충돌,기타,건조,맑음,단일로 - 기타,화물,남,48세,상해없음,승용,남,76세,중상
2015020900100024,2015년 2월 9일 03시,월요일,경상북도 안동시 옥동,중상사고,0,1,0,0,차대사람 - 기타,안전운전불이행,건조,맑음,교차로 - 교차로부근,승용,남,31세,상해없음,보행자,남,22세,중상
2015020900100035,2015년 2월 9일 05시,월요일,경상북도 구미시 공단동,부상신고사고,0,0,0,1,차대차 - 기타,신호위반,건조,맑음,교차로 - 교차로안,승용,여,55세,부상신고,건설기계,남,61세,상해없음
2015020900100036,2015년 2월 9일 05시,월요일,경상북도 김천시 봉산면,사망사고,1,0,1,0,차대차 - 추돌 - 진행중,안전운전불이행,건조,맑음,단일로 - 기타,화물,남,57세,사망,화물,남,37세,경상
2015020900100071,2015년 2월 9일 07시,월요일,경상북도 안동시 당북동,경상사고,0,0,1,0,차대차 - 기타,신호위반,건조,맑음,교차로 - 교차로안,승용,남,54세,상해없음,승용,남,65세,경상
2015020900100072,2015년 2월 9일 07시,월요일,경상북도 고령군 다산면,경상사고,0,0,3,0,차대차 - 추돌 - 진행중,안전운전불이행,건조,맑음,교차로 - 교차로부근,화물,남,24세,상해없음,승용,남,51세,경상
2015020900100108,2015년 2월 9일 08시,월요일,경상북도 경주시 외동읍,중상사고,0,1,0,0,차대차 - 기타,안전운전불이행,건조,맑음,교차로 - 교차로안,승합,남,35세,상해없음,원동기,여,27세,중상
2015020900100109,2015년 2월 9일 08시,월요일,경상북도 상주시 냉림동,중상사고,0,1,0,0,차대차 - 측면직각충돌,안전운전불이행,건조,맑음,단일로 - 기타,화물,남,41세,상해없음,승용,남,38세,중상
2015020900100110,2015년 2월 9일 08시,월요일,경상북도 영천시 문내동,중상사고,0,1,0,0,차대사람 - 횡단중,안전운전불이행,건조,맑음,교차로 - 교차로부근,승용,남,26세,상해없음,보행자,여,8세,중상
2015020900100141,2015년 2월 9일 09시,월요일,경상북도 경주시 성동동,중상사고,0,1,0,0,차대차 - 기타,중앙선침범,건조,맑음,단일로 - 기타,승용,남,47세,상해없음,원동기,남,66세,중상
2015020900100142,2015년 2월 9일 09시,월요일,경상북도 안동시 풍산읍,중상사고,0,1,0,0,차대차 - 기타,안전운전불이행,건조,맑음,단일로 - 기타,화물,남,69세,상해없음,화물,남,62세,중상
2015020900100143,2015년 2월 9일 09시,월요일,경상북도 의성군 안계면,중상사고,0,2,0,0,차대차 - 측면직각충돌,교차로운행방법위반,건조,맑음,교차로 - 교차로안,승용,남,36세,상해없음,승용,여,29세,중상
2015020900100144,2015년 2월 9일 09시,월요일,경상북도 영천시 금호읍,경상사고,0,0,2,0,차대차 - 측면직각충돌,안전운전불이행,건조,맑음,단일로 - 기타,화물,남,59세,상해없음,승용,여,62세,경상
2015020900100248,2015년 2월 9일 13시,월요일,경상북도 안동시 안막동,경상사고,0,0,1,0,차대사람 - 횡단중,안전운전불이행,건조,맑음,단일로 - 기타,화물,남,57세,상해없음,보행자,남,10세,경상
2015020900100249,2015년 2월 9일 13시,월요일,경상북도 청도군 각남면,경상사고,0,0,1,0,차대차 - 추돌 - 주정차중,안전운전불이행,건조,맑음,교차로 - 교차로부근,이륜,남,52세,경상,승용,남,63세,상해없음
2015020900100250,2015년 2월 9일 13시,월요일,경상북도 울진군 죽변면,경상사고,0,0,1,0,차대차 - 기타,안전운전불이행,건조,맑음,교차로 - 교차로안,자전거,여,57세,경상,승합,남,55세,상해없음
2015020900100368,2015년 2월 9일 16시,월요일,경상북도 구미시 신평동,경상사고,0,0,1,0,차대차 - 측면직각충돌,안전운전불이행,건조,맑음,교차로 - 교차로부근,승용,남,56세,상해없음,승용,남,42세,경상
2015020900100422,2015년 2월 9일 17시,월요일,경상북도 경주시 동천동,경상사고,0,0,1,0,차대사람 - 길가장자리구역통행중,안전운전불이행,건조,맑음,단일로 - 기타,승용,남,47세,상해없음,보행자,여,41세,경상
2015020900100480,2015년 2월 9일 18시,월요일,경상북도 영천시 언하동,중상사고,0,1,0,0,차대차 - 추돌 - 진행중,안전운전불이행,건조,맑음,교차로 - 교차로안,화물,남,59세,상해없음,승용,여,42세,중상
2015020900100481,2015년 2월 9일 18시,월요일,경상북도 고령군 쌍림면,경상사고,0,0,1,0,차대차 - 측면직각충돌,안전운전불이행,건조,기타,교차로 - 교차로안,농기계,남,75세,경상,화물,남,61세,상해없음
2015020900100482,2015년 2월 9일 18시,월요일,경상북도 구미시 황상동,경상사고,0,0,1,0,차대차 - 기타,안전운전불이행,건조,맑음,교차로 - 교차로부근,승용,남,23세,기타불명,승용,남,33세,경상
2015020900100529,2015년 2월 9일 19시,월요일,경상북도 안동시 광석동,중상사고,0,1,0,0,차대사람 - 횡단중,보행자보호의무위반,건조,맑음,교차로 - 교차로부근,승용,남,52세,상해없음,보행자,여,54세,중상
2015020900100530,2015년 2월 9일 19시,월요일,경상북도 안동시 송현동,경상사고,0,0,1,0,차대차 - 기타,안전운전불이행,건조,맑음,교차로 - 교차로부근,승용,여,40세,상해없음,승용,남,54세,경상
2015020900100531,2015년 2월 9일 19시,월요일,경상북도 김천시 신음동,경상사고,0,0,1,0,차대차 - 측면직각충돌,안전운전불이행,건조,맑음,단일로 - 기타,승용,남,50세,상해없음,승용,남,25세,경상
2015020900100532,2015년 2월 9일 19시,월요일,경상북도 상주시 남성동,중상사고,0,1,0,0,차대사람 - 횡단중,보행자보호의무위반,건조,맑음,단일로 - 횡단보도상,승용,여,46세,상해없음,보행자,여,72세,중상
2015020900100571,2015년 2월 9일 20시,월요일,경상북도 포항시 남구 장기면,경상사고,0,0,1,0,차대차 - 추돌 - 진행중,안전운전불이행,건조,맑음,단일로 - 기타,승용,남,52세,상해없음,승용,남,30세,경상
2015020900100600,2015년 2월 9일 21시,월요일,경상북도 구미시 상모동,경상사고,0,0,2,0,차대차 - 측면직각충돌,교차로운행방법위반,건조,맑음,교차로 - 교차로안,승용,남,45세,경상,승용,여,44세,경상
2015020900100623,2015년 2월 9일 22시,월요일,경상북도 고령군 개진면,사망사고,1,0,0,0,차량단독 - 도로외이탈 - 추락,안전운전불이행,건조,맑음,단일로 - 기타,승용,남,57세,사망,,,,
2015020900100649,2015년 2월 9일 23시,월요일,경상북도 김천시 덕곡동,경상사고,0,0,2,0,차대차 - 추돌 - 주정차중,안전운전불이행,건조,맑음,단일로 - 기타,승용,남,36세,상해없음,승용,남,26세,경상
2015020900100650,2015년 2월 9일 23시,월요일,경상북도 영주시 가흥동,중상사고,0,1,1,0,차대차 - 측면직각충돌,신호위반,건조,맑음,교차로 - 교차로안,승용,남,58세,경상,승용,남,48세,중상
2015020900100651,2015년 2월 9일 23시,월요일,경상북도 구미시 옥계동,경상사고,0,0,1,0,차대사람 - 기타,안전운전불이행,건조,맑음,기타 - 기타,승용,남,29세,상해없음,보행자,남,25세,경상
2015021000100065,2015년 2월 10일 06시,화요일,경상북도 포항시 북구 대흥동,경상사고,0,0,1,0,차대사람 - 기타,안전운전불이행,건조,맑음,단일로 - 기타,승용,남,28세,상해없음,보행자,남,53세,경상
2015021000100066,2015년 2월 10일 06시,화요일,경상북도 칠곡군 동명면,경상사고,0,0,1,0,차량단독 - 공작물충돌,안전운전불이행,건조,맑음,단일로 - 기타,승용,여,34세,경상,,,,
2015021000100088,2015년 2월 10일 07시,화요일,경상북도 경산시 중방동,중상사고,0,1,0,0,차대사람 - 보도통행중,보행자보호의무위반,건조,맑음,교차로 - 교차로안,승용,여,46세,상해없음,보행자,여,83세,중상
2015021000100116,2015년 2월 10일 08시,화요일,경상북도 포항시 북구 흥해읍,경상사고,0,0,1,0,차대차 - 기타,안전거리미확보,건조,맑음,단일로 - 기타,승용,남,40세,상해없음,승용,여,37세,경상
2015021000100117,2015년 2월 10일 08시,화요일,경상북도 안동시 옥동,경상사고,0,0,2,0,차대차 - 측면직각충돌,직진우회전진행방해,건조,맑음,교차로 - 교차로부근,승용,남,54세,상해없음,승용,여,49세,경상
2015021000100118,2015년 2월 10일 08시,화요일,경상북도 고령군 쌍림면,중상사고,0,1,3,0,차대차 - 정면충돌,중앙선침범,건조,맑음,단일로 - 기타,승용,여,46세,경상,승용,여,41세,경상
2015021000100119,2015년 2월 10일 08시,화요일,경상북도 구미시 옥계동,경상사고,0,0,1,0,차대차 - 기타,교차로운행방법위반,건조,맑음,교차로 - 교차로안,승용,남,38세,상해없음,승용,여,45세,경상
2015021000100173,2015년 2월 10일 10시,화요일,경상북도 상주시 냉림동,경상사고,0,0,1,0,차대차 - 기타,교차로운행방법위반,건조,맑음,교차로 - 교차로안,화물,남,57세,상해없음,이륜,남,64세,경상
2015021000100174,2015년 2월 10일 10시,화요일,경상북도 칠곡군 약목면,경상사고,0,0,1,0,차대차 - 기타,교차로운행방법위반,건조,맑음,교차로 - 교차로안,승용,남,67세,상해없음,이륜,남,77세,경상
2015021000100199,2015년 2월 10일 11시,화요일,경상북도 구미시 황상동,경상사고,0,0,1,0,차대사람 - 횡단중,안전운전불이행,건조,맑음,기타 - 기타,승용,남,31세,상해없음,보행자,남,52세,경상
2015021000100200,2015년 2월 10일 11시,화요일,경상북도 포항시 남구 장기면,중상사고,0,1,0,0,차대차 - 측면직각충돌,중앙선침범,건조,맑음,교차로 - 교차로안,화물,남,20세,상해없음,승용,여,59세,중상
2015021000100214,2015년 2월 10일 12시,화요일,경상북도 구미시 진평동,경상사고,0,0,1,0,차대차 - 기타,신호위반,건조,맑음,교차로 - 교차로부근,승용,여,47세,상해없음,원동기,남,28세,경상
2015021000100215,2015년 2월 10일 12시,화요일,경상북도 포항시 남구 대잠동,중상사고,0,1,0,0,차대차 - 기타,안전운전불이행,건조,맑음,교차로 - 교차로안,승용,남,26세,중상,승합,여,37세,상해없음
2015021000100271,2015년 2월 10일 14시,화요일,경상북도 김천시 양천동,중상사고,0,1,0,0,차대차 - 측면직각충돌,안전운전불이행,건조,맑음,단일로 - 기타,이륜,남,72세,상해없음,승용,남,52세,상해없음
2015021000100272,2015년 2월 10일 14시,화요일,경상북도 구미시 구평동,사망사고,1,1,0,1,차대차 - 기타,중앙선침범,건조,맑음,단일로 - 기타,승용,남,25세,사망,승합,남,46세,중상
2015021000100303,2015년 2월 10일 15시,화요일,경상북도 경산시 갑제동,중상사고,0,1,0,0,차대차 - 기타,안전운전불이행,건조,맑음,교차로 - 교차로부근,승용,남,26세,상해없음,이륜,남,67세,중상
2015021000100304,2015년 2월 10일 15시,화요일,경상북도 포항시 남구 대도동,중상사고,0,1,0,0,차대사람 - 기타,안전운전불이행,건조,맑음,단일로 - 기타,승용,여,56세,상해없음,보행자,남,28세,중상
2015021000100328,2015년 2월 10일 16시,화요일,경상북도 영덕군 축산면,중상사고,0,2,0,0,차대차 - 정면충돌,중앙선침범,건조,맑음,단일로 - 기타,화물,남,60세,상해없음,승용,남,49세,중상
2015021000100394,2015년 2월 10일 18시,화요일,경상북도 경주시 강동면,중상사고,0,1,0,0,차대차 - 정면충돌,중앙선침범,건조,맑음,단일로 - 기타,이륜,남,32세,중상,화물,남,47세,상해없음
2015021000100433,2015년 2월 10일 19시,화요일,경상북도 경주시 외동읍,중상사고,0,1,1,0,차대차 - 정면충돌,중앙선침범,건조,맑음,단일로 - 기타,승용,남,21세,상해없음,승용,남,20세,중상
2015021000100434,2015년 2월 10일 19시,화요일,경상북도 경산시 임당동,중상사고,0,1,0,0,차대사람 - 기타,안전운전불이행,건조,맑음,교차로 - 교차로안,승용,여,49세,상해없음,보행자,여,80세,중상
2015021000100435,2015년 2월 10일 19시,화요일,경상북도 포항시 남구 상도동,중상사고,0,1,0,0,차대차 - 측면직각충돌,안전운전불이행,건조,맑음,단일로 - 기타,승용,남,65세,상해없음,이륜,남,24세,중상
2015021000100470,2015년 2월 10일 20시,화요일,경상북도 구미시 부곡동,사망사고,1,0,0,0,차대사람 - 기타,보행자보호의무위반,건조,맑음,단일로 - 기타,승용,남,34세,상해없음,보행자,남,53세,사망
2015021000100498,2015년 2월 10일 21시,화요일,경상북도 경산시 중산동,경상사고,0,0,1,0,차대차 - 기타,안전운전불이행,건조,맑음,단일로 - 횡단보도상,승용,여,50세,상해없음,자전거,남,15세,경상
2015021000100499,2015년 2월 10일 21시,화요일,경상북도 경산시 하양읍,중상사고,0,1,0,0,차대사람 - 횡단중,안전운전불이행,건조,맑음,단일로 - 기타,승용,남,49세,상해없음,보행자,여,70세,중상
2015021000100542,2015년 2월 10일 22시,화요일,경상북도 경산시 옥산동,경상사고,0,0,5,0,차대차 - 기타,안전운전불이행,건조,맑음,단일로 - 기타,승용,남,45세,상해없음,승용,여,55세,경상
2015021000100573,2015년 2월 10일 23시,화요일,경상북도 경주시 안강읍,사망사고,2,1,0,0,차량단독 - 공작물충돌,안전운전불이행,건조,맑음,단일로 - 기타,승용,남,27세,사망,,,,
2015021000100574,2015년 2월 10일 23시,화요일,경상북도 김천시 개령면,중상사고,0,1,0,0,차량단독 - 공작물충돌,안전운전불이행,건조,맑음,단일로 - 기타,승용,남,42세,중상,,,,
2015021100100016,2015년 2월 11일 00시,수요일,경상북도 구미시 비산동,경상사고,0,0,1,0,차대차 - 추돌 - 주정차중,안전운전불이행,건조,맑음,교차로 - 교차로부근,승용,남,48세,상해없음,원동기,남,28세,경상
2015021100100027,2015년 2월 11일 01시,수요일,경상북도 칠곡군 석적읍,경상사고,0,0,1,0,차대차 - 추돌 - 진행중,직진우회전진행방해,건조,맑음,교차로 - 교차로안,승용,남,53세,경상,기타불명,기타불명,기타불명,기타불명
2015021100100028,2015년 2월 11일 01시,수요일,경상북도 칠곡군 왜관읍,경상사고,0,0,1,0,차대사람 - 보도통행중,안전운전불이행,건조,맑음,단일로 - 기타,승용,남,37세,상해없음,보행자,남,45세,경상
2015021100100065,2015년 2월 11일 04시,수요일,경상북도 경주시 강동면,사망사고,1,0,0,0,차대사람 - 기타,안전운전불이행,건조,맑음,단일로 - 기타,화물,남,32세,상해없음,보행자,남,38세,사망
2015021100100073,2015년 2월 11일 05시,수요일,경상북도 안동시 금곡동,경상사고,0,0,2,0,차대차 - 기타,직진우회전진행방해,건조,맑음,교차로 - 교차로안,승용,남,28세,경상,화물,남,41세,경상
2015021100100100,2015년 2월 11일 07시,수요일,경상북도 포항시 북구 흥해읍,경상사고,0,0,1,0,차대차 - 기타,차로위반,건조,맑음,단일로 - 기타,건설기계,남,55세,상해없음,승용,남,43세,경상
2015021100100101,2015년 2월 11일 07시,수요일,경상북도 구미시 황상동,경상사고,0,0,1,0,차대사람 - 기타,안전운전불이행,건조,맑음,기타 - 기타,기타불명,기타불명,기타불명,기타불명,보행자,남,38세,경상
2015021100100102,2015년 2월 11일 07시,수요일,경상북도 칠곡군 왜관읍,경상사고,0,0,2,0,차대차 - 측면직각충돌,안전거리미확보,건조,맑음,단일로 - 기타,승용,남,34세,상해없음,승용,남,40세,경상
2015021100100138,2015년 2월 11일 08시,수요일,경상북도 경주시 현곡면,중상사고,0,1,0,0,차대사람 - 기타,교차로운행방법위반,건조,맑음,교차로 - 교차로부근,화물,여,54세,상해없음,보행자,여,24세,중상
2015021100100139,2015년 2월 11일 08시,수요일,경상북도 영주시 영주동,중상사고,0,1,1,0,차대차 - 측면직각충돌,안전운전불이행,건조,맑음,단일로 - 기타,승용,남,30세,상해없음,승용,여,40세,중상
2015021100100140,2015년 2월 11일 08시,수요일,경상북도 영천시 청통면,경상사고,0,0,1,0,차대차 - 측면직각충돌,안전운전불이행,건조,맑음,교차로 - 교차로안,화물,남,67세,상해없음,화물,여,59세,경상
2015021100100141,2015년 2월 11일 08시,수요일,경상북도 울진군 평해읍,경상사고,0,0,1,0,차대차 - 기타,안전운전불이행,건조,맑음,교차로 - 교차로안,원동기,남,77세,경상,승용,남,67세,상해없음
2015021100100142,2015년 2월 11일 08시,수요일,경상북도 포항시 남구 연일읍,경상사고,0,0,1,0,차대차 - 측면직각충돌,직진우회전진행방해,건조,맑음,교차로 - 교차로안,승합,남,61세,상해없음,승용,여,46세,경상
2015021100100170,2015년 2월 11일 09시,수요일,경상북도 안동시 금곡동,경상사고,0,0,2,0,차대차 - 기타,안전운전불이행,건조,맑음,단일로 - 횡단보도부근,승용,남,61세,상해없음,화물,남,38세,상해없음
2015021100100212,2015년 2월 11일 10시,수요일,경상북도 안동시 옥동,경상사고,0,0,1,0,차대차 - 기타,안전운전불이행,건조,맑음,교차로 - 교차로안,화물,남,50세,상해없음,화물,남,33세,경상
2015021100100233,2015년 2월 11일 11시,수요일,경상북도 경주시 시래동,경상사고,0,0,3,0,차대차 - 기타,신호위반,건조,맑음,교차로 - 교차로안,화물,남,66세,상해없음,화물,남,57세,경상
2015021100100262,2015년 2월 11일 12시,수요일,경상북도 영주시 가흥동,중상사고,0,1,0,0,차대차 - 측면직각충돌,신호위반,건조,맑음,교차로 - 교차로안,화물,남,75세,상해없음,승용,남,62세,중상
2015021100100288,2015년 2월 11일 13시,수요일,경상북도 포항시 북구 흥해읍,중상사고,0,1,0,0,차대차 - 기타,신호위반,건조,맑음,교차로 - 교차로부근,화물,남,45세,상해없음,승용,남,30세,중상
2015021100100289,2015년 2월 11일 13시,수요일,경상북도 안동시 예안면,경상사고,0,0,1,0,차량단독 - 전도전복,안전운전불이행,건조,맑음,단일로 - 기타,승용,여,54세,경상,,,,
2015021100100314,2015년 2월 11일 14시,수요일,경상북도 포항시 북구 죽도동,경상사고,0,0,1,0,차대차 - 기타,교차로운행방법위반,건조,맑음,단일로 - 기타,승용,여,67세,상해없음,원동기,남,22세,경상
2015021100100315,2015년 2월 11일 14시,수요일,경상북도 김천시 봉산면,중상사고,0,4,1,0,차량단독 - 공작물충돌,안전운전불이행,건조,맑음,단일로 - 기타,화물,남,62세,상해없음,,,,
2015021100100316,2015년 2월 11일 14시,수요일,경상북도 구미시 형곡동,경상사고,0,0,1,0,차대차 - 측면직각충돌,안전운전불이행,건조,맑음,교차로 - 교차로부근,승용,남,23세,상해없음,원동기,남,23세,경상
2015021100100346,2015년 2월 11일 15시,수요일,경상북도 청송군 청송읍,중상사고,0,1,1,0,차량단독 - 공작물충돌,안전운전불이행,건조,맑음,단일로 - 기타,화물,남,67세,경상,,,,
2015021100100347,2015년 2월 11일 15시,수요일,경상북도 포항시 남구 이동,경상사고,0,0,1,0,차량단독 - 도로외이탈 - 추락,안전운전불이행,건조,맑음,단일로 - 기타,화물,남,69세,경상,,,,
2015021100100348,2015년 2월 11일 15시,수요일,경상북도 포항시 남구 상도동,경상사고,0,0,1,0,차대사람 - 길가장자리구역통행중,안전운전불이행,건조,맑음,단일로 - 기타,승용,남,43세,상해없음,보행자,여,47세,경상
2015021100100377,2015년 2월 11일 16시,수요일,경상북도 경주시 동천동,부상신고사고,0,0,0,1,차대차 - 기타,안전운전불이행,건조,맑음,교차로 - 교차로부근,원동기,남,77세,부상신고,승용,남,27세,상해없음
2015021100100378,2015년 2월 11일 16시,수요일,경상북도 경주시 신평동,경상사고,0,0,1,0,차량단독 - 기타,안전운전불이행,건조,맑음,기타 - 기타,이륜,남,37세,상해없음,,,,
2015021100100379,2015년 2월 11일 16시,수요일,경상북도 구미시 산동면,경상사고,0,0,2,0,차대차 - 기타,직진우회전진행방해,건조,맑음,교차로 - 교차로안,승용,남,41세,경상,화물,남,41세,경상
2015021100100380,2015년 2월 11일 16시,수요일,경상북도 구미시 장천면,부상신고사고,0,0,0,1,차대차 - 기타,교차로운행방법위반,건조,맑음,교차로 - 교차로안,승용,남,35세,부상신고,승용,남,47세,상해없음
2015021100100396,2015년 2월 11일 17시,수요일,경상북도 경주시 성건동,경상사고,0,0,1,0,차대사람 - 기타,안전운전불이행,건조,맑음,단일로 - 기타,승용,남,28세,상해없음,보행자,여,36세,경상
2015021100100397,2015년 2월 11일 17시,수요일,경상북도 포항시 북구 두호동,중상사고,0,1,0,0,차대차 - 기타,기타,건조,맑음,단일로 - 기타,승용,여,56세,상해없음,원동기,남,38세,중상
2015021100100398,2015년 2월 11일 17시,수요일,경상북도 칠곡군 석적읍,경상사고,0,0,3,0,차대차 - 기타,안전운전불이행,건조,맑음,단일로 - 기타,승용,남,59세,상해없음,승용,여,30세,경상
2015021100100439,2015년 2월 11일 18시,수요일,경상북도 포항시 북구 남빈동,경상사고,0,0,2,0,차대차 - 기타,안전운전불이행,건조,맑음,단일로 - 기타,승용,남,71세,상해없음,승용,여,22세,경상
2015021100100440,2015년 2월 11일 18시,수요일,경상북도 의성군 안계면,중상사고,0,1,0,0,차대사람 - 보도통행중,안전운전불이행,건조,맑음,단일로 - 기타,화물,남,26세,상해없음,보행자,여,55세,중상
2015021100100486,2015년 2월 11일 19시,수요일,경상북도 구미시 공단동,경상사고,0,0,1,1,차대차 - 기타,직진우회전진행방해,건조,맑음,교차로 - 교차로안,승용,남,51세,경상,승용,남,38세,부상신고
2015021100100487,2015년 2월 11일 19시,수요일,경상북도 구미시 장천면,부상신고사고,0,0,0,1,차대차 - 측면직각충돌,교차로운행방법위반,건조,맑음,교차로 - 교차로안,화물,남,52세,상해없음,자전거,남,56세,부상신고
2015021100100517,2015년 2월 11일 20시,수요일,경상북도 구미시 임은동,경상사고,0,0,1,0,차대차 - 기타,신호위반,건조,맑음,교차로 - 교차로안,승용,남,57세,상해없음,승용,여,35세,경상
2015021100100518,2015년 2월 11일 20시,수요일,경상북도 포항시 남구 오천읍,부상신고사고,0,0,0,1,차대차 - 추돌 - 진행중,교차로운행방법위반,건조,맑음,교차로 - 교차로안,승용,여,35세,상해없음,승용,남,20세,부상신고
2015021100100602,2015년 2월 11일 23시,수요일,경상북도 포항시 남구 대송면,경상사고,0,0,2,0,차대차 - 측면직각충돌,안전운전불이행,건조,맑음,교차로 - 교차로안,화물,남,54세,상해없음,승용,남,63세,경상
2015021200100014,2015년 2월 12일 00시,목요일,경상북도 안동시 옥동,경상사고,0,0,1,0,차대차 - 측면직각충돌,직진우회전진행방해,건조,맑음,교차로 - 교차로안,승용,여,23세,상해없음,승용,여,21세,경상