사고번호,사고일시,요일,시군구,사고내용,사망자수,중상자수,경상자수,부상신고자수,사고유형,법규위반,노면상태,기상상태,도로형태,가해운전자 차종,가해운전자 성별,가해운전자 연령,가해운전자 상해정도,피해운전자 차종,피해운전자 성별,피해운전자 연령,피해운전자 상해정도
2015021200100030,2015년 2월 12일 01시,목요일,경상북도 포항시 북구 양덕동,경상사고,0,0,1,0,차대사람 - 기타,보행자보호의무위반,건조,맑음,교차로 - 교차로안,승용,남,59세,상해없음,보행자,남,36세,경상
2015021200100067,2015년 2월 12일 06시,목요일,경상북도 경주시 배반동,경상사고,0,0,1,0,차대차 - 기타,안전운전불이행,건조,맑음,단일로 - 기타,승용,남,58세,상해없음,승용,남,54세,경상
2015021200100068,2015년 2월 12일 06시,목요일,경상북도 김천시 신음동,중상사고,0,1,0,0,차대사람 - 횡단중,안전운전불이행,건조,맑음,단일로 - 기타,승용,남,32세,상해없음,보행자,여,74세,중상
2015021200100082,2015년 2월 12일 07시,목요일,경상북도 포항시 북구 항구동,중상사고,0,1,0,0,차대차 - 기타,안전운전불이행,건조,맑음,교차로 - 교차로안,승용,남,56세,상해없음,승용,여,54세,중상
2015021200100112,2015년 2월 12일 08시,목요일,경상북도 칠곡군 기산면,중상사고,0,1,1,0,차대차 - 기타,교차로운행방법위반,건조,맑음,교차로 - 교차로안,화물,남,38세,경상,승용,남,33세,중상
2015021200100113,2015년 2월 12일 08시,목요일,경상북도 경산시 옥산동,경상사고,0,0,2,0,차대차 - 기타,신호위반,건조,맑음,교차로 - 교차로안,승용,여,57세,상해없음,승용,여,30세,경상
2015021200100114,2015년 2월 12일 08시,목요일,경상북도 경산시 계양동,경상사고,0,0,1,0,차대차 - 기타,직진우회전진행방해,건조,맑음,교차로 - 교차로안,승용,남,45세,상해없음,승용,남,50세,경상
2015021200100115,2015년 2월 12일 08시,목요일,경상북도 구미시 원평동,경상사고,0,0,1,0,차대차 - 측면직각충돌,교차로운행방법위반,건조,맑음,교차로 - 교차로안,승용,여,34세,기타불명,승용,남,34세,경상
2015021200100149,2015년 2월 12일 09시,목요일,경상북도 성주군 선남면,경상사고,0,0,1,0,차대차 - 기타,안전운전불이행,기타,맑음,기타 - 기타,승용,남,66세,상해없음,화물,남,38세,경상
2015021200100178,2015년 2월 12일 10시,목요일,경상북도 경주시 서악동,경상사고,0,0,2,0,차대차 - 기타,안전운전불이행,건조,맑음,교차로 - 교차로안,승용,남,72세,상해없음,승용,여,36세,경상
2015021200100179,2015년 2월 12일 10시,목요일,경상북도 경주시 안강읍,경상사고,0,0,1,1,차대차 - 기타,안전운전불이행,건조,맑음,교차로 - 교차로부근,화물,남,50세,부상신고,승용,남,59세,경상
2015021200100180,2015년 2월 12일 10시,목요일,경상북도 포항시 북구 흥해읍,중상사고,0,3,0,0,차대차 - 기타,신호위반,건조,맑음,교차로 - 교차로안,승용,남,80세,상해없음,승용,남,50세,중상
2015021200100181,2015년 2월 12일 10시,목요일,경상북도 구미시 도개면,부상신고사고,0,0,0,1,차량단독 - 기타,안전운전불이행,건조,맑음,단일로 - 기타,승용,남,24세,부상신고,,,,
2015021200100182,2015년 2월 12일 10시,목요일,경상북도 포항시 남구 대잠동,중상사고,0,1,0,0,차대차 - 측면직각충돌,신호위반,건조,맑음,교차로 - 교차로안,승용,남,33세,기타불명,원동기,남,18세,중상
2015021200100216,2015년 2월 12일 11시,목요일,경상북도 경주시 동천동,중상사고,0,1,0,0,차대차 - 측면직각충돌,안전운전불이행,건조,맑음,교차로 - 교차로안,이륜,남,58세,중상,승용,남,37세,상해없음
2015021200100217,2015년 2월 12일 11시,목요일,경상북도 영천시 청통면,경상사고,0,0,1,0,차대차 - 측면직각충돌,안전운전불이행,건조,맑음,단일로 - 기타,승용,남,54세,상해없음,화물,남,52세,경상
2015021200100247,2015년 2월 12일 12시,목요일,경상북도 칠곡군 석적읍,경상사고,0,0,1,0,차대차 - 기타,신호위반,건조,맑음,교차로 - 교차로안,승용,남,24세,상해없음,승용,남,37세,경상
2015021200100248,2015년 2월 12일 12시,목요일,경상북도 성주군 성주읍,경상사고,0,0,1,0,차대차 - 기타,직진우회전진행방해,건조,맑음,교차로 - 교차로안,승용,남,66세,상해없음,이륜,남,41세,경상
2015021200100275,2015년 2월 12일 13시,목요일,경상북도 경주시 황오동,경상사고,0,0,1,0,차대사람 - 횡단중,안전운전불이행,건조,맑음,교차로 - 교차로안,기타불명,기타불명,기타불명,기타불명,보행자,남,15세,경상
2015021200100310,2015년 2월 12일 14시,목요일,경상북도 안동시 송현동,경상사고,0,0,1,0,차대차 - 기타,기타,건조,맑음,단일로 - 기타,자전거,남,12세,경상,승용,남,68세,상해없음
2015021200100311,2015년 2월 12일 14시,목요일,경상북도 안동시 천리동,경상사고,0,0,2,0,차대차 - 기타,안전운전불이행,건조,맑음,교차로 - 교차로부근,승용,남,63세,상해없음,승용,남,51세,경상
2015021200100312,2015년 2월 12일 14시,목요일,경상북도 칠곡군 북삼읍,중상사고,0,1,1,0,차대차 - 측면직각충돌,직진우회전진행방해,건조,맑음,교차로 - 교차로안,승용,남,45세,상해없음,승용,여,68세,경상
2015021200100313,2015년 2월 12일 14시,목요일,경상북도 경산시 중방동,경상사고,0,0,1,0,차대차 - 기타,안전운전불이행,건조,맑음,단일로 - 기타,화물,남,50세,상해없음,원동기,남,67세,경상
2015021200100314,2015년 2월 12일 14시,목요일,경상북도 예천군 예천읍,중상사고,0,1,0,0,차대차 - 측면직각충돌,안전운전불이행,건조,맑음,교차로 - 교차로부근,승용,남,66세,상해없음,승용,남,69세,중상
2015021200100315,2015년 2월 12일 14시,목요일,경상북도 칠곡군 왜관읍,경상사고,0,0,1,0,차대차 - 측면직각충돌,안전운전불이행,건조,맑음,단일로 - 기타,승용,여,50세,상해없음,화물,남,24세,경상
2015021200100382,2015년 2월 12일 16시,목요일,경상북도 경주시 성건동,경상사고,0,0,2,0,차대차 - 기타,안전운전불이행,건조,맑음,교차로 - 교차로안,승용,남,73세,상해없음,화물,남,47세,경상
2015021200100383,2015년 2월 12일 16시,목요일,경상북도 포항시 남구 송도동,중상사고,0,1,0,0,차대차 - 기타,직진우회전진행방해,건조,맑음,교차로 - 교차로안,승용,남,49세,상해없음,원동기,여,56세,중상
2015021200100411,2015년 2월 12일 17시,목요일,경상북도 포항시 남구 구룡포읍,경상사고,0,0,1,0,차대차 - 기타,안전운전불이행,건조,맑음,단일로 - 기타,원동기,남,75세,경상,승용,여,27세,상해없음
2015021200100448,2015년 2월 12일 18시,목요일,경상북도 경주시 노서동,경상사고,0,0,1,0,차대차 - 측면직각충돌,안전운전불이행,건조,맑음,기타 - 기타,화물,남,58세,상해없음,승용,여,51세,경상
2015021200100449,2015년 2월 12일 18시,목요일,경상북도 구미시 봉곡동,경상사고,0,0,2,0,차대차 - 측면직각충돌,중앙선침범,건조,맑음,교차로 - 교차로부근,승용,남,48세,상해없음,승용,남,42세,경상
2015021200100487,2015년 2월 12일 19시,목요일,경상북도 포항시 북구 장성동,경상사고,0,0,1,0,차대차 - 기타,안전운전불이행,습기,흐림,교차로 - 교차로안,화물,남,49세,상해없음,승용,여,33세,경상
2015021200100488,2015년 2월 12일 19시,목요일,경상북도 안동시 남부동,중상사고,0,1,0,0,차대차 - 추돌 - 주정차중,안전운전불이행,건조,맑음,교차로 - 교차로안,화물,남,47세,상해없음,승용,남,61세,중상
2015021200100489,2015년 2월 12일 19시,목요일,경상북도 영천시 완산동,경상사고,0,0,2,0,차대사람 - 횡단중,교차로운행방법위반,건조,맑음,교차로 - 교차로안,화물,남,74세,상해없음,보행자,여,26세,경상
2015021200100490,2015년 2월 12일 19시,목요일,경상북도 구미시 진평동,경상사고,0,0,1,0,차대차 - 측면직각충돌,안전운전불이행,건조,맑음,단일로 - 기타,원동기,남,27세,상해없음,승용,여,51세,경상
2015021200100522,2015년 2월 12일 20시,목요일,경상북도 안동시 목성동,경상사고,0,0,1,0,차대차 - 기타,안전운전불이행,건조,맑음,단일로 - 기타,이륜,남,45세,경상,승용,남,51세,상해없음
2015021200100523,2015년 2월 12일 20시,목요일,경상북도 안동시 태화동,경상사고,0,0,1,0,차대차 - 기타,중앙선침범,건조,맑음,단일로 - 기타,승용,남,61세,상해없음,이륜,남,24세,경상
2015021200100524,2015년 2월 12일 20시,목요일,경상북도 문경시 모전동,경상사고,0,0,1,0,차대사람 - 기타,안전운전불이행,건조,맑음,교차로 - 교차로안,승용,남,65세,상해없음,보행자,남,38세,경상
2015021200100556,2015년 2월 12일 21시,목요일,경상북도 김천시 신음동,중상사고,0,1,0,0,차대사람 - 차도통행중,안전운전불이행,건조,맑음,단일로 - 기타,승용,남,31세,상해없음,보행자,남,55세,중상
2015021200100557,2015년 2월 12일 21시,목요일,경상북도 봉화군 상운면,사망사고,1,0,0,0,차량단독 - 도로외이탈 - 추락,안전운전불이행,건조,맑음,교차로 - 교차로안,화물,남,58세,사망,,,,
2015021200100577,2015년 2월 12일 22시,목요일,경상북도 칠곡군 지천면,중상사고,0,2,0,1,차대차 - 기타,중앙선침범,건조,맑음,단일로 - 기타,화물,남,67세,부상신고,승용,여,52세,중상
2015021200100601,2015년 2월 12일 23시,목요일,경상북도 경주시 노서동,중상사고,0,2,0,0,차대차 - 기타,안전운전불이행,건조,맑음,교차로 - 교차로부근,승용,여,66세,상해없음,승용,여,25세,중상
2015021300100005,2015년 2월 13일 00시,금요일,경상북도 경산시 압량면,중상사고,0,2,1,0,차대차 - 기타,신호위반,건조,맑음,교차로 - 교차로안,승용,남,48세,중상,승용,여,26세,중상
2015021300100020,2015년 2월 13일 01시,금요일,경상북도 상주시 냉림동,중상사고,0,1,0,0,차대차 - 추돌 - 진행중,중앙선침범,건조,맑음,교차로 - 교차로안,승용,남,31세,상해없음,이륜,남,62세,중상
2015021300100021,2015년 2월 13일 01시,금요일,경상북도 구미시 송정동,부상신고사고,0,0,0,1,차대차 - 기타,안전운전불이행,건조,맑음,단일로 - 기타,승용,남,35세,부상신고,승용,남,59세,상해없음
2015021300100039,2015년 2월 13일 02시,금요일,경상북도 안동시 풍산읍,부상신고사고,0,0,0,1,차량단독 - 기타,안전운전불이행,건조,맑음,단일로 - 기타,승용,남,21세,부상신고,,,,
2015021300100086,2015년 2월 13일 06시,금요일,경상북도 경주시 충효동,중상사고,0,1,0,0,차대차 - 기타,안전운전불이행,건조,맑음,교차로 - 교차로안,승용,여,25세,상해없음,자전거,남,67세,중상
2015021300100087,2015년 2월 13일 06시,금요일,경상북도 안동시 와룡면,부상신고사고,0,0,0,1,차대차 - 기타,안전운전불이행,건조,맑음,단일로 - 기타,원동기,남,65세,부상신고,화물,남,49세,상해없음
2015021300100136,2015년 2월 13일 08시,금요일,경상북도 안동시 삼산동,중상사고,0,1,0,0,차대사람 - 횡단중,안전운전불이행,건조,맑음,단일로 - 기타,승용,남,44세,상해없음,보행자,여,73세,중상
2015021300100137,2015년 2월 13일 08시,금요일,경상북도 영천시 완산동,사망사고,1,1,0,0,차대차 - 측면직각충돌,중앙선침범,건조,맑음,단일로 - 기타,승용,남,27세,사망,승용,남,42세,중상
2015021300100138,2015년 2월 13일 08시,금요일,경상북도 영덕군 영해면,중상사고,0,1,0,0,차대차 - 측면직각충돌,중앙선침범,건조,맑음,교차로 - 교차로안,건설기계,남,50세,상해없음,화물,여,56세,상해없음
2015021300100139,2015년 2월 13일 08시,금요일,경상북도 구미시 상모동,경상사고,0,0,1,0,차대사람 - 기타,안전운전불이행,건조,맑음,단일로 - 기타,승합,남,50세,상해없음,보행자,여,18세,경상
2015021300100167,2015년 2월 13일 09시,금요일,경상북도 포항시 북구 용흥동,경상사고,0,0,1,0,차대차 - 기타,신호위반,건조,맑음,교차로 - 교차로안,승용,남,52세,상해없음,승용,남,44세,경상
2015021300100168,2015년 2월 13일 09시,금요일,경상북도 안동시 태화동,경상사고,0,0,1,0,차대차 - 측면직각충돌,안전운전불이행,건조,맑음,단일로 - 기타,승용,여,35세,상해없음,승용,여,32세,경상
2015021300100169,2015년 2월 13일 09시,금요일,경상북도 칠곡군 석적읍,경상사고,0,0,2,1,차대차 - 기타,교차로운행방법위반,건조,맑음,교차로 - 교차로안,승용,남,48세,상해없음,승용,여,45세,부상신고
2015021300100170,2015년 2월 13일 09시,금요일,경상북도 구미시 형곡동,중상사고,0,1,0,0,차대사람 - 기타,안전운전불이행,건조,맑음,단일로 - 횡단보도상,승합,남,64세,상해없음,보행자,여,64세,중상
2015021300100205,2015년 2월 13일 10시,금요일,경상북도 청송군 진보면,중상사고,0,2,0,0,차량단독 - 공작물충돌,안전운전불이행,건조,맑음,교차로 - 교차로안,승용,여,34세,중상,,,,
2015021300100238,2015년 2월 13일 11시,금요일,경상북도 포항시 남구 오천읍,경상사고,0,0,1,0,차대차 - 측면직각충돌,안전운전불이행,건조,맑음,교차로 - 교차로부근,건설기계,남,43세,상해없음,자전거,남,41세,경상
2015021300100272,2015년 2월 13일 12시,금요일,경상북도 안동시 태화동,경상사고,0,0,4,1,차대차 - 기타,직진우회전진행방해,건조,맑음,교차로 - 교차로안,승용,여,45세,부상신고,화물,남,51세,경상
2015021300100273,2015년 2월 13일 12시,금요일,경상북도 칠곡군 왜관읍,중상사고,0,1,0,0,차대차 - 기타,안전운전불이행,건조,맑음,단일로 - 기타,화물,남,50세,상해없음,자전거,여,67세,중상
2015021300100274,2015년 2월 13일 12시,금요일,경상북도 영천시 야사동,경상사고,0,0,1,0,차대차 - 정면충돌,안전운전불이행,건조,맑음,단일로 - 기타,원동기,남,70세,경상,승용,남,46세,상해없음
2015021300100275,2015년 2월 13일 12시,금요일,경상북도 문경시 영순면,경상사고,0,0,1,0,차대차 - 정면충돌,안전운전불이행,건조,맑음,단일로 - 기타,이륜,남,46세,경상,화물,남,42세,상해없음
2015021300100276,2015년 2월 13일 12시,금요일,경상북도 경산시 진량읍,중상사고,0,1,2,0,차대차 - 기타,안전운전불이행,건조,맑음,단일로 - 기타,승용,남,20세,상해없음,승합,남,26세,중상
2015021300100277,2015년 2월 13일 12시,금요일,경상북도 영양군 일월면,중상사고,0,1,3,0,차량단독 - 공작물충돌,안전운전불이행,건조,맑음,단일로 - 기타,화물,남,20세,경상,,,,
2015021300100310,2015년 2월 13일 13시,금요일,경상북도 구미시 선산읍,부상신고사고,0,0,0,1,차대차 - 기타,안전운전불이행,건조,맑음,교차로 - 교차로부근,원동기,남,52세,부상신고,승용,남,18세,상해없음
2015021300100347,2015년 2월 13일 14시,금요일,경상북도 경산시 남천면,사망사고,1,0,0,0,차대차 - 추돌 - 진행중,안전운전불이행,건조,맑음,단일로 - 기타,화물,남,63세,사망,특수,남,69세,상해없음
2015021300100373,2015년 2월 13일 15시,금요일,경상북도 경주시 감포읍,중상사고,0,1,0,1,차대차 - 기타,기타,건조,맑음,교차로 - 교차로안,승용,남,55세,상해없음,승용,여,48세,중상
2015021300100374,2015년 2월 13일 15시,금요일,경상북도 구미시 진평동,경상사고,0,0,2,0,차대차 - 측면직각충돌,안전운전불이행,건조,맑음,교차로 - 교차로안,승합,남,67세,상해없음,승용,남,38세,경상
2015021300100403,2015년 2월 13일 16시,금요일,경상북도 경주시 양남면,경상사고,0,0,1,0,차대차 - 추돌 - 진행중,중앙선침범,건조,맑음,단일로 - 기타,화물,남,30세,상해없음,원동기,남,41세,경상
2015021300100404,2015년 2월 13일 16시,금요일,경상북도 포항시 북구 죽도동,중상사고,0,2,0,0,차대차 - 기타,차로위반,건조,맑음,단일로 - 기타,승용,여,50세,상해없음,원동기,남,22세,중상
2015021300100405,2015년 2월 13일 16시,금요일,경상북도 안동시 예안면,경상사고,0,0,2,0,차대차 - 측면직각충돌,교차로운행방법위반,건조,맑음,교차로 - 교차로안,승용,남,54세,상해없음,승용,남,31세,경상
2015021300100406,2015년 2월 13일 16시,금요일,경상북도 예천군 예천읍,중상사고,0,1,0,0,차대사람 - 차도통행중,안전운전불이행,건조,맑음,교차로 - 교차로부근,승용,여,41세,상해없음,보행자,남,17세,중상
2015021300100445,2015년 2월 13일 17시,금요일,경상북도 경주시 성건동,경상사고,0,0,1,0,차대차 - 기타,안전운전불이행,건조,맑음,단일로 - 기타,승용,여,55세,상해없음,승용,남,78세,경상
2015021300100446,2015년 2월 13일 17시,금요일,경상북도 안동시 삼산동,경상사고,0,0,1,0,차대사람 - 기타,안전운전불이행,건조,맑음,단일로 - 기타,승합,남,42세,상해없음,보행자,남,43세,경상
2015021300100447,2015년 2월 13일 17시,금요일,경상북도 안동시 풍산읍,경상사고,0,0,1,0,차량단독 - 도로외이탈 - 기타,안전운전불이행,건조,맑음,단일로 - 기타,승용,여,23세,경상,,,,
2015021300100448,2015년 2월 13일 17시,금요일,경상북도 상주시 서성동,경상사고,0,0,1,0,차대차 - 측면직각충돌,안전운전불이행,건조,맑음,단일로 - 기타,승용,남,23세,상해없음,자전거,남,10세,경상
2015021300100449,2015년 2월 13일 17시,금요일,경상북도 영주시 가흥동,사망사고,1,0,0,0,차대차 - 측면직각충돌,안전운전불이행,건조,맑음,교차로 - 교차로안,이륜,남,64세,사망,화물,남,37세,상해없음
2015021300100450,2015년 2월 13일 17시,금요일,경상북도 영천시 금노동,경상사고,0,0,2,0,차대차 - 측면직각충돌,안전운전불이행,건조,맑음,단일로 - 기타,승용,남,68세,상해없음,화물,남,57세,경상
2015021300100493,2015년 2월 13일 18시,금요일,경상북도 경주시 용강동,경상사고,0,0,1,0,차대사람 - 차도통행중,안전운전불이행,건조,맑음,교차로 - 교차로안,화물,남,57세,상해없음,보행자,남,60세,경상
2015021300100494,2015년 2월 13일 18시,금요일,경상북도 칠곡군 동명면,중상사고,0,1,1,1,차대차 - 측면직각충돌,안전거리미확보,건조,맑음,교차로 - 교차로부근,승용,여,45세,부상신고,승용,남,55세,경상
2015021300100495,2015년 2월 13일 18시,금요일,경상북도 영천시 야사동,경상사고,0,0,1,0,차대사람 - 횡단중,안전운전불이행,건조,맑음,교차로 - 교차로안,승용,남,80세,상해없음,보행자,남,59세,경상
2015021300100496,2015년 2월 13일 18시,금요일,경상북도 경산시 정평동,경상사고,0,0,1,0,차대사람 - 기타,안전운전불이행,건조,맑음,단일로 - 기타,승용,여,61세,기타불명,보행자,남,18세,경상
2015021300100497,2015년 2월 13일 18시,금요일,경상북도 영덕군 강구면,부상신고사고,0,0,0,1,차대사람 - 기타,안전운전불이행,건조,맑음,단일로 - 기타,화물,남,44세,상해없음,보행자,남,53세,부상신고
2015021300100528,2015년 2월 13일 19시,금요일,경상북도 경주시 안강읍,중상사고,0,1,0,0,차대차 - 기타,안전운전불이행,습기,비,교차로 - 교차로안,이륜,남,60세,상해없음,자전거,남,79세,중상
2015021300100529,2015년 2월 13일 19시,금요일,경상북도 안동시 용상동,경상사고,0,0,1,0,차대차 - 기타,안전운전불이행,건조,맑음,단일로 - 기타,승합,남,55세,경상,승용,남,54세,상해없음
2015021300100530,2015년 2월 13일 19시,금요일,경상북도 구미시 구평동,경상사고,0,0,2,0,차대차 - 추돌 - 주정차중,안전거리미확보,건조,흐림,교차로 - 교차로부근,화물,남,53세,상해없음,승용,남,29세,경상
2015021300100531,2015년 2월 13일 19시,금요일,경상북도 포항시 남구 인덕동,중상사고,0,1,0,0,차대차 - 측면직각충돌,안전운전불이행,건조,맑음,단일로 - 기타,승합,남,46세,상해없음,승용,남,23세,중상
2015021300100602,2015년 2월 13일 21시,금요일,경상북도 구미시 인의동,경상사고,0,0,2,0,차대차 - 추돌 - 주정차중,안전거리미확보,건조,맑음,교차로 - 교차로부근,승용,남,30세,상해없음,승용,남,28세,경상
2015021300100636,2015년 2월 13일 22시,금요일,경상북도 포항시 북구 환호동,중상사고,0,1,0,0,차대사람 - 기타,안전운전불이행,건조,맑음,단일로 - 횡단보도상,원동기,남,22세,상해없음,보행자,남,58세,중상
2015021300100637,2015년 2월 13일 22시,금요일,경상북도 안동시 옥동,경상사고,0,0,1,0,차대차 - 기타,교차로운행방법위반,건조,맑음,교차로 - 교차로안,승용,남,57세,상해없음,원동기,남,29세,경상
2015021300100673,2015년 2월 13일 23시,금요일,경상북도 구미시 진평동,경상사고,0,0,1,0,차대차 - 측면직각충돌,안전거리미확보,건조,맑음,교차로 - 교차로부근,승용,남,60세,상해없음,승용,여,52세,경상
2015021400100027,2015년 2월 14일 00시,토요일,경상북도 구미시 산동면,경상사고,0,0,1,0,차대사람 - 기타,안전운전불이행,건조,맑음,기타 - 기타,승용,기타불명,기타불명,기타불명,보행자,남,59세,경상
2015021400100056,2015년 2월 14일 01시,토요일,경상북도 경산시 삼북동,경상사고,0,0,3,0,차대차 - 추돌 - 주정차중,안전운전불이행,건조,맑음,교차로 - 교차로부근,승용,남,27세,상해없음,승용,남,47세,경상
2015021400100096,2015년 2월 14일 04시,토요일,경상북도 포항시 남구 오천읍,경상사고,0,0,1,0,차량단독 - 공작물충돌,안전운전불이행,건조,맑음,단일로 - 기타,승용,남,30세,경상,,,,
2015021400100113,2015년 2월 14일 05시,토요일,경상북도 구미시 진평동,경상사고,0,0,2,0,차대차 - 측면직각충돌,안전운전불이행,건조,맑음,교차로 - 교차로부근,승용,여,18세,기타불명,승용,남,25세,경상
2015021400100133,2015년 2월 14일 06시,토요일,경상북도 구미시 진평동,경상사고,0,0,1,0,차대사람 - 횡단중,안전운전불이행,건조,맑음,기타 - 기타,승용,남,45세,상해없음,보행자,남,26세,경상
2015021400100157,2015년 2월 14일 08시,토요일,경상북도 포항시 북구 죽도동,중상사고,0,1,0,0,차대차 - 기타,중앙선침범,건조,맑음,단일로 - 기타,승용,남,59세,상해없음,원동기,남,24세,중상
2015021400100158,2015년 2월 14일 08시,토요일,경상북도 구미시 형곡동,중상사고,0,1,0,0,차대사람 - 길가장자리구역통행중,안전운전불이행,건조,맑음,단일로 - 기타,승용,남,43세,상해없음,보행자,여,79세,중상
2015021400100159,2015년 2월 14일 08시,토요일,경상북도 구미시 산동면,중상사고,0,1,0,0,차대차 - 정면충돌,중앙선침범,건조,맑음,단일로 - 기타,승용,여,51세,기타불명,화물,남,50세,중상
2015021400100160,2015년 2월 14일 08시,토요일,경상북도 구미시 공단동,경상사고,0,0,1,0,차대차 - 측면직각충돌,안전운전불이행,건조,맑음,단일로 - 기타,화물,남,52세,상해없음,승용,남,36세,경상
2015021400100215,2015년 2월 14일 10시,토요일,경상북도 포항시 북구 학산동,중상사고,0,1,0,0,차대사람 - 기타,보행자보호의무위반,건조,맑음,단일로 - 횡단보도상,화물,남,43세,상해없음,보행자,여,61세,중상
2015021400100242,2015년 2월 14일 11시,토요일,경상북도 경산시 중방동,경상사고,0,0,2,0,차대차 - 기타,차로위반,건조,맑음,단일로 - 기타,승용,남,72세,경상,승용,여,41세,경상
2015021400100243,2015년 2월 14일 11시,토요일,경상북도 예천군 감천면,중상사고,0,1,0,0,차량단독 - 도로외이탈 - 기타,안전운전불이행,건조,맑음,단일로 - 기타,원동기,남,79세,중상,,,,
2015021400100270,2015년 2월 14일 12시,토요일,경상북도 청도군 청도읍,중상사고,0,1,2,0,차대차 - 측면직각충돌,직진우회전진행방해,건조,맑음,교차로 - 교차로안,승용,여,35세,경상,승용,여,45세,중상
2015021400100271,2015년 2월 14일 12시,토요일,경상북도 구미시 원평동,중상사고,0,1,1,0,차대차 - 기타,교차로운행방법위반,건조,맑음,교차로 - 교차로안,승용,여,42세,상해없음,이륜,남,76세,중상
2015021400100308,2015년 2월 14일 13시,토요일,경상북도 경주시 노서동,중상사고,0,1,0,0,차대차 - 기타,안전운전불이행,건조,맑음,단일로 - 기타,승용,남,31세,상해없음,승합,남,54세,상해없음
2015021400100309,2015년 2월 14일 13시,토요일,경상북도 경주시 안강읍,중상사고,0,1,0,0,차대사람 - 차도통행중,안전운전불이행,건조,맑음,단일로 - 기타,승합,남,74세,상해없음,보행자,여,4세,중상
2015021400100310,2015년 2월 14일 13시,토요일,경상북도 포항시 남구 오천읍,부상신고사고,0,0,0,1,차대차 - 측면직각충돌,안전운전불이행,건조,맑음,교차로 - 교차로안,원동기,남,44세,부상신고,승용,남,61세,상해없음
2015021400100337,2015년 2월 14일 14시,토요일,경상북도 포항시 북구 죽도동,중상사고,0,1,0,0,차대사람 - 기타,안전운전불이행,건조,맑음,단일로 - 기타,승합,남,57세,상해없음,보행자,여,67세,중상
2015021400100338,2015년 2월 14일 14시,토요일,경상북도 구미시 신평동,경상사고,0,0,4,0,차대차 - 기타,교차로운행방법위반,건조,맑음,교차로 - 교차로안,승용,여,39세,기타불명,승용,남,35세,경상
2015021400100339,2015년 2월 14일 14시,토요일,경상북도 포항시 남구 상도동,경상사고,0,0,1,0,차대차 - 기타,중앙선침범,건조,맑음,단일로 - 기타,승용,남,46세,상해없음,승용,남,70세,경상
2015021400100359,2015년 2월 14일 15시,토요일,경상북도 안동시 옥동,경상사고,0,0,1,0,차대사람 - 기타,안전운전불이행,건조,맑음,단일로 - 기타,승용,여,47세,상해없음,보행자,남,18세,경상
2015021400100360,2015년 2월 14일 15시,토요일,경상북도 상주시 무양동,경상사고,0,0,1,0,차대차 - 측면직각충돌,교차로운행방법위반,건조,맑음,교차로 - 교차로안,승용,남,31세,상해없음,승용,남,47세,경상
2015021400100361,2015년 2월 14일 15시,토요일,경상북도 영양군 영양읍,경상사고,0,0,1,0,차대차 - 추돌 - 진행중,안전거리미확보,건조,맑음,단일로 - 기타,화물,여,47세,상해없음,승합,남,60세,경상
2015021400100362,2015년 2월 14일 15시,토요일,경상북도 포항시 남구 대송면,경상사고,0,0,1,0,차대차 - 기타,안전운전불이행,건조,맑음,교차로 - 교차로안,승용,여,27세,경상,승용,여,46세,상해없음
2015021400100428,2015년 2월 14일 17시,토요일,경상북도 경주시 성동동,경상사고,0,0,1,0,차대차 - 기타,안전운전불이행,건조,맑음,단일로 - 기타,승용,남,37세,상해없음,자전거,남,32세,경상
2015021400100429,2015년 2월 14일 17시,토요일,경상북도 안동시 운흥동,경상사고,0,0,1,0,차대차 - 기타,직진우회전진행방해,건조,맑음,교차로 - 교차로안,승용,남,59세,상해없음,승용,남,39세,경상
2015021400100430,2015년 2월 14일 17시,토요일,경상북도 상주시 청리면,부상신고사고,0,0,0,1,차량단독 - 전도전복,안전운전불이행,건조,맑음,교차로 - 교차로안,이륜,남,66세,부상신고,,,,
2015021400100431,2015년 2월 14일 17시,토요일,경상북도 의성군 봉양면,경상사고,0,0,1,0,차대차 - 측면직각충돌,중앙선침범,건조,맑음,단일로 - 기타,승용,남,53세,상해없음,승용,남,53세,상해없음
2015021400100462,2015년 2월 14일 18시,토요일,경상북도 안동시 송현동,경상사고,0,0,1,0,차대차 - 기타,안전거리미확보,건조,맑음,교차로 - 교차로부근,화물,남,58세,상해없음,승용,남,54세,경상
2015021400100463,2015년 2월 14일 18시,토요일,경상북도 문경시 산북면,중상사고,0,2,0,0,차대차 - 기타,안전운전불이행,건조,맑음,교차로 - 교차로부근,농기계,남,54세,중상,승용,남,60세,상해없음
2015021400100464,2015년 2월 14일 18시,토요일,경상북도 구미시 도량동,중상사고,0,1,0,0,차대차 - 기타,안전운전불이행,건조,맑음,단일로 - 기타,승용,남,59세,상해없음,이륜,남,54세,중상
2015021400100499,2015년 2월 14일 19시,토요일,경상북도 경주시 건천읍,경상사고,0,0,1,0,차대차 - 기타,안전운전불이행,건조,맑음,단일로 - 기타,승용,남,54세,상해없음,화물,남,58세,경상
2015021400100534,2015년 2월 14일 20시,토요일,경상북도 안동시 옥동,경상사고,0,0,1,1,차대차 - 기타,직진우회전진행방해,건조,맑음,교차로 - 교차로안,승용,여,52세,부상신고,승용,남,34세,경상