사고번호,사고일시,요일,시군구,사고내용,사망자수,중상자수,경상자수,부상신고자수,사고유형,법규위반,노면상태,기상상태,도로형태,가해운전자 차종,가해운전자 성별,가해운전자 연령,가해운전자 상해정도,피해운전자 차종,피해운전자 성별,피해운전자 연령,피해운전자 상해정도
2015022800100311,2015년 2월 28일 15시,토요일,경상북도 청송군 진보면,경상사고,0,0,1,0,차대차 - 측면직각충돌,중앙선침범,건조,맑음,교차로 - 교차로안,화물,남,44세,상해없음,화물,남,55세,경상
2015022800100333,2015년 2월 28일 16시,토요일,경상북도 영천시 문외동,중상사고,0,1,4,0,차대차 - 측면직각충돌,교차로운행방법위반,건조,흐림,교차로 - 교차로안,승용,남,47세,상해없음,승용,남,27세,경상
2015022800100360,2015년 2월 28일 17시,토요일,경상북도 군위군 효령면,경상사고,0,0,1,0,차대차 - 추돌 - 진행중,안전거리미확보,건조,흐림,단일로 - 횡단보도상,승용,남,27세,상해없음,승용,남,63세,경상
2015022800100361,2015년 2월 28일 17시,토요일,경상북도 포항시 남구 해도동,중상사고,0,1,0,0,차대차 - 측면직각충돌,중앙선침범,건조,맑음,단일로 - 기타,이륜,남,19세,상해없음,자전거,남,6세,중상
2015022800100395,2015년 2월 28일 18시,토요일,경상북도 포항시 북구 환호동,경상사고,0,0,1,0,차대차 - 기타,안전운전불이행,건조,맑음,단일로 - 기타,원동기,남,25세,경상,승합,남,53세,상해없음
2015022800100396,2015년 2월 28일 18시,토요일,경상북도 구미시 형곡동,중상사고,0,1,0,0,차대차 - 기타,안전거리미확보,습기,비,단일로 - 기타,승합,남,53세,상해없음,원동기,남,34세,중상
2015022800100397,2015년 2월 28일 18시,토요일,경상북도 포항시 남구 연일읍,중상사고,0,1,0,0,차대차 - 기타,안전운전불이행,습기,비,교차로 - 교차로안,승용,기타불명,기타불명,기타불명,원동기,남,54세,중상
2015022800100438,2015년 2월 28일 19시,토요일,경상북도 포항시 북구 장성동,중상사고,0,1,0,0,차대차 - 기타,안전운전불이행,건조,맑음,교차로 - 교차로안,승용,남,32세,상해없음,승용,남,58세,상해없음
2015022800100439,2015년 2월 28일 19시,토요일,경상북도 안동시 수상동,경상사고,0,0,2,0,차대차 - 추돌 - 진행중,안전운전불이행,건조,흐림,단일로 - 기타,화물,남,58세,상해없음,승용,남,47세,경상
2015022800100440,2015년 2월 28일 19시,토요일,경상북도 경산시 용성면,경상사고,0,0,1,0,차량단독 - 공작물충돌,안전운전불이행,건조,맑음,단일로 - 기타,승용,남,44세,경상,,,,
2015022800100441,2015년 2월 28일 19시,토요일,경상북도 구미시 비산동,경상사고,0,0,2,0,차대차 - 기타,교차로운행방법위반,건조,기타,교차로 - 교차로안,승용,남,32세,상해없음,승용,남,33세,경상
2015022800100442,2015년 2월 28일 19시,토요일,경상북도 구미시 신평동,경상사고,0,0,1,0,차대차 - 기타,안전거리미확보,습기,비,교차로 - 교차로부근,승합,남,56세,상해없음,승용,여,46세,경상
2015022800100443,2015년 2월 28일 19시,토요일,경상북도 구미시 인의동,경상사고,0,0,2,1,차대차 - 기타,교차로운행방법위반,습기,비,교차로 - 교차로안,이륜,남,26세,부상신고,승용,여,20세,경상
2015022800100444,2015년 2월 28일 19시,토요일,경상북도 구미시 봉곡동,중상사고,0,1,0,0,차대사람 - 횡단중,보행자보호의무위반,습기,비,단일로 - 횡단보도상,승용,여,43세,상해없음,보행자,남,7세,중상
2015022800100445,2015년 2월 28일 19시,토요일,경상북도 구미시 옥계동,경상사고,0,0,1,0,차대차 - 기타,안전운전불이행,습기,비,교차로 - 교차로안,승합,여,54세,기타불명,이륜,남,40세,경상
2015022800100475,2015년 2월 28일 20시,토요일,경상북도 경주시 배반동,중상사고,0,3,3,0,차대차 - 추돌 - 주정차중,안전운전불이행,습기,비,교차로 - 교차로부근,화물,남,43세,상해없음,승용,남,57세,중상
2015022800100507,2015년 2월 28일 21시,토요일,경상북도 영덕군 지품면,중상사고,0,1,0,1,차대차 - 측면직각충돌,기타,습기,비,교차로 - 교차로안,승용,남,26세,부상신고,승용,남,55세,중상
2015022800100508,2015년 2월 28일 21시,토요일,경상북도 구미시 도량동,중상사고,0,1,0,0,차대사람 - 기타,안전운전불이행,건조,맑음,교차로 - 교차로부근,승용,여,29세,상해없음,보행자,남,49세,중상
2015022800100583,2015년 2월 28일 23시,토요일,경상북도 포항시 북구 학산동,경상사고,0,0,1,0,차대사람 - 기타,안전운전불이행,습기,비,단일로 - 횡단보도상,승용,남,52세,상해없음,보행자,남,57세,경상
2015022800100584,2015년 2월 28일 23시,토요일,경상북도 경산시 조영동,경상사고,0,0,1,0,차대사람 - 기타,안전운전불이행,습기,눈,단일로 - 기타,승용,남,36세,상해없음,보행자,남,25세,경상
2015022800100585,2015년 2월 28일 23시,토요일,경상북도 구미시 원평동,중상사고,0,1,1,0,차대사람 - 횡단중,신호위반,결빙,눈,교차로 - 교차로안,승합,남,46세,상해없음,보행자,남,35세,경상
2015030100100013,2015년 3월 1일 00시,일요일,경상북도 경주시 산내면,중상사고,0,1,1,0,차대차 - 정면충돌,중앙선침범,적설,눈,단일로 - 기타,승용,남,79세,상해없음,승용,여,39세,중상
2015030100100014,2015년 3월 1일 00시,일요일,경상북도 칠곡군 왜관읍,경상사고,0,0,2,0,차대사람 - 기타,안전운전불이행,습기,눈,기타 - 기타,승용,남,39세,상해없음,보행자,여,40세,경상
2015030100100015,2015년 3월 1일 00시,일요일,경상북도 구미시 옥계동,중상사고,0,2,0,0,차대차 - 추돌 - 진행중,안전운전불이행,결빙,눈,교차로 - 교차로부근,승용,남,26세,상해없음,승용,여,23세,중상
2015030100100016,2015년 3월 1일 00시,일요일,경상북도 포항시 남구 해도동,경상사고,0,0,1,0,차대사람 - 기타,안전운전불이행,습기,비,단일로 - 기타,승용,남,66세,상해없음,보행자,남,59세,경상
2015030100100035,2015년 3월 1일 01시,일요일,경상북도 포항시 남구 효자동,경상사고,0,0,2,0,차대차 - 기타,안전운전불이행,습기,비,교차로 - 교차로부근,승용,남,31세,상해없음,승용,남,67세,경상
2015030100100054,2015년 3월 1일 02시,일요일,경상북도 상주시 함창읍,부상신고사고,0,0,0,1,차량단독 - 공작물충돌,안전운전불이행,적설,눈,단일로 - 기타,화물,남,54세,부상신고,,,,
2015030100100055,2015년 3월 1일 02시,일요일,경상북도 영양군 입암면,중상사고,0,1,0,0,차량단독 - 공작물충돌,안전운전불이행,결빙,눈,단일로 - 기타,승용,여,46세,중상,,,,
2015030100100073,2015년 3월 1일 03시,일요일,경상북도 경주시 안강읍,사망사고,1,0,0,0,차대사람 - 기타,안전운전불이행,습기,비,단일로 - 기타,승용,여,49세,상해없음,보행자,남,43세,사망
2015030100100095,2015년 3월 1일 05시,일요일,경상북도 구미시 거의동,부상신고사고,0,0,0,1,차대차 - 기타,안전운전불이행,습기,비,단일로 - 기타,이륜,남,53세,부상신고,화물,남,23세,상해없음
2015030100100121,2015년 3월 1일 07시,일요일,경상북도 경산시 대평동,경상사고,0,0,1,0,차대차 - 기타,신호위반,습기,흐림,교차로 - 교차로부근,승용,여,52세,상해없음,승용,여,51세,경상
2015030100100122,2015년 3월 1일 07시,일요일,경상북도 구미시 공단동,경상사고,0,0,1,0,차대차 - 기타,안전운전불이행,습기,비,단일로 - 기타,승용,남,29세,상해없음,승용,남,36세,경상
2015030100100149,2015년 3월 1일 09시,일요일,경상북도 경주시 양남면,경상사고,0,0,1,1,차대차 - 기타,중앙선침범,습기,흐림,단일로 - 기타,승용,남,59세,부상신고,승용,여,37세,경상
2015030100100150,2015년 3월 1일 09시,일요일,경상북도 경주시 인왕동,중상사고,0,2,1,2,차대차 - 기타,신호위반,습기,맑음,교차로 - 교차로안,승용,남,71세,상해없음,승용,남,75세,상해없음
2015030100100182,2015년 3월 1일 12시,일요일,경상북도 의성군 봉양면,경상사고,0,0,1,0,차대차 - 측면직각충돌,직진우회전진행방해,건조,맑음,교차로 - 교차로안,승용,남,58세,상해없음,승용,남,77세,경상
2015030100100183,2015년 3월 1일 12시,일요일,경상북도 영주시 가흥동,경상사고,0,0,1,0,차대차 - 측면직각충돌,중앙선침범,건조,맑음,단일로 - 기타,승합,남,43세,상해없음,이륜,남,31세,경상
2015030100100184,2015년 3월 1일 12시,일요일,경상북도 청도군 청도읍,중상사고,0,5,1,0,차대차 - 정면충돌,중앙선침범,건조,맑음,단일로 - 기타,승용,여,61세,상해없음,승용,남,56세,중상
2015030100100207,2015년 3월 1일 13시,일요일,경상북도 칠곡군 왜관읍,중상사고,0,1,0,0,차대사람 - 횡단중,안전운전불이행,건조,맑음,단일로 - 기타,승용,남,52세,상해없음,보행자,남,11세,중상
2015030100100208,2015년 3월 1일 13시,일요일,경상북도 영천시 금호읍,경상사고,0,0,1,0,차량단독 - 공작물충돌,안전운전불이행,건조,맑음,단일로 - 기타,승용,남,37세,경상,,,,
2015030100100209,2015년 3월 1일 13시,일요일,경상북도 청도군 풍각면,경상사고,0,0,1,0,차대차 - 측면직각충돌,안전운전불이행,건조,맑음,단일로 - 기타,원동기,남,62세,경상,승용,남,65세,상해없음
2015030100100210,2015년 3월 1일 13시,일요일,경상북도 성주군 선남면,경상사고,0,0,3,0,차대차 - 기타,신호위반,건조,맑음,교차로 - 교차로안,화물,남,40세,상해없음,승용,남,72세,경상
2015030100100211,2015년 3월 1일 13시,일요일,경상북도 울진군 후포면,중상사고,0,1,0,0,차대사람 - 기타,안전운전불이행,건조,맑음,단일로 - 기타,승용,남,50세,상해없음,보행자,남,64세,중상
2015030100100233,2015년 3월 1일 14시,일요일,경상북도 상주시 성동동,부상신고사고,0,0,0,1,차대차 - 측면직각충돌,안전운전불이행,건조,맑음,교차로 - 교차로안,이륜,여,74세,부상신고,화물,남,30세,상해없음
2015030100100234,2015년 3월 1일 14시,일요일,경상북도 경산시 사동,경상사고,0,0,1,0,차대차 - 추돌 - 주정차중,안전운전불이행,건조,맑음,단일로 - 기타,승용,남,33세,상해없음,승용,여,38세,경상
2015030100100235,2015년 3월 1일 14시,일요일,경상북도 청도군 금천면,중상사고,0,2,0,0,차대차 - 측면직각충돌,안전운전불이행,건조,맑음,단일로 - 기타,원동기,남,84세,중상,승용,남,63세,상해없음
2015030100100259,2015년 3월 1일 15시,일요일,경상북도 경주시 황성동,경상사고,0,0,1,0,차대차 - 기타,안전운전불이행,건조,맑음,교차로 - 교차로안,원동기,남,17세,경상,승용,남,62세,상해없음
2015030100100260,2015년 3월 1일 15시,일요일,경상북도 칠곡군 동명면,중상사고,0,1,2,0,차대차 - 측면직각충돌,안전거리미확보,건조,맑음,단일로 - 기타,승용,남,72세,상해없음,승합,남,43세,상해없음
2015030100100280,2015년 3월 1일 16시,일요일,경상북도 경주시 내남면,중상사고,0,1,0,0,차량단독 - 공작물충돌,안전운전불이행,건조,맑음,단일로 - 기타,승합,남,59세,중상,,,,
2015030100100281,2015년 3월 1일 16시,일요일,경상북도 영덕군 강구면,경상사고,0,0,1,0,차대차 - 추돌 - 주정차중,안전운전불이행,건조,맑음,교차로 - 교차로부근,승용,남,60세,상해없음,승용,여,45세,경상
2015030100100282,2015년 3월 1일 16시,일요일,경상북도 예천군 예천읍,중상사고,0,1,0,0,차대사람 - 횡단중,안전운전불이행,건조,맑음,단일로 - 기타,승용,남,43세,상해없음,보행자,남,79세,중상
2015030100100283,2015년 3월 1일 16시,일요일,경상북도 청도군 청도읍,중상사고,0,1,0,0,차대사람 - 기타,안전운전불이행,건조,맑음,단일로 - 기타,화물,남,64세,상해없음,보행자,남,65세,중상
2015030100100308,2015년 3월 1일 17시,일요일,경상북도 경산시 압량면,경상사고,0,0,2,0,차대차 - 기타,안전운전불이행,건조,맑음,단일로 - 기타,승용,여,46세,상해없음,승용,남,40세,경상
2015030100100309,2015년 3월 1일 17시,일요일,경상북도 청도군 청도읍,중상사고,0,1,0,0,차대사람 - 횡단중,안전운전불이행,건조,맑음,교차로 - 교차로안,화물,남,53세,상해없음,보행자,남,76세,중상
2015030100100310,2015년 3월 1일 17시,일요일,경상북도 구미시 봉곡동,부상신고사고,0,0,0,1,차대차 - 기타,안전운전불이행,건조,맑음,교차로 - 교차로부근,이륜,남,16세,부상신고,화물,남,37세,상해없음
2015030100100311,2015년 3월 1일 17시,일요일,경상북도 구미시 옥성면,경상사고,0,0,2,0,차대차 - 추돌 - 진행중,안전운전불이행,건조,맑음,단일로 - 기타,승용,남,25세,상해없음,승용,남,29세,경상
2015030100100333,2015년 3월 1일 18시,일요일,경상북도 포항시 북구 장성동,경상사고,0,0,1,0,차량단독 - 기타,기타,건조,맑음,단일로 - 기타,승합,남,54세,상해없음,,,,
2015030100100334,2015년 3월 1일 18시,일요일,경상북도 안동시 도산면,중상사고,0,3,2,0,차대차 - 정면충돌,중앙선침범,건조,맑음,단일로 - 교량,승용,남,21세,경상,승용,여,55세,중상
2015030100100335,2015년 3월 1일 18시,일요일,경상북도 상주시 공검면,경상사고,0,0,2,0,차대차 - 추돌 - 진행중,안전거리미확보,건조,맑음,단일로 - 기타,승용,여,35세,경상,농기계,남,55세,경상
2015030100100336,2015년 3월 1일 18시,일요일,경상북도 경산시 중방동,경상사고,0,0,1,0,차대차 - 기타,안전운전불이행,건조,맑음,교차로 - 교차로부근,승용,남,61세,기타불명,화물,남,60세,경상
2015030100100337,2015년 3월 1일 18시,일요일,경상북도 구미시 송정동,중상사고,0,1,0,0,차대차 - 기타,안전운전불이행,건조,맑음,교차로 - 교차로부근,승용,남,47세,상해없음,이륜,남,49세,중상
2015030100100363,2015년 3월 1일 19시,일요일,경상북도 포항시 북구 양덕동,경상사고,0,0,1,0,차대차 - 기타,차로위반,건조,맑음,교차로 - 교차로부근,승용,남,53세,상해없음,승용,여,44세,경상
2015030100100364,2015년 3월 1일 19시,일요일,경상북도 성주군 선남면,중상사고,0,2,0,0,차대사람 - 기타,안전운전불이행,건조,맑음,기타 - 기타,화물,남,53세,상해없음,보행자,여,72세,중상
2015030100100365,2015년 3월 1일 19시,일요일,경상북도 구미시 원평동,경상사고,0,0,1,0,차대차 - 기타,중앙선침범,건조,맑음,단일로 - 기타,자전거,남,24세,경상,원동기,남,20세,상해없음
2015030100100393,2015년 3월 1일 20시,일요일,경상북도 포항시 북구 송라면,경상사고,0,0,2,0,차대차 - 기타,안전운전불이행,건조,흐림,단일로 - 기타,화물,남,54세,상해없음,승용,남,40세,경상
2015030100100394,2015년 3월 1일 20시,일요일,경상북도 영주시 이산면,사망사고,1,0,0,0,차대차 - 추돌 - 진행중,안전운전불이행,건조,맑음,단일로 - 기타,화물,남,54세,상해없음,자전거,남,65세,사망
2015030100100428,2015년 3월 1일 22시,일요일,경상북도 경주시 석장동,부상신고사고,0,0,0,1,차대차 - 기타,안전운전불이행,건조,맑음,교차로 - 교차로안,이륜,남,20세,부상신고,승용,남,49세,상해없음
2015030100100438,2015년 3월 1일 23시,일요일,경상북도 영주시 휴천동,경상사고,0,0,1,0,차대차 - 측면직각충돌,안전운전불이행,건조,맑음,교차로 - 교차로안,승용,남,55세,상해없음,이륜,남,30세,경상
2015030100100439,2015년 3월 1일 23시,일요일,경상북도 포항시 남구 장흥동,경상사고,0,0,1,0,차대차 - 추돌 - 주정차중,안전운전불이행,건조,맑음,단일로 - 기타,화물,남,58세,경상,화물,남,53세,기타불명
2015030200100006,2015년 3월 2일 00시,월요일,경상북도 포항시 북구 죽도동,경상사고,0,0,1,0,차대차 - 기타,교차로운행방법위반,건조,맑음,단일로 - 기타,승용,남,46세,상해없음,승용,남,62세,경상
2015030200100026,2015년 3월 2일 02시,월요일,경상북도 구미시 옥계동,중상사고,0,1,0,0,차대차 - 추돌 - 주정차중,안전운전불이행,건조,맑음,기타 - 기타,승용,남,33세,상해없음,승용,남,40세,중상
2015030200100027,2015년 3월 2일 02시,월요일,경상북도 포항시 남구 청림동,중상사고,0,1,0,0,차대차 - 측면직각충돌,신호위반,건조,맑음,교차로 - 교차로안,승용,남,26세,상해없음,승용,남,62세,중상
2015030200100116,2015년 3월 2일 08시,월요일,경상북도 안동시 남후면,경상사고,0,0,1,0,차대차 - 추돌 - 진행중,안전거리미확보,건조,맑음,단일로 - 기타,화물,남,55세,상해없음,승용,남,64세,경상
2015030200100117,2015년 3월 2일 08시,월요일,경상북도 영주시 휴천동,경상사고,0,0,1,0,차대차 - 측면직각충돌,안전운전불이행,건조,맑음,단일로 - 기타,승용,여,41세,상해없음,승용,남,25세,경상
2015030200100118,2015년 3월 2일 08시,월요일,경상북도 청도군 풍각면,경상사고,0,0,1,0,차대차 - 측면직각충돌,교차로운행방법위반,건조,맑음,교차로 - 교차로안,화물,남,42세,상해없음,승용,남,39세,경상
2015030200100153,2015년 3월 2일 09시,월요일,경상북도 영주시 이산면,중상사고,0,1,2,0,차대차 - 측면직각충돌,안전운전불이행,건조,맑음,교차로 - 교차로안,화물,남,53세,상해없음,승용,남,34세,경상
2015030200100154,2015년 3월 2일 09시,월요일,경상북도 영주시 휴천동,중상사고,0,1,0,0,차대차 - 측면직각충돌,안전운전불이행,건조,맑음,단일로 - 횡단보도상,화물,남,59세,상해없음,자전거,여,58세,중상
2015030200100155,2015년 3월 2일 09시,월요일,경상북도 구미시 양호동,경상사고,0,0,1,0,차대사람 - 기타,안전운전불이행,건조,흐림,단일로 - 기타,승용,남,57세,상해없음,보행자,여,19세,경상
2015030200100254,2015년 3월 2일 12시,월요일,경상북도 포항시 북구 우현동,중상사고,0,1,0,0,차대차 - 기타,안전거리미확보,건조,맑음,단일로 - 기타,승용,남,44세,상해없음,승용,여,40세,중상
2015030200100255,2015년 3월 2일 12시,월요일,경상북도 김천시 남산동,중상사고,0,1,0,0,차대사람 - 횡단중,안전운전불이행,건조,맑음,단일로 - 기타,승용,남,76세,상해없음,보행자,여,83세,중상
2015030200100256,2015년 3월 2일 12시,월요일,경상북도 경산시 조영동,경상사고,0,0,1,0,차대차 - 기타,안전운전불이행,건조,맑음,단일로 - 기타,이륜,남,19세,상해없음,이륜,남,40세,경상
2015030200100257,2015년 3월 2일 12시,월요일,경상북도 예천군 예천읍,중상사고,0,1,0,0,차대차 - 측면직각충돌,안전운전불이행,건조,맑음,교차로 - 교차로안,화물,남,74세,상해없음,이륜,남,82세,중상
2015030200100258,2015년 3월 2일 12시,월요일,경상북도 구미시 산동면,중상사고,0,1,0,0,차대차 - 기타,안전운전불이행,건조,맑음,단일로 - 기타,승용,여,48세,상해없음,화물,남,68세,중상
2015030200100291,2015년 3월 2일 13시,월요일,경상북도 칠곡군 동명면,경상사고,0,0,3,1,차대차 - 추돌 - 주정차중,안전운전불이행,건조,맑음,교차로 - 교차로부근,화물,남,72세,부상신고,승용,여,59세,경상
2015030200100292,2015년 3월 2일 13시,월요일,경상북도 영천시 교촌동,중상사고,0,1,1,0,차대차 - 측면직각충돌,교차로운행방법위반,건조,맑음,교차로 - 교차로안,승용,남,66세,경상,승합,남,54세,중상
2015030200100293,2015년 3월 2일 13시,월요일,경상북도 경산시 와촌면,중상사고,0,2,0,0,차량단독 - 공작물충돌,안전운전불이행,건조,맑음,단일로 - 기타,승용,남,19세,중상,,,,
2015030200100331,2015년 3월 2일 14시,월요일,경상북도 포항시 북구 대흥동,중상사고,0,1,0,0,차대차 - 기타,안전운전불이행,건조,맑음,단일로 - 기타,승합,남,49세,상해없음,원동기,남,78세,중상
2015030200100332,2015년 3월 2일 14시,월요일,경상북도 경산시 갑제동,경상사고,0,0,1,0,차대차 - 기타,안전운전불이행,건조,맑음,단일로 - 기타,승용,남,46세,경상,승용,여,61세,상해없음
2015030200100333,2015년 3월 2일 14시,월요일,경상북도 영양군 영양읍,경상사고,0,0,1,0,차대차 - 측면직각충돌,교차로운행방법위반,건조,맑음,교차로 - 교차로안,승용,여,52세,상해없음,이륜,남,76세,경상
2015030200100334,2015년 3월 2일 14시,월요일,경상북도 구미시 도량동,경상사고,0,0,1,0,차량단독 - 기타,안전운전불이행,건조,맑음,교차로 - 교차로부근,승용,여,63세,경상,,,,
2015030200100363,2015년 3월 2일 15시,월요일,경상북도 안동시 송현동,경상사고,0,0,2,0,차대차 - 기타,안전운전불이행,건조,맑음,단일로 - 기타,승용,여,54세,상해없음,승용,여,46세,경상
2015030200100364,2015년 3월 2일 15시,월요일,경상북도 예천군 예천읍,중상사고,0,2,1,0,차대차 - 측면직각충돌,신호위반,건조,맑음,교차로 - 교차로안,승용,여,54세,경상,화물,남,36세,상해없음
2015030200100365,2015년 3월 2일 15시,월요일,경상북도 울진군 근남면,사망사고,1,0,0,0,차량단독 - 공작물충돌,안전운전불이행,건조,맑음,교차로 - 교차로안,이륜,남,72세,사망,,,,
2015030200100366,2015년 3월 2일 15시,월요일,경상북도 포항시 남구 구룡포읍,중상사고,0,1,0,0,차대차 - 측면직각충돌,안전운전불이행,건조,맑음,교차로 - 교차로부근,승용,남,40세,상해없음,이륜,남,85세,중상
2015030200100397,2015년 3월 2일 16시,월요일,경상북도 영천시 망정동,중상사고,0,1,0,0,차대사람 - 길가장자리구역통행중,안전운전불이행,건조,맑음,단일로 - 기타,화물,남,62세,상해없음,보행자,남,14세,중상
2015030200100398,2015년 3월 2일 16시,월요일,경상북도 봉화군 명호면,경상사고,0,0,1,0,차량단독 - 도로외이탈 - 추락,안전운전불이행,건조,맑음,단일로 - 기타,승용,남,67세,경상,,,,
2015030200100425,2015년 3월 2일 17시,월요일,경상북도 영천시 문외동,경상사고,0,0,1,0,차대사람 - 횡단중,안전운전불이행,건조,맑음,단일로 - 기타,승용,여,70세,상해없음,보행자,여,73세,경상
2015030200100426,2015년 3월 2일 17시,월요일,경상북도 구미시 선산읍,중상사고,0,1,0,0,차대차 - 기타,안전운전불이행,건조,맑음,교차로 - 교차로안,화물,남,54세,상해없음,화물,남,75세,상해없음
2015030200100427,2015년 3월 2일 17시,월요일,경상북도 구미시 고아읍,중상사고,0,1,0,0,차대차 - 기타,안전운전불이행,건조,맑음,교차로 - 교차로부근,승용,남,57세,상해없음,자전거,여,61세,중상
2015030200100494,2015년 3월 2일 19시,월요일,경상북도 영천시 금호읍,경상사고,0,0,1,0,차대차 - 측면직각충돌,안전거리미확보,건조,맑음,단일로 - 기타,화물,남,33세,상해없음,승용,여,42세,경상
2015030200100495,2015년 3월 2일 19시,월요일,경상북도 포항시 남구 송도동,중상사고,0,2,0,0,차대차 - 기타,교차로운행방법위반,건조,맑음,교차로 - 교차로안,승용,남,18세,상해없음,승용,여,59세,중상
2015030200100524,2015년 3월 2일 20시,월요일,경상북도 경주시 성동동,중상사고,0,1,0,0,차대사람 - 기타,안전운전불이행,건조,맑음,단일로 - 기타,승용,남,32세,상해없음,보행자,남,42세,중상
2015030200100553,2015년 3월 2일 21시,월요일,경상북도 청도군 화양읍,중상사고,0,1,1,0,차대차 - 측면직각충돌,신호위반,건조,맑음,교차로 - 교차로안,승용,여,53세,경상,화물,남,50세,중상
2015030200100572,2015년 3월 2일 22시,월요일,경상북도 안동시 태화동,경상사고,0,0,2,0,차대차 - 추돌 - 진행중,안전운전불이행,건조,맑음,단일로 - 기타,승용,여,24세,상해없음,승용,남,22세,경상
2015030200100573,2015년 3월 2일 22시,월요일,경상북도 구미시 진평동,경상사고,0,0,1,0,차대차 - 기타,안전운전불이행,건조,맑음,교차로 - 교차로안,화물,남,45세,상해없음,승용,남,47세,상해없음
2015030200100574,2015년 3월 2일 22시,월요일,경상북도 문경시 문경읍,경상사고,0,0,3,0,차대차 - 기타,안전거리미확보,건조,맑음,단일로 - 터널,화물,남,38세,상해없음,승용,남,31세,경상
2015030200100589,2015년 3월 2일 23시,월요일,경상북도 칠곡군 왜관읍,경상사고,0,0,2,0,차대차 - 기타,신호위반,건조,흐림,교차로 - 교차로안,승용,남,56세,상해없음,승용,남,22세,경상
2015030300100037,2015년 3월 3일 04시,화요일,경상북도 칠곡군 왜관읍,중상사고,0,1,0,0,차대차 - 기타,안전운전불이행,건조,흐림,교차로 - 교차로부근,특수,남,66세,상해없음,이륜,남,50세,중상
2015030300100049,2015년 3월 3일 05시,화요일,경상북도 칠곡군 가산면,중상사고,0,1,0,0,차대사람 - 횡단중,보행자보호의무위반,건조,흐림,교차로 - 교차로부근,승용,여,45세,상해없음,보행자,남,38세,중상
2015030300100057,2015년 3월 3일 06시,화요일,경상북도 경산시 자인면,경상사고,0,0,2,0,차대차 - 기타,안전운전불이행,건조,맑음,교차로 - 교차로안,화물,남,70세,상해없음,승용,남,26세,경상
2015030300100077,2015년 3월 3일 07시,화요일,경상북도 경주시 건천읍,경상사고,0,0,1,0,차대차 - 기타,신호위반,건조,흐림,교차로 - 교차로안,승용,남,54세,상해없음,승용,남,31세,경상
2015030300100078,2015년 3월 3일 07시,화요일,경상북도 예천군 예천읍,중상사고,0,1,0,0,차대차 - 측면직각충돌,안전운전불이행,건조,맑음,단일로 - 기타,특수,남,37세,상해없음,이륜,남,69세,중상
2015030300100107,2015년 3월 3일 08시,화요일,경상북도 경주시 시래동,경상사고,0,0,1,0,차대차 - 기타,안전운전불이행,건조,흐림,교차로 - 교차로안,원동기,남,28세,경상,승용,여,31세,상해없음
2015030300100130,2015년 3월 3일 09시,화요일,경상북도 칠곡군 가산면,경상사고,0,0,2,0,차대차 - 측면직각충돌,안전거리미확보,건조,맑음,단일로 - 기타,화물,남,73세,경상,승용,여,42세,경상
2015030300100131,2015년 3월 3일 09시,화요일,경상북도 경산시 사동,중상사고,0,1,1,0,차대차 - 측면직각충돌,직진우회전진행방해,습기,눈,교차로 - 교차로안,승용,남,24세,중상,승용,여,59세,경상
2015030300100155,2015년 3월 3일 10시,화요일,경상북도 안동시 남문동,사망사고,1,0,0,0,차대차 - 기타,안전운전불이행,건조,맑음,교차로 - 교차로안,자전거,남,89세,사망,승용,여,34세,상해없음
2015030300100156,2015년 3월 3일 10시,화요일,경상북도 예천군 예천읍,중상사고,0,1,0,0,차대차 - 측면직각충돌,안전운전불이행,건조,맑음,교차로 - 교차로안,건설기계,남,34세,상해없음,이륜,남,75세,중상
2015030300100178,2015년 3월 3일 11시,화요일,경상북도 경주시 석장동,경상사고,0,0,1,0,차대사람 - 기타,안전운전불이행,습기,비,기타 - 기타,승용,남,71세,상해없음,보행자,남,81세,경상
2015030300100179,2015년 3월 3일 11시,화요일,경상북도 영주시 휴천동,중상사고,0,1,0,0,차대차 - 측면직각충돌,안전운전불이행,건조,맑음,교차로 - 교차로안,승용,남,37세,상해없음,이륜,남,67세,중상
2015030300100202,2015년 3월 3일 12시,화요일,경상북도 봉화군 봉화읍,중상사고,0,1,0,0,차대사람 - 횡단중,안전운전불이행,건조,맑음,단일로 - 기타,승용,여,33세,상해없음,보행자,여,77세,중상
2015030300100203,2015년 3월 3일 12시,화요일,경상북도 구미시 진평동,경상사고,0,0,1,0,차대사람 - 기타,안전운전불이행,건조,흐림,단일로 - 기타,승용,여,43세,상해없음,보행자,남,23세,경상
2015030300100204,2015년 3월 3일 12시,화요일,경상북도 포항시 남구 오천읍,중상사고,0,1,3,0,차대차 - 기타,안전운전불이행,습기,비,단일로 - 기타,승용,여,32세,상해없음,승용,남,62세,경상
2015030300100235,2015년 3월 3일 13시,화요일,경상북도 경주시 성건동,중상사고,0,1,0,0,차대차 - 기타,안전운전불이행,건조,맑음,교차로 - 교차로안,승용,여,57세,상해없음,원동기,남,29세,중상
2015030300100236,2015년 3월 3일 13시,화요일,경상북도 문경시 흥덕동,중상사고,0,1,0,0,차대차 - 측면직각충돌,교차로운행방법위반,건조,맑음,교차로 - 교차로안,원동기,남,75세,중상,승용,남,62세,상해없음
2015030300100258,2015년 3월 3일 14시,화요일,경상북도 구미시 황상동,중상사고,0,1,0,0,차대차 - 기타,안전운전불이행,습기,비,교차로 - 교차로안,승용,여,36세,상해없음,원동기,여,53세,중상
2015030300100283,2015년 3월 3일 15시,화요일,경상북도 경주시 용강동,경상사고,0,0,1,0,차대차 - 측면직각충돌,기타,습기,비,단일로 - 횡단보도상,승용,여,40세,상해없음,자전거,남,9세,경상