사고번호,사고일시,요일,시군구,사고내용,사망자수,중상자수,경상자수,부상신고자수,사고유형,법규위반,노면상태,기상상태,도로형태,가해운전자 차종,가해운전자 성별,가해운전자 연령,가해운전자 상해정도,피해운전자 차종,피해운전자 성별,피해운전자 연령,피해운전자 상해정도
2015030300100284,2015년 3월 3일 15시,화요일,경상북도 포항시 북구 득량동,경상사고,0,0,1,0,차대차 - 측면직각충돌,교차로운행방법위반,건조,맑음,교차로 - 교차로안,승용,남,60세,상해없음,승용,남,40세,경상
2015030300100285,2015년 3월 3일 15시,화요일,경상북도 상주시 함창읍,경상사고,0,0,2,0,차대차 - 기타,중앙선침범,건조,맑음,교차로 - 교차로부근,승용,남,62세,상해없음,화물,남,34세,경상
2015030300100286,2015년 3월 3일 15시,화요일,경상북도 문경시 흥덕동,중상사고,0,1,0,0,차대차 - 기타,안전운전불이행,건조,맑음,교차로 - 교차로안,승용,남,40세,상해없음,원동기,남,81세,중상
2015030300100287,2015년 3월 3일 15시,화요일,경상북도 경산시 진량읍,경상사고,0,0,1,0,차대차 - 기타,안전운전불이행,습기,비,단일로 - 기타,승용,남,42세,경상,승용,남,51세,기타불명
2015030300100288,2015년 3월 3일 15시,화요일,경상북도 구미시 구평동,중상사고,0,1,0,0,차대차 - 기타,안전운전불이행,건조,흐림,교차로 - 교차로부근,건설기계,남,50세,상해없음,승용,남,78세,중상
2015030300100289,2015년 3월 3일 15시,화요일,경상북도 구미시 선산읍,중상사고,0,1,1,0,차대차 - 기타,신호위반,건조,맑음,교차로 - 교차로안,화물,남,22세,상해없음,승용,남,27세,중상
2015030300100320,2015년 3월 3일 16시,화요일,경상북도 경산시 하양읍,경상사고,0,0,1,0,차대차 - 기타,안전운전불이행,건조,기타,교차로 - 교차로안,승용,남,51세,상해없음,승용,남,40세,경상
2015030300100321,2015년 3월 3일 16시,화요일,경상북도 구미시 원평동,경상사고,0,0,1,0,차대차 - 기타,신호위반,건조,맑음,교차로 - 교차로안,승용,여,53세,상해없음,승용,여,44세,경상
2015030300100355,2015년 3월 3일 17시,화요일,경상북도 경주시 현곡면,중상사고,0,1,2,0,차대차 - 기타,안전운전불이행,건조,맑음,교차로 - 교차로안,화물,남,72세,경상,승용,남,39세,경상
2015030300100356,2015년 3월 3일 17시,화요일,경상북도 경주시 성건동,경상사고,0,0,1,0,차대차 - 기타,안전운전불이행,건조,맑음,단일로 - 기타,승합,남,48세,상해없음,자전거,남,59세,경상
2015030300100357,2015년 3월 3일 17시,화요일,경상북도 경산시 정평동,경상사고,0,0,2,0,차대차 - 기타,안전거리미확보,건조,맑음,교차로 - 교차로부근,승용,여,19세,경상,승합,남,51세,경상
2015030300100405,2015년 3월 3일 18시,화요일,경상북도 영주시 풍기읍,중상사고,0,1,0,0,차대사람 - 횡단중,보행자보호의무위반,건조,맑음,단일로 - 횡단보도상,승용,남,50세,상해없음,보행자,남,78세,중상
2015030300100406,2015년 3월 3일 18시,화요일,경상북도 예천군 용문면,중상사고,0,2,3,0,차대차 - 추돌 - 진행중,안전운전불이행,건조,맑음,단일로 - 기타,농기계,남,54세,경상,승용,여,31세,중상
2015030300100456,2015년 3월 3일 19시,화요일,경상북도 영천시 완산동,경상사고,0,0,2,0,차대차 - 측면직각충돌,신호위반,건조,흐림,교차로 - 교차로안,승용,여,31세,상해없음,승용,여,47세,경상
2015030300100457,2015년 3월 3일 19시,화요일,경상북도 청도군 청도읍,중상사고,0,3,3,0,차대차 - 정면충돌,교차로운행방법위반,건조,맑음,교차로 - 교차로안,승용,여,52세,경상,승용,남,53세,중상
2015030300100483,2015년 3월 3일 20시,화요일,경상북도 경주시 황성동,경상사고,0,0,1,0,차대차 - 기타,교차로운행방법위반,건조,맑음,교차로 - 교차로안,화물,남,50세,상해없음,승용,남,56세,경상
2015030300100484,2015년 3월 3일 20시,화요일,경상북도 경주시 구황동,중상사고,0,1,0,0,차대차 - 기타,안전운전불이행,건조,맑음,교차로 - 교차로부근,승용,남,53세,상해없음,화물,남,51세,중상
2015030300100485,2015년 3월 3일 20시,화요일,경상북도 포항시 북구 대신동,경상사고,0,0,1,0,차대차 - 기타,안전운전불이행,건조,맑음,단일로 - 기타,승용,남,56세,기타불명,승용,남,40세,경상
2015030300100549,2015년 3월 3일 22시,화요일,경상북도 구미시 양호동,부상신고사고,0,0,0,1,차량단독 - 전도전복,안전운전불이행,습기,비,단일로 - 기타,원동기,남,22세,부상신고,,,,
2015030300100582,2015년 3월 3일 23시,화요일,경상북도 경산시 하양읍,중상사고,0,1,0,0,차대사람 - 기타,안전운전불이행,건조,맑음,단일로 - 기타,승용,남,22세,상해없음,보행자,남,19세,중상
2015030400100048,2015년 3월 4일 04시,수요일,경상북도 김천시 신음동,경상사고,0,0,1,0,차대사람 - 횡단중,안전운전불이행,건조,맑음,교차로 - 교차로부근,승용,여,47세,상해없음,보행자,여,46세,경상
2015030400100084,2015년 3월 4일 07시,수요일,경상북도 영천시 본촌동,중상사고,0,1,0,0,차대차 - 추돌 - 주정차중,안전운전불이행,건조,맑음,단일로 - 기타,승용,남,38세,상해없음,승용,남,60세,중상
2015030400100085,2015년 3월 4일 07시,수요일,경상북도 경산시 진량읍,경상사고,0,0,1,0,차대차 - 측면직각충돌,안전운전불이행,건조,맑음,교차로 - 교차로안,화물,남,54세,상해없음,승용,여,44세,경상
2015030400100086,2015년 3월 4일 07시,수요일,경상북도 구미시 도량동,경상사고,0,0,1,0,차대차 - 기타,신호위반,건조,맑음,교차로 - 교차로안,승용,남,33세,상해없음,승용,여,43세,경상
2015030400100087,2015년 3월 4일 07시,수요일,경상북도 구미시 도량동,중상사고,0,1,1,0,차대차 - 기타,보행자보호의무위반,건조,맑음,교차로 - 교차로부근,승용,남,37세,상해없음,승용,남,43세,중상
2015030400100124,2015년 3월 4일 08시,수요일,경상북도 안동시 용상동,중상사고,0,1,0,0,차대차 - 추돌 - 진행중,안전거리미확보,건조,맑음,단일로 - 기타,이륜,남,63세,중상,화물,남,22세,상해없음
2015030400100125,2015년 3월 4일 08시,수요일,경상북도 김천시 삼락동,경상사고,0,0,1,0,차대차 - 측면직각충돌,안전운전불이행,건조,맑음,단일로 - 기타,승용,여,53세,상해없음,승용,남,57세,경상
2015030400100126,2015년 3월 4일 08시,수요일,경상북도 울진군 후포면,경상사고,0,0,1,0,차대차 - 측면직각충돌,안전운전불이행,건조,맑음,단일로 - 기타,자전거,남,12세,경상,화물,기타불명,기타불명,기타불명
2015030400100127,2015년 3월 4일 08시,수요일,경상북도 고령군 우곡면,중상사고,0,1,1,0,차대차 - 측면직각충돌,직진우회전진행방해,건조,맑음,교차로 - 교차로안,화물,남,69세,상해없음,승합,여,63세,중상
2015030400100128,2015년 3월 4일 08시,수요일,경상북도 고령군 쌍림면,경상사고,0,0,2,0,차대차 - 측면직각충돌,신호위반,건조,맑음,교차로 - 교차로안,승용,여,25세,경상,승용,남,44세,경상
2015030400100186,2015년 3월 4일 10시,수요일,경상북도 성주군 월항면,경상사고,0,0,1,0,차대차 - 기타,안전운전불이행,건조,맑음,교차로 - 교차로부근,기타불명,기타불명,기타불명,기타불명,자전거,남,80세,경상
2015030400100211,2015년 3월 4일 11시,수요일,경상북도 경산시 서상동,중상사고,0,1,0,0,차대사람 - 길가장자리구역통행중,안전운전불이행,건조,맑음,단일로 - 기타,승용,여,45세,상해없음,보행자,여,80세,중상
2015030400100212,2015년 3월 4일 11시,수요일,경상북도 예천군 예천읍,중상사고,0,1,0,0,차대사람 - 횡단중,보행자보호의무위반,건조,맑음,교차로 - 교차로안,화물,남,60세,상해없음,보행자,여,76세,중상
2015030400100213,2015년 3월 4일 11시,수요일,경상북도 성주군 용암면,중상사고,0,2,1,0,차대차 - 기타,직진우회전진행방해,건조,맑음,교차로 - 교차로안,화물,남,48세,경상,승용,남,26세,중상
2015030400100239,2015년 3월 4일 12시,수요일,경상북도 포항시 북구 용흥동,경상사고,0,0,1,0,차대차 - 추돌 - 진행중,안전거리미확보,건조,맑음,교차로 - 교차로안,승용,남,60세,상해없음,원동기,남,48세,경상
2015030400100240,2015년 3월 4일 12시,수요일,경상북도 칠곡군 기산면,경상사고,0,0,1,0,차대차 - 측면직각충돌,안전거리미확보,건조,맑음,단일로 - 기타,승용,남,53세,상해없음,승용,여,34세,경상
2015030400100261,2015년 3월 4일 13시,수요일,경상북도 경주시 외동읍,경상사고,0,0,1,0,차량단독 - 기타,안전운전불이행,건조,맑음,교차로 - 교차로부근,원동기,남,64세,경상,,,,
2015030400100262,2015년 3월 4일 13시,수요일,경상북도 청도군 청도읍,중상사고,0,1,0,0,차대차 - 측면직각충돌,안전운전불이행,건조,맑음,단일로 - 기타,원동기,남,62세,중상,승용,여,49세,상해없음
2015030400100263,2015년 3월 4일 13시,수요일,경상북도 구미시 공단동,중상사고,0,1,0,0,차대차 - 기타,안전운전불이행,건조,맑음,기타 - 기타,승용,남,47세,상해없음,승용,남,55세,중상
2015030400100317,2015년 3월 4일 15시,수요일,경상북도 경주시 양남면,경상사고,0,0,3,0,차대차 - 기타,안전운전불이행,건조,맑음,교차로 - 교차로안,승용,남,61세,경상,승용,남,58세,경상
2015030400100318,2015년 3월 4일 15시,수요일,경상북도 구미시 오태동,중상사고,0,1,0,0,차대사람 - 기타,기타,건조,맑음,교차로 - 교차로부근,승용,남,31세,상해없음,보행자,여,4세,중상
2015030400100352,2015년 3월 4일 16시,수요일,경상북도 성주군 용암면,경상사고,0,0,1,0,차대차 - 기타,직진우회전진행방해,건조,맑음,기타 - 기타,화물,남,63세,상해없음,승용,남,41세,경상
2015030400100383,2015년 3월 4일 17시,수요일,경상북도 의성군 비안면,중상사고,0,1,0,0,차대차 - 측면직각충돌,교차로운행방법위반,건조,맑음,교차로 - 교차로안,승용,남,54세,상해없음,승용,남,65세,중상
2015030400100384,2015년 3월 4일 17시,수요일,경상북도 포항시 북구 기계면,중상사고,0,2,0,0,차량단독 - 공작물충돌,안전운전불이행,건조,맑음,단일로 - 기타,승용,남,37세,상해없음,,,,
2015030400100419,2015년 3월 4일 18시,수요일,경상북도 안동시 운안동,중상사고,0,1,0,0,차대사람 - 기타,중앙선침범,건조,맑음,단일로 - 기타,승용,남,59세,상해없음,보행자,남,67세,중상
2015030400100420,2015년 3월 4일 18시,수요일,경상북도 의성군 다인면,중상사고,0,2,6,0,차대차 - 측면직각충돌,직진우회전진행방해,건조,맑음,교차로 - 교차로안,화물,남,78세,상해없음,승합,여,62세,경상
2015030400100421,2015년 3월 4일 18시,수요일,경상북도 칠곡군 북삼읍,경상사고,0,0,1,0,차대차 - 추돌 - 진행중,안전운전불이행,건조,맑음,단일로 - 기타,승용,남,51세,상해없음,승용,남,39세,경상
2015030400100422,2015년 3월 4일 18시,수요일,경상북도 문경시 점촌동,중상사고,0,1,0,0,차대차 - 측면직각충돌,안전운전불이행,건조,맑음,단일로 - 기타,승용,남,67세,상해없음,이륜,남,15세,상해없음
2015030400100423,2015년 3월 4일 18시,수요일,경상북도 문경시 모전동,경상사고,0,0,1,0,차대사람 - 기타,안전운전불이행,건조,맑음,기타 - 기타,기타불명,기타불명,기타불명,기타불명,보행자,남,77세,경상
2015030400100424,2015년 3월 4일 18시,수요일,경상북도 구미시 상모동,부상신고사고,0,0,0,1,차대차 - 기타,교차로운행방법위반,건조,맑음,교차로 - 교차로안,이륜,남,50세,부상신고,승용,남,48세,상해없음
2015030400100463,2015년 3월 4일 19시,수요일,경상북도 포항시 북구 양덕동,경상사고,0,0,1,0,차대차 - 기타,불법유턴,건조,맑음,단일로 - 기타,승용,남,21세,상해없음,승용,여,30세,경상
2015030400100464,2015년 3월 4일 19시,수요일,경상북도 경산시 하양읍,중상사고,0,1,0,0,차대사람 - 기타,안전운전불이행,건조,맑음,단일로 - 기타,화물,남,57세,상해없음,보행자,남,83세,중상
2015030400100508,2015년 3월 4일 20시,수요일,경상북도 경주시 용강동,경상사고,0,0,1,0,차대차 - 기타,안전운전불이행,건조,맑음,교차로 - 교차로안,승용,남,55세,상해없음,승용,남,52세,경상
2015030400100542,2015년 3월 4일 21시,수요일,경상북도 안동시 풍산읍,중상사고,0,1,0,0,차대차 - 기타,중앙선침범,건조,맑음,단일로 - 기타,승용,남,29세,상해없음,원동기,남,42세,중상
2015030400100543,2015년 3월 4일 21시,수요일,경상북도 구미시 형곡동,경상사고,0,0,1,0,차대차 - 기타,안전운전불이행,건조,맑음,기타 - 기타,기타불명,기타불명,기타불명,기타불명,자전거,남,14세,경상
2015030400100544,2015년 3월 4일 21시,수요일,경상북도 포항시 남구 오천읍,경상사고,0,0,1,0,차대사람 - 횡단중,교차로운행방법위반,건조,맑음,단일로 - 기타,승용,남,52세,상해없음,보행자,남,37세,경상
2015030400100545,2015년 3월 4일 21시,수요일,경상북도 포항시 남구 송도동,경상사고,0,0,1,0,차대차 - 기타,직진우회전진행방해,건조,맑음,교차로 - 교차로안,승합,여,49세,상해없음,승용,여,55세,경상
2015030400100576,2015년 3월 4일 22시,수요일,경상북도 안동시 태화동,경상사고,0,0,1,0,차대차 - 기타,직진우회전진행방해,건조,맑음,교차로 - 교차로안,승용,여,22세,상해없음,승용,여,51세,경상
2015030400100577,2015년 3월 4일 22시,수요일,경상북도 문경시 모전동,경상사고,0,0,3,2,차대차 - 측면직각충돌,교차로운행방법위반,건조,맑음,교차로 - 교차로안,승용,남,22세,경상,승용,남,33세,경상
2015030400100601,2015년 3월 4일 23시,수요일,경상북도 칠곡군 기산면,중상사고,0,2,0,0,차대차 - 추돌 - 주정차중,안전운전불이행,건조,맑음,교차로 - 교차로부근,특수,남,43세,상해없음,승용,남,24세,중상
2015030500100012,2015년 3월 5일 00시,목요일,경상북도 경산시 압량면,중상사고,0,5,0,0,차대차 - 기타,교차로운행방법위반,건조,맑음,교차로 - 교차로안,승용,남,54세,상해없음,승용,여,27세,중상
2015030500100043,2015년 3월 5일 03시,목요일,경상북도 구미시 공단동,경상사고,0,0,1,0,차량단독 - 기타,안전운전불이행,건조,맑음,교차로 - 교차로부근,승용,남,25세,경상,,,,
2015030500100088,2015년 3월 5일 07시,목요일,경상북도 안동시 당북동,경상사고,0,0,2,0,차대차 - 기타,직진우회전진행방해,건조,흐림,교차로 - 교차로안,승용,여,48세,상해없음,승용,여,36세,경상
2015030500100128,2015년 3월 5일 08시,목요일,경상북도 포항시 북구 죽도동,경상사고,0,0,1,0,차대차 - 기타,안전운전불이행,건조,맑음,교차로 - 교차로안,원동기,남,39세,경상,승용,남,54세,상해없음
2015030500100129,2015년 3월 5일 08시,목요일,경상북도 포항시 남구 오천읍,경상사고,0,0,1,0,차대차 - 추돌 - 진행중,안전운전불이행,건조,맑음,교차로 - 교차로부근,승용,여,37세,상해없음,승용,여,36세,경상
2015030500100130,2015년 3월 5일 08시,목요일,경상북도 포항시 남구 일월동,경상사고,0,0,2,0,차대차 - 기타,안전운전불이행,건조,맑음,교차로 - 교차로안,승용,남,34세,상해없음,승용,남,25세,경상
2015030500100185,2015년 3월 5일 10시,목요일,경상북도 구미시 도량동,중상사고,0,2,0,0,차대차 - 기타,안전운전불이행,건조,맑음,단일로 - 기타,승용,남,55세,상해없음,승용,여,34세,중상
2015030500100186,2015년 3월 5일 10시,목요일,경상북도 구미시 황상동,경상사고,0,0,1,0,차대차 - 기타,안전운전불이행,건조,맑음,단일로 - 기타,승용,남,33세,상해없음,승용,남,34세,경상
2015030500100205,2015년 3월 5일 11시,목요일,경상북도 포항시 북구 대신동,중상사고,0,1,0,0,차대차 - 기타,안전운전불이행,건조,맑음,교차로 - 교차로부근,승용,남,60세,상해없음,자전거,여,57세,중상
2015030500100231,2015년 3월 5일 12시,목요일,경상북도 경주시 석장동,경상사고,0,0,1,0,차대사람 - 기타,안전운전불이행,건조,맑음,단일로 - 기타,승용,남,24세,상해없음,보행자,남,24세,경상
2015030500100232,2015년 3월 5일 12시,목요일,경상북도 김천시 감문면,중상사고,0,3,2,0,차대차 - 측면직각충돌,직진우회전진행방해,건조,맑음,교차로 - 교차로안,승용,남,44세,상해없음,승용,남,61세,경상
2015030500100233,2015년 3월 5일 12시,목요일,경상북도 칠곡군 약목면,중상사고,0,2,0,1,차대차 - 측면직각충돌,안전운전불이행,건조,맑음,단일로 - 기타,승용,여,51세,부상신고,승용,여,44세,중상
2015030500100234,2015년 3월 5일 12시,목요일,경상북도 예천군 하리면,경상사고,0,0,1,0,차량단독 - 공작물충돌,안전운전불이행,건조,맑음,단일로 - 기타,화물,남,66세,경상,,,,
2015030500100300,2015년 3월 5일 14시,목요일,경상북도 포항시 북구 죽도동,중상사고,0,1,0,0,차대차 - 기타,교차로운행방법위반,건조,맑음,교차로 - 교차로안,승용,여,54세,상해없음,원동기,여,58세,중상
2015030500100346,2015년 3월 5일 15시,목요일,경상북도 포항시 북구 죽도동,경상사고,0,0,1,0,차대차 - 측면직각충돌,직진우회전진행방해,건조,맑음,교차로 - 교차로안,승용,남,49세,상해없음,승용,남,62세,상해없음
2015030500100347,2015년 3월 5일 15시,목요일,경상북도 영주시 휴천동,경상사고,0,0,1,0,차대차 - 측면직각충돌,중앙선침범,건조,맑음,단일로 - 기타,승용,여,43세,상해없음,화물,남,22세,경상
2015030500100348,2015년 3월 5일 15시,목요일,경상북도 봉화군 봉화읍,중상사고,0,1,2,0,차대차 - 측면직각충돌,중앙선침범,건조,맑음,단일로 - 기타,승용,남,77세,경상,화물,남,59세,중상
2015030500100349,2015년 3월 5일 15시,목요일,경상북도 포항시 남구 대송면,중상사고,0,2,0,0,차대차 - 측면직각충돌,안전운전불이행,건조,맑음,단일로 - 기타,화물,남,62세,중상,승용,남,32세,상해없음
2015030500100378,2015년 3월 5일 16시,목요일,경상북도 경주시 현곡면,중상사고,0,1,0,0,차량단독 - 기타,안전운전불이행,건조,맑음,단일로 - 기타,화물,남,57세,중상,,,,
2015030500100379,2015년 3월 5일 16시,목요일,경상북도 포항시 북구 우현동,중상사고,0,1,0,0,차대사람 - 기타,안전운전불이행,건조,맑음,단일로 - 기타,승용,여,54세,상해없음,보행자,남,5세,중상
2015030500100380,2015년 3월 5일 16시,목요일,경상북도 의성군 안계면,중상사고,0,1,1,0,차대차 - 측면직각충돌,신호위반,건조,맑음,교차로 - 교차로안,승합,남,63세,경상,화물,남,46세,중상
2015030500100381,2015년 3월 5일 16시,목요일,경상북도 고령군 성산면,중상사고,0,1,1,0,차대차 - 추돌 - 주정차중,안전운전불이행,건조,맑음,단일로 - 기타,승용,여,46세,상해없음,승용,남,55세,경상
2015030500100382,2015년 3월 5일 16시,목요일,경상북도 구미시 송정동,경상사고,0,0,1,0,차대차 - 기타,신호위반,건조,맑음,교차로 - 교차로안,승용,남,33세,상해없음,자전거,남,60세,경상
2015030500100408,2015년 3월 5일 17시,목요일,경상북도 칠곡군 약목면,중상사고,0,1,0,0,차대사람 - 횡단중,안전운전불이행,건조,맑음,단일로 - 기타,승용,여,48세,상해없음,보행자,남,14세,중상
2015030500100409,2015년 3월 5일 17시,목요일,경상북도 청도군 매전면,중상사고,0,1,1,0,차대차 - 추돌 - 주정차중,안전운전불이행,건조,맑음,단일로 - 기타,화물,남,46세,중상,승합,남,62세,상해없음
2015030500100410,2015년 3월 5일 17시,목요일,경상북도 구미시 임은동,경상사고,0,0,1,0,차대차 - 기타,안전운전불이행,건조,맑음,단일로 - 기타,승용,여,39세,상해없음,자전거,남,39세,경상
2015030500100435,2015년 3월 5일 18시,목요일,경상북도 포항시 북구 흥해읍,경상사고,0,0,1,0,차대차 - 기타,안전운전불이행,건조,맑음,단일로 - 기타,원동기,남,25세,경상,승용,여,31세,상해없음
2015030500100436,2015년 3월 5일 18시,목요일,경상북도 안동시 이천동,경상사고,0,0,1,0,차량단독 - 공작물충돌,안전운전불이행,건조,맑음,단일로 - 기타,승용,남,81세,경상,,,,
2015030500100437,2015년 3월 5일 18시,목요일,경상북도 영주시 안정면,중상사고,0,1,0,0,차량단독 - 공작물충돌,안전운전불이행,건조,맑음,기타 - 기타,이륜,남,65세,중상,,,,
2015030500100438,2015년 3월 5일 18시,목요일,경상북도 구미시 옥계동,경상사고,0,0,1,0,차대차 - 측면직각충돌,안전운전불이행,건조,맑음,교차로 - 교차로안,승용,여,50세,상해없음,승용,남,28세,경상
2015030500100439,2015년 3월 5일 18시,목요일,경상북도 포항시 남구 해도동,경상사고,0,0,1,0,차대차 - 측면직각충돌,안전운전불이행,건조,맑음,단일로 - 기타,승용,남,31세,상해없음,자전거,여,39세,경상
2015030500100440,2015년 3월 5일 18시,목요일,경상북도 포항시 남구 청림동,중상사고,0,1,0,0,차대사람 - 기타,안전운전불이행,건조,맑음,교차로 - 교차로안,승용,남,60세,상해없음,보행자,남,29세,중상
2015030500100441,2015년 3월 5일 18시,목요일,경상북도 고령군 성산면,중상사고,0,1,1,0,차대차 - 추돌 - 진행중,안전운전불이행,건조,맑음,단일로 - 기타,승용,남,64세,중상,특수,남,46세,경상
2015030500100488,2015년 3월 5일 19시,목요일,경상북도 포항시 북구 득량동,중상사고,0,1,0,0,차대차 - 측면직각충돌,안전거리미확보,건조,맑음,단일로 - 기타,승용,남,71세,상해없음,원동기,남,54세,중상
2015030500100489,2015년 3월 5일 19시,목요일,경상북도 경산시 하양읍,경상사고,0,0,2,0,차대차 - 기타,교차로운행방법위반,건조,맑음,교차로 - 교차로안,승합,남,54세,경상,화물,남,53세,경상
2015030500100490,2015년 3월 5일 19시,목요일,경상북도 포항시 남구 송도동,중상사고,0,1,0,0,차대사람 - 횡단중,안전운전불이행,건조,맑음,단일로 - 기타,승용,남,36세,상해없음,보행자,여,66세,중상
2015030500100564,2015년 3월 5일 21시,목요일,경상북도 포항시 북구 장성동,경상사고,0,0,2,0,차대차 - 기타,차로위반,건조,맑음,단일로 - 기타,승용,남,62세,상해없음,승용,남,69세,경상
2015030500100565,2015년 3월 5일 21시,목요일,경상북도 안동시 옥동,중상사고,0,1,0,0,차대차 - 기타,직진우회전진행방해,건조,맑음,교차로 - 교차로안,승합,남,69세,상해없음,승용,여,39세,중상
2015030500100586,2015년 3월 5일 22시,목요일,경상북도 구미시 송정동,부상신고사고,0,0,0,1,차대사람 - 기타,안전운전불이행,건조,맑음,교차로 - 교차로안,기타불명,기타불명,기타불명,기타불명,보행자,남,51세,부상신고
2015030500100612,2015년 3월 5일 23시,목요일,경상북도 상주시 낙동면,경상사고,0,0,1,0,차량단독 - 전도전복,안전운전불이행,건조,맑음,기타 - 기타,승용,여,41세,경상,,,,
2015030600100010,2015년 3월 6일 00시,금요일,경상북도 포항시 북구 대흥동,중상사고,0,1,0,0,차대사람 - 기타,안전운전불이행,건조,맑음,단일로 - 기타,승용,남,57세,상해없음,보행자,여,72세,중상
2015030600100124,2015년 3월 6일 08시,금요일,경상북도 포항시 북구 흥해읍,경상사고,0,0,1,0,차대차 - 기타,안전운전불이행,건조,맑음,단일로 - 기타,승용,남,31세,상해없음,승용,여,48세,상해없음
2015030600100125,2015년 3월 6일 08시,금요일,경상북도 안동시 광석동,중상사고,0,1,0,0,차대사람 - 기타,기타,건조,맑음,단일로 - 기타,승용,여,45세,상해없음,보행자,남,66세,중상
2015030600100126,2015년 3월 6일 08시,금요일,경상북도 영주시 가흥동,경상사고,0,0,1,0,차대차 - 측면직각충돌,안전운전불이행,건조,맑음,교차로 - 교차로안,승용,남,56세,상해없음,승용,여,38세,경상
2015030600100127,2015년 3월 6일 08시,금요일,경상북도 경산시 남산면,경상사고,0,0,1,0,차량단독 - 기타,안전운전불이행,건조,맑음,단일로 - 기타,화물,남,47세,경상,,,,
2015030600100166,2015년 3월 6일 09시,금요일,경상북도 포항시 북구 양덕동,경상사고,0,0,1,0,차대차 - 기타,안전거리미확보,건조,맑음,교차로 - 교차로부근,승용,남,29세,기타불명,승용,남,43세,경상
2015030600100167,2015년 3월 6일 09시,금요일,경상북도 포항시 남구 대도동,경상사고,0,0,1,0,차대사람 - 길가장자리구역통행중,안전운전불이행,건조,맑음,단일로 - 기타,화물,남,56세,상해없음,보행자,남,33세,경상
2015030600100191,2015년 3월 6일 10시,금요일,경상북도 경주시 내남면,중상사고,0,2,2,0,차대차 - 추돌 - 주정차중,안전운전불이행,건조,맑음,단일로 - 기타,화물,남,42세,상해없음,승용,남,63세,경상
2015030600100212,2015년 3월 6일 11시,금요일,경상북도 경주시 내남면,중상사고,0,1,0,0,차량단독 - 공작물충돌,안전운전불이행,건조,맑음,단일로 - 기타,원동기,남,70세,중상,,,,
2015030600100213,2015년 3월 6일 11시,금요일,경상북도 경산시 조영동,중상사고,0,3,2,0,차대차 - 기타,교차로운행방법위반,건조,맑음,교차로 - 교차로안,승용,남,22세,경상,승용,남,47세,중상
2015030600100214,2015년 3월 6일 11시,금요일,경상북도 경산시 정평동,경상사고,0,0,3,0,차대차 - 기타,안전운전불이행,건조,맑음,단일로 - 기타,승용,여,37세,상해없음,승용,여,52세,경상
2015030600100234,2015년 3월 6일 12시,금요일,경상북도 김천시 조마면,중상사고,0,1,0,0,차대차 - 측면직각충돌,직진우회전진행방해,건조,맑음,교차로 - 교차로안,화물,남,63세,상해없음,이륜,남,81세,중상
2015030600100259,2015년 3월 6일 13시,금요일,경상북도 경주시 산내면,경상사고,0,0,2,0,차대차 - 기타,안전거리미확보,건조,맑음,단일로 - 기타,승용,남,52세,상해없음,승용,남,54세,경상
2015030600100260,2015년 3월 6일 13시,금요일,경상북도 안동시 운흥동,중상사고,0,1,0,0,차대차 - 기타,안전운전불이행,건조,맑음,교차로 - 교차로안,승용,남,39세,상해없음,원동기,남,18세,중상
2015030600100261,2015년 3월 6일 13시,금요일,경상북도 경산시 하양읍,경상사고,0,0,1,0,차대사람 - 기타,안전운전불이행,건조,맑음,기타 - 기타,승용,여,55세,상해없음,보행자,남,52세,경상
2015030600100285,2015년 3월 6일 14시,금요일,경상북도 칠곡군 북삼읍,경상사고,0,0,2,0,차대차 - 기타,안전운전불이행,건조,맑음,단일로 - 기타,승용,여,46세,상해없음,승용,남,41세,경상
2015030600100327,2015년 3월 6일 15시,금요일,경상북도 경주시 내남면,경상사고,0,0,1,0,차대차 - 기타,안전운전불이행,건조,맑음,단일로 - 기타,화물,남,61세,경상,화물,남,32세,상해없음
2015030600100328,2015년 3월 6일 15시,금요일,경상북도 문경시 흥덕동,중상사고,0,1,0,0,차대사람 - 기타,안전운전불이행,건조,맑음,기타 - 기타,승용,여,50세,상해없음,보행자,남,67세,중상
2015030600100329,2015년 3월 6일 15시,금요일,경상북도 구미시 원평동,중상사고,0,1,0,0,차대사람 - 기타,안전운전불이행,건조,맑음,교차로 - 교차로부근,승용,남,43세,기타불명,보행자,여,88세,중상
2015030600100330,2015년 3월 6일 15시,금요일,경상북도 구미시 원평동,경상사고,0,0,1,0,차대차 - 추돌 - 진행중,안전거리미확보,건조,맑음,단일로 - 기타,승용,여,53세,상해없음,승용,남,31세,경상
2015030600100368,2015년 3월 6일 16시,금요일,경상북도 영천시 창구동,경상사고,0,0,1,0,차대차 - 추돌 - 주정차중,안전운전불이행,건조,맑음,단일로 - 기타,승용,남,27세,상해없음,승합,남,63세,상해없음
2015030600100369,2015년 3월 6일 16시,금요일,경상북도 문경시 점촌동,경상사고,0,0,1,0,차대사람 - 길가장자리구역통행중,안전운전불이행,건조,맑음,단일로 - 기타,기타불명,기타불명,기타불명,기타불명,보행자,남,13세,경상
2015030600100370,2015년 3월 6일 16시,금요일,경상북도 경산시 진량읍,경상사고,0,0,1,0,차대차 - 기타,안전거리미확보,건조,맑음,단일로 - 기타,승용,남,36세,상해없음,승용,남,56세,경상
2015030600100409,2015년 3월 6일 17시,금요일,경상북도 김천시 율곡동,경상사고,0,0,1,0,차대차 - 측면직각충돌,직진우회전진행방해,건조,맑음,교차로 - 교차로안,승용,남,52세,상해없음,승용,남,63세,경상