사고번호,사고일시,요일,시군구,사고내용,사망자수,중상자수,경상자수,부상신고자수,사고유형,법규위반,노면상태,기상상태,도로형태,가해운전자 차종,가해운전자 성별,가해운전자 연령,가해운전자 상해정도,피해운전자 차종,피해운전자 성별,피해운전자 연령,피해운전자 상해정도
2015031200100458,2015년 3월 12일 18시,목요일,경상북도 청도군 청도읍,중상사고,0,1,0,0,차대사람 - 기타,중앙선침범,건조,맑음,단일로 - 기타,화물,남,56세,상해없음,보행자,여,73세,중상
2015031200100516,2015년 3월 12일 19시,목요일,경상북도 안동시 광석동,경상사고,0,0,1,0,차대사람 - 기타,안전운전불이행,건조,맑음,교차로 - 교차로안,화물,남,53세,상해없음,보행자,남,69세,경상
2015031200100517,2015년 3월 12일 19시,목요일,경상북도 상주시 모서면,부상신고사고,0,0,0,1,차량단독 - 전도전복,안전운전불이행,건조,맑음,단일로 - 기타,승용,남,46세,부상신고,,,,
2015031200100549,2015년 3월 12일 20시,목요일,경상북도 포항시 북구 양덕동,중상사고,0,1,0,0,차대차 - 기타,중앙선침범,건조,맑음,단일로 - 기타,원동기,남,17세,상해없음,원동기,남,55세,중상
2015031200100550,2015년 3월 12일 20시,목요일,경상북도 구미시 도량동,중상사고,0,1,0,0,차대차 - 기타,중앙선침범,건조,맑음,단일로 - 기타,화물,남,41세,상해없음,원동기,남,50세,중상
2015031200100585,2015년 3월 12일 21시,목요일,경상북도 포항시 북구 대신동,부상신고사고,0,0,0,2,차대차 - 기타,차로위반,건조,맑음,교차로 - 교차로부근,승용,여,63세,상해없음,승용,여,57세,상해없음
2015031200100586,2015년 3월 12일 21시,목요일,경상북도 경주시 강동면,경상사고,0,0,1,0,차대차 - 측면직각충돌,안전운전불이행,건조,맑음,단일로 - 기타,화물,남,43세,상해없음,화물,남,40세,경상
2015031200100644,2015년 3월 12일 23시,목요일,경상북도 영주시 풍기읍,경상사고,0,0,2,0,차대차 - 측면직각충돌,안전운전불이행,건조,맑음,교차로 - 교차로안,승합,남,67세,상해없음,승용,남,51세,경상
2015031200100645,2015년 3월 12일 23시,목요일,경상북도 경산시 사동,경상사고,0,0,1,0,차대차 - 기타,안전운전불이행,건조,맑음,단일로 - 기타,승용,여,50세,기타불명,승용,여,52세,경상
2015031300100015,2015년 3월 13일 00시,금요일,경상북도 구미시 비산동,경상사고,0,0,1,1,차대차 - 측면직각충돌,신호위반,건조,맑음,교차로 - 교차로안,승용,남,19세,부상신고,승용,남,26세,경상
2015031300100024,2015년 3월 13일 01시,금요일,경상북도 안동시 당북동,경상사고,0,0,1,0,차대차 - 추돌 - 주정차중,안전운전불이행,건조,맑음,교차로 - 교차로부근,승용,남,36세,상해없음,승용,남,41세,경상
2015031300100035,2015년 3월 13일 02시,금요일,경상북도 안동시 용상동,경상사고,0,0,1,0,차량단독 - 기타,안전운전불이행,건조,맑음,단일로 - 기타,이륜,남,19세,경상,,,,
2015031300100036,2015년 3월 13일 02시,금요일,경상북도 구미시 송정동,경상사고,0,0,1,0,차대차 - 기타,안전운전불이행,건조,맑음,교차로 - 교차로부근,화물,남,32세,상해없음,승용,남,44세,경상
2015031300100078,2015년 3월 13일 06시,금요일,경상북도 봉화군 법전면,중상사고,0,2,1,0,차량단독 - 전도전복,안전운전불이행,적설,눈,단일로 - 기타,화물,남,55세,상해없음,,,,
2015031300100104,2015년 3월 13일 07시,금요일,경상북도 경주시 외동읍,중상사고,0,1,0,0,차대차 - 측면직각충돌,중앙선침범,건조,맑음,단일로 - 기타,승용,남,27세,기타불명,승합,남,58세,중상
2015031300100105,2015년 3월 13일 07시,금요일,경상북도 경주시 천북면,중상사고,0,1,0,0,차대차 - 추돌 - 주정차중,안전운전불이행,건조,맑음,단일로 - 기타,화물,남,58세,상해없음,승용,남,25세,중상
2015031300100106,2015년 3월 13일 07시,금요일,경상북도 영주시 가흥동,경상사고,0,0,3,0,차대차 - 측면직각충돌,신호위반,적설,눈,교차로 - 교차로안,승용,남,74세,상해없음,승용,여,33세,경상
2015031300100107,2015년 3월 13일 07시,금요일,경상북도 봉화군 봉화읍,중상사고,0,1,1,0,차량단독 - 공작물충돌,안전운전불이행,적설,흐림,교차로 - 교차로안,승합,남,57세,상해없음,,,,
2015031300100108,2015년 3월 13일 07시,금요일,경상북도 포항시 남구 괴동동,중상사고,0,1,3,0,차대차 - 측면직각충돌,안전운전불이행,건조,맑음,교차로 - 교차로부근,승용,남,60세,상해없음,특수,남,59세,경상
2015031300100142,2015년 3월 13일 08시,금요일,경상북도 경주시 성건동,경상사고,0,0,1,0,차대차 - 기타,안전운전불이행,건조,맑음,단일로 - 기타,승용,남,54세,상해없음,승용,남,31세,경상
2015031300100143,2015년 3월 13일 08시,금요일,경상북도 안동시 옥동,경상사고,0,0,1,0,차량단독 - 기타,안전운전불이행,결빙,맑음,단일로 - 기타,이륜,남,52세,경상,,,,
2015031300100144,2015년 3월 13일 08시,금요일,경상북도 의성군 의성읍,경상사고,0,0,1,0,차대차 - 측면직각충돌,직진우회전진행방해,건조,맑음,교차로 - 교차로안,승용,여,32세,경상,승용,남,48세,상해없음
2015031300100145,2015년 3월 13일 08시,금요일,경상북도 예천군 감천면,경상사고,0,0,4,0,차대차 - 추돌 - 주정차중,안전운전불이행,적설,눈,단일로 - 기타,승용,남,41세,경상,승용,남,60세,상해없음
2015031300100146,2015년 3월 13일 08시,금요일,경상북도 예천군 감천면,경상사고,0,0,1,0,차량단독 - 도로외이탈 - 기타,안전운전불이행,적설,눈,단일로 - 기타,화물,남,56세,경상,,,,
2015031300100179,2015년 3월 13일 09시,금요일,경상북도 안동시 임동면,경상사고,0,0,1,0,차대차 - 기타,안전운전불이행,적설,눈,단일로 - 기타,승용,남,19세,상해없음,화물,남,60세,경상
2015031300100248,2015년 3월 13일 11시,금요일,경상북도 안동시 옥동,경상사고,0,0,1,0,차대사람 - 기타,기타,건조,맑음,단일로 - 횡단보도상,화물,남,64세,상해없음,보행자,여,61세,경상
2015031300100249,2015년 3월 13일 11시,금요일,경상북도 경산시 진량읍,중상사고,0,1,0,0,차대차 - 기타,불법유턴,건조,맑음,교차로 - 교차로부근,화물,남,68세,상해없음,원동기,여,72세,중상
2015031300100250,2015년 3월 13일 11시,금요일,경상북도 고령군 성산면,중상사고,0,1,3,0,차대차 - 추돌 - 진행중,안전운전불이행,건조,맑음,단일로 - 기타,건설기계,남,54세,상해없음,승합,남,53세,경상
2015031300100251,2015년 3월 13일 11시,금요일,경상북도 청송군 진보면,중상사고,0,1,0,0,차대사람 - 길가장자리구역통행중,안전운전불이행,건조,맑음,단일로 - 기타,화물,남,35세,상해없음,보행자,여,70세,중상
2015031300100252,2015년 3월 13일 11시,금요일,경상북도 포항시 남구 오천읍,경상사고,0,0,1,0,차대사람 - 기타,교차로운행방법위반,건조,맑음,교차로 - 교차로안,승용,여,38세,상해없음,보행자,여,60세,경상
2015031300100309,2015년 3월 13일 13시,금요일,경상북도 경주시 외동읍,경상사고,0,0,1,0,차대사람 - 기타,안전운전불이행,건조,맑음,단일로 - 기타,승용,남,65세,상해없음,보행자,남,28세,경상
2015031300100310,2015년 3월 13일 13시,금요일,경상북도 경주시 구정동,중상사고,0,1,0,0,차대차 - 기타,중앙선침범,건조,맑음,단일로 - 기타,승용,남,38세,상해없음,승용,여,56세,중상
2015031300100330,2015년 3월 13일 14시,금요일,경상북도 경주시 외동읍,중상사고,0,1,0,0,차대차 - 기타,안전운전불이행,건조,맑음,단일로 - 기타,화물,남,51세,상해없음,승용,여,48세,중상
2015031300100331,2015년 3월 13일 14시,금요일,경상북도 영덕군 강구면,중상사고,0,1,0,0,차대차 - 기타,안전운전불이행,건조,맑음,단일로 - 기타,승용,여,49세,상해없음,자전거,남,90세 이상,중상
2015031300100332,2015년 3월 13일 14시,금요일,경상북도 구미시 진평동,경상사고,0,0,1,0,차대차 - 추돌 - 진행중,안전운전불이행,건조,맑음,교차로 - 교차로부근,승용,여,28세,상해없음,화물,남,38세,경상
2015031300100333,2015년 3월 13일 14시,금요일,경상북도 포항시 남구 인덕동,경상사고,0,0,3,0,차대차 - 추돌 - 진행중,안전운전불이행,건조,맑음,교차로 - 교차로부근,승용,남,52세,상해없음,승용,여,32세,경상
2015031300100375,2015년 3월 13일 15시,금요일,경상북도 경산시 진량읍,중상사고,0,1,0,0,차대차 - 기타,직진우회전진행방해,건조,맑음,교차로 - 교차로안,승용,남,22세,상해없음,원동기,남,41세,중상
2015031300100376,2015년 3월 13일 15시,금요일,경상북도 포항시 남구 청림동,경상사고,0,0,1,0,차대차 - 측면직각충돌,교차로운행방법위반,건조,맑음,교차로 - 교차로안,승용,여,65세,경상,화물,여,50세,상해없음
2015031300100411,2015년 3월 13일 16시,금요일,경상북도 포항시 남구 연일읍,경상사고,0,0,2,0,차대차 - 기타,안전운전불이행,건조,맑음,교차로 - 교차로안,승합,남,48세,경상,건설기계,남,50세,상해없음
2015031300100449,2015년 3월 13일 17시,금요일,경상북도 포항시 북구 죽도동,중상사고,0,1,0,0,차대차 - 정면충돌,중앙선침범,건조,맑음,단일로 - 기타,승용,남,29세,상해없음,원동기,남,52세,중상
2015031300100483,2015년 3월 13일 18시,금요일,경상북도 경주시 강동면,경상사고,0,0,1,0,차량단독 - 기타,기타,건조,맑음,단일로 - 기타,승합,남,54세,상해없음,,,,
2015031300100653,2015년 3월 13일 22시,금요일,경상북도 포항시 북구 양덕동,경상사고,0,0,1,0,차대사람 - 기타,안전운전불이행,건조,맑음,단일로 - 기타,승용,여,44세,상해없음,보행자,남,56세,경상
2015031300100654,2015년 3월 13일 22시,금요일,경상북도 안동시 당북동,경상사고,0,0,1,0,차대사람 - 횡단중,안전운전불이행,건조,맑음,단일로 - 기타,승용,남,66세,상해없음,보행자,남,43세,경상
2015031300100655,2015년 3월 13일 22시,금요일,경상북도 경산시 압량면,중상사고,0,1,1,0,차대차 - 기타,안전운전불이행,건조,맑음,단일로 - 기타,승용,남,28세,상해없음,승합,남,31세,중상
2015031300100656,2015년 3월 13일 22시,금요일,경상북도 구미시 옥계동,중상사고,0,1,0,0,차대차 - 기타,안전거리미확보,건조,맑음,단일로 - 기타,승용,남,62세,상해없음,승용,남,48세,중상
2015031400100017,2015년 3월 14일 00시,토요일,경상북도 구미시 도량동,중상사고,0,1,3,0,차대차 - 기타,신호위반,건조,기타,교차로 - 교차로안,승용,남,37세,경상,승용,남,31세,중상
2015031400100047,2015년 3월 14일 01시,토요일,경상북도 경주시 용강동,부상신고사고,0,0,0,1,차대차 - 기타,안전거리미확보,건조,맑음,단일로 - 기타,승용,남,31세,상해없음,승용,남,33세,부상신고
2015031400100124,2015년 3월 14일 06시,토요일,경상북도 안동시 성곡동,경상사고,0,0,1,0,차량단독 - 기타,안전운전불이행,건조,맑음,교차로 - 교차로안,승용,남,66세,상해없음,,,,
2015031400100125,2015년 3월 14일 06시,토요일,경상북도 고령군 다산면,경상사고,0,0,1,0,차량단독 - 공작물충돌,안전운전불이행,건조,맑음,단일로 - 기타,승용,여,25세,경상,,,,
2015031400100137,2015년 3월 14일 07시,토요일,경상북도 경주시 효현동,경상사고,0,0,2,0,차대차 - 기타,안전운전불이행,건조,맑음,단일로 - 기타,화물,남,77세,상해없음,승용,남,39세,경상
2015031400100220,2015년 3월 14일 10시,토요일,경상북도 영주시 가흥동,경상사고,0,0,2,0,차대차 - 추돌 - 진행중,안전운전불이행,건조,맑음,교차로 - 교차로안,승용,여,43세,상해없음,승용,남,62세,경상
2015031400100221,2015년 3월 14일 10시,토요일,경상북도 경산시 중방동,경상사고,0,0,1,0,차대사람 - 기타,안전운전불이행,건조,맑음,단일로 - 기타,승용,남,53세,상해없음,보행자,여,40세,경상
2015031400100222,2015년 3월 14일 10시,토요일,경상북도 경산시 대평동,중상사고,0,1,0,0,차대차 - 기타,직진우회전진행방해,건조,맑음,교차로 - 교차로안,승용,남,70세,상해없음,이륜,남,50세,중상
2015031400100256,2015년 3월 14일 11시,토요일,경상북도 김천시 농소면,중상사고,0,1,0,0,차대차 - 측면직각충돌,직진우회전진행방해,건조,맑음,교차로 - 교차로안,화물,남,55세,상해없음,이륜,남,71세,중상
2015031400100257,2015년 3월 14일 11시,토요일,경상북도 영주시 풍기읍,중상사고,0,1,0,0,차대차 - 기타,안전운전불이행,건조,맑음,단일로 - 기타,원동기,남,75세,중상,화물,남,57세,상해없음
2015031400100258,2015년 3월 14일 11시,토요일,경상북도 구미시 광평동,경상사고,0,0,2,0,차대차 - 기타,직진우회전진행방해,건조,기타,교차로 - 교차로안,승용,남,54세,기타불명,승용,남,26세,경상
2015031400100259,2015년 3월 14일 11시,토요일,경상북도 포항시 남구 효자동,경상사고,0,0,4,0,차대차 - 추돌 - 진행중,안전운전불이행,건조,맑음,단일로 - 기타,승용,남,61세,상해없음,승용,남,38세,경상
2015031400100297,2015년 3월 14일 12시,토요일,경상북도 상주시 신봉동,경상사고,0,0,1,0,차대차 - 측면직각충돌,안전운전불이행,건조,맑음,기타 - 기타,화물,남,30세,상해없음,승용,여,31세,경상
2015031400100298,2015년 3월 14일 12시,토요일,경상북도 영주시 휴천동,경상사고,0,0,4,0,차대차 - 추돌 - 진행중,안전운전불이행,건조,맑음,단일로 - 기타,승용,남,52세,상해없음,승용,남,35세,경상
2015031400100299,2015년 3월 14일 12시,토요일,경상북도 칠곡군 동명면,부상신고사고,0,0,0,1,차대차 - 기타,차로위반,건조,맑음,단일로 - 기타,이륜,남,75세,부상신고,승용,여,50세,상해없음
2015031400100330,2015년 3월 14일 13시,토요일,경상북도 경주시 인왕동,부상신고사고,0,0,0,1,차대차 - 추돌 - 주정차중,안전거리미확보,건조,맑음,교차로 - 교차로부근,원동기,남,24세,부상신고,승용,남,47세,상해없음
2015031400100331,2015년 3월 14일 13시,토요일,경상북도 경주시 탑동,경상사고,0,0,3,0,차대차 - 기타,안전운전불이행,건조,맑음,단일로 - 기타,승용,남,55세,상해없음,승용,남,34세,경상
2015031400100332,2015년 3월 14일 13시,토요일,경상북도 포항시 남구 효자동,경상사고,0,0,1,0,차대차 - 기타,안전운전불이행,건조,맑음,단일로 - 기타,자전거,남,12세,경상,승용,여,42세,상해없음
2015031400100374,2015년 3월 14일 14시,토요일,경상북도 경주시 사정동,경상사고,0,0,1,0,차량단독 - 기타,안전운전불이행,건조,맑음,단일로 - 기타,승합,남,51세,상해없음,,,,
2015031400100375,2015년 3월 14일 14시,토요일,경상북도 영천시 청통면,중상사고,0,2,0,0,차량단독 - 공작물충돌,안전운전불이행,건조,맑음,단일로 - 기타,승용,여,57세,중상,,,,
2015031400100376,2015년 3월 14일 14시,토요일,경상북도 경산시 진량읍,경상사고,0,0,1,0,차대차 - 기타,신호위반,건조,맑음,교차로 - 교차로안,자전거,남,11세,경상,승용,남,58세,상해없음
2015031400100451,2015년 3월 14일 16시,토요일,경상북도 안동시 운안동,경상사고,0,0,1,0,차대차 - 기타,교차로운행방법위반,건조,맑음,교차로 - 교차로안,화물,남,39세,상해없음,승용,남,76세,경상
2015031400100490,2015년 3월 14일 17시,토요일,경상북도 성주군 성주읍,중상사고,0,1,0,0,차대차 - 기타,직진우회전진행방해,건조,맑음,교차로 - 교차로안,승용,남,38세,상해없음,이륜,여,66세,중상
2015031400100491,2015년 3월 14일 17시,토요일,경상북도 구미시 구평동,경상사고,0,0,1,0,차대차 - 측면직각충돌,교차로운행방법위반,건조,맑음,교차로 - 교차로안,승합,남,42세,상해없음,자전거,남,11세,경상
2015031400100526,2015년 3월 14일 18시,토요일,경상북도 김천시 개령면,경상사고,0,0,2,0,차대차 - 측면직각충돌,안전운전불이행,건조,맑음,교차로 - 교차로안,승용,여,26세,상해없음,농기계,남,69세,경상
2015031400100527,2015년 3월 14일 18시,토요일,경상북도 경산시 삼북동,경상사고,0,0,2,0,차대차 - 추돌 - 진행중,안전운전불이행,건조,맑음,단일로 - 기타,승용,남,49세,상해없음,승용,여,38세,경상
2015031400100528,2015년 3월 14일 18시,토요일,경상북도 칠곡군 지천면,경상사고,0,0,1,0,차대차 - 추돌 - 진행중,안전운전불이행,건조,맑음,단일로 - 기타,승용,남,44세,상해없음,승용,여,50세,상해없음
2015031400100563,2015년 3월 14일 19시,토요일,경상북도 영천시 화룡동,경상사고,0,0,1,0,차대사람 - 횡단중,신호위반,건조,맑음,단일로 - 횡단보도상,특수,남,19세,상해없음,보행자,남,34세,경상
2015031400100564,2015년 3월 14일 19시,토요일,경상북도 경산시 백천동,경상사고,0,0,3,0,차대차 - 기타,안전운전불이행,건조,맑음,단일로 - 기타,화물,남,64세,경상,화물,남,45세,경상
2015031400100596,2015년 3월 14일 20시,토요일,경상북도 상주시 남성동,부상신고사고,0,0,0,1,차대차 - 측면직각충돌,교차로운행방법위반,건조,맑음,교차로 - 교차로안,원동기,남,40세,부상신고,승용,남,73세,상해없음
2015031400100597,2015년 3월 14일 20시,토요일,경상북도 의성군 의성읍,중상사고,0,7,1,0,차대차 - 측면직각충돌,안전운전불이행,건조,맑음,단일로 - 기타,화물,남,73세,상해없음,승합,남,38세,중상
2015031400100598,2015년 3월 14일 20시,토요일,경상북도 경산시 진량읍,경상사고,0,0,1,0,차대차 - 기타,안전운전불이행,건조,맑음,단일로 - 교량,승용,남,46세,상해없음,승용,여,50세,경상
2015031400100643,2015년 3월 14일 22시,토요일,경상북도 경주시 천북면,경상사고,0,0,1,0,차량단독 - 공작물충돌,안전운전불이행,건조,맑음,단일로 - 기타,승용,여,39세,상해없음,,,,
2015031400100644,2015년 3월 14일 22시,토요일,경상북도 김천시 신음동,경상사고,0,0,2,0,차대사람 - 횡단중,안전운전불이행,건조,맑음,교차로 - 교차로부근,이륜,남,19세,경상,보행자,남,35세,경상
2015031400100645,2015년 3월 14일 22시,토요일,경상북도 칠곡군 왜관읍,경상사고,0,0,1,1,차대차 - 기타,신호위반,건조,맑음,교차로 - 교차로안,승용,여,57세,부상신고,승합,남,39세,경상
2015031400100646,2015년 3월 14일 22시,토요일,경상북도 군위군 효령면,사망사고,1,0,0,0,차대사람 - 길가장자리구역통행중,안전운전불이행,건조,맑음,단일로 - 기타,승용,남,60세,상해없음,보행자,남,55세,사망
2015031400100647,2015년 3월 14일 22시,토요일,경상북도 구미시 황상동,경상사고,0,0,1,0,차대사람 - 기타,안전운전불이행,건조,맑음,단일로 - 기타,기타불명,기타불명,기타불명,기타불명,보행자,남,18세,경상
2015031400100648,2015년 3월 14일 22시,토요일,경상북도 포항시 북구 기계면,중상사고,0,1,0,0,차대차 - 측면직각충돌,안전운전불이행,건조,맑음,단일로 - 기타,승용,남,54세,상해없음,승용,남,55세,중상
2015031500100013,2015년 3월 15일 00시,일요일,경상북도 예천군 예천읍,경상사고,0,0,1,0,차대차 - 측면직각충돌,직진우회전진행방해,건조,맑음,교차로 - 교차로안,승용,여,50세,경상,승용,남,26세,상해없음
2015031500100014,2015년 3월 15일 00시,일요일,경상북도 구미시 공단동,경상사고,0,0,2,0,차대차 - 기타,신호위반,건조,맑음,교차로 - 교차로안,승용,여,50세,상해없음,승용,남,59세,경상
2015031500100036,2015년 3월 15일 01시,일요일,경상북도 포항시 남구 상도동,경상사고,0,0,1,0,차량단독 - 공작물충돌,안전운전불이행,건조,맑음,교차로 - 교차로안,승용,남,27세,경상,,,,
2015031500100047,2015년 3월 15일 02시,일요일,경상북도 경산시 대동,경상사고,0,0,1,0,차대사람 - 기타,안전운전불이행,건조,맑음,단일로 - 기타,승용,남,26세,상해없음,보행자,남,19세,경상
2015031500100057,2015년 3월 15일 03시,일요일,경상북도 포항시 남구 대도동,중상사고,0,2,0,0,차대차 - 기타,신호위반,건조,맑음,교차로 - 교차로안,승용,여,42세,상해없음,승용,남,49세,중상
2015031500100081,2015년 3월 15일 05시,일요일,경상북도 안동시 안기동,부상신고사고,0,0,0,1,차량단독 - 공작물충돌,안전운전불이행,건조,맑음,교차로 - 교차로부근,승용,남,27세,부상신고,,,,
2015031500100082,2015년 3월 15일 05시,일요일,경상북도 경주시 건천읍,중상사고,0,2,0,0,차량단독 - 전도전복,안전운전불이행,건조,맑음,단일로 - 기타,승용,남,34세,중상,,,,
2015031500100133,2015년 3월 15일 08시,일요일,경상북도 안동시 용상동,중상사고,0,1,0,0,차대차 - 기타,직진우회전진행방해,건조,맑음,교차로 - 교차로안,승용,남,47세,상해없음,원동기,남,65세,중상
2015031500100134,2015년 3월 15일 08시,일요일,경상북도 김천시 부곡동,중상사고,0,1,0,0,차대차 - 측면직각충돌,신호위반,건조,맑음,교차로 - 교차로부근,승용,남,32세,상해없음,자전거,남,71세,중상
2015031500100152,2015년 3월 15일 09시,일요일,경상북도 포항시 남구 대도동,경상사고,0,0,1,0,차대차 - 기타,안전운전불이행,건조,맑음,교차로 - 교차로부근,승용,여,34세,상해없음,승용,여,34세,경상
2015031500100153,2015년 3월 15일 09시,일요일,경상북도 청도군 청도읍,경상사고,0,0,4,0,차대차 - 추돌 - 진행중,안전운전불이행,건조,맑음,단일로 - 터널,승용,남,19세,상해없음,승용,남,48세,경상
2015031500100171,2015년 3월 15일 10시,일요일,경상북도 경주시 황남동,경상사고,0,0,1,0,차대차 - 기타,신호위반,건조,맑음,교차로 - 교차로안,승용,남,49세,상해없음,승용,남,35세,경상
2015031500100172,2015년 3월 15일 10시,일요일,경상북도 구미시 시미동,중상사고,0,1,1,0,차대차 - 기타,신호위반,건조,맑음,교차로 - 교차로안,승용,여,22세,상해없음,승용,남,30세,중상
2015031500100212,2015년 3월 15일 12시,일요일,경상북도 김천시 평화동,경상사고,0,0,1,0,차대차 - 측면직각충돌,중앙선침범,건조,맑음,단일로 - 기타,화물,남,54세,상해없음,승용,여,50세,경상
2015031500100213,2015년 3월 15일 12시,일요일,경상북도 칠곡군 석적읍,경상사고,0,0,2,1,차대차 - 기타,중앙선침범,건조,맑음,단일로 - 기타,승용,여,37세,부상신고,승용,남,53세,경상
2015031500100214,2015년 3월 15일 12시,일요일,경상북도 경산시 하양읍,경상사고,0,0,1,0,차대차 - 기타,안전거리미확보,건조,맑음,교차로 - 교차로안,원동기,남,51세,경상,승용,남,52세,상해없음
2015031500100241,2015년 3월 15일 13시,일요일,경상북도 칠곡군 지천면,중상사고,0,1,1,0,차대차 - 추돌 - 진행중,중앙선침범,건조,맑음,단일로 - 기타,승용,남,23세,상해없음,화물,남,44세,상해없음
2015031500100242,2015년 3월 15일 13시,일요일,경상북도 포항시 남구 효자동,중상사고,0,2,4,1,차대차 - 정면충돌,안전운전불이행,건조,맑음,교차로 - 교차로안,승용,남,26세,중상,승합,남,53세,상해없음
2015031500100278,2015년 3월 15일 14시,일요일,경상북도 포항시 북구 죽도동,경상사고,0,0,1,0,차대차 - 기타,신호위반,건조,맑음,교차로 - 교차로안,원동기,남,45세,경상,승용,남,31세,상해없음
2015031500100312,2015년 3월 15일 15시,일요일,경상북도 경주시 안강읍,부상신고사고,0,0,0,1,차대차 - 측면직각충돌,안전운전불이행,건조,맑음,교차로 - 교차로안,원동기,여,49세,부상신고,승용,여,48세,상해없음
2015031500100313,2015년 3월 15일 15시,일요일,경상북도 포항시 북구 환호동,중상사고,0,1,0,0,차대사람 - 기타,보행자보호의무위반,건조,맑음,교차로 - 교차로부근,승용,남,35세,상해없음,보행자,남,60세,중상
2015031500100314,2015년 3월 15일 15시,일요일,경상북도 포항시 북구 대신동,중상사고,0,1,0,0,차대사람 - 기타,안전운전불이행,건조,맑음,교차로 - 교차로안,승용,남,32세,상해없음,보행자,남,69세,중상
2015031500100315,2015년 3월 15일 15시,일요일,경상북도 의성군 금성면,경상사고,0,0,1,0,차대차 - 정면충돌,안전운전불이행,건조,맑음,교차로 - 교차로부근,승용,남,30세,상해없음,화물,남,59세,경상
2015031500100316,2015년 3월 15일 15시,일요일,경상북도 봉화군 소천면,경상사고,0,0,3,0,차대차 - 정면충돌,중앙선침범,건조,맑음,단일로 - 기타,승용,남,37세,상해없음,승용,남,52세,경상
2015031500100317,2015년 3월 15일 15시,일요일,경상북도 청도군 운문면,중상사고,0,1,0,0,차대사람 - 기타,안전운전불이행,건조,맑음,교차로 - 교차로안,승용,남,54세,상해없음,보행자,남,16세,중상
2015031500100318,2015년 3월 15일 15시,일요일,경상북도 포항시 남구 오천읍,경상사고,0,0,1,0,차대사람 - 차도통행중,안전운전불이행,건조,맑음,단일로 - 기타,승용,여,60세,기타불명,보행자,여,46세,경상
2015031500100350,2015년 3월 15일 16시,일요일,경상북도 경주시 현곡면,경상사고,0,0,1,0,차량단독 - 전도전복,안전운전불이행,건조,맑음,기타 - 기타,원동기,남,50세,경상,,,,
2015031500100351,2015년 3월 15일 16시,일요일,경상북도 문경시 공평동,중상사고,0,1,0,0,차량단독 - 공작물충돌,안전운전불이행,건조,맑음,단일로 - 기타,승용,남,38세,중상,,,,
2015031500100378,2015년 3월 15일 17시,일요일,경상북도 경주시 배반동,중상사고,0,2,1,0,차대차 - 기타,신호위반,건조,맑음,교차로 - 교차로안,승용,남,45세,상해없음,승용,남,63세,상해없음
2015031500100379,2015년 3월 15일 17시,일요일,경상북도 영덕군 지품면,중상사고,0,1,2,0,차대차 - 측면직각충돌,안전거리미확보,건조,맑음,교차로 - 교차로안,이륜,남,62세,중상,승용,남,50세,경상
2015031500100380,2015년 3월 15일 17시,일요일,경상북도 구미시 고아읍,중상사고,0,1,0,0,차대차 - 기타,안전운전불이행,건조,맑음,단일로 - 기타,화물,남,54세,상해없음,이륜,남,72세,중상
2015031500100381,2015년 3월 15일 17시,일요일,경상북도 구미시 신평동,경상사고,0,0,2,0,차대차 - 기타,교차로운행방법위반,건조,맑음,교차로 - 교차로안,승용,여,49세,상해없음,승합,남,68세,경상
2015031500100417,2015년 3월 15일 18시,일요일,경상북도 경산시 하양읍,중상사고,0,1,0,0,차대차 - 기타,안전운전불이행,건조,맑음,교차로 - 교차로부근,승용,남,21세,상해없음,원동기,남,66세,중상
2015031500100418,2015년 3월 15일 18시,일요일,경상북도 봉화군 물야면,중상사고,0,1,0,0,차량단독 - 공작물충돌,안전운전불이행,건조,맑음,교차로 - 교차로안,원동기,남,72세,상해없음,,,,
2015031500100419,2015년 3월 15일 18시,일요일,경상북도 구미시 황상동,경상사고,0,0,1,0,차대사람 - 기타,안전운전불이행,건조,맑음,단일로 - 기타,승용,여,32세,상해없음,보행자,여,19세,경상
2015031500100420,2015년 3월 15일 18시,일요일,경상북도 구미시 시미동,부상신고사고,0,0,0,1,차대차 - 기타,안전운전불이행,건조,맑음,단일로 - 기타,승용,남,33세,상해없음,이륜,남,31세,부상신고
2015031500100455,2015년 3월 15일 19시,일요일,경상북도 경주시 외동읍,중상사고,0,1,0,0,차대사람 - 기타,신호위반,건조,맑음,교차로 - 교차로안,승용,남,43세,상해없음,보행자,남,50세,중상
2015031500100456,2015년 3월 15일 19시,일요일,경상북도 의성군 안계면,중상사고,0,1,0,0,차대차 - 측면직각충돌,안전운전불이행,건조,맑음,단일로 - 기타,승용,남,41세,상해없음,승용,여,56세,중상
2015031500100457,2015년 3월 15일 19시,일요일,경상북도 영천시 성내동,사망사고,1,0,0,0,차대사람 - 보도통행중,보행자보호의무위반,건조,맑음,단일로 - 기타,승용,남,47세,상해없음,보행자,여,66세,사망
2015031500100492,2015년 3월 15일 20시,일요일,경상북도 칠곡군 왜관읍,경상사고,0,0,1,0,차대사람 - 기타,안전운전불이행,건조,맑음,단일로 - 기타,승용,남,53세,상해없음,보행자,여,1세,경상
2015031500100493,2015년 3월 15일 20시,일요일,경상북도 경산시 사정동,경상사고,0,0,1,0,차대사람 - 기타,안전운전불이행,건조,맑음,교차로 - 교차로부근,승용,남,33세,상해없음,보행자,여,59세,경상