사고번호,사고일시,요일,시군구,사고내용,사망자수,중상자수,경상자수,부상신고자수,사고유형,법규위반,노면상태,기상상태,도로형태,가해운전자 차종,가해운전자 성별,가해운전자 연령,가해운전자 상해정도,피해운전자 차종,피해운전자 성별,피해운전자 연령,피해운전자 상해정도
2015031500100494,2015년 3월 15일 20시,일요일,경상북도 경산시 계양동,중상사고,0,1,1,0,차대차 - 기타,안전운전불이행,건조,맑음,단일로 - 기타,화물,남,40세,상해없음,승용,여,41세,경상
2015031500100522,2015년 3월 15일 21시,일요일,경상북도 상주시 이안면,경상사고,0,0,1,0,차대차 - 추돌 - 진행중,안전운전불이행,건조,맑음,단일로 - 기타,승용,남,37세,상해없음,승용,남,44세,경상
2015031500100539,2015년 3월 15일 22시,일요일,경상북도 포항시 북구 용흥동,중상사고,0,1,0,0,차대사람 - 기타,안전운전불이행,건조,맑음,단일로 - 기타,승용,남,34세,상해없음,보행자,남,62세,중상
2015031500100540,2015년 3월 15일 22시,일요일,경상북도 안동시 옥동,경상사고,0,0,2,0,차대차 - 기타,안전운전불이행,건조,맑음,단일로 - 기타,승용,여,41세,상해없음,승용,여,39세,경상
2015031500100555,2015년 3월 15일 23시,일요일,경상북도 김천시 대항면,경상사고,0,0,1,0,차대차 - 측면직각충돌,안전운전불이행,건조,맑음,단일로 - 기타,화물,남,31세,기타불명,승용,남,41세,경상
2015031500100556,2015년 3월 15일 23시,일요일,경상북도 경산시 중방동,중상사고,0,1,1,0,차대차 - 기타,안전운전불이행,건조,맑음,교차로 - 교차로부근,승용,남,51세,상해없음,승용,남,28세,중상
2015031600100021,2015년 3월 16일 01시,월요일,경상북도 경주시 성동동,사망사고,1,0,0,0,차대사람 - 기타,안전운전불이행,건조,맑음,단일로 - 기타,승용,남,64세,상해없음,보행자,남,57세,사망
2015031600100022,2015년 3월 16일 01시,월요일,경상북도 칠곡군 석적읍,경상사고,0,0,1,0,차대차 - 추돌 - 진행중,안전운전불이행,건조,맑음,교차로 - 교차로안,이륜,남,36세,경상,기타불명,기타불명,기타불명,기타불명
2015031600100023,2015년 3월 16일 01시,월요일,경상북도 경산시 대평동,경상사고,0,0,2,0,차대차 - 기타,안전운전불이행,건조,맑음,교차로 - 교차로부근,승용,남,52세,경상,승용,남,53세,경상
2015031600100024,2015년 3월 16일 01시,월요일,경상북도 울릉군 울릉읍,중상사고,0,2,2,0,차량단독 - 공작물충돌,안전운전불이행,건조,맑음,단일로 - 기타,화물,남,16세,경상,,,,
2015031600100043,2015년 3월 16일 05시,월요일,경상북도 상주시 낙상동,중상사고,0,3,3,3,차대차 - 추돌 - 진행중,안전운전불이행,건조,맑음,단일로 - 기타,승용,남,54세,중상,화물,남,54세,부상신고
2015031600100052,2015년 3월 16일 06시,월요일,경상북도 영천시 화북면,중상사고,0,1,0,0,차대차 - 정면충돌,중앙선침범,건조,맑음,교차로 - 교차로부근,농기계,남,74세,중상,승용,남,68세,상해없음
2015031600100065,2015년 3월 16일 07시,월요일,경상북도 안동시 옥동,중상사고,0,1,0,0,차대사람 - 횡단중,보행자보호의무위반,건조,맑음,단일로 - 기타,승용,여,29세,상해없음,보행자,여,17세,중상
2015031600100066,2015년 3월 16일 07시,월요일,경상북도 포항시 남구 해도동,중상사고,0,1,0,0,차대차 - 기타,안전운전불이행,건조,맑음,단일로 - 기타,승합,남,53세,상해없음,승합,남,54세,상해없음
2015031600100105,2015년 3월 16일 08시,월요일,경상북도 안동시 태화동,사망사고,1,0,0,0,차대차 - 기타,안전운전불이행,건조,맑음,교차로 - 교차로안,승용,여,32세,상해없음,자전거,남,76세,사망
2015031600100106,2015년 3월 16일 08시,월요일,경상북도 안동시 법상동,중상사고,0,1,0,0,차대사람 - 기타,보행자보호의무위반,건조,맑음,단일로 - 기타,승용,남,71세,상해없음,보행자,여,69세,중상
2015031600100129,2015년 3월 16일 09시,월요일,경상북도 경주시 성건동,중상사고,0,1,0,0,차대차 - 기타,안전운전불이행,건조,맑음,교차로 - 교차로안,승용,남,42세,상해없음,원동기,남,49세,중상
2015031600100130,2015년 3월 16일 09시,월요일,경상북도 안동시 신안동,중상사고,0,1,0,0,차대차 - 기타,중앙선침범,건조,맑음,교차로 - 교차로부근,화물,남,49세,상해없음,승용,여,43세,중상
2015031600100131,2015년 3월 16일 09시,월요일,경상북도 포항시 남구 상도동,경상사고,0,0,1,0,차대차 - 측면직각충돌,안전운전불이행,건조,맑음,기타 - 기타,승용,여,54세,상해없음,승용,여,45세,경상
2015031600100163,2015년 3월 16일 10시,월요일,경상북도 경주시 안강읍,중상사고,0,1,0,0,차대차 - 기타,안전운전불이행,건조,맑음,단일로 - 기타,화물,남,59세,상해없음,승합,남,50세,중상
2015031600100164,2015년 3월 16일 10시,월요일,경상북도 경주시 효현동,중상사고,0,1,1,0,차대차 - 측면직각충돌,신호위반,건조,맑음,교차로 - 교차로안,화물,남,56세,상해없음,화물,남,67세,중상
2015031600100165,2015년 3월 16일 10시,월요일,경상북도 의성군 단촌면,경상사고,0,0,1,0,차대차 - 추돌 - 주정차중,안전거리미확보,건조,맑음,교차로 - 교차로부근,건설기계,남,50세,경상,건설기계,남,46세,상해없음
2015031600100166,2015년 3월 16일 10시,월요일,경상북도 경산시 조영동,중상사고,0,1,0,0,차대차 - 기타,중앙선침범,건조,맑음,단일로 - 기타,승용,남,36세,상해없음,원동기,남,44세,중상
2015031600100167,2015년 3월 16일 10시,월요일,경상북도 포항시 남구 구룡포읍,경상사고,0,0,1,0,차대차 - 기타,안전운전불이행,건조,맑음,교차로 - 교차로안,화물,남,42세,경상,화물,남,59세,상해없음
2015031600100197,2015년 3월 16일 11시,월요일,경상북도 포항시 북구 우현동,경상사고,0,0,1,0,차대차 - 기타,차로위반,건조,맑음,단일로 - 기타,화물,여,57세,상해없음,승용,여,32세,상해없음
2015031600100198,2015년 3월 16일 11시,월요일,경상북도 상주시 낙동면,중상사고,0,3,2,1,차대차 - 추돌 - 주정차중,안전운전불이행,건조,맑음,단일로 - 기타,화물,남,43세,부상신고,화물,남,49세,경상
2015031600100199,2015년 3월 16일 11시,월요일,경상북도 영주시 하망동,경상사고,0,0,1,0,차대차 - 추돌 - 진행중,안전운전불이행,건조,맑음,교차로 - 교차로안,승용,여,61세,상해없음,승용,남,64세,경상
2015031600100200,2015년 3월 16일 11시,월요일,경상북도 칠곡군 북삼읍,경상사고,0,0,1,0,차대차 - 측면직각충돌,교차로운행방법위반,건조,맑음,교차로 - 교차로안,승용,남,79세,경상,건설기계,남,62세,상해없음
2015031600100234,2015년 3월 16일 12시,월요일,경상북도 경주시 천북면,경상사고,0,0,1,1,차대차 - 기타,안전운전불이행,건조,맑음,교차로 - 교차로안,화물,남,52세,부상신고,화물,남,34세,경상
2015031600100235,2015년 3월 16일 12시,월요일,경상북도 경산시 조영동,중상사고,0,1,0,0,차대차 - 기타,안전운전불이행,건조,맑음,교차로 - 교차로안,승합,남,56세,상해없음,자전거,남,48세,중상
2015031600100296,2015년 3월 16일 14시,월요일,경상북도 경주시 하동,경상사고,0,0,4,0,차대차 - 기타,안전운전불이행,건조,맑음,단일로 - 기타,승용,남,22세,상해없음,화물,남,56세,경상
2015031600100297,2015년 3월 16일 14시,월요일,경상북도 청도군 금천면,중상사고,0,1,1,0,차대사람 - 기타,안전운전불이행,건조,맑음,단일로 - 기타,승용,남,82세,경상,보행자,남,54세,중상
2015031600100319,2015년 3월 16일 15시,월요일,경상북도 김천시 덕곡동,중상사고,0,2,0,0,차대차 - 측면직각충돌,안전운전불이행,건조,맑음,교차로 - 교차로부근,승합,남,47세,상해없음,이륜,남,74세,중상
2015031600100320,2015년 3월 16일 15시,월요일,경상북도 경산시 와촌면,중상사고,0,1,0,0,차대사람 - 기타,안전운전불이행,건조,맑음,교차로 - 교차로부근,승합,남,51세,상해없음,보행자,남,79세,중상
2015031600100321,2015년 3월 16일 15시,월요일,경상북도 경산시 중방동,중상사고,0,1,0,0,차대사람 - 기타,안전운전불이행,건조,맑음,단일로 - 기타,승용,남,35세,상해없음,보행자,남,66세,중상
2015031600100354,2015년 3월 16일 16시,월요일,경상북도 울진군 원남면,중상사고,0,1,0,0,차대차 - 측면직각충돌,안전운전불이행,건조,맑음,단일로 - 기타,이륜,남,65세,중상,화물,남,46세,상해없음
2015031600100355,2015년 3월 16일 16시,월요일,경상북도 구미시 진평동,경상사고,0,0,1,0,차대사람 - 기타,안전운전불이행,건조,맑음,기타 - 기타,승용,남,32세,상해없음,보행자,여,41세,경상
2015031600100396,2015년 3월 16일 17시,월요일,경상북도 경주시 안강읍,사망사고,1,0,0,0,차량단독 - 전도전복,안전운전불이행,건조,맑음,단일로 - 기타,승용,남,62세,사망,,,,
2015031600100397,2015년 3월 16일 17시,월요일,경상북도 김천시 아포읍,경상사고,0,0,1,0,차대차 - 측면직각충돌,안전운전불이행,건조,맑음,단일로 - 기타,승용,남,63세,상해없음,화물,여,61세,경상
2015031600100398,2015년 3월 16일 17시,월요일,경상북도 경산시 사동,부상신고사고,0,0,0,1,차대사람 - 기타,안전운전불이행,건조,맑음,기타 - 기타,자전거,남,7세,상해없음,보행자,남,4세,부상신고
2015031600100399,2015년 3월 16일 17시,월요일,경상북도 예천군 지보면,경상사고,0,0,1,0,차대사람 - 길가장자리구역통행중,안전운전불이행,건조,맑음,단일로 - 기타,화물,남,61세,상해없음,보행자,여,75세,경상
2015031600100400,2015년 3월 16일 17시,월요일,경상북도 구미시 구평동,중상사고,0,1,0,0,차대차 - 기타,안전운전불이행,건조,맑음,단일로 - 기타,승용,여,35세,상해없음,자전거,남,14세,중상
2015031600100434,2015년 3월 16일 18시,월요일,경상북도 경주시 외동읍,경상사고,0,0,1,0,차대차 - 측면직각충돌,안전운전불이행,건조,맑음,단일로 - 기타,승용,남,62세,상해없음,승용,여,26세,경상
2015031600100435,2015년 3월 16일 18시,월요일,경상북도 고령군 고령읍,경상사고,0,0,1,0,차대차 - 측면직각충돌,안전운전불이행,건조,맑음,단일로 - 기타,이륜,남,66세,상해없음,원동기,남,41세,경상
2015031600100436,2015년 3월 16일 18시,월요일,경상북도 구미시 구평동,부상신고사고,0,0,0,1,차대차 - 기타,안전운전불이행,건조,맑음,교차로 - 교차로부근,이륜,남,73세,부상신고,승용,여,29세,상해없음
2015031600100475,2015년 3월 16일 19시,월요일,경상북도 상주시 내서면,부상신고사고,0,0,0,1,차량단독 - 공작물충돌,안전운전불이행,건조,맑음,단일로 - 기타,승용,남,54세,부상신고,,,,
2015031600100476,2015년 3월 16일 19시,월요일,경상북도 구미시 봉곡동,경상사고,0,0,1,0,차대사람 - 횡단중,안전운전불이행,건조,맑음,교차로 - 교차로안,기타불명,기타불명,기타불명,기타불명,보행자,여,20세,경상
2015031600100508,2015년 3월 16일 20시,월요일,경상북도 경주시 외동읍,경상사고,0,0,1,0,차대차 - 측면직각충돌,안전운전불이행,건조,맑음,단일로 - 기타,승합,남,52세,상해없음,승용,남,36세,경상
2015031600100509,2015년 3월 16일 20시,월요일,경상북도 경산시 중방동,경상사고,0,0,1,0,차대차 - 기타,안전거리미확보,건조,맑음,교차로 - 교차로안,승용,남,23세,상해없음,원동기,남,30세,경상
2015031600100573,2015년 3월 16일 22시,월요일,경상북도 포항시 북구 장성동,경상사고,0,0,2,0,차대차 - 기타,차로위반,건조,맑음,교차로 - 교차로부근,승용,남,56세,상해없음,승합,남,41세,경상
2015031600100574,2015년 3월 16일 22시,월요일,경상북도 포항시 북구 득량동,경상사고,0,0,1,0,차대차 - 기타,차로위반,건조,맑음,단일로 - 기타,승용,남,57세,상해없음,원동기,남,44세,경상
2015031600100575,2015년 3월 16일 22시,월요일,경상북도 영천시 문내동,부상신고사고,0,0,0,1,차대사람 - 보도통행중,안전운전불이행,건조,맑음,단일로 - 기타,승용,여,44세,상해없음,보행자,남,52세,부상신고
2015031600100576,2015년 3월 16일 22시,월요일,경상북도 포항시 남구 송도동,중상사고,0,1,0,0,차대차 - 기타,안전운전불이행,건조,맑음,단일로 - 기타,자전거,남,70세,상해없음,이륜,남,44세,중상
2015031600100599,2015년 3월 16일 23시,월요일,경상북도 구미시 도개면,부상신고사고,0,0,0,1,차량단독 - 공작물충돌,안전운전불이행,건조,맑음,단일로 - 기타,승용,남,49세,부상신고,,,,
2015031600100600,2015년 3월 16일 23시,월요일,경상북도 구미시 공단동,중상사고,0,1,0,0,차대차 - 기타,안전운전불이행,건조,맑음,교차로 - 교차로안,승용,남,48세,상해없음,자전거,남,52세,중상
2015031700100039,2015년 3월 17일 03시,화요일,경상북도 포항시 북구 항구동,중상사고,0,1,0,0,차대차 - 기타,안전운전불이행,건조,맑음,교차로 - 교차로부근,승용,여,54세,상해없음,원동기,남,37세,중상
2015031700100040,2015년 3월 17일 03시,화요일,경상북도 구미시 공단동,경상사고,0,0,1,0,차대차 - 기타,신호위반,건조,맑음,교차로 - 교차로안,승용,여,47세,상해없음,화물,남,54세,경상
2015031700100051,2015년 3월 17일 04시,화요일,경상북도 영주시 가흥동,경상사고,0,0,2,0,차대차 - 추돌 - 주정차중,안전운전불이행,건조,맑음,교차로 - 교차로안,승용,여,65세,상해없음,승용,남,61세,상해없음
2015031700100073,2015년 3월 17일 06시,화요일,경상북도 경주시 평동,중상사고,0,1,0,0,차량단독 - 공작물충돌,안전운전불이행,건조,맑음,교차로 - 교차로안,승용,여,64세,중상,,,,
2015031700100096,2015년 3월 17일 07시,화요일,경상북도 영주시 영주동,경상사고,0,0,1,0,차대사람 - 횡단중,안전운전불이행,건조,맑음,단일로 - 횡단보도부근,승용,여,60세,상해없음,보행자,남,35세,경상
2015031700100097,2015년 3월 17일 07시,화요일,경상북도 영천시 완산동,중상사고,0,1,0,0,차대사람 - 길가장자리구역통행중,안전운전불이행,건조,맑음,단일로 - 기타,화물,남,61세,상해없음,보행자,여,77세,중상
2015031700100133,2015년 3월 17일 08시,화요일,경상북도 안동시 풍산읍,중상사고,0,3,1,1,차대차 - 기타,안전거리미확보,건조,맑음,단일로 - 기타,화물,남,77세,부상신고,승용,남,70세,중상
2015031700100134,2015년 3월 17일 08시,화요일,경상북도 의성군 의성읍,중상사고,0,2,0,0,차대차 - 측면직각충돌,안전운전불이행,건조,맑음,단일로 - 기타,승용,남,79세,상해없음,농기계,남,75세,중상
2015031700100135,2015년 3월 17일 08시,화요일,경상북도 경산시 사정동,중상사고,0,1,0,0,차대차 - 기타,안전운전불이행,건조,맑음,교차로 - 교차로부근,승용,여,41세,상해없음,승용,남,46세,중상
2015031700100174,2015년 3월 17일 09시,화요일,경상북도 포항시 북구 흥해읍,중상사고,0,1,0,0,차대차 - 기타,직진우회전진행방해,건조,맑음,교차로 - 교차로안,승용,남,65세,상해없음,원동기,여,69세,중상
2015031700100228,2015년 3월 17일 11시,화요일,경상북도 의성군 의성읍,중상사고,0,1,0,0,차대차 - 측면직각충돌,안전운전불이행,건조,맑음,교차로 - 교차로부근,화물,남,40세,상해없음,원동기,남,75세,중상
2015031700100229,2015년 3월 17일 11시,화요일,경상북도 칠곡군 석적읍,중상사고,0,2,0,0,차대차 - 정면충돌,안전운전불이행,건조,맑음,교차로 - 교차로부근,승용,남,28세,상해없음,화물,남,57세,중상
2015031700100278,2015년 3월 17일 13시,화요일,경상북도 포항시 북구 흥해읍,경상사고,0,0,1,0,차대차 - 기타,안전운전불이행,습기,비,단일로 - 기타,승용,남,62세,상해없음,승용,여,33세,경상
2015031700100279,2015년 3월 17일 13시,화요일,경상북도 영주시 휴천동,경상사고,0,0,2,0,차대차 - 측면직각충돌,안전운전불이행,건조,맑음,단일로 - 기타,승용,남,63세,상해없음,이륜,남,26세,경상
2015031700100280,2015년 3월 17일 13시,화요일,경상북도 예천군 감천면,중상사고,0,1,2,0,차대차 - 측면직각충돌,직진우회전진행방해,건조,맑음,교차로 - 교차로안,화물,남,66세,경상,화물,남,59세,중상
2015031700100281,2015년 3월 17일 13시,화요일,경상북도 울진군 근남면,중상사고,0,1,2,0,차대차 - 추돌 - 진행중,안전운전불이행,건조,맑음,교차로 - 교차로부근,건설기계,남,53세,상해없음,화물,남,54세,중상
2015031700100316,2015년 3월 17일 14시,화요일,경상북도 경산시 갑제동,경상사고,0,0,1,0,차대차 - 기타,기타,건조,맑음,단일로 - 기타,승용,남,42세,상해없음,승용,남,22세,경상
2015031700100317,2015년 3월 17일 14시,화요일,경상북도 구미시 광평동,부상신고사고,0,0,0,1,차대차 - 기타,안전운전불이행,건조,맑음,교차로 - 교차로안,자전거,남,11세,부상신고,승용,남,42세,상해없음
2015031700100372,2015년 3월 17일 16시,화요일,경상북도 안동시 신안동,중상사고,0,1,0,0,차대차 - 기타,차로위반,건조,맑음,단일로 - 기타,화물,남,53세,상해없음,원동기,남,32세,중상
2015031700100373,2015년 3월 17일 16시,화요일,경상북도 김천시 황금동,경상사고,0,0,1,0,차대차 - 측면직각충돌,안전운전불이행,건조,맑음,단일로 - 기타,화물,남,54세,상해없음,승용,여,45세,경상
2015031700100374,2015년 3월 17일 16시,화요일,경상북도 경산시 중산동,부상신고사고,0,0,0,2,차대차 - 기타,안전운전불이행,건조,맑음,단일로 - 기타,화물,여,21세,상해없음,화물,남,29세,부상신고
2015031700100401,2015년 3월 17일 17시,화요일,경상북도 경주시 외동읍,경상사고,0,0,4,0,차대차 - 기타,중앙선침범,건조,맑음,단일로 - 기타,화물,남,30세,상해없음,승용,남,34세,경상
2015031700100402,2015년 3월 17일 17시,화요일,경상북도 영주시 휴천동,중상사고,0,1,0,0,차대차 - 측면직각충돌,안전운전불이행,건조,맑음,단일로 - 기타,화물,남,73세,상해없음,자전거,남,66세,중상
2015031700100403,2015년 3월 17일 17시,화요일,경상북도 칠곡군 동명면,경상사고,0,0,1,1,차대차 - 정면충돌,중앙선침범,건조,맑음,단일로 - 기타,화물,남,46세,부상신고,승용,여,56세,경상
2015031700100404,2015년 3월 17일 17시,화요일,경상북도 구미시 옥계동,중상사고,0,1,0,0,차대사람 - 횡단중,안전운전불이행,건조,맑음,기타 - 기타,승용,여,56세,상해없음,보행자,남,77세,중상
2015031700100446,2015년 3월 17일 18시,화요일,경상북도 포항시 북구 흥해읍,중상사고,0,1,0,0,차대사람 - 기타,안전운전불이행,건조,맑음,단일로 - 기타,화물,남,52세,상해없음,보행자,남,46세,중상
2015031700100447,2015년 3월 17일 18시,화요일,경상북도 안동시 수상동,중상사고,0,1,1,0,차대차 - 기타,안전운전불이행,건조,맑음,교차로 - 교차로안,승용,남,43세,상해없음,승용,남,50세,상해없음
2015031700100448,2015년 3월 17일 18시,화요일,경상북도 안동시 태화동,경상사고,0,0,2,0,차대차 - 추돌 - 진행중,안전거리미확보,건조,맑음,단일로 - 기타,승용,남,52세,상해없음,화물,남,28세,경상
2015031700100449,2015년 3월 17일 18시,화요일,경상북도 구미시 산동면,중상사고,0,1,0,0,차대차 - 기타,교차로운행방법위반,건조,맑음,교차로 - 교차로안,원동기,남,19세,중상,승용,남,44세,상해없음
2015031700100450,2015년 3월 17일 18시,화요일,경상북도 포항시 남구 오천읍,경상사고,0,0,1,0,차대차 - 기타,안전운전불이행,건조,맑음,단일로 - 기타,승용,남,31세,상해없음,이륜,남,47세,경상
2015031700100487,2015년 3월 17일 19시,화요일,경상북도 구미시 신평동,경상사고,0,0,1,0,차대차 - 측면직각충돌,신호위반,건조,맑음,교차로 - 교차로안,이륜,남,58세,경상,승용,남,61세,상해없음
2015031700100488,2015년 3월 17일 19시,화요일,경상북도 구미시 고아읍,중상사고,0,1,0,0,차량단독 - 공작물충돌,안전운전불이행,건조,맑음,단일로 - 교량,원동기,남,60세,중상,,,,
2015031700100489,2015년 3월 17일 19시,화요일,경상북도 포항시 남구 오천읍,경상사고,0,0,1,0,차대차 - 측면직각충돌,안전운전불이행,건조,맑음,단일로 - 기타,승용,여,29세,상해없음,이륜,남,32세,경상
2015031700100490,2015년 3월 17일 19시,화요일,경상북도 포항시 남구 송도동,경상사고,0,0,1,0,차대차 - 측면직각충돌,안전운전불이행,건조,맑음,단일로 - 기타,승용,남,43세,경상,승용,여,31세,상해없음
2015031700100518,2015년 3월 17일 20시,화요일,경상북도 포항시 북구 흥해읍,경상사고,0,0,1,0,차대사람 - 길가장자리구역통행중,안전운전불이행,건조,맑음,단일로 - 기타,승용,기타불명,기타불명,기타불명,보행자,남,43세,경상
2015031700100519,2015년 3월 17일 20시,화요일,경상북도 청송군 현동면,경상사고,0,0,1,0,차대차 - 측면직각충돌,중앙선침범,건조,맑음,단일로 - 기타,농기계,남,45세,상해없음,화물,남,64세,경상
2015031700100551,2015년 3월 17일 21시,화요일,경상북도 구미시 임은동,중상사고,0,1,0,0,차대사람 - 횡단중,보행자보호의무위반,습기,맑음,단일로 - 횡단보도상,승용,여,39세,상해없음,보행자,남,20세,중상
2015031700100552,2015년 3월 17일 21시,화요일,경상북도 구미시 산동면,경상사고,0,0,1,0,차대차 - 측면직각충돌,안전운전불이행,건조,맑음,교차로 - 교차로안,승용,남,31세,상해없음,승용,여,50세,경상
2015031700100553,2015년 3월 17일 21시,화요일,경상북도 구미시 인의동,경상사고,0,0,1,0,차대차 - 추돌 - 주정차중,안전운전불이행,건조,맑음,교차로 - 교차로부근,승용,여,24세,상해없음,승용,남,48세,경상
2015031700100554,2015년 3월 17일 21시,화요일,경상북도 포항시 남구 이동,경상사고,0,0,1,0,차대사람 - 횡단중,보행자보호의무위반,건조,맑음,단일로 - 횡단보도상,승용,여,52세,상해없음,보행자,여,24세,경상
2015031700100578,2015년 3월 17일 22시,화요일,경상북도 상주시 무양동,경상사고,0,0,1,0,차대차 - 측면직각충돌,안전운전불이행,건조,맑음,단일로 - 횡단보도상,승용,남,26세,상해없음,자전거,남,40세,경상
2015031700100579,2015년 3월 17일 22시,화요일,경상북도 구미시 공단동,사망사고,1,0,0,0,차대사람 - 횡단중,안전운전불이행,건조,맑음,기타 - 기타,승용,남,35세,상해없음,보행자,남,67세,사망
2015031700100603,2015년 3월 17일 23시,화요일,경상북도 경산시 삼풍동,경상사고,0,0,1,0,차대사람 - 기타,보행자보호의무위반,건조,맑음,교차로 - 교차로부근,승용,남,40세,상해없음,보행자,여,31세,경상
2015031800100038,2015년 3월 18일 02시,수요일,경상북도 구미시 상모동,중상사고,0,1,0,0,차대차 - 추돌 - 주정차중,안전운전불이행,건조,흐림,교차로 - 교차로안,승용,남,31세,상해없음,승용,남,44세,중상
2015031800100043,2015년 3월 18일 03시,수요일,경상북도 포항시 남구 청림동,경상사고,0,0,1,0,차대차 - 추돌 - 주정차중,안전운전불이행,건조,맑음,교차로 - 교차로안,승용,남,24세,경상,승용,남,24세,상해없음
2015031800100073,2015년 3월 18일 06시,수요일,경상북도 영천시 신령면,중상사고,0,1,0,0,차대사람 - 보도통행중,안전운전불이행,습기,맑음,단일로 - 기타,승용,남,51세,상해없음,보행자,남,54세,중상
2015031800100074,2015년 3월 18일 06시,수요일,경상북도 성주군 월항면,경상사고,0,0,1,0,차대차 - 기타,중앙선침범,습기,비,기타 - 기타,화물,남,24세,상해없음,승용,남,57세,경상
2015031800100103,2015년 3월 18일 07시,수요일,경상북도 경산시 옥산동,경상사고,0,0,1,0,차대차 - 기타,안전운전불이행,습기,비,단일로 - 기타,특수,남,54세,상해없음,승용,남,31세,경상
2015031800100104,2015년 3월 18일 07시,수요일,경상북도 포항시 남구 청림동,경상사고,0,0,1,0,차대차 - 기타,교차로운행방법위반,습기,비,교차로 - 교차로안,승용,남,50세,상해없음,승용,남,27세,경상
2015031800100144,2015년 3월 18일 08시,수요일,경상북도 경주시 강동면,경상사고,0,0,1,0,차대차 - 기타,안전운전불이행,습기,비,단일로 - 기타,화물,남,61세,상해없음,원동기,남,49세,경상
2015031800100172,2015년 3월 18일 09시,수요일,경상북도 칠곡군 북삼읍,경상사고,0,0,1,0,차량단독 - 공작물충돌,안전운전불이행,습기,비,단일로 - 기타,승용,여,49세,경상,,,,
2015031800100173,2015년 3월 18일 09시,수요일,경상북도 청송군 청송읍,중상사고,0,1,0,0,차대차 - 정면충돌,중앙선침범,습기,비,단일로 - 기타,승용,여,45세,상해없음,화물,남,37세,중상
2015031800100191,2015년 3월 18일 10시,수요일,경상북도 경주시 외동읍,중상사고,0,1,0,0,차대차 - 측면직각충돌,안전운전불이행,건조,맑음,교차로 - 교차로부근,농기계,남,82세,기타불명,화물,남,37세,상해없음
2015031800100238,2015년 3월 18일 12시,수요일,경상북도 포항시 북구 죽도동,중상사고,0,1,0,0,차대차 - 기타,안전운전불이행,건조,맑음,단일로 - 기타,원동기,남,59세,중상,승용,남,41세,상해없음
2015031800100239,2015년 3월 18일 12시,수요일,경상북도 영천시 언하동,경상사고,0,0,2,0,차대차 - 측면직각충돌,교차로운행방법위반,습기,비,교차로 - 교차로안,승합,남,42세,상해없음,승용,여,32세,경상
2015031800100268,2015년 3월 18일 13시,수요일,경상북도 경산시 진량읍,경상사고,0,0,1,0,차대차 - 기타,안전운전불이행,습기,비,단일로 - 기타,승용,남,27세,상해없음,이륜,남,40세,경상
2015031800100303,2015년 3월 18일 14시,수요일,경상북도 경주시 황오동,경상사고,0,0,1,0,차대차 - 기타,안전운전불이행,습기,비,교차로 - 교차로안,승용,여,46세,상해없음,자전거,남,74세,경상
2015031800100304,2015년 3월 18일 14시,수요일,경상북도 경주시 현곡면,중상사고,0,1,1,0,차대차 - 기타,안전운전불이행,습기,비,단일로 - 기타,승용,남,70세,상해없음,화물,남,57세,중상
2015031800100305,2015년 3월 18일 14시,수요일,경상북도 포항시 북구 흥해읍,경상사고,0,0,1,0,차대차 - 기타,교차로운행방법위반,습기,맑음,교차로 - 교차로안,승용,여,41세,상해없음,승용,남,58세,경상
2015031800100306,2015년 3월 18일 14시,수요일,경상북도 고령군 다산면,경상사고,0,0,1,0,차대사람 - 횡단중,보행자보호의무위반,습기,비,단일로 - 횡단보도상,화물,남,56세,상해없음,보행자,남,8세,경상
2015031800100377,2015년 3월 18일 16시,수요일,경상북도 영천시 망정동,경상사고,0,0,1,0,차대차 - 측면직각충돌,교차로운행방법위반,습기,비,단일로 - 기타,승용,남,42세,상해없음,승용,여,54세,경상
2015031800100378,2015년 3월 18일 16시,수요일,경상북도 경산시 와촌면,사망사고,1,1,0,0,차량단독 - 전도전복,안전운전불이행,습기,비,교차로 - 교차로부근,화물,남,80세,사망,,,,
2015031800100379,2015년 3월 18일 16시,수요일,경상북도 경산시 진량읍,경상사고,0,0,1,0,차대차 - 기타,안전운전불이행,습기,비,단일로 - 기타,승용,남,38세,상해없음,승용,남,26세,경상
2015031800100380,2015년 3월 18일 16시,수요일,경상북도 청송군 안덕면,경상사고,0,0,2,0,차대차 - 측면직각충돌,안전운전불이행,습기,비,단일로 - 기타,화물,남,61세,상해없음,화물,여,59세,경상
2015031800100420,2015년 3월 18일 17시,수요일,경상북도 경주시 황성동,경상사고,0,0,1,0,차대차 - 추돌 - 주정차중,안전운전불이행,습기,비,교차로 - 교차로부근,기타불명,기타불명,기타불명,기타불명,승용,여,39세,경상
2015031800100421,2015년 3월 18일 17시,수요일,경상북도 포항시 북구 득량동,중상사고,0,1,1,0,차대차 - 기타,안전운전불이행,습기,비,교차로 - 교차로안,승용,남,53세,상해없음,승용,남,66세,중상
2015031800100422,2015년 3월 18일 17시,수요일,경상북도 안동시 안막동,경상사고,0,0,1,0,차대차 - 기타,중앙선침범,습기,비,단일로 - 기타,화물,남,75세,상해없음,화물,남,28세,경상
2015031800100423,2015년 3월 18일 17시,수요일,경상북도 김천시 성내동,중상사고,0,1,0,0,차대차 - 추돌 - 주정차중,안전운전불이행,습기,비,단일로 - 횡단보도상,승용,남,61세,상해없음,화물,남,47세,상해없음