사고번호,사고일시,요일,시군구,사고내용,사망자수,중상자수,경상자수,부상신고자수,사고유형,법규위반,노면상태,기상상태,도로형태,가해운전자 차종,가해운전자 성별,가해운전자 연령,가해운전자 상해정도,피해운전자 차종,피해운전자 성별,피해운전자 연령,피해운전자 상해정도
2015031800100462,2015년 3월 18일 18시,수요일,경상북도 경산시 계양동,경상사고,0,0,1,0,차대차 - 추돌 - 진행중,안전거리미확보,습기,비,단일로 - 기타,승용,여,25세,상해없음,승용,여,53세,경상
2015031800100463,2015년 3월 18일 18시,수요일,경상북도 포항시 남구 오천읍,중상사고,0,1,0,0,차대사람 - 횡단중,안전운전불이행,습기,비,교차로 - 교차로부근,승용,남,46세,상해없음,보행자,여,75세,중상
2015031800100464,2015년 3월 18일 18시,수요일,경상북도 포항시 남구 송내동,중상사고,0,1,0,0,차대사람 - 기타,안전운전불이행,습기,비,교차로 - 교차로부근,승용,여,43세,상해없음,보행자,남,23세,중상
2015031800100465,2015년 3월 18일 18시,수요일,경상북도 포항시 남구 상도동,부상신고사고,0,0,0,1,차대사람 - 길가장자리구역통행중,안전운전불이행,습기,비,단일로 - 기타,승용,남,27세,상해없음,보행자,여,24세,부상신고
2015031800100522,2015년 3월 18일 19시,수요일,경상북도 포항시 북구 흥해읍,중상사고,0,1,0,0,차대사람 - 기타,안전운전불이행,습기,맑음,단일로 - 기타,승용,여,52세,상해없음,보행자,남,17세,중상
2015031800100523,2015년 3월 18일 19시,수요일,경상북도 포항시 북구 흥해읍,중상사고,0,2,1,0,차량단독 - 공작물충돌,안전운전불이행,습기,비,단일로 - 교량,승용,남,66세,상해없음,,,,
2015031800100524,2015년 3월 18일 19시,수요일,경상북도 포항시 북구 우현동,경상사고,0,0,1,0,차대차 - 기타,안전운전불이행,습기,비,단일로 - 기타,승용,남,56세,상해없음,승용,남,55세,경상
2015031800100525,2015년 3월 18일 19시,수요일,경상북도 포항시 북구 죽도동,중상사고,0,1,0,0,차대사람 - 기타,보행자보호의무위반,습기,비,단일로 - 기타,승용,남,67세,상해없음,보행자,여,43세,중상
2015031800100526,2015년 3월 18일 19시,수요일,경상북도 경산시 압량면,사망사고,1,0,0,0,차대사람 - 길가장자리구역통행중,안전운전불이행,습기,비,단일로 - 기타,승용,남,25세,상해없음,보행자,남,61세,사망
2015031800100527,2015년 3월 18일 19시,수요일,경상북도 구미시 원평동,부상신고사고,0,0,0,1,차대사람 - 횡단중,안전운전불이행,습기,비,교차로 - 교차로안,기타불명,기타불명,기타불명,기타불명,보행자,여,17세,부상신고
2015031800100572,2015년 3월 18일 20시,수요일,경상북도 경주시 성건동,경상사고,0,0,3,0,차대차 - 기타,안전운전불이행,습기,비,단일로 - 기타,승용,남,26세,상해없음,승용,남,37세,경상
2015031800100573,2015년 3월 18일 20시,수요일,경상북도 포항시 북구 장성동,중상사고,0,1,0,0,차대사람 - 기타,안전운전불이행,건조,맑음,단일로 - 기타,승용,남,61세,상해없음,보행자,남,63세,중상
2015031800100574,2015년 3월 18일 20시,수요일,경상북도 칠곡군 석적읍,경상사고,0,0,2,0,차대사람 - 횡단중,안전운전불이행,습기,비,교차로 - 교차로부근,승용,남,38세,상해없음,보행자,남,46세,경상
2015031800100575,2015년 3월 18일 20시,수요일,경상북도 칠곡군 석적읍,중상사고,0,1,0,0,차대사람 - 횡단중,안전운전불이행,습기,비,단일로 - 횡단보도상,승용,남,23세,상해없음,보행자,남,23세,중상
2015031800100613,2015년 3월 18일 21시,수요일,경상북도 포항시 북구 두호동,중상사고,0,1,1,0,차대차 - 기타,안전운전불이행,습기,비,교차로 - 교차로부근,승용,남,48세,상해없음,승용,남,59세,중상
2015031800100614,2015년 3월 18일 21시,수요일,경상북도 김천시 평화동,경상사고,0,0,1,0,차대사람 - 차도통행중,안전운전불이행,습기,비,교차로 - 교차로부근,승용,남,22세,상해없음,보행자,남,47세,경상
2015031800100615,2015년 3월 18일 21시,수요일,경상북도 경산시 평산동,경상사고,0,0,3,0,차대차 - 기타,안전운전불이행,습기,비,교차로 - 교차로안,승용,여,31세,경상,화물,남,37세,경상
2015031800100616,2015년 3월 18일 21시,수요일,경상북도 구미시 형곡동,중상사고,0,2,0,0,차대차 - 추돌 - 진행중,안전거리미확보,습기,비,단일로 - 기타,승합,남,46세,상해없음,승용,여,46세,중상
2015031800100617,2015년 3월 18일 21시,수요일,경상북도 포항시 남구 오천읍,사망사고,1,0,0,0,차대사람 - 기타,안전운전불이행,습기,비,교차로 - 교차로부근,승합,남,54세,상해없음,보행자,여,70세,사망
2015031800100656,2015년 3월 18일 22시,수요일,경상북도 의성군 옥산면,중상사고,0,1,0,0,차량단독 - 공작물충돌,안전운전불이행,습기,비,단일로 - 기타,화물,남,60세,중상,,,,
2015031800100657,2015년 3월 18일 22시,수요일,경상북도 고령군 다산면,경상사고,0,0,1,0,차대차 - 추돌 - 주정차중,안전운전불이행,건조,맑음,교차로 - 교차로안,승용,여,57세,상해없음,승용,남,28세,경상
2015031800100658,2015년 3월 18일 22시,수요일,경상북도 구미시 공단동,경상사고,0,0,1,0,차대차 - 측면직각충돌,안전운전불이행,적설,흐림,교차로 - 교차로안,승용,남,58세,경상,승용,남,42세,기타불명
2015031800100686,2015년 3월 18일 23시,수요일,경상북도 경주시 성건동,경상사고,0,0,1,0,차대차 - 기타,신호위반,습기,비,교차로 - 교차로안,기타불명,기타불명,기타불명,기타불명,승용,여,46세,경상
2015031800100687,2015년 3월 18일 23시,수요일,경상북도 포항시 남구 상도동,경상사고,0,0,1,0,차대차 - 측면직각충돌,신호위반,습기,비,교차로 - 교차로안,승용,남,27세,상해없음,승용,여,47세,경상
2015031900100013,2015년 3월 19일 00시,목요일,경상북도 구미시 형곡동,중상사고,0,1,4,0,차대차 - 기타,안전운전불이행,습기,비,교차로 - 교차로안,승용,여,47세,기타불명,승용,여,39세,경상
2015031900100140,2015년 3월 19일 08시,목요일,경상북도 경주시 용강동,중상사고,0,1,2,0,차대차 - 기타,신호위반,습기,흐림,교차로 - 교차로안,승용,여,48세,상해없음,승용,남,45세,경상
2015031900100141,2015년 3월 19일 08시,목요일,경상북도 문경시 문경읍,경상사고,0,0,1,0,차대사람 - 차도통행중,안전운전불이행,건조,맑음,교차로 - 교차로안,승용,여,55세,상해없음,보행자,남,88세,경상
2015031900100142,2015년 3월 19일 08시,목요일,경상북도 문경시 마성면,경상사고,0,0,1,0,차대차 - 정면충돌,교차로운행방법위반,건조,맑음,단일로 - 기타,승용,남,52세,상해없음,이륜,남,74세,경상
2015031900100143,2015년 3월 19일 08시,목요일,경상북도 경산시 하양읍,경상사고,0,0,1,0,차대차 - 기타,안전운전불이행,습기,맑음,단일로 - 기타,승용,남,48세,상해없음,자전거,남,77세,경상
2015031900100181,2015년 3월 19일 09시,목요일,경상북도 영주시 휴천동,경상사고,0,0,2,0,차대차 - 정면충돌,중앙선침범,건조,맑음,단일로 - 기타,승용,여,19세,상해없음,승용,남,61세,경상
2015031900100182,2015년 3월 19일 09시,목요일,경상북도 경산시 용성면,경상사고,0,0,1,0,차대사람 - 기타,안전운전불이행,건조,맑음,단일로 - 기타,화물,남,42세,상해없음,보행자,여,81세,경상
2015031900100213,2015년 3월 19일 10시,목요일,경상북도 청도군 화양읍,경상사고,0,0,2,0,차대차 - 측면직각충돌,안전운전불이행,건조,맑음,단일로 - 기타,이륜,남,80세,경상,화물,남,69세,상해없음
2015031900100214,2015년 3월 19일 10시,목요일,경상북도 구미시 원평동,중상사고,0,2,2,0,차대차 - 기타,교차로운행방법위반,건조,맑음,교차로 - 교차로부근,승용,남,18세,상해없음,승용,여,50세,경상
2015031900100240,2015년 3월 19일 11시,목요일,경상북도 경주시 양북면,경상사고,0,0,1,0,차대차 - 측면직각충돌,중앙선침범,건조,흐림,단일로 - 기타,화물,남,69세,상해없음,화물,남,76세,경상
2015031900100241,2015년 3월 19일 11시,목요일,경상북도 경주시 동천동,경상사고,0,0,1,0,차대사람 - 횡단중,안전운전불이행,건조,맑음,교차로 - 교차로부근,승용,기타불명,기타불명,기타불명,보행자,남,83세,경상
2015031900100242,2015년 3월 19일 11시,목요일,경상북도 영주시 영주동,경상사고,0,0,1,0,차대차 - 측면직각충돌,안전운전불이행,건조,맑음,교차로 - 교차로안,이륜,남,81세,경상,농기계,남,77세,상해없음
2015031900100267,2015년 3월 19일 12시,목요일,경상북도 영주시 봉현면,중상사고,0,1,0,0,차대차 - 측면직각충돌,안전운전불이행,건조,맑음,교차로 - 교차로안,화물,여,33세,상해없음,원동기,남,85세,중상
2015031900100268,2015년 3월 19일 12시,목요일,경상북도 영주시 상망동,경상사고,0,0,2,0,차대차 - 측면직각충돌,안전운전불이행,건조,맑음,교차로 - 교차로안,승합,남,54세,상해없음,승용,남,36세,상해없음
2015031900100306,2015년 3월 19일 13시,목요일,경상북도 영양군 수비면,경상사고,0,0,1,0,차대차 - 측면직각충돌,중앙선침범,건조,맑음,단일로 - 기타,승용,여,55세,상해없음,승용,남,70세,경상
2015031900100307,2015년 3월 19일 13시,목요일,경상북도 포항시 남구 대도동,경상사고,0,0,2,0,차대차 - 기타,안전운전불이행,건조,맑음,단일로 - 기타,승용,남,62세,경상,승용,남,37세,경상
2015031900100349,2015년 3월 19일 14시,목요일,경상북도 상주시 냉림동,중상사고,0,1,0,0,차대차 - 측면직각충돌,교차로운행방법위반,건조,맑음,교차로 - 교차로안,승용,여,40세,상해없음,이륜,남,76세,중상
2015031900100350,2015년 3월 19일 14시,목요일,경상북도 영주시 조암동,경상사고,0,0,1,0,차대차 - 추돌 - 진행중,안전운전불이행,건조,맑음,교차로 - 교차로안,승합,남,54세,상해없음,승용,여,41세,경상
2015031900100379,2015년 3월 19일 15시,목요일,경상북도 의성군 다인면,중상사고,0,2,0,0,차대차 - 정면충돌,직진우회전진행방해,건조,맑음,교차로 - 교차로안,화물,남,73세,중상,승용,남,45세,중상
2015031900100380,2015년 3월 19일 15시,목요일,경상북도 의성군 다인면,사망사고,1,0,0,0,차대차 - 측면직각충돌,과속,건조,맑음,단일로 - 기타,화물,남,58세,상해없음,이륜,남,79세,사망
2015031900100381,2015년 3월 19일 15시,목요일,경상북도 문경시 마성면,중상사고,0,1,0,0,차대차 - 측면직각충돌,안전운전불이행,건조,맑음,단일로 - 기타,건설기계,남,47세,상해없음,승용,남,56세,중상
2015031900100382,2015년 3월 19일 15시,목요일,경상북도 경산시 중방동,경상사고,0,0,1,0,차대사람 - 기타,안전운전불이행,건조,맑음,단일로 - 기타,승용,남,69세,상해없음,보행자,여,50세,경상
2015031900100384,2015년 3월 19일 15시,목요일,경상북도 포항시 남구 동촌동,경상사고,0,0,1,0,차대차 - 기타,안전운전불이행,건조,맑음,교차로 - 교차로안,승용,남,77세,경상,특수,남,39세,상해없음
2015031900100411,2015년 3월 19일 16시,목요일,경상북도 경주시 동천동,중상사고,0,1,0,0,차대차 - 기타,안전운전불이행,건조,맑음,단일로 - 기타,원동기,남,33세,중상,승용,남,37세,상해없음
2015031900100412,2015년 3월 19일 16시,목요일,경상북도 포항시 북구 죽도동,경상사고,0,0,1,0,차대차 - 기타,직진우회전진행방해,건조,맑음,교차로 - 교차로안,승용,남,51세,상해없음,승용,남,56세,경상
2015031900100449,2015년 3월 19일 17시,목요일,경상북도 안동시 옥동,경상사고,0,0,2,0,차대차 - 기타,안전운전불이행,건조,맑음,교차로 - 교차로안,승용,남,58세,상해없음,승용,남,44세,경상
2015031900100450,2015년 3월 19일 17시,목요일,경상북도 김천시 농소면,중상사고,0,1,0,0,차대차 - 측면직각충돌,안전거리미확보,건조,맑음,단일로 - 기타,화물,남,69세,상해없음,화물,남,55세,상해없음
2015031900100480,2015년 3월 19일 18시,목요일,경상북도 영천시 고경면,사망사고,1,0,0,0,차대사람 - 횡단중,안전운전불이행,건조,맑음,단일로 - 기타,화물,남,50세,상해없음,보행자,여,71세,사망
2015031900100481,2015년 3월 19일 18시,목요일,경상북도 구미시 선산읍,중상사고,0,1,0,0,차대차 - 기타,직진우회전진행방해,건조,맑음,교차로 - 교차로안,화물,남,54세,상해없음,화물,남,86세,중상
2015031900100524,2015년 3월 19일 19시,목요일,경상북도 문경시 문경읍,사망사고,1,0,0,0,차량단독 - 전도전복,안전운전불이행,건조,맑음,단일로 - 기타,이륜,남,62세,사망,,,,
2015031900100525,2015년 3월 19일 19시,목요일,경상북도 문경시 공평동,경상사고,0,0,1,0,차량단독 - 공작물충돌,안전운전불이행,건조,맑음,단일로 - 기타,승용,남,56세,경상,,,,
2015031900100526,2015년 3월 19일 19시,목요일,경상북도 봉화군 법전면,사망사고,1,0,0,0,차대차 - 측면직각충돌,중앙선침범,건조,맑음,단일로 - 기타,농기계,남,52세,사망,승용,남,46세,상해없음
2015031900100527,2015년 3월 19일 19시,목요일,경상북도 구미시 원평동,경상사고,0,0,1,0,차대차 - 측면직각충돌,안전운전불이행,건조,맑음,단일로 - 기타,승용,남,41세,상해없음,승용,남,51세,경상
2015031900100528,2015년 3월 19일 19시,목요일,경상북도 포항시 남구 오천읍,중상사고,0,1,0,0,차대사람 - 길가장자리구역통행중,안전운전불이행,건조,맑음,교차로 - 교차로안,이륜,남,16세,상해없음,보행자,남,14세,중상
2015031900100558,2015년 3월 19일 20시,목요일,경상북도 경주시 보문동,중상사고,0,3,1,0,차대차 - 기타,교차로운행방법위반,건조,맑음,교차로 - 교차로안,승용,여,46세,중상,승용,남,43세,경상
2015031900100559,2015년 3월 19일 20시,목요일,경상북도 포항시 남구 동촌동,중상사고,0,1,0,1,차대차 - 측면직각충돌,신호위반,건조,맑음,교차로 - 교차로안,승용,여,37세,상해없음,승용,남,32세,부상신고
2015031900100594,2015년 3월 19일 21시,목요일,경상북도 경주시 양남면,중상사고,0,1,0,0,차대사람 - 기타,안전운전불이행,건조,맑음,단일로 - 기타,승용,남,29세,상해없음,보행자,여,28세,중상
2015031900100595,2015년 3월 19일 21시,목요일,경상북도 김천시 삼락동,경상사고,0,0,2,0,차대차 - 측면직각충돌,안전운전불이행,건조,맑음,교차로 - 교차로안,승용,남,49세,상해없음,화물,남,64세,경상
2015031900100596,2015년 3월 19일 21시,목요일,경상북도 경산시 진량읍,부상신고사고,0,0,0,1,차대차 - 기타,안전운전불이행,건조,맑음,교차로 - 교차로안,이륜,남,22세,부상신고,화물,남,25세,상해없음
2015031900100597,2015년 3월 19일 21시,목요일,경상북도 구미시 고아읍,경상사고,0,0,1,0,차대차 - 측면직각충돌,차로위반,건조,맑음,단일로 - 기타,승용,남,54세,상해없음,원동기,남,17세,경상
2015031900100598,2015년 3월 19일 21시,목요일,경상북도 구미시 고아읍,중상사고,0,1,0,0,차대사람 - 길가장자리구역통행중,안전운전불이행,건조,맑음,기타 - 기타,승용,남,47세,상해없음,보행자,여,15세,중상
2015031900100629,2015년 3월 19일 22시,목요일,경상북도 경주시 황오동,경상사고,0,0,4,0,차대차 - 측면직각충돌,신호위반,건조,맑음,교차로 - 교차로부근,승용,남,50세,상해없음,승용,남,55세,경상
2015031900100630,2015년 3월 19일 22시,목요일,경상북도 포항시 남구 이동,경상사고,0,0,1,0,차대차 - 측면직각충돌,안전운전불이행,건조,맑음,교차로 - 교차로안,화물,남,30세,상해없음,승용,여,53세,경상
2015031900100653,2015년 3월 19일 23시,목요일,경상북도 경산시 중방동,경상사고,0,0,1,0,차대사람 - 기타,안전운전불이행,건조,맑음,교차로 - 교차로부근,기타불명,기타불명,기타불명,기타불명,보행자,남,17세,경상
2015031900100654,2015년 3월 19일 23시,목요일,경상북도 포항시 남구 오천읍,경상사고,0,0,5,0,차대차 - 측면직각충돌,신호위반,건조,맑음,교차로 - 교차로안,승용,여,41세,경상,승용,여,28세,경상
2015032000100044,2015년 3월 20일 02시,금요일,경상북도 영덕군 강구면,사망사고,1,1,0,0,차대차 - 추돌 - 주정차중,안전운전불이행,건조,맑음,교차로 - 교차로부근,화물,남,64세,사망,건설기계,남,49세,중상
2015032000100059,2015년 3월 20일 04시,금요일,경상북도 영덕군 남정면,경상사고,0,0,2,0,차량단독 - 공작물충돌,안전운전불이행,건조,맑음,단일로 - 기타,승용,여,44세,경상,,,,
2015032000100107,2015년 3월 20일 07시,금요일,경상북도 포항시 북구 죽도동,경상사고,0,0,1,0,차대차 - 기타,안전거리미확보,건조,맑음,단일로 - 기타,승용,여,52세,상해없음,승용,남,56세,경상
2015032000100108,2015년 3월 20일 07시,금요일,경상북도 칠곡군 왜관읍,중상사고,0,1,0,2,차대차 - 추돌 - 진행중,안전운전불이행,건조,흐림,교차로 - 교차로부근,승용,여,43세,상해없음,승용,여,43세,중상
2015032000100171,2015년 3월 20일 09시,금요일,경상북도 경주시 천북면,경상사고,0,0,2,0,차대차 - 기타,안전운전불이행,건조,맑음,교차로 - 교차로부근,승합,남,49세,상해없음,승용,남,48세,경상
2015032000100172,2015년 3월 20일 09시,금요일,경상북도 구미시 옥계동,경상사고,0,0,1,0,차대차 - 기타,안전운전불이행,건조,기타,교차로 - 교차로안,승용,남,36세,상해없음,승용,여,32세,경상
2015032000100199,2015년 3월 20일 10시,금요일,경상북도 포항시 북구 죽도동,경상사고,0,0,2,0,차대차 - 추돌 - 주정차중,안전운전불이행,건조,맑음,교차로 - 교차로안,승용,남,48세,상해없음,승용,남,64세,경상
2015032000100200,2015년 3월 20일 10시,금요일,경상북도 안동시 풍산읍,경상사고,0,0,1,1,차대차 - 추돌 - 진행중,안전거리미확보,건조,맑음,단일로 - 기타,화물,남,59세,부상신고,화물,남,51세,경상
2015032000100201,2015년 3월 20일 10시,금요일,경상북도 김천시 부곡동,경상사고,0,0,1,0,차대차 - 측면직각충돌,안전운전불이행,건조,맑음,교차로 - 교차로부근,승용,남,77세,상해없음,승용,남,57세,상해없음
2015032000100202,2015년 3월 20일 10시,금요일,경상북도 군위군 소보면,중상사고,0,1,0,0,차대차 - 정면충돌,기타,건조,흐림,교차로 - 교차로부근,원동기,남,73세,중상,승용,여,39세,상해없음
2015032000100203,2015년 3월 20일 10시,금요일,경상북도 포항시 남구 장기면,경상사고,0,0,1,0,차대차 - 기타,교차로운행방법위반,건조,맑음,교차로 - 교차로안,화물,남,56세,상해없음,특수,남,58세,경상
2015032000100228,2015년 3월 20일 11시,금요일,경상북도 경주시 양북면,경상사고,0,0,1,1,차대차 - 기타,안전운전불이행,건조,맑음,교차로 - 교차로안,화물,남,67세,부상신고,승용,남,67세,경상
2015032000100230,2015년 3월 20일 11시,금요일,경상북도 구미시 원평동,중상사고,0,1,0,0,차대사람 - 기타,신호위반,건조,흐림,교차로 - 교차로부근,이륜,남,34세,상해없음,보행자,여,54세,중상
2015032000100231,2015년 3월 20일 11시,금요일,경상북도 구미시 비산동,부상신고사고,0,0,0,1,차대차 - 기타,안전운전불이행,건조,맑음,기타 - 기타,기타불명,기타불명,기타불명,기타불명,이륜,남,32세,부상신고
2015032000100258,2015년 3월 20일 12시,금요일,경상북도 영천시 금호읍,경상사고,0,0,1,0,차대차 - 정면충돌,중앙선침범,건조,맑음,단일로 - 기타,승용,남,54세,상해없음,승용,남,46세,경상
2015032000100291,2015년 3월 20일 13시,금요일,경상북도 김천시 부항면,사망사고,1,0,0,0,차대차 - 측면직각충돌,안전거리미확보,건조,맑음,단일로 - 기타,이륜,남,83세,사망,승합,남,54세,상해없음
2015032000100292,2015년 3월 20일 13시,금요일,경상북도 구미시 옥성면,사망사고,1,5,2,0,차대차 - 추돌 - 진행중,안전거리미확보,건조,맑음,단일로 - 터널,화물,남,63세,사망,승용,남,37세,상해없음
2015032000100321,2015년 3월 20일 14시,금요일,경상북도 안동시 신안동,경상사고,0,0,1,0,차대차 - 추돌 - 진행중,안전거리미확보,건조,맑음,교차로 - 교차로안,승용,남,39세,상해없음,승용,남,55세,경상
2015032000100322,2015년 3월 20일 14시,금요일,경상북도 영덕군 남정면,중상사고,0,1,0,0,차대사람 - 기타,안전운전불이행,건조,맑음,단일로 - 기타,승용,여,47세,상해없음,보행자,남,81세,중상
2015032000100351,2015년 3월 20일 15시,금요일,경상북도 안동시 옥동,경상사고,0,0,2,0,차대차 - 추돌 - 진행중,안전운전불이행,건조,맑음,기타 - 기타,승용,여,56세,상해없음,승용,남,45세,경상
2015032000100352,2015년 3월 20일 15시,금요일,경상북도 포항시 남구 상도동,중상사고,0,1,0,0,차대사람 - 기타,안전운전불이행,건조,맑음,단일로 - 기타,승용,여,30세,상해없음,보행자,남,27세,중상
2015032000100393,2015년 3월 20일 16시,금요일,경상북도 안동시 태화동,경상사고,0,0,2,0,차대차 - 추돌 - 진행중,안전거리미확보,건조,맑음,교차로 - 교차로부근,승용,여,49세,상해없음,승용,여,51세,경상
2015032000100394,2015년 3월 20일 16시,금요일,경상북도 영주시 영주동,중상사고,0,1,0,0,차량단독 - 기타,안전운전불이행,건조,맑음,단일로 - 기타,승합,남,56세,상해없음,,,,
2015032000100395,2015년 3월 20일 16시,금요일,경상북도 울릉군 울릉읍,중상사고,0,1,0,0,차대차 - 측면직각충돌,안전운전불이행,건조,맑음,단일로 - 기타,원동기,여,30세,중상,승용,남,37세,상해없음
2015032000100396,2015년 3월 20일 16시,금요일,경상북도 포항시 남구 해도동,경상사고,0,0,3,0,차대차 - 측면직각충돌,안전운전불이행,건조,맑음,단일로 - 기타,승용,남,64세,상해없음,승용,남,30세,경상
2015032000100440,2015년 3월 20일 17시,금요일,경상북도 상주시 청리면,중상사고,0,1,0,0,차대차 - 추돌 - 진행중,불법유턴,건조,맑음,단일로 - 기타,화물,남,53세,상해없음,이륜,남,88세,중상
2015032000100441,2015년 3월 20일 17시,금요일,경상북도 영주시 휴천동,중상사고,0,1,1,0,차대차 - 측면직각충돌,안전운전불이행,건조,맑음,단일로 - 기타,승용,남,58세,경상,승용,남,73세,중상
2015032000100442,2015년 3월 20일 17시,금요일,경상북도 경산시 압량면,경상사고,0,0,1,0,차대차 - 기타,안전운전불이행,건조,맑음,교차로 - 교차로안,화물,남,45세,상해없음,이륜,남,61세,경상
2015032000100443,2015년 3월 20일 17시,금요일,경상북도 구미시 인의동,중상사고,0,1,0,0,차대사람 - 기타,안전운전불이행,건조,맑음,단일로 - 기타,승용,남,45세,상해없음,보행자,남,51세,중상
2015032000100444,2015년 3월 20일 17시,금요일,경상북도 구미시 공단동,중상사고,0,1,0,0,차대차 - 기타,안전거리미확보,건조,기타,단일로 - 기타,승용,남,19세,상해없음,승용,남,46세,중상
2015032000100470,2015년 3월 20일 18시,금요일,경상북도 포항시 북구 대신동,경상사고,0,0,1,0,차대차 - 기타,안전운전불이행,건조,맑음,교차로 - 교차로부근,승용,남,65세,상해없음,승용,여,28세,경상
2015032000100471,2015년 3월 20일 18시,금요일,경상북도 경산시 사정동,중상사고,0,1,0,0,차대차 - 기타,안전운전불이행,건조,맑음,교차로 - 교차로안,건설기계,남,44세,상해없음,자전거,여,68세,중상
2015032000100511,2015년 3월 20일 19시,금요일,경상북도 경주시 구황동,중상사고,0,1,0,0,차대차 - 기타,안전운전불이행,건조,맑음,교차로 - 교차로부근,승용,남,66세,상해없음,승용,남,47세,중상
2015032000100512,2015년 3월 20일 19시,금요일,경상북도 상주시 청리면,사망사고,1,0,0,0,차대사람 - 횡단중,안전운전불이행,건조,맑음,단일로 - 기타,화물,남,52세,상해없음,보행자,여,80세,사망
2015032000100513,2015년 3월 20일 19시,금요일,경상북도 영주시 가흥동,중상사고,0,3,0,0,차대차 - 측면직각충돌,신호위반,건조,맑음,교차로 - 교차로안,승용,여,31세,중상,원동기,남,61세,중상
2015032000100514,2015년 3월 20일 19시,금요일,경상북도 영천시 신령면,사망사고,1,0,1,0,차대사람 - 길가장자리구역통행중,안전운전불이행,건조,맑음,교차로 - 교차로안,승합,남,63세,상해없음,보행자,여,43세,경상
2015032000100515,2015년 3월 20일 19시,금요일,경상북도 경산시 와촌면,중상사고,0,1,0,0,차대차 - 기타,중앙선침범,건조,맑음,단일로 - 기타,승용,남,48세,상해없음,이륜,여,65세,중상
2015032000100516,2015년 3월 20일 19시,금요일,경상북도 경산시 압량면,중상사고,0,1,0,0,차대사람 - 횡단중,보행자보호의무위반,건조,맑음,교차로 - 교차로부근,승용,여,53세,상해없음,보행자,여,72세,중상
2015032000100517,2015년 3월 20일 19시,금요일,경상북도 구미시 선산읍,중상사고,0,1,0,0,차대차 - 기타,안전운전불이행,건조,맑음,기타 - 기타,승용,남,26세,상해없음,자전거,남,64세,중상
2015032000100518,2015년 3월 20일 19시,금요일,경상북도 구미시 지산동,중상사고,0,1,0,0,차대차 - 측면직각충돌,안전운전불이행,건조,맑음,교차로 - 교차로안,승용,남,30세,상해없음,승용,남,25세,중상
2015032000100519,2015년 3월 20일 19시,금요일,경상북도 포항시 남구 상도동,경상사고,0,0,1,0,차대차 - 추돌 - 진행중,안전운전불이행,건조,맑음,단일로 - 기타,승용,남,46세,상해없음,승용,남,26세,경상
2015032000100554,2015년 3월 20일 20시,금요일,경상북도 포항시 북구 항구동,경상사고,0,0,1,0,차대차 - 추돌 - 주정차중,안전운전불이행,건조,맑음,교차로 - 교차로부근,승용,남,21세,상해없음,승용,남,50세,경상
2015032000100555,2015년 3월 20일 20시,금요일,경상북도 영천시 고경면,중상사고,0,1,0,0,차대사람 - 길가장자리구역통행중,안전운전불이행,건조,맑음,단일로 - 기타,기타불명,기타불명,기타불명,기타불명,보행자,여,84세,중상
2015032000100556,2015년 3월 20일 20시,금요일,경상북도 경산시 사동,경상사고,0,0,1,0,차대차 - 기타,안전운전불이행,건조,맑음,단일로 - 기타,승용,남,42세,기타불명,승용,여,46세,경상
2015032000100557,2015년 3월 20일 20시,금요일,경상북도 포항시 남구 해도동,경상사고,0,0,1,0,차대사람 - 차도통행중,교차로운행방법위반,건조,맑음,교차로 - 교차로부근,승용,남,66세,상해없음,보행자,남,14세,경상
2015032000100597,2015년 3월 20일 21시,금요일,경상북도 포항시 남구 대송면,경상사고,0,0,2,0,차대차 - 추돌 - 주정차중,안전운전불이행,건조,맑음,교차로 - 교차로부근,화물,남,43세,상해없음,승용,남,36세,경상
2015032000100630,2015년 3월 20일 22시,금요일,경상북도 포항시 북구 장성동,경상사고,0,0,1,0,차대차 - 기타,안전운전불이행,건조,맑음,단일로 - 기타,승용,남,55세,상해없음,원동기,남,16세,경상
2015032000100631,2015년 3월 20일 22시,금요일,경상북도 상주시 외서면,경상사고,0,0,1,0,차대차 - 추돌 - 진행중,중앙선침범,건조,맑음,단일로 - 기타,기타불명,기타불명,기타불명,기타불명,승용,여,34세,경상
2015032000100632,2015년 3월 20일 22시,금요일,경상북도 영천시 금노동,중상사고,0,1,0,0,차대사람 - 횡단중,보행자보호의무위반,건조,맑음,단일로 - 횡단보도상,화물,남,35세,상해없음,보행자,남,62세,중상
2015032000100633,2015년 3월 20일 22시,금요일,경상북도 구미시 형곡동,중상사고,0,2,0,0,차대사람 - 횡단중,안전운전불이행,건조,맑음,단일로 - 기타,승용,여,47세,상해없음,보행자,여,46세,중상
2015032000100634,2015년 3월 20일 22시,금요일,경상북도 포항시 남구 오천읍,사망사고,1,0,0,0,차대차 - 측면직각충돌,안전운전불이행,건조,맑음,단일로 - 기타,승용,남,53세,사망,화물,남,44세,기타불명
2015032000100665,2015년 3월 20일 23시,금요일,경상북도 영덕군 강구면,중상사고,0,1,1,0,차대차 - 추돌 - 진행중,안전운전불이행,건조,맑음,단일로 - 기타,승용,남,47세,상해없음,승용,여,42세,상해없음