사고번호,사고일시,요일,시군구,사고내용,사망자수,중상자수,경상자수,부상신고자수,사고유형,법규위반,노면상태,기상상태,도로형태,가해운전자 차종,가해운전자 성별,가해운전자 연령,가해운전자 상해정도,피해운전자 차종,피해운전자 성별,피해운전자 연령,피해운전자 상해정도
2015032100100014,2015년 3월 21일 00시,토요일,경상북도 경산시 압량면,경상사고,0,0,1,0,차대차 - 기타,안전운전불이행,건조,맑음,교차로 - 교차로부근,승용,남,27세,기타불명,승용,여,24세,경상
2015032100100015,2015년 3월 21일 00시,토요일,경상북도 포항시 남구 오천읍,경상사고,0,0,1,0,차량단독 - 공작물충돌,안전운전불이행,건조,맑음,교차로 - 교차로부근,승용,남,26세,경상,,,,
2015032100100016,2015년 3월 21일 00시,토요일,경상북도 포항시 남구 대도동,경상사고,0,0,1,0,차대차 - 측면직각충돌,신호위반,건조,맑음,교차로 - 교차로안,화물,남,53세,상해없음,승용,남,55세,경상
2015032100100034,2015년 3월 21일 01시,토요일,경상북도 구미시 옥계동,경상사고,0,0,1,0,차대차 - 측면직각충돌,안전운전불이행,건조,맑음,단일로 - 기타,승용,남,33세,상해없음,이륜,남,40세,경상
2015032100100050,2015년 3월 21일 02시,토요일,경상북도 경주시 동천동,중상사고,0,1,0,0,차대차 - 기타,신호위반,건조,맑음,교차로 - 교차로안,승용,남,52세,상해없음,원동기,남,44세,중상
2015032100100109,2015년 3월 21일 07시,토요일,경상북도 문경시 영순면,중상사고,0,3,0,0,차대차 - 측면직각충돌,직진우회전진행방해,건조,맑음,교차로 - 교차로안,화물,남,73세,중상,화물,남,24세,중상
2015032100100174,2015년 3월 21일 10시,토요일,경상북도 안동시 안기동,중상사고,0,1,0,0,차대사람 - 횡단중,보행자보호의무위반,건조,맑음,단일로 - 기타,승용,남,58세,상해없음,보행자,여,50세,중상
2015032100100175,2015년 3월 21일 10시,토요일,경상북도 상주시 냉림동,경상사고,0,0,1,0,차대차 - 기타,교차로운행방법위반,건조,맑음,교차로 - 교차로안,화물,남,45세,상해없음,이륜,남,80세,경상
2015032100100232,2015년 3월 21일 12시,토요일,경상북도 영덕군 영덕읍,경상사고,0,0,3,0,차대차 - 측면직각충돌,기타,건조,맑음,교차로 - 교차로안,이륜,여,50세,경상,승용,여,36세,경상
2015032100100233,2015년 3월 21일 12시,토요일,경상북도 봉화군 춘양면,경상사고,0,0,1,0,차대차 - 측면직각충돌,안전운전불이행,건조,맑음,단일로 - 기타,승용,남,56세,상해없음,화물,남,53세,경상
2015032100100234,2015년 3월 21일 12시,토요일,경상북도 포항시 남구 동촌동,중상사고,0,2,0,0,차대차 - 기타,안전운전불이행,건조,맑음,단일로 - 기타,승용,남,65세,상해없음,승용,남,56세,기타불명
2015032100100254,2015년 3월 21일 13시,토요일,경상북도 김천시 신음동,경상사고,0,0,1,0,차대차 - 측면직각충돌,중앙선침범,건조,맑음,단일로 - 기타,승용,남,69세,상해없음,승용,남,48세,경상
2015032100100255,2015년 3월 21일 13시,토요일,경상북도 영주시 하망동,중상사고,0,1,0,0,차대차 - 측면직각충돌,안전운전불이행,건조,맑음,교차로 - 교차로안,원동기,남,54세,상해없음,자전거,남,77세,중상
2015032100100256,2015년 3월 21일 13시,토요일,경상북도 포항시 남구 대잠동,중상사고,0,1,0,0,차대사람 - 기타,안전운전불이행,건조,맑음,단일로 - 기타,승용,여,46세,상해없음,보행자,남,29세,중상
2015032100100300,2015년 3월 21일 14시,토요일,경상북도 예천군 예천읍,경상사고,0,0,1,0,차대차 - 측면직각충돌,신호위반,건조,맑음,교차로 - 교차로안,승용,여,65세,상해없음,승용,남,72세,상해없음
2015032100100342,2015년 3월 21일 15시,토요일,경상북도 상주시 모동면,경상사고,0,0,1,0,차대차 - 정면충돌,안전운전불이행,건조,맑음,기타 - 기타,화물,남,58세,상해없음,화물,남,59세,경상
2015032100100343,2015년 3월 21일 15시,토요일,경상북도 구미시 해평면,중상사고,0,1,0,0,차대사람 - 기타,안전운전불이행,건조,맑음,교차로 - 교차로안,화물,남,62세,상해없음,보행자,남,50세,중상
2015032100100373,2015년 3월 21일 16시,토요일,경상북도 포항시 북구 용흥동,경상사고,0,0,4,0,차대차 - 기타,차로위반,건조,맑음,교차로 - 교차로안,승용,남,32세,상해없음,승용,남,28세,경상
2015032100100374,2015년 3월 21일 16시,토요일,경상북도 영천시 문외동,경상사고,0,0,1,1,차대차 - 측면직각충돌,안전운전불이행,건조,맑음,교차로 - 교차로안,화물,남,60세,상해없음,승용,여,25세,경상
2015032100100375,2015년 3월 21일 16시,토요일,경상북도 청도군 청도읍,경상사고,0,0,5,0,차대차 - 측면직각충돌,직진우회전진행방해,건조,맑음,교차로 - 교차로안,화물,남,74세,상해없음,승용,여,46세,경상
2015032100100415,2015년 3월 21일 17시,토요일,경상북도 포항시 북구 흥해읍,경상사고,0,0,1,0,차대차 - 기타,안전거리미확보,건조,맑음,교차로 - 교차로안,승용,남,33세,상해없음,승용,여,52세,경상
2015032100100416,2015년 3월 21일 17시,토요일,경상북도 김천시 감문면,중상사고,0,1,4,0,차대차 - 측면직각충돌,신호위반,건조,맑음,교차로 - 교차로안,승용,여,56세,경상,화물,남,51세,상해없음
2015032100100417,2015년 3월 21일 17시,토요일,경상북도 포항시 남구 상도동,경상사고,0,0,1,0,차대사람 - 기타,안전운전불이행,건조,맑음,단일로 - 기타,승용,남,60세,상해없음,보행자,여,50세,경상
2015032100100457,2015년 3월 21일 18시,토요일,경상북도 경주시 인왕동,경상사고,0,0,1,0,차대사람 - 기타,보행자보호의무위반,건조,맑음,단일로 - 기타,승용,남,33세,상해없음,보행자,여,38세,경상
2015032100100458,2015년 3월 21일 18시,토요일,경상북도 경주시 신평동,경상사고,0,0,4,0,차대차 - 기타,신호위반,건조,맑음,교차로 - 교차로안,승용,남,41세,상해없음,승용,남,39세,경상
2015032100100459,2015년 3월 21일 18시,토요일,경상북도 영주시 휴천동,중상사고,0,1,0,0,차대차 - 정면충돌,차로위반,건조,맑음,단일로 - 기타,승용,남,54세,상해없음,이륜,남,39세,중상
2015032100100460,2015년 3월 21일 18시,토요일,경상북도 포항시 남구 해도동,경상사고,0,0,1,0,차대사람 - 길가장자리구역통행중,안전운전불이행,건조,맑음,단일로 - 기타,승용,여,62세,상해없음,보행자,여,15세,경상
2015032100100502,2015년 3월 21일 19시,토요일,경상북도 김천시 양천동,경상사고,0,0,1,0,차대차 - 측면직각충돌,안전운전불이행,건조,맑음,단일로 - 기타,화물,남,62세,경상,화물,남,38세,상해없음
2015032100100503,2015년 3월 21일 19시,토요일,경상북도 문경시 농암면,경상사고,0,0,1,0,차량단독 - 도로외이탈 - 추락,안전운전불이행,건조,맑음,단일로 - 기타,승용,남,48세,경상,,,,
2015032100100504,2015년 3월 21일 19시,토요일,경상북도 경산시 삼풍동,경상사고,0,0,1,0,차량단독 - 기타,안전운전불이행,건조,맑음,단일로 - 기타,원동기,남,18세,경상,,,,
2015032100100505,2015년 3월 21일 19시,토요일,경상북도 구미시 신평동,경상사고,0,0,1,0,차대사람 - 기타,보행자보호의무위반,건조,맑음,단일로 - 횡단보도상,승용,여,49세,상해없음,보행자,남,22세,경상
2015032100100506,2015년 3월 21일 19시,토요일,경상북도 구미시 고아읍,경상사고,0,0,2,0,차대차 - 기타,안전거리미확보,건조,맑음,교차로 - 교차로부근,승용,남,49세,기타불명,승용,여,52세,경상
2015032100100555,2015년 3월 21일 21시,토요일,경상북도 경주시 충효동,중상사고,0,1,1,0,차대차 - 추돌 - 주정차중,안전운전불이행,건조,맑음,단일로 - 기타,승용,여,65세,상해없음,승합,남,45세,경상
2015032100100556,2015년 3월 21일 21시,토요일,경상북도 경주시 황성동,경상사고,0,0,1,0,차대사람 - 기타,안전운전불이행,건조,맑음,교차로 - 교차로안,승용,여,48세,상해없음,보행자,남,2세,경상
2015032100100557,2015년 3월 21일 21시,토요일,경상북도 칠곡군 석적읍,부상신고사고,0,0,0,1,차대차 - 정면충돌,안전운전불이행,건조,맑음,단일로 - 기타,자전거,남,16세,부상신고,자전거,남,33세,상해없음
2015032100100558,2015년 3월 21일 21시,토요일,경상북도 경산시 사동,경상사고,0,0,1,0,차대사람 - 기타,안전운전불이행,건조,맑음,단일로 - 기타,승용,남,55세,상해없음,보행자,남,44세,경상
2015032100100587,2015년 3월 21일 22시,토요일,경상북도 성주군 성주읍,경상사고,0,0,2,0,차대차 - 기타,안전운전불이행,건조,맑음,기타 - 기타,승용,남,50세,상해없음,승용,여,32세,경상
2015032100100615,2015년 3월 21일 23시,토요일,경상북도 포항시 북구 장성동,경상사고,0,0,2,0,차대차 - 기타,안전운전불이행,건조,맑음,교차로 - 교차로부근,승용,남,33세,상해없음,승용,남,29세,상해없음
2015032200100016,2015년 3월 22일 00시,일요일,경상북도 경주시 도지동,중상사고,0,1,1,0,차대차 - 기타,안전운전불이행,건조,맑음,단일로 - 기타,승용,여,54세,중상,승용,남,47세,경상
2015032200100017,2015년 3월 22일 00시,일요일,경상북도 경산시 압량면,부상신고사고,0,0,0,1,차량단독 - 기타,안전운전불이행,건조,맑음,기타 - 기타,원동기,남,26세,부상신고,,,,
2015032200100018,2015년 3월 22일 00시,일요일,경상북도 구미시 황상동,경상사고,0,0,3,0,차대차 - 기타,안전운전불이행,건조,맑음,교차로 - 교차로안,승용,남,22세,상해없음,승용,남,29세,경상
2015032200100059,2015년 3월 22일 02시,일요일,경상북도 포항시 남구 상도동,경상사고,0,0,2,0,차대차 - 측면직각충돌,안전운전불이행,건조,맑음,단일로 - 기타,승용,남,55세,상해없음,승용,여,51세,경상
2015032200100071,2015년 3월 22일 03시,일요일,경상북도 경주시 안강읍,부상신고사고,0,0,0,1,차량단독 - 전도전복,안전운전불이행,건조,맑음,단일로 - 기타,승용,남,48세,부상신고,,,,
2015032200100072,2015년 3월 22일 03시,일요일,경상북도 안동시 태화동,부상신고사고,0,0,0,1,차대차 - 기타,안전운전불이행,건조,맑음,단일로 - 기타,이륜,남,15세,부상신고,승용,여,60세,기타불명
2015032200100095,2015년 3월 22일 05시,일요일,경상북도 경주시 성건동,경상사고,0,0,1,0,차대사람 - 기타,안전운전불이행,건조,맑음,단일로 - 기타,승용,여,60세,상해없음,보행자,남,20세,경상
2015032200100096,2015년 3월 22일 05시,일요일,경상북도 안동시 이천동,경상사고,0,0,1,0,차대차 - 추돌 - 진행중,안전운전불이행,건조,맑음,단일로 - 기타,화물,남,59세,상해없음,승용,여,53세,경상
2015032200100097,2015년 3월 22일 05시,일요일,경상북도 구미시 임수동,경상사고,0,0,1,0,차량단독 - 전도전복,안전운전불이행,건조,맑음,단일로 - 기타,승용,남,25세,경상,,,,
2015032200100098,2015년 3월 22일 05시,일요일,경상북도 구미시 비산동,경상사고,0,0,1,0,차대차 - 기타,신호위반,건조,맑음,교차로 - 교차로안,승용,남,51세,기타불명,승용,남,32세,경상
2015032200100152,2015년 3월 22일 09시,일요일,경상북도 포항시 북구 학산동,경상사고,0,0,1,0,차대차 - 기타,신호위반,건조,맑음,교차로 - 교차로안,승용,남,53세,상해없음,승용,여,52세,경상
2015032200100153,2015년 3월 22일 09시,일요일,경상북도 구미시 공단동,중상사고,0,1,0,0,차대차 - 기타,안전운전불이행,건조,맑음,교차로 - 교차로부근,승용,남,24세,상해없음,승용,여,40세,중상
2015032200100154,2015년 3월 22일 09시,일요일,경상북도 포항시 남구 오천읍,경상사고,0,0,7,0,차대차 - 측면직각충돌,직진우회전진행방해,건조,맑음,교차로 - 교차로안,승용,여,55세,경상,승용,남,43세,경상
2015032200100178,2015년 3월 22일 10시,일요일,경상북도 경주시 산내면,경상사고,0,0,2,0,차대차 - 기타,중앙선침범,건조,맑음,단일로 - 기타,승용,남,31세,상해없음,승용,남,43세,경상
2015032200100179,2015년 3월 22일 10시,일요일,경상북도 성주군 선남면,경상사고,0,0,1,0,차대차 - 기타,안전운전불이행,건조,맑음,기타 - 기타,승용,남,37세,상해없음,화물,남,73세,경상
2015032200100195,2015년 3월 22일 11시,일요일,경상북도 경주시 율동,경상사고,0,0,1,0,차대사람 - 기타,안전운전불이행,건조,맑음,단일로 - 횡단보도부근,승용,남,45세,상해없음,보행자,여,8세,경상
2015032200100240,2015년 3월 22일 13시,일요일,경상북도 영덕군 지품면,중상사고,0,2,4,0,차대차 - 정면충돌,중앙선침범,건조,맑음,단일로 - 기타,승용,여,58세,중상,승용,여,48세,경상
2015032200100241,2015년 3월 22일 13시,일요일,경상북도 구미시 신평동,경상사고,0,0,2,0,차대차 - 기타,안전운전불이행,건조,맑음,교차로 - 교차로부근,승용,남,46세,상해없음,승용,남,40세,경상
2015032200100242,2015년 3월 22일 13시,일요일,경상북도 포항시 남구 대잠동,중상사고,0,1,0,0,차대차 - 측면직각충돌,안전운전불이행,건조,맑음,교차로 - 교차로안,승용,남,33세,상해없음,승용,여,57세,중상
2015032200100274,2015년 3월 22일 14시,일요일,경상북도 포항시 북구 흥해읍,중상사고,0,3,7,0,차대차 - 추돌 - 주정차중,안전운전불이행,건조,맑음,단일로 - 기타,승용,남,79세,중상,승용,남,30세,중상
2015032200100276,2015년 3월 22일 14시,일요일,경상북도 상주시 남성동,부상신고사고,0,0,0,1,차대사람 - 길가장자리구역통행중,안전운전불이행,건조,맑음,교차로 - 교차로안,승용,남,55세,상해없음,보행자,남,66세,부상신고
2015032200100277,2015년 3월 22일 14시,일요일,경상북도 성주군 수륜면,경상사고,0,0,1,0,차대차 - 기타,기타,건조,맑음,기타 - 기타,승용,남,33세,상해없음,승용,여,41세,경상
2015032200100278,2015년 3월 22일 14시,일요일,경상북도 구미시 봉곡동,중상사고,0,1,0,0,차대차 - 기타,신호위반,건조,맑음,교차로 - 교차로안,승용,남,41세,상해없음,자전거,남,26세,중상
2015032200100319,2015년 3월 22일 15시,일요일,경상북도 포항시 북구 죽도동,경상사고,0,0,1,0,차량단독 - 전도전복,안전운전불이행,건조,맑음,단일로 - 기타,원동기,남,70세,경상,,,,
2015032200100320,2015년 3월 22일 15시,일요일,경상북도 의성군 의성읍,중상사고,0,1,0,0,차량단독 - 공작물충돌,안전운전불이행,건조,맑음,단일로 - 기타,승용,남,23세,중상,,,,
2015032200100321,2015년 3월 22일 15시,일요일,경상북도 문경시 가은읍,경상사고,0,0,2,0,차대차 - 측면직각충돌,직진우회전진행방해,건조,맑음,교차로 - 교차로안,화물,남,46세,상해없음,승용,남,50세,경상
2015032200100322,2015년 3월 22일 15시,일요일,경상북도 성주군 성주읍,중상사고,0,2,1,0,차대차 - 기타,직진우회전진행방해,건조,맑음,교차로 - 교차로안,화물,남,59세,상해없음,승용,여,66세,중상
2015032200100323,2015년 3월 22일 15시,일요일,경상북도 구미시 도량동,경상사고,0,0,4,0,차대차 - 기타,중앙선침범,건조,맑음,교차로 - 교차로부근,승용,남,50세,기타불명,승용,여,43세,경상
2015032200100324,2015년 3월 22일 15시,일요일,경상북도 구미시 인의동,중상사고,0,1,0,0,차대사람 - 기타,안전운전불이행,건조,맑음,단일로 - 기타,승용,남,35세,상해없음,보행자,남,24세,중상
2015032200100364,2015년 3월 22일 16시,일요일,경상북도 경산시 자인면,경상사고,0,0,1,0,차량단독 - 기타,안전운전불이행,건조,맑음,단일로 - 기타,원동기,남,51세,경상,,,,
2015032200100365,2015년 3월 22일 16시,일요일,경상북도 구미시 형곡동,중상사고,0,1,0,0,차대차 - 기타,중앙선침범,건조,맑음,단일로 - 기타,자전거,남,13세,중상,승용,여,41세,상해없음
2015032200100402,2015년 3월 22일 17시,일요일,경상북도 경주시 천군동,경상사고,0,0,2,0,차대차 - 추돌 - 주정차중,안전운전불이행,건조,맑음,기타 - 기타,이륜,남,16세,상해없음,이륜,남,26세,경상
2015032200100403,2015년 3월 22일 17시,일요일,경상북도 김천시 아포읍,중상사고,0,1,0,0,차대사람 - 횡단중,안전운전불이행,건조,맑음,단일로 - 기타,승용,여,39세,상해없음,보행자,여,3세,중상
2015032200100404,2015년 3월 22일 17시,일요일,경상북도 칠곡군 동명면,경상사고,0,0,2,0,차대차 - 측면직각충돌,교차로운행방법위반,건조,맑음,교차로 - 교차로안,승용,남,64세,상해없음,승용,남,48세,경상
2015032200100405,2015년 3월 22일 17시,일요일,경상북도 경산시 하양읍,부상신고사고,0,0,0,1,차량단독 - 기타,안전운전불이행,건조,맑음,단일로 - 기타,승용,남,49세,부상신고,,,,
2015032200100406,2015년 3월 22일 17시,일요일,경상북도 포항시 남구 오천읍,중상사고,0,1,0,0,차대사람 - 기타,중앙선침범,건조,맑음,단일로 - 기타,이륜,남,16세,상해없음,보행자,여,52세,중상
2015032200100407,2015년 3월 22일 17시,일요일,경상북도 경주시 건천읍,중상사고,0,3,1,2,차대차 - 추돌 - 진행중,차로위반,건조,맑음,단일로 - 기타,승용,남,25세,경상,특수,남,24세,중상
2015032200100434,2015년 3월 22일 18시,일요일,경상북도 경주시 구황동,경상사고,0,0,6,0,차대차 - 기타,안전운전불이행,건조,맑음,단일로 - 기타,승용,남,22세,상해없음,승용,남,28세,경상
2015032200100435,2015년 3월 22일 18시,일요일,경상북도 포항시 북구 기계면,중상사고,0,1,0,0,차대차 - 측면직각충돌,안전운전불이행,건조,맑음,단일로 - 기타,화물,남,42세,상해없음,원동기,여,75세,중상
2015032200100436,2015년 3월 22일 18시,일요일,경상북도 경산시 중방동,중상사고,0,1,0,0,차대차 - 측면직각충돌,안전운전불이행,건조,맑음,단일로 - 기타,원동기,남,17세,중상,승용,여,40세,상해없음
2015032200100465,2015년 3월 22일 19시,일요일,경상북도 경주시 외동읍,중상사고,0,1,2,0,차대사람 - 기타,안전운전불이행,건조,맑음,단일로 - 기타,승용,남,40세,상해없음,보행자,남,42세,경상
2015032200100466,2015년 3월 22일 19시,일요일,경상북도 안동시 임하면,중상사고,0,1,1,0,차대차 - 정면충돌,중앙선침범,건조,맑음,단일로 - 기타,화물,남,64세,경상,승용,여,42세,중상
2015032200100467,2015년 3월 22일 19시,일요일,경상북도 영천시 창구동,경상사고,0,0,4,0,차대차 - 측면직각충돌,교차로운행방법위반,건조,맑음,교차로 - 교차로안,화물,남,59세,상해없음,승용,남,48세,경상
2015032200100468,2015년 3월 22일 19시,일요일,경상북도 구미시 송정동,중상사고,0,1,0,0,차대사람 - 차도통행중,보행자보호의무위반,건조,맑음,교차로 - 교차로부근,승용,남,61세,상해없음,보행자,여,66세,중상
2015032200100469,2015년 3월 22일 19시,일요일,경상북도 구미시 해평면,경상사고,0,0,1,0,차대차 - 추돌 - 진행중,안전운전불이행,건조,맑음,단일로 - 교량,승용,남,49세,상해없음,농기계,남,50세,경상
2015032200100501,2015년 3월 22일 20시,일요일,경상북도 구미시 선산읍,중상사고,0,3,0,0,차대차 - 기타,안전운전불이행,건조,맑음,교차로 - 교차로부근,화물,남,45세,상해없음,승용,여,50세,중상
2015032200100539,2015년 3월 22일 22시,일요일,경상북도 경산시 사동,중상사고,0,2,2,0,차대차 - 기타,신호위반,건조,맑음,교차로 - 교차로안,원동기,남,18세,경상,승용,남,52세,중상
2015032200100549,2015년 3월 22일 23시,일요일,경상북도 안동시 용상동,경상사고,0,0,1,0,차대차 - 정면충돌,안전운전불이행,건조,맑음,교차로 - 교차로안,승용,여,29세,상해없음,승용,남,22세,경상
2015032300100073,2015년 3월 23일 07시,월요일,경상북도 경주시 안강읍,경상사고,0,0,2,0,차대차 - 기타,안전운전불이행,건조,맑음,교차로 - 교차로안,승용,남,73세,상해없음,승용,남,41세,경상
2015032300100074,2015년 3월 23일 07시,월요일,경상북도 봉화군 소천면,경상사고,0,0,3,0,차대차 - 측면직각충돌,중앙선침범,건조,맑음,단일로 - 기타,화물,남,66세,상해없음,승용,여,71세,경상
2015032300100124,2015년 3월 23일 08시,월요일,경상북도 포항시 북구 장성동,경상사고,0,0,1,0,차대차 - 추돌 - 진행중,안전거리미확보,건조,맑음,교차로 - 교차로안,승용,여,40세,상해없음,승용,여,34세,경상
2015032300100125,2015년 3월 23일 08시,월요일,경상북도 안동시 옥동,경상사고,0,0,1,0,차대사람 - 기타,안전운전불이행,건조,맑음,단일로 - 기타,승용,남,75세,상해없음,보행자,여,6세,경상
2015032300100154,2015년 3월 23일 09시,월요일,경상북도 안동시 옥동,중상사고,0,3,1,0,차대차 - 측면직각충돌,신호위반,건조,맑음,교차로 - 교차로안,승용,남,41세,경상,승용,남,38세,중상
2015032300100181,2015년 3월 23일 10시,월요일,경상북도 포항시 북구 장성동,경상사고,0,0,1,0,차대차 - 기타,교차로운행방법위반,건조,맑음,교차로 - 교차로안,승용,여,57세,상해없음,화물,남,42세,경상
2015032300100242,2015년 3월 23일 12시,월요일,경상북도 경주시 노서동,중상사고,0,1,0,0,차대사람 - 기타,안전운전불이행,건조,맑음,교차로 - 교차로안,승합,남,59세,상해없음,보행자,여,66세,중상
2015032300100243,2015년 3월 23일 12시,월요일,경상북도 안동시 안기동,중상사고,0,1,0,0,차대차 - 측면직각충돌,안전운전불이행,건조,맑음,교차로 - 교차로안,승용,남,57세,상해없음,승용,여,32세,중상
2015032300100244,2015년 3월 23일 12시,월요일,경상북도 영천시 문외동,경상사고,0,0,2,0,차대차 - 측면직각충돌,안전운전불이행,건조,맑음,단일로 - 기타,승용,남,65세,상해없음,원동기,남,19세,경상
2015032300100245,2015년 3월 23일 12시,월요일,경상북도 구미시 고아읍,부상신고사고,0,0,0,2,차대차 - 기타,교차로운행방법위반,건조,맑음,교차로 - 교차로안,승용,여,51세,상해없음,승용,여,37세,부상신고
2015032300100267,2015년 3월 23일 13시,월요일,경상북도 경주시 양북면,중상사고,0,1,4,0,차대차 - 기타,안전운전불이행,건조,맑음,기타 - 기타,건설기계,남,56세,상해없음,화물,남,66세,경상
2015032300100268,2015년 3월 23일 13시,월요일,경상북도 포항시 북구 항구동,중상사고,0,1,0,0,차대차 - 측면직각충돌,중앙선침범,건조,맑음,단일로 - 기타,승용,여,55세,상해없음,원동기,남,29세,중상
2015032300100269,2015년 3월 23일 13시,월요일,경상북도 상주시 만산동,경상사고,0,0,1,0,차대차 - 기타,중앙선침범,건조,맑음,단일로 - 기타,원동기,남,55세,상해없음,원동기,남,76세,경상
2015032300100270,2015년 3월 23일 13시,월요일,경상북도 문경시 점촌동,중상사고,0,1,0,0,차대사람 - 횡단중,안전운전불이행,건조,맑음,단일로 - 기타,승용,남,42세,상해없음,보행자,여,84세,중상
2015032300100271,2015년 3월 23일 13시,월요일,경상북도 울진군 울진읍,부상신고사고,0,0,0,1,차대차 - 측면직각충돌,중앙선침범,건조,맑음,단일로 - 기타,승합,남,67세,부상신고,승용,남,41세,상해없음
2015032300100302,2015년 3월 23일 14시,월요일,경상북도 경주시 현곡면,중상사고,0,1,0,0,차대차 - 추돌 - 진행중,안전운전불이행,건조,맑음,단일로 - 기타,화물,남,44세,상해없음,승용,여,28세,중상
2015032300100303,2015년 3월 23일 14시,월요일,경상북도 칠곡군 왜관읍,경상사고,0,0,1,0,차대사람 - 길가장자리구역통행중,안전운전불이행,건조,맑음,단일로 - 기타,승합,남,29세,상해없음,보행자,여,43세,경상
2015032300100330,2015년 3월 23일 15시,월요일,경상북도 경주시 동천동,중상사고,0,1,0,0,차대사람 - 길가장자리구역통행중,교차로운행방법위반,건조,맑음,교차로 - 교차로안,화물,남,23세,상해없음,보행자,여,23세,중상
2015032300100331,2015년 3월 23일 15시,월요일,경상북도 문경시 흥덕동,중상사고,0,1,1,0,차대차 - 측면직각충돌,직진우회전진행방해,건조,맑음,교차로 - 교차로안,화물,남,54세,상해없음,화물,남,75세,경상
2015032300100368,2015년 3월 23일 16시,월요일,경상북도 안동시 풍산읍,경상사고,0,0,1,0,차대사람 - 횡단중,보행자보호의무위반,건조,맑음,단일로 - 횡단보도상,승용,남,44세,상해없음,보행자,여,83세,경상
2015032300100369,2015년 3월 23일 16시,월요일,경상북도 영주시 봉현면,중상사고,0,1,0,0,차대차 - 측면직각충돌,중앙선침범,건조,맑음,단일로 - 기타,화물,남,68세,상해없음,이륜,남,89세,중상
2015032300100370,2015년 3월 23일 16시,월요일,경상북도 성주군 선남면,중상사고,0,1,0,0,차대차 - 기타,안전운전불이행,건조,맑음,단일로 - 기타,화물,남,58세,상해없음,자전거,여,50세,중상
2015032300100371,2015년 3월 23일 16시,월요일,경상북도 구미시 구포동,중상사고,0,1,0,0,차대사람 - 기타,안전운전불이행,건조,맑음,단일로 - 기타,승용,여,37세,상해없음,보행자,여,9세,중상
2015032300100372,2015년 3월 23일 16시,월요일,경상북도 포항시 남구 청림동,경상사고,0,0,2,0,차대차 - 추돌 - 주정차중,안전운전불이행,건조,맑음,교차로 - 교차로부근,승용,남,46세,상해없음,화물,남,34세,경상
2015032300100441,2015년 3월 23일 18시,월요일,경상북도 안동시 용상동,중상사고,0,1,0,0,차대차 - 측면직각충돌,안전운전불이행,건조,맑음,단일로 - 기타,승용,남,53세,상해없음,화물,남,47세,상해없음
2015032300100442,2015년 3월 23일 18시,월요일,경상북도 김천시 평화동,경상사고,0,0,1,0,차대차 - 측면직각충돌,안전운전불이행,건조,맑음,단일로 - 기타,승용,남,54세,상해없음,승용,여,26세,경상
2015032300100480,2015년 3월 23일 19시,월요일,경상북도 포항시 북구 장성동,경상사고,0,0,1,0,차대차 - 기타,교차로운행방법위반,건조,맑음,교차로 - 교차로안,승용,남,61세,상해없음,원동기,남,37세,경상
2015032300100481,2015년 3월 23일 19시,월요일,경상북도 김천시 아포읍,경상사고,0,0,1,0,차대차 - 측면직각충돌,안전운전불이행,건조,맑음,단일로 - 기타,승용,여,50세,상해없음,승용,여,59세,경상
2015032300100482,2015년 3월 23일 19시,월요일,경상북도 영천시 금노동,중상사고,0,1,0,0,차대사람 - 길가장자리구역통행중,안전운전불이행,건조,맑음,단일로 - 기타,승용,여,44세,상해없음,보행자,여,83세,중상
2015032300100483,2015년 3월 23일 19시,월요일,경상북도 울진군 온정면,중상사고,0,1,0,0,차량단독 - 기타,안전운전불이행,건조,맑음,단일로 - 기타,원동기,남,51세,중상,,,,
2015032300100505,2015년 3월 23일 20시,월요일,경상북도 포항시 북구 용흥동,경상사고,0,0,3,0,차대차 - 기타,직진우회전진행방해,건조,맑음,교차로 - 교차로안,승용,여,49세,경상,승용,남,62세,경상
2015032300100506,2015년 3월 23일 20시,월요일,경상북도 예천군 용궁면,경상사고,0,0,2,0,차대차 - 측면직각충돌,안전운전불이행,건조,맑음,교차로 - 교차로안,승합,남,56세,상해없음,승용,남,52세,경상
2015032300100507,2015년 3월 23일 20시,월요일,경상북도 포항시 남구 해도동,중상사고,0,1,1,0,차대차 - 측면직각충돌,안전운전불이행,건조,맑음,단일로 - 기타,승용,남,43세,경상,승용,남,39세,중상
2015032300100543,2015년 3월 23일 21시,월요일,경상북도 경주시 안강읍,경상사고,0,0,3,0,차대차 - 측면직각충돌,안전운전불이행,건조,맑음,교차로 - 교차로안,승용,남,46세,상해없음,승합,남,53세,상해없음
2015032300100544,2015년 3월 23일 21시,월요일,경상북도 상주시 서성동,경상사고,0,0,1,0,차대차 - 측면직각충돌,교차로운행방법위반,건조,맑음,교차로 - 교차로안,승용,여,44세,상해없음,이륜,남,18세,경상
2015032300100545,2015년 3월 23일 21시,월요일,경상북도 경산시 하양읍,경상사고,0,0,1,0,차량단독 - 기타,안전운전불이행,건조,맑음,단일로 - 기타,승용,남,44세,경상,,,,
2015032300100546,2015년 3월 23일 21시,월요일,경상북도 구미시 도량동,경상사고,0,0,1,0,차대차 - 기타,안전운전불이행,건조,맑음,단일로 - 기타,자전거,남,56세,경상,승용,남,43세,상해없음
2015032300100575,2015년 3월 23일 22시,월요일,경상북도 포항시 북구 우현동,경상사고,0,0,1,0,차대사람 - 기타,안전운전불이행,건조,맑음,교차로 - 교차로부근,승용,남,39세,상해없음,보행자,여,42세,경상