사고번호,사고일시,요일,시군구,사고내용,사망자수,중상자수,경상자수,부상신고자수,사고유형,법규위반,노면상태,기상상태,도로형태,가해운전자 차종,가해운전자 성별,가해운전자 연령,가해운전자 상해정도,피해운전자 차종,피해운전자 성별,피해운전자 연령,피해운전자 상해정도
2015032300100576,2015년 3월 23일 22시,월요일,경상북도 경주시 건천읍,중상사고,0,1,0,0,차량단독 - 전도전복,안전운전불이행,건조,맑음,단일로 - 기타,승용,남,19세,상해없음,,,,
2015032400100027,2015년 3월 24일 01시,화요일,경상북도 경주시 강동면,부상신고사고,0,0,0,1,차량단독 - 공작물충돌,안전운전불이행,건조,맑음,단일로 - 기타,승용,여,19세,상해없음,,,,
2015032400100040,2015년 3월 24일 03시,화요일,경상북도 구미시 임수동,중상사고,0,2,0,1,차대차 - 기타,신호위반,건조,맑음,교차로 - 교차로안,승용,남,55세,부상신고,승용,남,29세,상해없음
2015032400100059,2015년 3월 24일 05시,화요일,경상북도 칠곡군 동명면,사망사고,1,0,0,0,차대사람 - 기타,안전운전불이행,건조,맑음,단일로 - 기타,화물,남,35세,상해없음,보행자,남,48세,사망
2015032400100074,2015년 3월 24일 06시,화요일,경상북도 의성군 금성면,중상사고,0,1,2,0,차량단독 - 도로외이탈 - 기타,안전운전불이행,건조,흐림,단일로 - 기타,승합,남,60세,상해없음,,,,
2015032400100075,2015년 3월 24일 06시,화요일,경상북도 문경시 모전동,경상사고,0,0,1,0,차대차 - 측면직각충돌,안전운전불이행,건조,맑음,교차로 - 교차로안,승용,여,51세,상해없음,승용,여,55세,경상
2015032400100101,2015년 3월 24일 07시,화요일,경상북도 경주시 외동읍,중상사고,0,3,0,0,차대차 - 기타,중앙선침범,건조,맑음,단일로 - 기타,승용,남,40세,중상,화물,남,54세,중상
2015032400100102,2015년 3월 24일 07시,화요일,경상북도 경산시 옥산동,경상사고,0,0,1,0,차대차 - 기타,신호위반,건조,맑음,교차로 - 교차로안,승용,여,53세,상해없음,승용,여,32세,경상
2015032400100135,2015년 3월 24일 08시,화요일,경상북도 안동시 송현동,경상사고,0,0,1,0,차대차 - 추돌 - 진행중,안전운전불이행,건조,맑음,교차로 - 교차로부근,승용,여,57세,상해없음,승용,남,50세,상해없음
2015032400100136,2015년 3월 24일 08시,화요일,경상북도 구미시 임은동,경상사고,0,0,2,0,차대차 - 기타,안전운전불이행,건조,맑음,단일로 - 기타,승용,남,43세,경상,승용,남,42세,경상
2015032400100168,2015년 3월 24일 09시,화요일,경상북도 영주시 가흥동,중상사고,0,1,0,0,차대차 - 측면직각충돌,신호위반,건조,맑음,교차로 - 교차로안,승용,여,56세,상해없음,승용,남,43세,중상
2015032400100169,2015년 3월 24일 09시,화요일,경상북도 경산시 하양읍,중상사고,0,1,1,0,차대차 - 기타,안전운전불이행,건조,맑음,교차로 - 교차로안,화물,남,73세,경상,원동기,남,25세,중상
2015032400100188,2015년 3월 24일 10시,화요일,경상북도 경주시 천북면,경상사고,0,0,1,0,차대차 - 기타,안전운전불이행,건조,맑음,단일로 - 기타,승용,남,34세,상해없음,승용,남,59세,경상
2015032400100216,2015년 3월 24일 11시,화요일,경상북도 안동시 용상동,경상사고,0,0,1,0,차대사람 - 기타,안전운전불이행,건조,맑음,단일로 - 기타,승용,여,55세,상해없음,보행자,여,88세,경상
2015032400100235,2015년 3월 24일 12시,화요일,경상북도 상주시 무양동,중상사고,0,1,0,0,차대차 - 기타,안전운전불이행,건조,맑음,단일로 - 기타,승용,남,56세,상해없음,자전거,남,66세,상해없음
2015032400100270,2015년 3월 24일 13시,화요일,경상북도 경산시 백천동,경상사고,0,0,3,0,차대차 - 기타,안전운전불이행,건조,맑음,단일로 - 기타,승용,남,71세,상해없음,승용,여,30세,경상
2015032400100301,2015년 3월 24일 14시,화요일,경상북도 상주시 인평동,중상사고,0,1,0,0,차대차 - 측면직각충돌,안전운전불이행,건조,맑음,교차로 - 교차로부근,승용,여,50세,상해없음,이륜,남,59세,중상
2015032400100302,2015년 3월 24일 14시,화요일,경상북도 칠곡군 왜관읍,부상신고사고,0,0,0,1,차대차 - 기타,안전운전불이행,건조,맑음,단일로 - 기타,승용,남,67세,부상신고,승용,여,43세,기타불명
2015032400100326,2015년 3월 24일 15시,화요일,경상북도 안동시 도산면,중상사고,0,1,0,0,차량단독 - 공작물충돌,안전운전불이행,건조,맑음,단일로 - 기타,승용,남,68세,상해없음,,,,
2015032400100327,2015년 3월 24일 15시,화요일,경상북도 영주시 평은면,중상사고,0,1,1,0,차대차 - 추돌 - 진행중,안전운전불이행,건조,맑음,단일로 - 기타,화물,남,72세,상해없음,승용,남,69세,경상
2015032400100353,2015년 3월 24일 16시,화요일,경상북도 경주시 동천동,중상사고,0,1,0,0,차대차 - 기타,안전운전불이행,건조,맑음,교차로 - 교차로안,승용,남,48세,상해없음,승용,여,35세,중상
2015032400100354,2015년 3월 24일 16시,화요일,경상북도 영덕군 영덕읍,경상사고,0,0,1,0,차대차 - 측면직각충돌,안전거리미확보,건조,맑음,단일로 - 기타,승용,남,66세,상해없음,승용,여,44세,경상
2015032400100355,2015년 3월 24일 16시,화요일,경상북도 성주군 성주읍,중상사고,0,1,1,0,차대차 - 기타,안전운전불이행,건조,맑음,교차로 - 교차로부근,승용,여,26세,경상,이륜,남,60세,중상
2015032400100356,2015년 3월 24일 16시,화요일,경상북도 구미시 도량동,경상사고,0,0,1,0,차대사람 - 기타,안전운전불이행,건조,맑음,단일로 - 기타,승용,여,45세,상해없음,보행자,여,86세,경상
2015032400100357,2015년 3월 24일 16시,화요일,경상북도 구미시 공단동,경상사고,0,0,2,0,차대차 - 기타,교차로운행방법위반,건조,맑음,교차로 - 교차로안,승합,남,68세,상해없음,승용,여,30세,경상
2015032400100391,2015년 3월 24일 17시,화요일,경상북도 경주시 서부동,중상사고,0,1,0,0,차대차 - 기타,안전운전불이행,건조,흐림,단일로 - 기타,자전거,남,67세,중상,화물,여,40세,상해없음
2015032400100392,2015년 3월 24일 17시,화요일,경상북도 구미시 장천면,중상사고,0,1,2,0,차대차 - 기타,중앙선침범,건조,맑음,단일로 - 기타,승용,남,63세,중상,승용,여,25세,경상
2015032400100427,2015년 3월 24일 18시,화요일,경상북도 포항시 북구 청하면,중상사고,0,1,0,0,차대차 - 기타,안전거리미확보,건조,맑음,단일로 - 기타,승용,여,58세,상해없음,농기계,남,42세,중상
2015032400100428,2015년 3월 24일 18시,화요일,경상북도 안동시 동부동,중상사고,0,1,0,0,차대차 - 기타,직진우회전진행방해,건조,맑음,교차로 - 교차로안,승용,남,42세,상해없음,원동기,남,42세,중상
2015032400100429,2015년 3월 24일 18시,화요일,경상북도 안동시 남문동,경상사고,0,0,1,0,차대차 - 측면직각충돌,신호위반,건조,맑음,교차로 - 교차로부근,자전거,남,74세,경상,승용,여,28세,상해없음
2015032400100430,2015년 3월 24일 18시,화요일,경상북도 안동시 옥동,중상사고,0,1,0,0,차대차 - 기타,안전운전불이행,건조,맑음,단일로 - 기타,승용,남,56세,상해없음,승용,여,45세,중상
2015032400100431,2015년 3월 24일 18시,화요일,경상북도 김천시 개령면,중상사고,0,1,2,0,차대차 - 측면직각충돌,안전운전불이행,건조,맑음,단일로 - 기타,승합,남,33세,상해없음,승용,여,44세,경상
2015032400100482,2015년 3월 24일 19시,화요일,경상북도 김천시 성내동,중상사고,0,1,0,0,차대사람 - 횡단중,보행자보호의무위반,건조,맑음,교차로 - 교차로안,승용,남,25세,상해없음,보행자,여,45세,중상
2015032400100483,2015년 3월 24일 19시,화요일,경상북도 경산시 와촌면,경상사고,0,0,1,0,차대차 - 기타,안전운전불이행,건조,맑음,단일로 - 기타,화물,여,63세,기타불명,승용,남,36세,경상
2015032400100484,2015년 3월 24일 19시,화요일,경상북도 포항시 남구 대도동,부상신고사고,0,0,0,1,차대차 - 기타,안전운전불이행,건조,맑음,기타 - 기타,승용,남,41세,상해없음,자전거,남,42세,부상신고
2015032400100524,2015년 3월 24일 20시,화요일,경상북도 구미시 원평동,경상사고,0,0,1,0,차대사람 - 차도통행중,보행자보호의무위반,건조,맑음,단일로 - 기타,승용,남,58세,상해없음,보행자,여,20세,경상
2015032400100555,2015년 3월 24일 21시,화요일,경상북도 포항시 북구 장성동,중상사고,0,1,0,0,차대차 - 기타,안전운전불이행,건조,맑음,교차로 - 교차로안,승용,남,45세,상해없음,자전거,남,16세,중상
2015032400100597,2015년 3월 24일 22시,화요일,경상북도 상주시 만산동,경상사고,0,0,1,0,차대차 - 측면직각충돌,안전운전불이행,건조,맑음,단일로 - 기타,자전거,여,56세,경상,농기계,남,55세,상해없음
2015032400100624,2015년 3월 24일 23시,화요일,경상북도 포항시 북구 흥해읍,중상사고,0,1,1,0,차량단독 - 공작물충돌,안전운전불이행,건조,맑음,단일로 - 기타,승용,남,32세,경상,,,,
2015032500100017,2015년 3월 25일 00시,수요일,경상북도 포항시 북구 두호동,경상사고,0,0,2,0,차대차 - 측면직각충돌,안전운전불이행,건조,맑음,단일로 - 기타,승용,남,62세,상해없음,승용,여,54세,경상
2015032500100050,2015년 3월 25일 04시,수요일,경상북도 포항시 남구 해도동,경상사고,0,0,2,0,차대차 - 기타,신호위반,건조,맑음,교차로 - 교차로안,승용,남,25세,상해없음,승용,남,52세,경상
2015032500100051,2015년 3월 25일 04시,수요일,경상북도 포항시 남구 상도동,중상사고,0,1,0,0,차대사람 - 횡단중,신호위반,건조,맑음,교차로 - 교차로안,승용,여,55세,상해없음,보행자,남,23세,중상
2015032500100124,2015년 3월 25일 08시,수요일,경상북도 경주시 천북면,중상사고,0,1,0,0,차대차 - 기타,안전운전불이행,건조,맑음,단일로 - 기타,승용,남,53세,상해없음,승용,여,35세,중상
2015032500100125,2015년 3월 25일 08시,수요일,경상북도 경주시 천북면,경상사고,0,0,1,0,차대차 - 기타,안전운전불이행,건조,맑음,교차로 - 교차로안,승용,여,42세,상해없음,승용,남,27세,경상
2015032500100126,2015년 3월 25일 08시,수요일,경상북도 상주시 화동면,경상사고,0,0,1,0,차대차 - 측면직각충돌,교차로운행방법위반,건조,맑음,교차로 - 교차로안,화물,남,55세,상해없음,화물,남,49세,경상
2015032500100127,2015년 3월 25일 08시,수요일,경상북도 영주시 순흥면,경상사고,0,0,1,0,차대차 - 측면직각충돌,안전운전불이행,건조,맑음,교차로 - 교차로안,승용,여,42세,상해없음,원동기,남,68세,경상
2015032500100128,2015년 3월 25일 08시,수요일,경상북도 칠곡군 석적읍,경상사고,0,0,1,0,차대차 - 측면직각충돌,안전운전불이행,건조,맑음,교차로 - 교차로안,이륜,남,34세,상해없음,승용,남,38세,경상
2015032500100129,2015년 3월 25일 08시,수요일,경상북도 포항시 남구 연일읍,경상사고,0,0,1,0,차대차 - 기타,교차로운행방법위반,건조,맑음,교차로 - 교차로안,승용,남,65세,상해없음,승용,남,61세,경상
2015032500100168,2015년 3월 25일 09시,수요일,경상북도 안동시 옥동,경상사고,0,0,2,0,차대차 - 기타,안전거리미확보,건조,맑음,단일로 - 기타,승용,남,62세,기타불명,승용,남,23세,경상
2015032500100169,2015년 3월 25일 09시,수요일,경상북도 김천시 평화동,중상사고,0,1,0,0,차대차 - 측면직각충돌,안전운전불이행,건조,맑음,기타 - 기타,승용,남,74세,상해없음,자전거,남,75세,중상
2015032500100234,2015년 3월 25일 11시,수요일,경상북도 영양군 수비면,경상사고,0,0,1,0,차대차 - 기타,직진우회전진행방해,건조,맑음,교차로 - 교차로안,화물,남,58세,상해없음,이륜,남,52세,경상
2015032500100235,2015년 3월 25일 11시,수요일,경상북도 영양군 입암면,중상사고,0,1,1,0,차대차 - 측면직각충돌,교차로운행방법위반,건조,맑음,교차로 - 교차로안,화물,남,64세,중상,승합,남,75세,경상
2015032500100270,2015년 3월 25일 12시,수요일,경상북도 영주시 하망동,중상사고,0,1,0,0,차대사람 - 횡단중,안전운전불이행,건조,맑음,교차로 - 교차로안,화물,남,62세,상해없음,보행자,여,57세,중상
2015032500100271,2015년 3월 25일 12시,수요일,경상북도 칠곡군 가산면,경상사고,0,0,1,0,차대차 - 측면직각충돌,안전거리미확보,건조,맑음,단일로 - 기타,건설기계,남,53세,상해없음,승용,여,45세,경상
2015032500100272,2015년 3월 25일 12시,수요일,경상북도 경산시 임당동,경상사고,0,0,1,0,차대차 - 기타,안전운전불이행,건조,맑음,교차로 - 교차로안,승용,남,21세,상해없음,승용,남,23세,경상
2015032500100273,2015년 3월 25일 12시,수요일,경상북도 구미시 고아읍,중상사고,0,1,0,0,차대차 - 기타,안전운전불이행,건조,맑음,교차로 - 교차로부근,화물,남,27세,상해없음,승용,남,32세,중상
2015032500100306,2015년 3월 25일 13시,수요일,경상북도 경산시 중방동,경상사고,0,0,3,0,차대차 - 기타,안전운전불이행,건조,맑음,교차로 - 교차로안,승합,남,51세,상해없음,승용,남,39세,경상
2015032500100307,2015년 3월 25일 13시,수요일,경상북도 영덕군 영덕읍,중상사고,0,1,0,0,차량단독 - 전도전복,안전운전불이행,건조,맑음,단일로 - 기타,이륜,남,72세,중상,,,,
2015032500100332,2015년 3월 25일 14시,수요일,경상북도 영주시 풍기읍,중상사고,0,1,0,0,차대차 - 측면직각충돌,안전운전불이행,건조,맑음,교차로 - 교차로안,화물,남,38세,상해없음,원동기,남,77세,중상
2015032500100333,2015년 3월 25일 14시,수요일,경상북도 문경시 점촌동,중상사고,0,1,0,0,차대사람 - 기타,보행자보호의무위반,건조,맑음,단일로 - 횡단보도상,승용,여,34세,상해없음,보행자,남,60세,중상
2015032500100334,2015년 3월 25일 14시,수요일,경상북도 경산시 진량읍,중상사고,0,1,0,0,차량단독 - 기타,안전운전불이행,건조,맑음,교차로 - 교차로안,승합,남,66세,상해없음,,,,
2015032500100335,2015년 3월 25일 14시,수요일,경상북도 예천군 예천읍,중상사고,0,1,0,0,차대차 - 측면직각충돌,안전운전불이행,건조,맑음,교차로 - 교차로안,승용,남,66세,상해없음,이륜,여,54세,중상
2015032500100336,2015년 3월 25일 14시,수요일,경상북도 구미시 송정동,중상사고,0,1,0,0,차대차 - 기타,안전운전불이행,건조,맑음,단일로 - 횡단보도상,승용,여,49세,상해없음,자전거,남,53세,중상
2015032500100337,2015년 3월 25일 14시,수요일,경상북도 포항시 남구 대잠동,중상사고,0,1,1,0,차대차 - 기타,교차로운행방법위반,건조,맑음,교차로 - 교차로안,승용,여,55세,상해없음,승용,여,42세,중상
2015032500100373,2015년 3월 25일 15시,수요일,경상북도 고령군 쌍림면,사망사고,1,0,0,0,차대차 - 측면직각충돌,신호위반,건조,맑음,교차로 - 교차로안,화물,남,38세,상해없음,이륜,남,83세,사망
2015032500100374,2015년 3월 25일 15시,수요일,경상북도 구미시 형곡동,부상신고사고,0,0,0,1,차대차 - 기타,안전운전불이행,건조,맑음,교차로 - 교차로부근,승용,남,49세,기타불명,승용,남,35세,부상신고
2015032500100401,2015년 3월 25일 16시,수요일,경상북도 경주시 보문동,중상사고,0,2,0,1,차대차 - 기타,안전운전불이행,건조,맑음,교차로 - 교차로안,승용,여,25세,부상신고,승합,남,49세,중상
2015032500100402,2015년 3월 25일 16시,수요일,경상북도 경주시 동방동,중상사고,0,1,0,0,차대차 - 기타,안전운전불이행,건조,맑음,교차로 - 교차로안,이륜,남,54세,중상,승용,남,45세,상해없음
2015032500100403,2015년 3월 25일 16시,수요일,경상북도 안동시 옥야동,경상사고,0,0,1,0,차대사람 - 횡단중,신호위반,건조,맑음,단일로 - 기타,승용,여,32세,상해없음,보행자,여,67세,경상
2015032500100404,2015년 3월 25일 16시,수요일,경상북도 안동시 남선면,중상사고,0,1,0,0,차대사람 - 기타,안전운전불이행,건조,맑음,단일로 - 교량,승용,여,66세,상해없음,보행자,여,24세,중상
2015032500100405,2015년 3월 25일 16시,수요일,경상북도 칠곡군 왜관읍,경상사고,0,0,1,1,차대사람 - 차도통행중,안전운전불이행,건조,맑음,단일로 - 기타,이륜,남,82세,부상신고,보행자,여,10세,경상
2015032500100406,2015년 3월 25일 16시,수요일,경상북도 포항시 남구 오천읍,경상사고,0,0,1,0,차대차 - 추돌 - 주정차중,안전운전불이행,건조,맑음,단일로 - 기타,승용,남,50세,상해없음,승용,기타불명,기타불명,기타불명
2015032500100482,2015년 3월 25일 18시,수요일,경상북도 포항시 북구 장성동,부상신고사고,0,0,0,1,차대차 - 기타,안전운전불이행,건조,맑음,단일로 - 기타,원동기,남,41세,부상신고,승용,여,54세,상해없음
2015032500100483,2015년 3월 25일 18시,수요일,경상북도 안동시 송천동,경상사고,0,0,1,0,차대차 - 기타,안전운전불이행,건조,맑음,교차로 - 교차로안,승용,여,22세,상해없음,승용,여,36세,경상
2015032500100484,2015년 3월 25일 18시,수요일,경상북도 구미시 공단동,경상사고,0,0,1,1,차대차 - 기타,직진우회전진행방해,건조,기타,교차로 - 교차로안,승용,남,33세,부상신고,승용,남,22세,경상
2015032500100532,2015년 3월 25일 19시,수요일,경상북도 포항시 북구 용흥동,경상사고,0,0,1,0,차대차 - 기타,교차로운행방법위반,건조,맑음,교차로 - 교차로안,승용,여,52세,상해없음,승용,여,40세,경상
2015032500100533,2015년 3월 25일 19시,수요일,경상북도 김천시 감문면,중상사고,0,1,1,0,차대사람 - 차도통행중,안전운전불이행,건조,맑음,단일로 - 기타,승용,남,47세,상해없음,보행자,여,74세,중상
2015032500100567,2015년 3월 25일 20시,수요일,경상북도 경산시 진량읍,중상사고,0,1,0,0,차대사람 - 기타,안전운전불이행,건조,맑음,단일로 - 기타,이륜,남,18세,상해없음,보행자,남,19세,중상
2015032500100595,2015년 3월 25일 21시,수요일,경상북도 경산시 정평동,경상사고,0,0,1,0,차대차 - 기타,신호위반,건조,맑음,교차로 - 교차로안,승용,여,55세,상해없음,이륜,남,45세,경상
2015032500100596,2015년 3월 25일 21시,수요일,경상북도 구미시 진평동,경상사고,0,0,1,0,차대사람 - 기타,안전운전불이행,건조,기타,단일로 - 기타,승용,여,55세,상해없음,보행자,남,31세,경상
2015032500100628,2015년 3월 25일 22시,수요일,경상북도 경산시 옥산동,경상사고,0,0,1,0,차대차 - 기타,안전운전불이행,건조,맑음,단일로 - 기타,화물,남,41세,상해없음,승용,여,47세,경상
2015032500100629,2015년 3월 25일 22시,수요일,경상북도 경산시 임당동,경상사고,0,0,1,0,차대차 - 기타,안전운전불이행,건조,맑음,단일로 - 기타,기타불명,기타불명,기타불명,기타불명,승용,남,49세,경상
2015032500100653,2015년 3월 25일 23시,수요일,경상북도 경주시 보문동,중상사고,0,1,1,0,차량단독 - 공작물충돌,안전운전불이행,건조,맑음,단일로 - 기타,승용,남,37세,경상,,,,
2015032500100654,2015년 3월 25일 23시,수요일,경상북도 김천시 신음동,중상사고,0,1,1,0,차대사람 - 차도통행중,안전운전불이행,건조,맑음,단일로 - 기타,승용,여,49세,상해없음,보행자,남,44세,중상
2015032600100010,2015년 3월 26일 00시,목요일,경상북도 구미시 송정동,중상사고,0,2,0,0,차대차 - 기타,신호위반,건조,맑음,교차로 - 교차로안,승용,여,47세,상해없음,승용,남,41세,중상
2015032600100035,2015년 3월 26일 01시,목요일,경상북도 포항시 북구 죽도동,경상사고,0,0,1,0,차대사람 - 기타,중앙선침범,건조,맑음,단일로 - 기타,승용,남,39세,상해없음,보행자,남,33세,경상
2015032600100082,2015년 3월 26일 06시,목요일,경상북도 경주시 외동읍,경상사고,0,0,1,0,차대차 - 기타,안전운전불이행,건조,맑음,단일로 - 기타,승용,남,31세,상해없음,승용,남,64세,경상
2015032600100083,2015년 3월 26일 06시,목요일,경상북도 고령군 다산면,경상사고,0,0,1,0,차대차 - 측면직각충돌,차로위반,건조,맑음,교차로 - 교차로안,화물,남,63세,상해없음,승용,남,28세,경상
2015032600100110,2015년 3월 26일 07시,목요일,경상북도 영주시 평은면,중상사고,0,1,0,0,차대차 - 측면직각충돌,안전운전불이행,건조,맑음,단일로 - 기타,이륜,남,72세,중상,화물,남,75세,상해없음
2015032600100111,2015년 3월 26일 07시,목요일,경상북도 포항시 남구 동촌동,중상사고,0,2,1,0,차대차 - 측면직각충돌,안전운전불이행,건조,맑음,교차로 - 교차로부근,승용,남,56세,중상,승용,남,67세,경상
2015032600100112,2015년 3월 26일 07시,목요일,경상북도 포항시 남구 연일읍,경상사고,0,0,3,0,차대차 - 기타,안전운전불이행,건조,맑음,단일로 - 기타,승용,남,29세,상해없음,화물,남,36세,상해없음
2015032600100152,2015년 3월 26일 08시,목요일,경상북도 김천시 삼락동,중상사고,0,1,0,0,차대차 - 측면직각충돌,직진우회전진행방해,건조,맑음,교차로 - 교차로안,승용,남,63세,상해없음,이륜,남,87세,중상
2015032600100153,2015년 3월 26일 08시,목요일,경상북도 문경시 문경읍,경상사고,0,0,2,0,차대차 - 기타,안전운전불이행,건조,맑음,교차로 - 교차로안,농기계,남,65세,상해없음,화물,남,57세,경상
2015032600100154,2015년 3월 26일 08시,목요일,경상북도 포항시 남구 송도동,부상신고사고,0,0,0,1,차대차 - 기타,안전운전불이행,건조,맑음,교차로 - 교차로안,자전거,남,86세,부상신고,승용,남,58세,상해없음
2015032600100194,2015년 3월 26일 09시,목요일,경상북도 경주시 노서동,경상사고,0,0,1,0,차대차 - 기타,안전운전불이행,건조,맑음,교차로 - 교차로부근,승용,남,35세,상해없음,자전거,남,77세,경상
2015032600100195,2015년 3월 26일 09시,목요일,경상북도 영천시 창구동,경상사고,0,0,4,0,차대차 - 측면직각충돌,안전운전불이행,건조,맑음,교차로 - 교차로안,화물,남,65세,상해없음,승합,여,47세,경상
2015032600100196,2015년 3월 26일 09시,목요일,경상북도 구미시 임수동,경상사고,0,0,3,0,차대차 - 기타,안전거리미확보,건조,맑음,교차로 - 교차로부근,승용,남,32세,상해없음,승용,여,55세,경상
2015032600100197,2015년 3월 26일 09시,목요일,경상북도 포항시 남구 괴동동,경상사고,0,0,1,0,차대차 - 추돌 - 진행중,안전운전불이행,건조,맑음,교차로 - 교차로부근,화물,남,47세,상해없음,승용,남,32세,경상
2015032600100226,2015년 3월 26일 10시,목요일,경상북도 안동시 와룡면,중상사고,0,2,0,0,차대차 - 측면직각충돌,교차로운행방법위반,건조,맑음,교차로 - 교차로안,승용,여,49세,중상,승합,남,24세,중상
2015032600100227,2015년 3월 26일 10시,목요일,경상북도 경산시 중방동,경상사고,0,0,3,0,차대차 - 기타,안전운전불이행,건조,맑음,단일로 - 기타,승용,남,58세,경상,승용,남,65세,경상
2015032600100228,2015년 3월 26일 10시,목요일,경상북도 고령군 운수면,경상사고,0,0,1,0,차대차 - 추돌 - 주정차중,중앙선침범,건조,맑음,교차로 - 교차로부근,화물,남,58세,상해없음,건설기계,남,39세,상해없음
2015032600100255,2015년 3월 26일 11시,목요일,경상북도 경주시 황오동,중상사고,0,1,0,0,차대사람 - 기타,안전운전불이행,건조,맑음,단일로 - 기타,화물,남,50세,상해없음,보행자,여,85세,중상
2015032600100278,2015년 3월 26일 12시,목요일,경상북도 포항시 북구 용흥동,경상사고,0,0,3,0,차대차 - 기타,안전거리미확보,건조,맑음,단일로 - 기타,승용,남,18세,상해없음,승용,여,44세,경상
2015032600100279,2015년 3월 26일 12시,목요일,경상북도 포항시 북구 죽도동,중상사고,0,1,1,0,차대차 - 기타,안전운전불이행,건조,맑음,교차로 - 교차로부근,승용,여,32세,상해없음,승용,남,62세,중상
2015032600100280,2015년 3월 26일 12시,목요일,경상북도 포항시 북구 죽도동,중상사고,0,1,0,0,차대사람 - 횡단중,보행자보호의무위반,건조,맑음,단일로 - 횡단보도상,승용,여,38세,상해없음,보행자,여,67세,중상
2015032600100281,2015년 3월 26일 12시,목요일,경상북도 상주시 공성면,경상사고,0,0,1,0,차대사람 - 횡단중,안전운전불이행,건조,맑음,교차로 - 교차로안,화물,남,62세,상해없음,보행자,여,61세,경상
2015032600100282,2015년 3월 26일 12시,목요일,경상북도 영주시 영주동,중상사고,0,1,0,0,차대사람 - 보도통행중,안전운전불이행,건조,맑음,기타 - 기타,승용,여,55세,상해없음,보행자,여,77세,중상
2015032600100283,2015년 3월 26일 12시,목요일,경상북도 경산시 삼풍동,경상사고,0,0,1,0,차대차 - 기타,안전운전불이행,건조,맑음,단일로 - 기타,승용,남,32세,상해없음,승용,남,35세,경상
2015032600100284,2015년 3월 26일 12시,목요일,경상북도 경산시 임당동,경상사고,0,0,1,0,차대차 - 기타,안전운전불이행,건조,맑음,교차로 - 교차로안,승용,남,25세,상해없음,승용,여,55세,경상
2015032600100318,2015년 3월 26일 13시,목요일,경상북도 문경시 신기동,중상사고,0,1,0,0,차대사람 - 횡단중,보행자보호의무위반,건조,맑음,단일로 - 횡단보도상,승용,여,51세,상해없음,보행자,여,62세,중상
2015032600100348,2015년 3월 26일 14시,목요일,경상북도 경산시 압량면,경상사고,0,0,1,0,차대차 - 기타,안전운전불이행,건조,맑음,교차로 - 교차로부근,승용,남,38세,상해없음,화물,남,55세,경상
2015032600100382,2015년 3월 26일 15시,목요일,경상북도 포항시 남구 송내동,경상사고,0,0,1,0,차대차 - 측면직각충돌,안전운전불이행,건조,맑음,교차로 - 교차로부근,승용,남,49세,상해없음,승용,남,32세,경상
2015032600100383,2015년 3월 26일 15시,목요일,경상북도 포항시 남구 연일읍,중상사고,0,2,0,0,차대차 - 측면직각충돌,직진우회전진행방해,건조,맑음,교차로 - 교차로안,승용,여,54세,상해없음,승용,여,35세,중상
2015032600100425,2015년 3월 26일 16시,목요일,경상북도 구미시 선산읍,중상사고,0,1,0,1,차대차 - 기타,신호위반,건조,맑음,교차로 - 교차로안,승용,남,22세,부상신고,화물,남,52세,중상
2015032600100453,2015년 3월 26일 17시,목요일,경상북도 영주시 풍기읍,경상사고,0,0,2,0,차대차 - 추돌 - 주정차중,안전운전불이행,건조,맑음,단일로 - 교량,화물,남,71세,상해없음,승용,남,71세,경상
2015032600100491,2015년 3월 26일 18시,목요일,경상북도 김천시 부곡동,중상사고,0,1,0,0,차대사람 - 길가장자리구역통행중,안전운전불이행,건조,맑음,단일로 - 기타,승합,남,58세,상해없음,보행자,여,65세,중상
2015032600100492,2015년 3월 26일 18시,목요일,경상북도 영천시 화북면,경상사고,0,0,1,0,차대차 - 추돌 - 주정차중,안전운전불이행,건조,맑음,교차로 - 교차로부근,승용,남,35세,상해없음,원동기,남,55세,경상
2015032600100493,2015년 3월 26일 18시,목요일,경상북도 경산시 진량읍,중상사고,0,1,0,0,차대차 - 기타,신호위반,건조,맑음,단일로 - 기타,승용,남,45세,상해없음,승용,남,29세,중상
2015032600100535,2015년 3월 26일 19시,목요일,경상북도 포항시 북구 용흥동,경상사고,0,0,1,0,차대차 - 기타,중앙선침범,건조,맑음,단일로 - 기타,자전거,여,38세,경상,원동기,남,22세,상해없음
2015032600100536,2015년 3월 26일 19시,목요일,경상북도 영천시 임고면,중상사고,0,1,0,0,차대차 - 추돌 - 주정차중,안전운전불이행,건조,맑음,단일로 - 기타,화물,여,53세,상해없음,화물,남,51세,상해없음
2015032600100537,2015년 3월 26일 19시,목요일,경상북도 영천시 고경면,중상사고,0,1,0,0,차대사람 - 차도통행중,안전운전불이행,건조,맑음,교차로 - 교차로부근,승용,여,30세,상해없음,보행자,여,73세,중상
2015032600100538,2015년 3월 26일 19시,목요일,경상북도 포항시 남구 지곡동,중상사고,0,1,3,0,차대차 - 정면충돌,중앙선침범,건조,맑음,단일로 - 기타,승용,남,62세,상해없음,승용,여,40세,경상
2015032600100580,2015년 3월 26일 20시,목요일,경상북도 포항시 북구 죽도동,중상사고,0,1,0,0,차대사람 - 기타,안전운전불이행,건조,맑음,단일로 - 기타,승합,남,36세,상해없음,보행자,남,39세,중상