사고번호,사고일시,요일,시군구,사고내용,사망자수,중상자수,경상자수,부상신고자수,사고유형,법규위반,노면상태,기상상태,도로형태,가해운전자 차종,가해운전자 성별,가해운전자 연령,가해운전자 상해정도,피해운전자 차종,피해운전자 성별,피해운전자 연령,피해운전자 상해정도
2015032600100581,2015년 3월 26일 20시,목요일,경상북도 영천시 북안면,중상사고,0,1,0,0,차대사람 - 길가장자리구역통행중,안전운전불이행,건조,맑음,단일로 - 기타,승용,남,56세,상해없음,보행자,남,53세,중상
2015032600100582,2015년 3월 26일 20시,목요일,경상북도 봉화군 봉화읍,중상사고,0,1,0,0,차량단독 - 도로외이탈 - 추락,안전운전불이행,건조,맑음,단일로 - 기타,승용,남,26세,중상,,,,
2015032600100583,2015년 3월 26일 20시,목요일,경상북도 구미시 비산동,경상사고,0,0,1,0,차대차 - 기타,안전운전불이행,건조,맑음,단일로 - 횡단보도부근,승용,남,54세,상해없음,이륜,남,17세,경상
2015032600100614,2015년 3월 26일 21시,목요일,경상북도 문경시 호계면,경상사고,0,0,1,0,차대사람 - 길가장자리구역통행중,안전운전불이행,건조,맑음,단일로 - 기타,승용,남,41세,상해없음,보행자,여,19세,경상
2015032600100615,2015년 3월 26일 21시,목요일,경상북도 포항시 남구 연일읍,경상사고,0,0,1,0,차대차 - 측면직각충돌,신호위반,건조,맑음,교차로 - 교차로부근,승용,남,33세,상해없음,자전거,남,10세,경상
2015032600100675,2015년 3월 26일 23시,목요일,경상북도 군위군 군위읍,중상사고,0,1,0,0,차대사람 - 길가장자리구역통행중,안전운전불이행,건조,맑음,교차로 - 교차로부근,승용,남,55세,상해없음,보행자,남,43세,중상
2015032700100098,2015년 3월 27일 07시,금요일,경상북도 포항시 북구 항구동,중상사고,0,2,1,0,차대차 - 기타,안전거리미확보,건조,맑음,단일로 - 기타,승용,남,58세,상해없음,승용,남,61세,중상
2015032700100131,2015년 3월 27일 08시,금요일,경상북도 경주시 안강읍,중상사고,0,1,0,0,차대차 - 기타,안전운전불이행,건조,맑음,단일로 - 기타,승용,여,55세,상해없음,자전거,여,74세,중상
2015032700100132,2015년 3월 27일 08시,금요일,경상북도 안동시 옥동,경상사고,0,0,1,0,차대차 - 측면직각충돌,직진우회전진행방해,건조,맑음,교차로 - 교차로안,승용,남,37세,상해없음,승용,여,49세,경상
2015032700100133,2015년 3월 27일 08시,금요일,경상북도 칠곡군 왜관읍,경상사고,0,0,1,1,차대차 - 기타,교차로운행방법위반,건조,맑음,교차로 - 교차로안,승용,여,31세,부상신고,승용,남,38세,경상
2015032700100134,2015년 3월 27일 08시,금요일,경상북도 구미시 형곡동,경상사고,0,0,1,0,차대차 - 기타,안전운전불이행,건조,맑음,교차로 - 교차로부근,승용,남,41세,경상,승용,남,40세,기타불명
2015032700100161,2015년 3월 27일 09시,금요일,경상북도 구미시 옥계동,중상사고,0,1,0,0,차대사람 - 기타,안전운전불이행,건조,맑음,단일로 - 기타,승용,여,48세,상해없음,보행자,여,70세,중상
2015032700100186,2015년 3월 27일 10시,금요일,경상북도 상주시 내서면,경상사고,0,0,1,0,차대차 - 정면충돌,안전운전불이행,건조,맑음,기타 - 기타,화물,남,48세,상해없음,이륜,남,73세,경상
2015032700100187,2015년 3월 27일 10시,금요일,경상북도 구미시 도량동,중상사고,0,1,0,0,차대차 - 기타,안전운전불이행,건조,맑음,단일로 - 기타,승용,남,37세,기타불명,승용,남,75세,중상
2015032700100208,2015년 3월 27일 11시,금요일,경상북도 안동시 옥동,경상사고,0,0,1,0,차대차 - 기타,중앙선침범,건조,맑음,교차로 - 교차로부근,승합,여,36세,상해없음,원동기,남,71세,경상
2015032700100258,2015년 3월 27일 13시,금요일,경상북도 성주군 대가면,경상사고,0,0,2,0,차대차 - 추돌 - 진행중,안전거리미확보,건조,맑음,교차로 - 교차로부근,승용,남,55세,상해없음,승용,여,25세,경상
2015032700100259,2015년 3월 27일 13시,금요일,경상북도 성주군 성주읍,경상사고,0,0,3,0,차대차 - 기타,중앙선침범,건조,맑음,단일로 - 기타,화물,여,62세,경상,승용,여,58세,경상
2015032700100260,2015년 3월 27일 13시,금요일,경상북도 구미시 비산동,경상사고,0,0,2,0,차대차 - 기타,안전운전불이행,건조,맑음,단일로 - 기타,승용,남,71세,기타불명,화물,남,41세,상해없음
2015032700100261,2015년 3월 27일 13시,금요일,경상북도 김천시 남면,사망사고,1,0,1,0,차대차 - 추돌 - 진행중,안전거리미확보,건조,맑음,단일로 - 터널,화물,남,74세,사망,화물,남,54세,경상
2015032700100297,2015년 3월 27일 14시,금요일,경상북도 포항시 북구 장성동,중상사고,0,1,0,0,차대사람 - 기타,안전운전불이행,건조,맑음,교차로 - 교차로부근,승용,여,35세,상해없음,보행자,여,12세,중상
2015032700100371,2015년 3월 27일 16시,금요일,경상북도 상주시 사벌면,중상사고,0,1,0,1,차대차 - 측면직각충돌,교차로운행방법위반,건조,맑음,교차로 - 교차로안,승용,남,52세,부상신고,승용,남,54세,중상
2015032700100416,2015년 3월 27일 17시,금요일,경상북도 영주시 영주동,경상사고,0,0,1,0,차대차 - 측면직각충돌,중앙선침범,건조,맑음,단일로 - 기타,이륜,남,65세,경상,승용,여,36세,상해없음
2015032700100417,2015년 3월 27일 17시,금요일,경상북도 경산시 진량읍,경상사고,0,0,1,0,차대차 - 추돌 - 주정차중,안전운전불이행,건조,맑음,단일로 - 기타,승용,남,25세,상해없음,승용,남,32세,경상
2015032700100457,2015년 3월 27일 18시,금요일,경상북도 경주시 감포읍,부상신고사고,0,0,0,1,차량단독 - 전도전복,안전운전불이행,건조,맑음,교차로 - 교차로안,이륜,남,72세,부상신고,,,,
2015032700100458,2015년 3월 27일 18시,금요일,경상북도 경주시 양남면,경상사고,0,0,5,0,차대차 - 정면충돌,중앙선침범,건조,맑음,단일로 - 기타,승용,남,65세,상해없음,승합,남,30세,경상
2015032700100459,2015년 3월 27일 18시,금요일,경상북도 문경시 마성면,경상사고,0,0,1,0,차대차 - 기타,안전운전불이행,건조,맑음,단일로 - 기타,화물,남,55세,상해없음,승용,남,39세,경상
2015032700100460,2015년 3월 27일 18시,금요일,경상북도 문경시 모전동,중상사고,0,1,0,0,차대차 - 측면직각충돌,안전운전불이행,건조,맑음,교차로 - 교차로안,승용,여,45세,상해없음,이륜,남,41세,중상
2015032700100461,2015년 3월 27일 18시,금요일,경상북도 경산시 남방동,경상사고,0,0,1,0,차대차 - 기타,안전운전불이행,건조,맑음,교차로 - 교차로안,화물,남,53세,상해없음,승용,여,35세,경상
2015032700100462,2015년 3월 27일 18시,금요일,경상북도 경산시 백천동,경상사고,0,0,1,0,차대차 - 기타,안전운전불이행,건조,맑음,단일로 - 기타,화물,남,42세,상해없음,승용,여,42세,경상
2015032700100463,2015년 3월 27일 18시,금요일,경상북도 구미시 사곡동,경상사고,0,0,1,0,차대차 - 추돌 - 진행중,안전운전불이행,건조,맑음,단일로 - 기타,승합,남,46세,상해없음,이륜,남,42세,경상
2015032700100464,2015년 3월 27일 18시,금요일,경상북도 구미시 선산읍,경상사고,0,0,1,0,차대차 - 측면직각충돌,안전운전불이행,건조,맑음,단일로 - 기타,승용,남,55세,상해없음,이륜,남,29세,경상
2015032700100514,2015년 3월 27일 19시,금요일,경상북도 예천군 예천읍,중상사고,0,2,0,0,차대차 - 측면직각충돌,안전운전불이행,건조,맑음,단일로 - 기타,화물,남,53세,상해없음,승용,여,52세,중상
2015032700100551,2015년 3월 27일 20시,금요일,경상북도 김천시 신음동,중상사고,0,1,0,0,차대차 - 측면직각충돌,안전거리미확보,건조,맑음,단일로 - 기타,승합,남,54세,상해없음,이륜,남,35세,중상
2015032700100552,2015년 3월 27일 20시,금요일,경상북도 경산시 중방동,중상사고,0,1,0,0,차대사람 - 기타,신호위반,건조,맑음,단일로 - 횡단보도상,이륜,남,17세,상해없음,보행자,남,14세,중상
2015032700100553,2015년 3월 27일 20시,금요일,경상북도 구미시 진평동,경상사고,0,0,1,0,차대사람 - 횡단중,신호위반,건조,맑음,교차로 - 교차로부근,승용,남,27세,상해없음,보행자,여,37세,경상
2015032700100554,2015년 3월 27일 20시,금요일,경상북도 구미시 광평동,경상사고,0,0,1,0,차대차 - 추돌 - 주정차중,안전거리미확보,건조,맑음,단일로 - 기타,승용,남,57세,상해없음,승용,여,54세,경상
2015032700100555,2015년 3월 27일 20시,금요일,경상북도 구미시 원평동,경상사고,0,0,1,0,차대차 - 기타,안전거리미확보,건조,맑음,교차로 - 교차로부근,승용,남,63세,상해없음,승합,남,50세,상해없음
2015032700100592,2015년 3월 27일 21시,금요일,경상북도 경주시 성건동,경상사고,0,0,3,0,차대차 - 기타,안전운전불이행,건조,흐림,단일로 - 기타,승용,남,34세,상해없음,승용,남,56세,경상
2015032700100593,2015년 3월 27일 21시,금요일,경상북도 칠곡군 왜관읍,부상신고사고,0,0,0,2,차대차 - 기타,안전운전불이행,건조,맑음,단일로 - 기타,승용,남,23세,상해없음,승용,여,43세,기타불명
2015032700100631,2015년 3월 27일 22시,금요일,경상북도 포항시 남구 대잠동,경상사고,0,0,1,0,차대차 - 정면충돌,중앙선침범,건조,맑음,교차로 - 교차로부근,승용,여,33세,상해없음,원동기,남,20세,경상
2015032700100632,2015년 3월 27일 22시,금요일,경상북도 포항시 남구 송내동,중상사고,0,1,0,0,차대차 - 측면직각충돌,교차로운행방법위반,건조,맑음,교차로 - 교차로안,승용,여,63세,상해없음,화물,남,44세,상해없음
2015032700100672,2015년 3월 27일 23시,금요일,경상북도 포항시 남구 대도동,중상사고,0,1,1,0,차대차 - 측면직각충돌,중앙선침범,건조,맑음,교차로 - 교차로안,승용,여,38세,경상,승용,남,47세,중상
2015032800100088,2015년 3월 28일 04시,토요일,경상북도 경산시 하양읍,경상사고,0,0,2,0,차대차 - 기타,안전운전불이행,건조,맑음,단일로 - 기타,승용,남,29세,상해없음,승용,남,23세,경상
2015032800100103,2015년 3월 28일 05시,토요일,경상북도 의성군 의성읍,중상사고,0,1,0,0,차대차 - 측면직각충돌,직진우회전진행방해,건조,맑음,교차로 - 교차로안,화물,남,59세,상해없음,승용,남,76세,중상
2015032800100161,2015년 3월 28일 08시,토요일,경상북도 안동시 송현동,중상사고,0,1,0,0,차대차 - 추돌 - 주정차중,안전운전불이행,건조,맑음,교차로 - 교차로부근,승용,여,52세,상해없음,승용,여,53세,중상
2015032800100162,2015년 3월 28일 08시,토요일,경상북도 구미시 송정동,중상사고,0,1,0,0,차대사람 - 기타,안전운전불이행,건조,맑음,단일로 - 기타,승용,남,22세,상해없음,보행자,여,68세,중상
2015032800100174,2015년 3월 28일 09시,토요일,경상북도 경주시 외동읍,중상사고,0,1,0,0,차량단독 - 기타,기타,기타,기타,단일로 - 기타,승합,남,54세,상해없음,,,,
2015032800100175,2015년 3월 28일 09시,토요일,경상북도 영주시 하망동,경상사고,0,0,1,0,차대차 - 측면직각충돌,안전운전불이행,건조,맑음,기타 - 기타,승용,여,55세,상해없음,자전거,남,15세,경상
2015032800100216,2015년 3월 28일 10시,토요일,경상북도 영주시 가흥동,경상사고,0,0,3,0,차대차 - 추돌 - 주정차중,안전운전불이행,건조,맑음,단일로 - 기타,승용,남,50세,상해없음,승용,남,43세,경상
2015032800100217,2015년 3월 28일 10시,토요일,경상북도 구미시 옥성면,중상사고,0,1,1,0,차대차 - 추돌 - 진행중,안전거리미확보,건조,맑음,단일로 - 기타,화물,남,56세,상해없음,승용,남,41세,경상
2015032800100218,2015년 3월 28일 10시,토요일,경상북도 구미시 옥성면,중상사고,0,3,9,0,차대차 - 추돌 - 진행중,안전거리미확보,건조,맑음,단일로 - 기타,승용,남,35세,상해없음,승용,남,31세,경상
2015032800100251,2015년 3월 28일 11시,토요일,경상북도 영주시 가흥동,중상사고,0,1,0,0,차대차 - 측면직각충돌,신호위반,건조,맑음,교차로 - 교차로안,화물,남,47세,상해없음,승용,남,52세,중상
2015032800100252,2015년 3월 28일 11시,토요일,경상북도 칠곡군 가산면,경상사고,0,0,1,0,차대차 - 기타,신호위반,건조,맑음,교차로 - 교차로안,승용,남,80세,상해없음,승합,남,46세,경상
2015032800100253,2015년 3월 28일 11시,토요일,경상북도 칠곡군 약목면,경상사고,0,0,2,0,차대차 - 측면직각충돌,직진우회전진행방해,건조,맑음,교차로 - 교차로안,승용,남,69세,상해없음,승용,여,66세,경상
2015032800100254,2015년 3월 28일 11시,토요일,경상북도 경산시 대동,중상사고,0,1,0,0,차대차 - 기타,안전운전불이행,건조,맑음,단일로 - 기타,승용,남,62세,상해없음,승용,여,46세,중상
2015032800100255,2015년 3월 28일 11시,토요일,경상북도 구미시 인의동,부상신고사고,0,0,0,1,차대차 - 기타,안전운전불이행,건조,맑음,단일로 - 기타,승용,남,41세,상해없음,원동기,남,21세,부상신고
2015032800100256,2015년 3월 28일 11시,토요일,경상북도 포항시 남구 효자동,경상사고,0,0,1,0,차대차 - 기타,안전운전불이행,건조,맑음,단일로 - 기타,승용,여,58세,상해없음,승용,여,55세,경상
2015032800100257,2015년 3월 28일 11시,토요일,경상북도 구미시 선산읍,경상사고,0,0,2,0,차대차 - 추돌 - 진행중,안전운전불이행,건조,맑음,단일로 - 기타,승용,남,59세,상해없음,승합,남,30세,상해없음
2015032800100297,2015년 3월 28일 12시,토요일,경상북도 안동시 옥동,경상사고,0,0,5,0,차대차 - 추돌 - 진행중,안전운전불이행,건조,맑음,단일로 - 기타,승용,여,28세,상해없음,승용,남,37세,경상
2015032800100341,2015년 3월 28일 13시,토요일,경상북도 포항시 북구 용흥동,경상사고,0,0,1,0,차대차 - 기타,안전거리미확보,건조,맑음,교차로 - 교차로안,승용,남,41세,상해없음,승용,남,73세,경상
2015032800100342,2015년 3월 28일 13시,토요일,경상북도 칠곡군 석적읍,부상신고사고,0,0,0,1,차량단독 - 공작물충돌,안전운전불이행,건조,맑음,단일로 - 기타,승용,남,70세,부상신고,,,,
2015032800100343,2015년 3월 28일 13시,토요일,경상북도 영천시 청통면,중상사고,0,2,0,0,차대차 - 측면직각충돌,안전운전불이행,건조,맑음,단일로 - 기타,화물,남,56세,상해없음,이륜,남,82세,중상
2015032800100381,2015년 3월 28일 14시,토요일,경상북도 의성군 안평면,중상사고,0,1,0,0,차대사람 - 기타,안전운전불이행,건조,맑음,단일로 - 기타,승용,여,24세,상해없음,보행자,여,60세,중상
2015032800100382,2015년 3월 28일 14시,토요일,경상북도 울진군 울진읍,중상사고,0,1,0,0,차대차 - 측면직각충돌,안전운전불이행,건조,맑음,교차로 - 교차로안,원동기,남,83세,중상,승용,여,41세,상해없음
2015032800100412,2015년 3월 28일 15시,토요일,경상북도 칠곡군 가산면,경상사고,0,0,1,0,차대차 - 측면직각충돌,안전운전불이행,건조,맑음,단일로 - 기타,기타불명,기타불명,기타불명,기타불명,자전거,남,88세,경상
2015032800100413,2015년 3월 28일 15시,토요일,경상북도 고령군 고령읍,경상사고,0,0,1,0,차대차 - 측면직각충돌,안전거리미확보,건조,맑음,교차로 - 교차로부근,화물,여,62세,상해없음,농기계,남,73세,경상
2015032800100454,2015년 3월 28일 16시,토요일,경상북도 영덕군 강구면,경상사고,0,0,1,0,차대차 - 측면직각충돌,안전거리미확보,건조,맑음,단일로 - 기타,승용,여,58세,상해없음,승합,남,42세,상해없음
2015032800100455,2015년 3월 28일 16시,토요일,경상북도 포항시 남구 대도동,경상사고,0,0,1,0,차대차 - 측면직각충돌,직진우회전진행방해,건조,맑음,교차로 - 교차로안,승용,여,34세,상해없음,승용,남,50세,경상
2015032800100494,2015년 3월 28일 17시,토요일,경상북도 경주시 양북면,중상사고,0,1,0,1,차량단독 - 공작물충돌,안전운전불이행,건조,맑음,단일로 - 기타,승용,남,60세,부상신고,,,,
2015032800100495,2015년 3월 28일 17시,토요일,경상북도 경주시 용강동,경상사고,0,0,2,0,차대차 - 추돌 - 주정차중,안전운전불이행,건조,맑음,단일로 - 기타,승용,남,56세,상해없음,승용,여,37세,경상
2015032800100496,2015년 3월 28일 17시,토요일,경상북도 안동시 성곡동,중상사고,0,1,0,0,차대차 - 측면직각충돌,안전운전불이행,건조,맑음,단일로 - 기타,승용,남,54세,상해없음,승용,여,33세,중상
2015032800100497,2015년 3월 28일 17시,토요일,경상북도 안동시 당북동,경상사고,0,0,1,0,차대사람 - 기타,안전운전불이행,건조,맑음,단일로 - 기타,승용,남,38세,상해없음,보행자,여,58세,경상
2015032800100498,2015년 3월 28일 17시,토요일,경상북도 고령군 고령읍,중상사고,0,1,0,0,차량단독 - 전도전복,안전운전불이행,건조,맑음,단일로 - 기타,승용,남,59세,중상,,,,
2015032800100535,2015년 3월 28일 18시,토요일,경상북도 포항시 북구 용흥동,중상사고,0,1,0,0,차대차 - 추돌 - 진행중,안전거리미확보,건조,맑음,단일로 - 기타,승용,남,28세,상해없음,승용,여,54세,중상
2015032800100536,2015년 3월 28일 18시,토요일,경상북도 칠곡군 약목면,중상사고,0,1,1,0,차대차 - 기타,안전운전불이행,건조,맑음,단일로 - 기타,승용,남,31세,상해없음,승용,여,40세,중상
2015032800100573,2015년 3월 28일 19시,토요일,경상북도 영주시 휴천동,경상사고,0,0,1,0,차대사람 - 길가장자리구역통행중,안전운전불이행,건조,맑음,기타 - 기타,승용,여,55세,상해없음,보행자,여,73세,경상
2015032800100604,2015년 3월 28일 20시,토요일,경상북도 안동시 당북동,경상사고,0,0,1,0,차대차 - 기타,신호위반,건조,맑음,교차로 - 교차로안,승용,남,23세,상해없음,승용,여,39세,경상
2015032800100628,2015년 3월 28일 21시,토요일,경상북도 울릉군 울릉읍,중상사고,0,1,2,0,차대차 - 정면충돌,안전운전불이행,건조,맑음,단일로 - 기타,승용,남,52세,상해없음,화물,남,31세,중상
2015032800100666,2015년 3월 28일 22시,토요일,경상북도 경주시 구황동,경상사고,0,0,1,0,차대차 - 기타,신호위반,건조,맑음,교차로 - 교차로안,승용,남,50세,상해없음,승용,남,44세,경상
2015032800100667,2015년 3월 28일 22시,토요일,경상북도 구미시 원평동,중상사고,0,1,0,0,차대차 - 기타,안전운전불이행,건조,맑음,단일로 - 기타,승용,남,25세,상해없음,원동기,남,24세,중상
2015032800100690,2015년 3월 28일 23시,토요일,경상북도 구미시 광평동,중상사고,0,1,0,0,차량단독 - 공작물충돌,안전운전불이행,건조,맑음,단일로 - 기타,승용,남,43세,상해없음,,,,
2015032900100032,2015년 3월 29일 01시,일요일,경상북도 경산시 하양읍,중상사고,0,1,0,0,차대차 - 추돌 - 주정차중,안전운전불이행,건조,맑음,단일로 - 기타,승용,남,24세,상해없음,승용,남,64세,기타불명
2015032900100033,2015년 3월 29일 01시,일요일,경상북도 구미시 오태동,경상사고,0,0,1,1,차량단독 - 공작물충돌,안전운전불이행,건조,맑음,단일로 - 기타,승용,남,28세,부상신고,,,,
2015032900100034,2015년 3월 29일 01시,일요일,경상북도 포항시 남구 구룡포읍,경상사고,0,0,2,0,차대차 - 기타,안전운전불이행,건조,맑음,단일로 - 기타,승용,남,24세,상해없음,승용,남,28세,경상
2015032900100066,2015년 3월 29일 03시,일요일,경상북도 울진군 북면,사망사고,1,0,0,0,차대사람 - 기타,안전운전불이행,건조,맑음,단일로 - 기타,승합,남,27세,상해없음,보행자,남,44세,사망
2015032900100072,2015년 3월 29일 04시,일요일,경상북도 포항시 남구 오천읍,경상사고,0,0,1,0,차대차 - 측면직각충돌,안전운전불이행,건조,맑음,단일로 - 기타,승용,남,20세,경상,화물,여,37세,기타불명
2015032900100082,2015년 3월 29일 05시,일요일,경상북도 포항시 남구 장흥동,중상사고,0,2,5,0,차대차 - 측면직각충돌,직진우회전진행방해,건조,맑음,교차로 - 교차로안,승용,남,34세,중상,승용,여,53세,경상
2015032900100092,2015년 3월 29일 06시,일요일,경상북도 경산시 진량읍,경상사고,0,0,2,0,차대차 - 기타,안전운전불이행,건조,맑음,단일로 - 기타,승용,남,73세,상해없음,승용,남,27세,경상
2015032900100117,2015년 3월 29일 08시,일요일,경상북도 경주시 현곡면,중상사고,0,1,1,0,차대차 - 기타,안전운전불이행,건조,맑음,교차로 - 교차로안,승용,남,62세,상해없음,승용,여,36세,중상
2015032900100118,2015년 3월 29일 08시,일요일,경상북도 경주시 노동동,경상사고,0,0,2,0,차대차 - 기타,중앙선침범,건조,맑음,교차로 - 교차로부근,승용,여,62세,경상,승합,여,42세,경상
2015032900100137,2015년 3월 29일 09시,일요일,경상북도 경주시 사정동,중상사고,0,1,1,0,차대차 - 기타,안전운전불이행,건조,맑음,단일로 - 기타,화물,남,52세,상해없음,승용,여,41세,중상
2015032900100148,2015년 3월 29일 10시,일요일,경상북도 영주시 조와동,중상사고,0,1,0,0,차대사람 - 차도통행중,안전운전불이행,건조,맑음,단일로 - 기타,승용,남,33세,상해없음,보행자,여,70세,중상
2015032900100149,2015년 3월 29일 10시,일요일,경상북도 울진군 북면,중상사고,0,1,0,0,차량단독 - 전도전복,안전운전불이행,기타,맑음,단일로 - 기타,원동기,남,54세,중상,,,,
2015032900100166,2015년 3월 29일 11시,일요일,경상북도 상주시 공검면,중상사고,0,1,0,0,차량단독 - 공작물충돌,안전운전불이행,건조,맑음,교차로 - 교차로안,승용,남,45세,상해없음,,,,
2015032900100167,2015년 3월 29일 11시,일요일,경상북도 경산시 조영동,경상사고,0,0,1,0,차대차 - 기타,안전운전불이행,건조,맑음,교차로 - 교차로부근,이륜,남,26세,경상,화물,남,42세,상해없음
2015032900100168,2015년 3월 29일 11시,일요일,경상북도 군위군 의흥면,경상사고,0,0,1,0,차대차 - 측면직각충돌,직진우회전진행방해,건조,흐림,교차로 - 교차로안,승용,남,33세,상해없음,화물,남,29세,상해없음
2015032900100190,2015년 3월 29일 12시,일요일,경상북도 칠곡군 지천면,부상신고사고,0,0,0,1,차대차 - 측면직각충돌,안전운전불이행,건조,맑음,단일로 - 기타,자전거,남,37세,부상신고,승용,남,39세,상해없음
2015032900100235,2015년 3월 29일 14시,일요일,경상북도 경주시 배반동,경상사고,0,0,2,0,차대차 - 기타,안전운전불이행,건조,맑음,단일로 - 기타,기타불명,기타불명,기타불명,기타불명,승용,남,55세,경상
2015032900100236,2015년 3월 29일 14시,일요일,경상북도 포항시 북구 기계면,경상사고,0,0,1,0,차량단독 - 전도전복,안전운전불이행,건조,맑음,단일로 - 기타,화물,남,55세,상해없음,,,,
2015032900100237,2015년 3월 29일 14시,일요일,경상북도 성주군 성주읍,경상사고,0,0,1,0,차대차 - 기타,안전운전불이행,건조,맑음,기타 - 기타,승용,남,50세,상해없음,자전거,남,10세,경상
2015032900100238,2015년 3월 29일 14시,일요일,경상북도 포항시 남구 오천읍,중상사고,0,1,0,0,차대사람 - 기타,안전운전불이행,건조,맑음,단일로 - 기타,화물,남,59세,상해없음,보행자,남,8세,중상
2015032900100280,2015년 3월 29일 15시,일요일,경상북도 포항시 북구 장성동,경상사고,0,0,1,0,차대차 - 기타,안전운전불이행,건조,맑음,교차로 - 교차로부근,원동기,남,20세,경상,승용,남,60세,상해없음
2015032900100315,2015년 3월 29일 16시,일요일,경상북도 울진군 후포면,경상사고,0,0,2,0,차대차 - 기타,중앙선침범,건조,맑음,단일로 - 기타,화물,남,66세,상해없음,승용,남,47세,경상
2015032900100352,2015년 3월 29일 17시,일요일,경상북도 경주시 광명동,경상사고,0,0,1,0,차대차 - 기타,안전운전불이행,건조,맑음,단일로 - 기타,승용,남,56세,상해없음,승용,남,55세,상해없음
2015032900100353,2015년 3월 29일 17시,일요일,경상북도 경주시 동천동,중상사고,0,1,3,0,차대차 - 기타,안전운전불이행,건조,맑음,교차로 - 교차로안,승용,남,54세,상해없음,승용,여,34세,경상
2015032900100354,2015년 3월 29일 17시,일요일,경상북도 구미시 오태동,경상사고,0,0,1,0,차대차 - 기타,안전운전불이행,건조,맑음,교차로 - 교차로부근,승용,여,50세,상해없음,승용,남,41세,상해없음
2015032900100378,2015년 3월 29일 18시,일요일,경상북도 칠곡군 북삼읍,부상신고사고,0,0,0,1,차대차 - 기타,안전운전불이행,건조,맑음,교차로 - 교차로부근,이륜,남,19세,부상신고,승용,남,50세,상해없음
2015032900100379,2015년 3월 29일 18시,일요일,경상북도 구미시 신평동,경상사고,0,0,2,0,차대차 - 측면직각충돌,신호위반,건조,맑음,교차로 - 교차로안,승용,여,41세,상해없음,화물,남,22세,경상
2015032900100404,2015년 3월 29일 19시,일요일,경상북도 경주시 양남면,중상사고,0,1,0,0,차대사람 - 기타,안전운전불이행,건조,맑음,단일로 - 기타,승용,남,38세,상해없음,보행자,여,76세,중상
2015032900100405,2015년 3월 29일 19시,일요일,경상북도 포항시 북구 죽장면,경상사고,0,0,1,0,차대사람 - 기타,안전운전불이행,건조,맑음,단일로 - 기타,승용,남,33세,상해없음,보행자,여,67세,경상
2015032900100406,2015년 3월 29일 19시,일요일,경상북도 군위군 군위읍,중상사고,0,1,1,0,차대차 - 측면직각충돌,직진우회전진행방해,건조,맑음,교차로 - 교차로안,화물,남,38세,상해없음,승용,남,49세,경상
2015032900100407,2015년 3월 29일 19시,일요일,경상북도 구미시 임은동,경상사고,0,0,1,0,차대차 - 기타,직진우회전진행방해,건조,맑음,교차로 - 교차로안,승용,여,38세,상해없음,자전거,남,14세,경상
2015032900100434,2015년 3월 29일 20시,일요일,경상북도 포항시 북구 흥해읍,중상사고,0,1,0,0,차대사람 - 기타,안전운전불이행,건조,맑음,교차로 - 교차로부근,승용,남,66세,상해없음,보행자,남,60세,중상
2015032900100435,2015년 3월 29일 20시,일요일,경상북도 영주시 문정동,경상사고,0,0,1,0,차대차 - 추돌 - 진행중,안전운전불이행,건조,맑음,단일로 - 기타,화물,남,47세,상해없음,농기계,남,64세,경상
2015032900100436,2015년 3월 29일 20시,일요일,경상북도 포항시 남구 오천읍,경상사고,0,0,1,0,차대사람 - 길가장자리구역통행중,안전운전불이행,건조,맑음,단일로 - 기타,승용,남,55세,상해없음,보행자,남,41세,경상
2015032900100474,2015년 3월 29일 22시,일요일,경상북도 김천시 농소면,경상사고,0,0,1,0,차대사람 - 차도통행중,안전운전불이행,건조,맑음,단일로 - 기타,승용,남,53세,상해없음,보행자,남,44세,경상
2015032900100475,2015년 3월 29일 22시,일요일,경상북도 의성군 금성면,사망사고,1,0,0,0,차대사람 - 기타,과속,건조,맑음,단일로 - 기타,승용,남,45세,상해없음,보행자,남,44세,사망
2015032900100491,2015년 3월 29일 23시,일요일,경상북도 포항시 북구 학산동,중상사고,0,2,2,0,차대차 - 측면직각충돌,안전운전불이행,건조,맑음,교차로 - 교차로부근,승용,남,33세,중상,승용,남,50세,경상
2015032900100492,2015년 3월 29일 23시,일요일,경상북도 안동시 태화동,중상사고,0,1,0,0,차대사람 - 기타,안전운전불이행,건조,맑음,단일로 - 기타,승용,남,60세,상해없음,보행자,여,18세,중상
2015033000100007,2015년 3월 30일 00시,월요일,경상북도 구미시 남통동,경상사고,0,0,1,0,차대사람 - 길가장자리구역통행중,안전운전불이행,건조,맑음,단일로 - 기타,승용,남,19세,기타불명,보행자,남,47세,경상
2015033000100014,2015년 3월 30일 01시,월요일,경상북도 안동시 옥동,경상사고,0,0,1,0,차대사람 - 기타,안전운전불이행,건조,맑음,단일로 - 기타,승용,남,32세,상해없음,보행자,남,44세,경상
2015033000100035,2015년 3월 30일 05시,월요일,경상북도 영덕군 영해면,중상사고,0,1,0,0,차대사람 - 기타,안전운전불이행,건조,맑음,단일로 - 기타,화물,남,62세,상해없음,보행자,여,84세,중상
2015033000100036,2015년 3월 30일 05시,월요일,경상북도 구미시 봉곡동,경상사고,0,0,1,0,차대차 - 기타,안전거리미확보,건조,기타,단일로 - 기타,승용,남,42세,상해없음,승용,남,31세,경상