사고번호,사고일시,요일,시군구,사고내용,사망자수,중상자수,경상자수,부상신고자수,사고유형,법규위반,노면상태,기상상태,도로형태,가해운전자 차종,가해운전자 성별,가해운전자 연령,가해운전자 상해정도,피해운전자 차종,피해운전자 성별,피해운전자 연령,피해운전자 상해정도
2015040400100351,2015년 4월 4일 14시,토요일,경상북도 구미시 원평동,중상사고,0,1,0,0,차대차 - 기타,안전운전불이행,건조,흐림,교차로 - 교차로부근,승용,남,29세,상해없음,승용,남,62세,중상
2015040400100387,2015년 4월 4일 15시,토요일,경상북도 칠곡군 북삼읍,중상사고,0,1,0,0,차대차 - 측면직각충돌,직진우회전진행방해,습기,비,교차로 - 교차로안,화물,남,27세,상해없음,승합,여,57세,중상
2015040400100388,2015년 4월 4일 15시,토요일,경상북도 영덕군 강구면,경상사고,0,0,1,0,차대사람 - 기타,안전운전불이행,습기,비,단일로 - 기타,승용,남,45세,상해없음,보행자,남,22세,경상
2015040400100422,2015년 4월 4일 16시,토요일,경상북도 영천시 화산면,중상사고,0,1,1,0,차대차 - 정면충돌,중앙선침범,습기,맑음,단일로 - 기타,승용,여,44세,상해없음,승용,여,61세,중상
2015040400100423,2015년 4월 4일 16시,토요일,경상북도 구미시 원평동,경상사고,0,0,1,0,차대차 - 기타,중앙선침범,습기,비,교차로 - 교차로부근,승용,남,54세,상해없음,승용,남,22세,경상
2015040400100424,2015년 4월 4일 16시,토요일,경상북도 포항시 남구 오천읍,중상사고,0,1,0,0,차대차 - 기타,안전운전불이행,건조,맑음,단일로 - 기타,화물,남,55세,상해없음,승용,남,39세,중상
2015040400100462,2015년 4월 4일 17시,토요일,경상북도 경주시 안강읍,경상사고,0,0,1,0,차대차 - 기타,안전운전불이행,습기,비,교차로 - 교차로안,승용,여,52세,상해없음,자전거,여,74세,경상
2015040400100463,2015년 4월 4일 17시,토요일,경상북도 영천시 임고면,경상사고,0,0,1,0,차대차 - 측면직각충돌,중앙선침범,습기,맑음,단일로 - 기타,화물,여,48세,상해없음,승용,남,49세,경상
2015040400100464,2015년 4월 4일 17시,토요일,경상북도 예천군 예천읍,중상사고,0,1,0,0,차대사람 - 길가장자리구역통행중,안전운전불이행,습기,비,단일로 - 기타,화물,남,49세,상해없음,보행자,남,29세,중상
2015040400100465,2015년 4월 4일 17시,토요일,경상북도 포항시 남구 해도동,경상사고,0,0,1,0,차대차 - 추돌 - 진행중,안전운전불이행,습기,비,단일로 - 기타,화물,남,55세,상해없음,승합,남,42세,경상
2015040400100502,2015년 4월 4일 18시,토요일,경상북도 김천시 황금동,경상사고,0,0,1,0,차대차 - 측면직각충돌,안전운전불이행,습기,비,단일로 - 기타,승용,여,34세,기타불명,이륜,남,17세,경상
2015040400100503,2015년 4월 4일 18시,토요일,경상북도 칠곡군 왜관읍,경상사고,0,0,2,0,차대차 - 추돌 - 주정차중,안전운전불이행,습기,비,교차로 - 교차로부근,승용,남,57세,상해없음,승용,여,20세,경상
2015040400100504,2015년 4월 4일 18시,토요일,경상북도 경산시 사정동,경상사고,0,0,1,0,차대차 - 추돌 - 주정차중,안전운전불이행,습기,비,교차로 - 교차로부근,이륜,남,17세,경상,화물,남,66세,상해없음
2015040400100505,2015년 4월 4일 18시,토요일,경상북도 구미시 임은동,경상사고,0,0,1,0,차대사람 - 기타,안전운전불이행,습기,비,교차로 - 교차로안,화물,남,60세,상해없음,보행자,남,15세,경상
2015040400100546,2015년 4월 4일 19시,토요일,경상북도 경주시 안강읍,중상사고,0,1,0,0,차량단독 - 공작물충돌,안전운전불이행,건조,맑음,단일로 - 기타,이륜,남,75세,중상,,,,
2015040400100547,2015년 4월 4일 19시,토요일,경상북도 포항시 북구 장성동,경상사고,0,0,1,0,차대차 - 기타,중앙선침범,습기,비,교차로 - 교차로부근,승용,남,61세,상해없음,원동기,남,19세,경상
2015040400100548,2015년 4월 4일 19시,토요일,경상북도 포항시 북구 환호동,중상사고,0,1,0,0,차대차 - 기타,안전운전불이행,건조,맑음,단일로 - 기타,승용,남,36세,상해없음,원동기,남,38세,중상
2015040400100549,2015년 4월 4일 19시,토요일,경상북도 영주시 가흥동,경상사고,0,0,2,0,차대차 - 측면직각충돌,안전운전불이행,습기,비,교차로 - 교차로안,승용,여,38세,상해없음,승용,여,68세,경상
2015040400100550,2015년 4월 4일 19시,토요일,경상북도 구미시 봉곡동,경상사고,0,0,3,0,차대차 - 측면직각충돌,신호위반,습기,비,교차로 - 교차로안,승용,남,35세,상해없음,승용,남,43세,경상
2015040400100604,2015년 4월 4일 20시,토요일,경상북도 포항시 북구 죽도동,중상사고,0,1,2,1,차대차 - 기타,안전운전불이행,습기,비,교차로 - 교차로부근,승용,여,48세,상해없음,승용,여,48세,중상
2015040400100648,2015년 4월 4일 21시,토요일,경상북도 포항시 북구 양덕동,중상사고,0,1,0,0,차대사람 - 기타,안전운전불이행,습기,맑음,단일로 - 기타,승용,여,53세,상해없음,보행자,여,47세,중상
2015040400100649,2015년 4월 4일 21시,토요일,경상북도 안동시 태화동,경상사고,0,0,1,0,차대차 - 정면충돌,중앙선침범,습기,비,교차로 - 교차로부근,승용,남,40세,상해없음,승용,여,63세,경상
2015040400100650,2015년 4월 4일 21시,토요일,경상북도 봉화군 명호면,중상사고,0,2,0,0,차대차 - 정면충돌,중앙선침범,습기,비,단일로 - 기타,승용,남,82세,상해없음,화물,여,47세,중상
2015040400100691,2015년 4월 4일 22시,토요일,경상북도 포항시 북구 장성동,경상사고,0,0,1,0,차대차 - 기타,안전운전불이행,습기,비,단일로 - 기타,승용,남,47세,상해없음,승용,여,31세,상해없음
2015040400100721,2015년 4월 4일 23시,토요일,경상북도 포항시 북구 대흥동,경상사고,0,0,2,0,차대사람 - 차도통행중,안전운전불이행,습기,비,교차로 - 교차로부근,승용,남,56세,상해없음,보행자,남,43세,경상
2015040500100020,2015년 4월 5일 00시,일요일,경상북도 김천시 신음동,중상사고,0,1,5,0,차대차 - 측면직각충돌,안전운전불이행,습기,비,단일로 - 기타,화물,남,29세,상해없음,승용,여,24세,중상
2015040500100042,2015년 4월 5일 01시,일요일,경상북도 포항시 북구 죽도동,경상사고,0,0,1,0,차대차 - 기타,안전운전불이행,습기,비,단일로 - 기타,승용,남,36세,상해없음,승용,남,59세,경상
2015040500100064,2015년 4월 5일 02시,일요일,경상북도 포항시 북구 득량동,경상사고,0,0,1,0,차대차 - 기타,안전운전불이행,습기,비,교차로 - 교차로부근,승용,여,43세,상해없음,승용,남,33세,상해없음
2015040500100109,2015년 4월 5일 05시,일요일,경상북도 구미시 공단동,중상사고,0,1,0,0,차량단독 - 기타,안전운전불이행,습기,비,교차로 - 교차로안,승용,남,39세,중상,,,,
2015040500100139,2015년 4월 5일 07시,일요일,경상북도 경산시 대정동,경상사고,0,0,1,0,차대차 - 기타,중앙선침범,습기,흐림,단일로 - 기타,승용,남,39세,상해없음,승합,남,40세,경상
2015040500100140,2015년 4월 5일 07시,일요일,경상북도 경산시 하양읍,경상사고,0,0,1,0,차대사람 - 기타,안전운전불이행,건조,맑음,단일로 - 기타,기타불명,기타불명,기타불명,기타불명,보행자,남,47세,경상
2015040500100152,2015년 4월 5일 08시,일요일,경상북도 영천시 망정동,중상사고,0,1,0,0,차대차 - 측면직각충돌,교차로운행방법위반,습기,비,교차로 - 교차로안,승용,남,26세,상해없음,자전거,남,68세,중상
2015040500100153,2015년 4월 5일 08시,일요일,경상북도 포항시 남구 오천읍,경상사고,0,0,2,0,차대차 - 측면직각충돌,교차로운행방법위반,습기,비,교차로 - 교차로안,화물,남,73세,상해없음,승용,여,26세,경상
2015040500100187,2015년 4월 5일 10시,일요일,경상북도 칠곡군 왜관읍,경상사고,0,0,3,0,차대차 - 기타,안전운전불이행,건조,맑음,단일로 - 기타,특수,남,46세,상해없음,승용,남,26세,경상
2015040500100197,2015년 4월 5일 11시,일요일,경상북도 봉화군 재산면,중상사고,0,1,0,0,차량단독 - 전도전복,안전운전불이행,건조,맑음,단일로 - 기타,원동기,남,71세,중상,,,,
2015040500100210,2015년 4월 5일 12시,일요일,경상북도 안동시 송현동,중상사고,0,2,1,0,차대차 - 기타,안전운전불이행,건조,맑음,교차로 - 교차로안,화물,남,64세,상해없음,승용,남,32세,중상
2015040500100211,2015년 4월 5일 12시,일요일,경상북도 김천시 평화동,경상사고,0,0,1,0,차대차 - 측면직각충돌,안전운전불이행,건조,맑음,단일로 - 기타,승용,남,40세,상해없음,승용,남,40세,경상
2015040500100212,2015년 4월 5일 12시,일요일,경상북도 울진군 근남면,경상사고,0,0,2,0,차대차 - 추돌 - 진행중,안전운전불이행,건조,맑음,교차로 - 교차로부근,승용,여,47세,상해없음,승용,남,48세,경상
2015040500100232,2015년 4월 5일 13시,일요일,경상북도 포항시 북구 양덕동,경상사고,0,0,1,0,차대차 - 기타,안전운전불이행,건조,맑음,교차로 - 교차로부근,승용,남,46세,상해없음,승용,남,47세,경상
2015040500100233,2015년 4월 5일 13시,일요일,경상북도 상주시 서성동,경상사고,0,0,1,0,차대차 - 추돌 - 진행중,안전운전불이행,습기,흐림,기타 - 기타,승용,여,61세,상해없음,자전거,남,53세,경상
2015040500100234,2015년 4월 5일 13시,일요일,경상북도 포항시 남구 이동,경상사고,0,0,1,0,차대사람 - 차도통행중,안전운전불이행,건조,흐림,단일로 - 기타,승용,남,29세,상해없음,보행자,남,17세,경상
2015040500100263,2015년 4월 5일 14시,일요일,경상북도 포항시 북구 장성동,경상사고,0,0,1,0,차대차 - 기타,안전운전불이행,건조,맑음,단일로 - 기타,원동기,남,18세,경상,승용,여,59세,상해없음
2015040500100264,2015년 4월 5일 14시,일요일,경상북도 포항시 북구 흥해읍,경상사고,0,0,1,0,차대차 - 기타,신호위반,건조,맑음,교차로 - 교차로안,승용,남,53세,상해없음,승용,남,38세,경상
2015040500100265,2015년 4월 5일 14시,일요일,경상북도 김천시 부곡동,중상사고,0,1,0,0,차대차 - 측면직각충돌,안전운전불이행,습기,비,단일로 - 기타,승용,여,41세,상해없음,자전거,여,36세,중상
2015040500100266,2015년 4월 5일 14시,일요일,경상북도 의성군 안계면,경상사고,0,0,2,0,차대차 - 측면직각충돌,신호위반,건조,맑음,교차로 - 교차로안,승용,남,54세,상해없음,승용,남,39세,경상
2015040500100267,2015년 4월 5일 14시,일요일,경상북도 포항시 남구 상도동,경상사고,0,0,1,0,차대사람 - 횡단중,안전운전불이행,습기,흐림,단일로 - 횡단보도상,승합,여,45세,상해없음,보행자,남,16세,경상
2015040500100354,2015년 4월 5일 17시,일요일,경상북도 칠곡군 약목면,중상사고,0,2,0,0,차대차 - 기타,안전운전불이행,건조,맑음,단일로 - 기타,화물,남,71세,상해없음,승용,남,50세,중상
2015040500100355,2015년 4월 5일 17시,일요일,경상북도 문경시 흥덕동,경상사고,0,0,3,0,차대차 - 측면직각충돌,안전운전불이행,건조,맑음,교차로 - 교차로안,화물,남,68세,경상,화물,남,61세,경상
2015040500100356,2015년 4월 5일 17시,일요일,경상북도 구미시 산동면,중상사고,0,5,0,0,차대차 - 기타,교차로운행방법위반,건조,맑음,교차로 - 교차로안,승용,남,28세,상해없음,승합,남,46세,중상
2015040500100357,2015년 4월 5일 17시,일요일,경상북도 포항시 남구 오천읍,경상사고,0,0,2,0,차대차 - 측면직각충돌,직진우회전진행방해,건조,맑음,교차로 - 교차로안,원동기,남,55세,기타불명,승용,남,65세,경상
2015040500100386,2015년 4월 5일 18시,일요일,경상북도 경주시 광명동,경상사고,0,0,1,0,차대차 - 기타,안전운전불이행,건조,맑음,단일로 - 기타,원동기,여,54세,경상,승용,남,67세,상해없음
2015040500100387,2015년 4월 5일 18시,일요일,경상북도 구미시 원평동,부상신고사고,0,0,0,1,차대차 - 기타,중앙선침범,건조,맑음,단일로 - 기타,이륜,남,49세,부상신고,승용,남,43세,기타불명
2015040500100388,2015년 4월 5일 18시,일요일,경상북도 포항시 남구 호미곶면,중상사고,0,1,0,0,차대사람 - 횡단중,안전운전불이행,건조,맑음,단일로 - 기타,승용,여,31세,상해없음,보행자,여,10세,중상
2015040500100462,2015년 4월 5일 20시,일요일,경상북도 영주시 영주동,경상사고,0,0,1,0,차대차 - 측면직각충돌,안전운전불이행,습기,비,단일로 - 기타,승용,남,47세,상해없음,원동기,남,17세,경상
2015040500100463,2015년 4월 5일 20시,일요일,경상북도 칠곡군 왜관읍,경상사고,0,0,2,0,차대차 - 추돌 - 진행중,중앙선침범,습기,비,단일로 - 교량,승용,남,38세,상해없음,승용,남,30세,상해없음
2015040500100464,2015년 4월 5일 20시,일요일,경상북도 경산시 옥산동,경상사고,0,0,1,0,차대사람 - 기타,안전운전불이행,습기,비,교차로 - 교차로안,승용,남,26세,상해없음,보행자,남,41세,경상
2015040500100497,2015년 4월 5일 21시,일요일,경상북도 영주시 하망동,경상사고,0,0,1,0,차대사람 - 횡단중,보행자보호의무위반,건조,맑음,교차로 - 교차로안,승용,여,60세,상해없음,보행자,여,20세,경상
2015040500100498,2015년 4월 5일 21시,일요일,경상북도 성주군 성주읍,중상사고,0,1,0,0,차량단독 - 기타,안전운전불이행,결빙,비,기타 - 기타,승용,남,49세,상해없음,,,,
2015040500100499,2015년 4월 5일 21시,일요일,경상북도 구미시 광평동,경상사고,0,0,1,0,차대차 - 추돌 - 주정차중,안전운전불이행,습기,비,교차로 - 교차로부근,승용,남,55세,상해없음,승용,남,44세,경상
2015040500100500,2015년 4월 5일 21시,일요일,경상북도 포항시 남구 해도동,중상사고,0,1,0,0,차대사람 - 기타,안전운전불이행,건조,맑음,단일로 - 횡단보도부근,승용,여,57세,상해없음,보행자,남,62세,중상
2015040500100525,2015년 4월 5일 22시,일요일,경상북도 영주시 휴천동,경상사고,0,0,1,0,차대사람 - 횡단중,보행자보호의무위반,건조,맑음,단일로 - 횡단보도상,승용,남,35세,상해없음,보행자,남,57세,경상
2015040500100544,2015년 4월 5일 23시,일요일,경상북도 안동시 용상동,경상사고,0,0,1,0,차대차 - 기타,안전운전불이행,습기,비,단일로 - 기타,승용,남,59세,상해없음,승용,남,40세,경상
2015040600100010,2015년 4월 6일 00시,월요일,경상북도 영천시 야사동,경상사고,0,0,1,0,차대사람 - 차도통행중,안전운전불이행,건조,맑음,교차로 - 교차로안,승용,남,25세,상해없음,보행자,남,17세,경상
2015040600100024,2015년 4월 6일 01시,월요일,경상북도 경주시 천북면,중상사고,0,1,0,0,차대차 - 정면충돌,중앙선침범,습기,비,단일로 - 기타,승용,남,62세,상해없음,승용,여,35세,중상
2015040600100037,2015년 4월 6일 03시,월요일,경상북도 포항시 북구 항구동,중상사고,0,1,1,0,차대차 - 기타,신호위반,습기,비,교차로 - 교차로안,승용,여,23세,상해없음,승용,여,58세,중상
2015040600100038,2015년 4월 6일 03시,월요일,경상북도 구미시 사곡동,경상사고,0,0,2,0,차대차 - 기타,교차로운행방법위반,습기,비,교차로 - 교차로부근,승용,남,27세,상해없음,승용,남,19세,상해없음
2015040600100061,2015년 4월 6일 05시,월요일,경상북도 상주시 냉림동,중상사고,0,1,0,0,차대사람 - 기타,안전운전불이행,습기,흐림,단일로 - 횡단보도상,승합,남,51세,상해없음,보행자,남,68세,중상
2015040600100062,2015년 4월 6일 05시,월요일,경상북도 경산시 계양동,경상사고,0,0,1,0,차대차 - 기타,안전운전불이행,건조,맑음,단일로 - 횡단보도상,승용,남,71세,상해없음,자전거,남,70세,경상
2015040600100094,2015년 4월 6일 07시,월요일,경상북도 칠곡군 왜관읍,중상사고,0,2,2,0,차대차 - 기타,신호위반,습기,비,교차로 - 교차로안,승용,남,59세,상해없음,승용,남,35세,중상
2015040600100095,2015년 4월 6일 07시,월요일,경상북도 문경시 모전동,경상사고,0,0,1,0,차대차 - 기타,안전운전불이행,건조,맑음,교차로 - 교차로안,승용,남,56세,상해없음,승용,여,54세,경상
2015040600100133,2015년 4월 6일 08시,월요일,경상북도 경주시 양남면,경상사고,0,0,3,0,차대차 - 기타,중앙선침범,습기,비,단일로 - 기타,화물,여,61세,상해없음,화물,남,63세,경상
2015040600100134,2015년 4월 6일 08시,월요일,경상북도 경주시 외동읍,중상사고,0,1,0,0,차대차 - 기타,중앙선침범,습기,비,단일로 - 기타,화물,남,51세,상해없음,승용,여,53세,중상
2015040600100135,2015년 4월 6일 08시,월요일,경상북도 포항시 북구 장성동,중상사고,0,1,0,0,차대차 - 기타,안전운전불이행,습기,비,교차로 - 교차로안,승용,여,42세,상해없음,승용,남,28세,중상
2015040600100136,2015년 4월 6일 08시,월요일,경상북도 영주시 가흥동,경상사고,0,0,2,0,차대차 - 측면직각충돌,교차로운행방법위반,건조,맑음,교차로 - 교차로안,승용,여,35세,상해없음,화물,남,78세,상해없음
2015040600100176,2015년 4월 6일 09시,월요일,경상북도 구미시 사곡동,경상사고,0,0,1,0,차대차 - 기타,안전운전불이행,습기,비,교차로 - 교차로부근,승용,남,61세,상해없음,승용,여,53세,경상
2015040600100241,2015년 4월 6일 11시,월요일,경상북도 경주시 노동동,중상사고,0,1,0,0,차대사람 - 보도통행중,보행자보호의무위반,습기,비,교차로 - 교차로안,화물,남,61세,상해없음,보행자,여,34세,중상
2015040600100242,2015년 4월 6일 11시,월요일,경상북도 안동시 와룡면,경상사고,0,0,1,0,차량단독 - 전도전복,안전운전불이행,건조,맑음,단일로 - 교량,이륜,남,56세,경상,,,,
2015040600100243,2015년 4월 6일 11시,월요일,경상북도 칠곡군 북삼읍,경상사고,0,0,2,0,차대차 - 측면직각충돌,신호위반,습기,비,교차로 - 교차로안,이륜,남,80세,경상,화물,남,54세,상해없음
2015040600100244,2015년 4월 6일 11시,월요일,경상북도 성주군 성주읍,경상사고,0,0,1,0,차대차 - 추돌 - 진행중,안전거리미확보,습기,흐림,기타 - 기타,화물,남,64세,상해없음,승용,남,59세,상해없음
2015040600100272,2015년 4월 6일 12시,월요일,경상북도 영양군 영양읍,경상사고,0,0,1,0,차대차 - 측면직각충돌,안전운전불이행,습기,비,단일로 - 기타,화물,남,27세,상해없음,자전거,여,76세,경상
2015040600100306,2015년 4월 6일 13시,월요일,경상북도 의성군 점곡면,중상사고,0,1,0,0,차량단독 - 전도전복,안전운전불이행,습기,비,단일로 - 기타,원동기,남,85세,중상,,,,
2015040600100307,2015년 4월 6일 13시,월요일,경상북도 성주군 수륜면,사망사고,1,2,0,0,차대차 - 정면충돌,중앙선침범,습기,비,기타 - 기타,화물,남,74세,중상,화물,남,67세,사망
2015040600100339,2015년 4월 6일 14시,월요일,경상북도 경주시 성동동,경상사고,0,0,2,0,차대차 - 기타,안전운전불이행,건조,맑음,교차로 - 교차로안,이륜,남,54세,경상,승용,남,27세,경상
2015040600100340,2015년 4월 6일 14시,월요일,경상북도 칠곡군 석적읍,중상사고,0,1,0,0,차대차 - 추돌 - 진행중,안전운전불이행,건조,맑음,단일로 - 기타,화물,남,47세,중상,화물,남,50세,상해없음
2015040600100420,2015년 4월 6일 16시,월요일,경상북도 경주시 사정동,경상사고,0,0,1,0,차대차 - 기타,안전운전불이행,건조,흐림,단일로 - 기타,승용,남,70세,상해없음,승용,여,25세,경상
2015040600100421,2015년 4월 6일 16시,월요일,경상북도 포항시 북구 흥해읍,부상신고사고,0,0,0,1,차대차 - 기타,안전운전불이행,건조,흐림,교차로 - 교차로부근,건설기계,남,50세,상해없음,승용,여,46세,부상신고
2015040600100422,2015년 4월 6일 16시,월요일,경상북도 예천군 예천읍,경상사고,0,0,1,0,차대차 - 측면직각충돌,안전운전불이행,건조,맑음,단일로 - 기타,화물,남,53세,상해없음,승용,남,41세,경상
2015040600100423,2015년 4월 6일 16시,월요일,경상북도 구미시 공단동,중상사고,0,1,4,1,차대차 - 추돌 - 진행중,안전운전불이행,습기,비,단일로 - 기타,승용,남,23세,중상,승합,남,44세,경상
2015040600100460,2015년 4월 6일 17시,월요일,경상북도 문경시 산양면,중상사고,0,1,1,0,차대차 - 정면충돌,중앙선침범,건조,맑음,단일로 - 기타,승용,여,26세,경상,화물,남,23세,중상
2015040600100461,2015년 4월 6일 17시,월요일,경상북도 경산시 백천동,경상사고,0,0,1,0,차대차 - 기타,안전운전불이행,습기,비,교차로 - 교차로안,화물,남,57세,상해없음,승합,남,52세,경상
2015040600100462,2015년 4월 6일 17시,월요일,경상북도 성주군 대가면,경상사고,0,0,2,0,차대차 - 측면직각충돌,교차로운행방법위반,습기,흐림,교차로 - 교차로안,승용,남,34세,상해없음,승용,남,49세,상해없음
2015040600100492,2015년 4월 6일 18시,월요일,경상북도 포항시 북구 대신동,경상사고,0,0,2,0,차대차 - 기타,직진우회전진행방해,건조,맑음,교차로 - 교차로안,승용,여,56세,상해없음,화물,남,60세,경상
2015040600100521,2015년 4월 6일 19시,월요일,경상북도 경주시 용강동,경상사고,0,0,1,0,차대사람 - 길가장자리구역통행중,안전운전불이행,건조,맑음,단일로 - 기타,승용,여,61세,상해없음,보행자,남,66세,경상
2015040600100522,2015년 4월 6일 19시,월요일,경상북도 의성군 의성읍,경상사고,0,0,2,0,차대차 - 측면직각충돌,직진우회전진행방해,건조,흐림,교차로 - 교차로안,승용,남,55세,상해없음,화물,여,65세,경상
2015040600100523,2015년 4월 6일 19시,월요일,경상북도 경산시 중방동,중상사고,0,1,2,0,차대차 - 기타,안전거리미확보,습기,흐림,단일로 - 기타,이륜,남,20세,경상,승용,남,23세,중상
2015040600100524,2015년 4월 6일 19시,월요일,경상북도 구미시 도량동,중상사고,0,1,0,0,차대차 - 추돌 - 진행중,안전운전불이행,건조,맑음,단일로 - 기타,승용,남,50세,상해없음,승용,여,44세,중상
2015040600100562,2015년 4월 6일 20시,월요일,경상북도 안동시 송현동,경상사고,0,0,1,0,차대차 - 기타,안전운전불이행,건조,맑음,단일로 - 기타,화물,남,53세,상해없음,이륜,남,36세,경상
2015040600100563,2015년 4월 6일 20시,월요일,경상북도 안동시 용상동,중상사고,0,1,0,0,차대차 - 기타,안전운전불이행,건조,맑음,교차로 - 교차로부근,승용,남,35세,상해없음,승용,남,24세,중상
2015040600100564,2015년 4월 6일 20시,월요일,경상북도 경산시 삼풍동,경상사고,0,0,1,0,차대차 - 기타,안전운전불이행,습기,흐림,교차로 - 교차로안,승용,남,43세,상해없음,이륜,남,24세,경상
2015040600100565,2015년 4월 6일 20시,월요일,경상북도 구미시 인의동,경상사고,0,0,1,0,차대차 - 측면직각충돌,신호위반,건조,맑음,교차로 - 교차로안,이륜,남,20세,상해없음,이륜,남,21세,경상
2015040600100597,2015년 4월 6일 21시,월요일,경상북도 김천시 평화동,경상사고,0,0,2,0,차대차 - 측면직각충돌,중앙선침범,습기,맑음,단일로 - 기타,승용,남,52세,상해없음,이륜,남,33세,경상
2015040600100598,2015년 4월 6일 21시,월요일,경상북도 영주시 영주동,경상사고,0,0,2,0,차대차 - 측면직각충돌,신호위반,건조,맑음,교차로 - 교차로안,승용,남,32세,상해없음,승용,남,21세,경상
2015040600100599,2015년 4월 6일 21시,월요일,경상북도 포항시 남구 오천읍,중상사고,0,1,0,0,차대차 - 추돌 - 주정차중,안전운전불이행,습기,비,교차로 - 교차로부근,승용,남,46세,상해없음,승용,남,35세,중상
2015040600100637,2015년 4월 6일 22시,월요일,경상북도 영천시 화북면,경상사고,0,0,3,0,차량단독 - 공작물충돌,안전운전불이행,건조,맑음,단일로 - 기타,승용,여,50세,경상,,,,
2015040600100638,2015년 4월 6일 22시,월요일,경상북도 경산시 대동,경상사고,0,0,1,0,차대사람 - 기타,안전운전불이행,건조,흐림,단일로 - 기타,승용,여,23세,상해없음,보행자,여,18세,경상
2015040600100639,2015년 4월 6일 22시,월요일,경상북도 구미시 진평동,경상사고,0,0,1,0,차대차 - 측면직각충돌,직진우회전진행방해,건조,맑음,교차로 - 교차로안,승용,남,49세,상해없음,승용,남,56세,상해없음
2015040700100040,2015년 4월 7일 02시,화요일,경상북도 포항시 북구 양덕동,경상사고,0,0,1,0,차대차 - 기타,안전운전불이행,습기,비,단일로 - 기타,승용,여,39세,상해없음,승용,남,56세,경상
2015040700100066,2015년 4월 7일 05시,화요일,경상북도 군위군 군위읍,중상사고,0,1,0,0,차량단독 - 도로외이탈 - 추락,안전운전불이행,건조,흐림,단일로 - 기타,승용,여,60세,중상,,,,
2015040700100094,2015년 4월 7일 07시,화요일,경상북도 구미시 도량동,경상사고,0,0,1,0,차대차 - 기타,안전운전불이행,습기,비,단일로 - 기타,승합,여,53세,상해없음,자전거,남,16세,경상
2015040700100136,2015년 4월 7일 08시,화요일,경상북도 칠곡군 지천면,중상사고,0,1,0,0,차량단독 - 도로외이탈 - 기타,안전운전불이행,건조,맑음,단일로 - 기타,승용,남,19세,중상,,,,
2015040700100172,2015년 4월 7일 09시,화요일,경상북도 경주시 내남면,중상사고,0,1,0,0,차대차 - 기타,안전운전불이행,건조,맑음,단일로 - 기타,승용,남,64세,상해없음,농기계,남,73세,중상
2015040700100173,2015년 4월 7일 09시,화요일,경상북도 청송군 진보면,경상사고,0,0,1,0,차대차 - 정면충돌,중앙선침범,건조,맑음,단일로 - 기타,승용,남,63세,상해없음,승용,여,49세,경상
2015040700100205,2015년 4월 7일 10시,화요일,경상북도 김천시 남산동,중상사고,0,1,0,0,차대사람 - 횡단중,신호위반,건조,맑음,단일로 - 횡단보도상,화물,남,78세,상해없음,보행자,여,84세,중상
2015040700100206,2015년 4월 7일 10시,화요일,경상북도 영주시 영주동,중상사고,0,1,0,0,차대사람 - 횡단중,안전운전불이행,건조,맑음,단일로 - 기타,화물,남,55세,상해없음,보행자,남,80세,중상
2015040700100207,2015년 4월 7일 10시,화요일,경상북도 경산시 계양동,경상사고,0,0,2,0,차대차 - 기타,신호위반,건조,맑음,교차로 - 교차로안,승용,남,69세,상해없음,승용,여,39세,경상
2015040700100225,2015년 4월 7일 11시,화요일,경상북도 포항시 북구 두호동,경상사고,0,0,3,0,차대차 - 기타,직진우회전진행방해,건조,맑음,교차로 - 교차로부근,승용,남,46세,상해없음,승용,남,48세,경상
2015040700100226,2015년 4월 7일 11시,화요일,경상북도 경산시 진량읍,경상사고,0,0,2,0,차대차 - 기타,안전운전불이행,건조,맑음,교차로 - 교차로부근,승용,남,47세,상해없음,승용,여,50세,경상
2015040700100227,2015년 4월 7일 11시,화요일,경상북도 포항시 남구 연일읍,경상사고,0,0,2,0,차대차 - 측면직각충돌,안전운전불이행,건조,맑음,교차로 - 교차로부근,승용,남,54세,경상,승용,여,53세,경상
2015040700100255,2015년 4월 7일 12시,화요일,경상북도 영천시 도동,중상사고,0,1,0,0,차대차 - 추돌 - 진행중,과속,건조,맑음,단일로 - 기타,특수,남,32세,상해없음,원동기,남,70세,중상
2015040700100256,2015년 4월 7일 12시,화요일,경상북도 울진군 후포면,경상사고,0,0,1,0,차대차 - 기타,안전운전불이행,습기,비,단일로 - 기타,승용,남,68세,상해없음,화물,남,52세,경상
2015040700100375,2015년 4월 7일 16시,화요일,경상북도 구미시 형곡동,경상사고,0,0,2,0,차대차 - 기타,안전운전불이행,건조,맑음,교차로 - 교차로부근,승용,남,36세,상해없음,승용,여,29세,경상
2015040700100399,2015년 4월 7일 17시,화요일,경상북도 성주군 성주읍,중상사고,0,1,0,0,차대사람 - 기타,안전운전불이행,건조,맑음,기타 - 기타,기타불명,기타불명,기타불명,기타불명,보행자,여,25세,중상
2015040700100437,2015년 4월 7일 18시,화요일,경상북도 의성군 의성읍,중상사고,0,1,0,0,차대차 - 추돌 - 주정차중,안전운전불이행,건조,맑음,교차로 - 교차로부근,화물,남,50세,상해없음,승용,여,54세,중상
2015040700100438,2015년 4월 7일 18시,화요일,경상북도 포항시 남구 송내동,중상사고,0,1,1,0,차대차 - 기타,교차로운행방법위반,습기,맑음,교차로 - 교차로안,원동기,남,18세,경상,승용,남,50세,상해없음