사고번호,사고일시,요일,시군구,사고내용,사망자수,중상자수,경상자수,부상신고자수,사고유형,법규위반,노면상태,기상상태,도로형태,가해운전자 차종,가해운전자 성별,가해운전자 연령,가해운전자 상해정도,피해운전자 차종,피해운전자 성별,피해운전자 연령,피해운전자 상해정도
2015040700100467,2015년 4월 7일 19시,화요일,경상북도 구미시 송정동,경상사고,0,0,1,0,차대차 - 측면직각충돌,안전운전불이행,건조,맑음,단일로 - 기타,승용,여,40세,상해없음,자전거,남,12세,경상
2015040700100502,2015년 4월 7일 20시,화요일,경상북도 경주시 황성동,경상사고,0,0,1,0,차대사람 - 기타,안전운전불이행,건조,맑음,교차로 - 교차로안,승용,남,47세,상해없음,보행자,남,50세,경상
2015040700100503,2015년 4월 7일 20시,화요일,경상북도 영주시 하망동,중상사고,0,1,1,0,차대사람 - 횡단중,안전운전불이행,건조,맑음,교차로 - 교차로안,승용,여,27세,상해없음,보행자,남,50세,경상
2015040700100504,2015년 4월 7일 20시,화요일,경상북도 고령군 쌍림면,경상사고,0,0,3,0,차대차 - 측면직각충돌,차로위반,건조,맑음,단일로 - 기타,승용,남,46세,경상,승용,남,44세,경상
2015040700100505,2015년 4월 7일 20시,화요일,경상북도 포항시 남구 오천읍,중상사고,0,1,0,0,차대차 - 기타,중앙선침범,건조,맑음,단일로 - 기타,승용,남,42세,상해없음,원동기,남,19세,중상
2015040700100533,2015년 4월 7일 21시,화요일,경상북도 김천시 농소면,경상사고,0,0,1,0,차대차 - 측면직각충돌,신호위반,건조,맑음,교차로 - 교차로안,승용,남,34세,상해없음,화물,남,43세,경상
2015040700100560,2015년 4월 7일 22시,화요일,경상북도 경주시 충효동,중상사고,0,1,0,0,차대차 - 기타,안전운전불이행,습기,흐림,교차로 - 교차로안,승용,남,40세,상해없음,자전거,남,45세,중상
2015040700100561,2015년 4월 7일 22시,화요일,경상북도 안동시 옥동,중상사고,0,1,0,0,차대차 - 기타,안전운전불이행,건조,맑음,단일로 - 기타,승용,남,35세,상해없음,승용,남,32세,중상
2015040700100584,2015년 4월 7일 23시,화요일,경상북도 포항시 북구 학산동,경상사고,0,0,1,0,차대차 - 기타,신호위반,건조,맑음,교차로 - 교차로안,승용,여,25세,상해없음,승용,남,70세,경상
2015040700100585,2015년 4월 7일 23시,화요일,경상북도 경산시 진량읍,중상사고,0,1,0,0,차대차 - 측면직각충돌,안전운전불이행,건조,흐림,단일로 - 기타,기타불명,기타불명,기타불명,기타불명,승용,여,46세,중상
2015040800100015,2015년 4월 8일 00시,수요일,경상북도 포항시 북구 죽도동,경상사고,0,0,2,0,차대차 - 기타,차로위반,습기,비,교차로 - 교차로부근,승용,남,46세,상해없음,승합,남,26세,경상
2015040800100016,2015년 4월 8일 00시,수요일,경상북도 상주시 외서면,사망사고,1,0,1,0,차대차 - 정면충돌,중앙선침범,습기,비,단일로 - 기타,화물,남,56세,사망,화물,남,28세,경상
2015040800100017,2015년 4월 8일 00시,수요일,경상북도 칠곡군 석적읍,경상사고,0,0,1,0,차대차 - 추돌 - 주정차중,안전운전불이행,습기,흐림,교차로 - 교차로부근,승용,남,45세,상해없음,승용,남,40세,경상
2015040800100024,2015년 4월 8일 01시,수요일,경상북도 경주시 천북면,중상사고,0,1,0,0,차량단독 - 기타,안전운전불이행,건조,맑음,단일로 - 기타,승용,남,64세,중상,,,,
2015040800100025,2015년 4월 8일 01시,수요일,경상북도 경주시 강동면,경상사고,0,0,2,0,차대차 - 기타,안전거리미확보,습기,비,단일로 - 기타,승용,남,35세,경상,승용,남,60세,경상
2015040800100026,2015년 4월 8일 01시,수요일,경상북도 경산시 압량면,중상사고,0,2,0,0,차대차 - 기타,교차로운행방법위반,건조,맑음,교차로 - 교차로안,승용,남,18세,상해없음,이륜,여,21세,중상
2015040800100027,2015년 4월 8일 01시,수요일,경상북도 울진군 울진읍,중상사고,0,1,0,0,차대사람 - 기타,안전운전불이행,건조,맑음,기타 - 기타,승용,남,50세,상해없음,보행자,남,50세,중상
2015040800100049,2015년 4월 8일 03시,수요일,경상북도 상주시 가장동,부상신고사고,0,0,0,1,차량단독 - 공작물충돌,안전운전불이행,건조,맑음,단일로 - 기타,화물,남,39세,부상신고,,,,
2015040800100068,2015년 4월 8일 06시,수요일,경상북도 구미시 공단동,부상신고사고,0,0,0,1,차대차 - 측면직각충돌,교차로운행방법위반,건조,맑음,교차로 - 교차로안,승용,남,65세,상해없음,승용,남,39세,부상신고
2015040800100124,2015년 4월 8일 08시,수요일,경상북도 칠곡군 왜관읍,부상신고사고,0,0,0,1,차량단독 - 공작물충돌,안전운전불이행,건조,맑음,단일로 - 기타,화물,남,30세,부상신고,,,,
2015040800100125,2015년 4월 8일 08시,수요일,경상북도 구미시 공단동,중상사고,0,1,0,0,차대사람 - 기타,안전운전불이행,습기,비,단일로 - 기타,화물,남,45세,상해없음,보행자,여,28세,중상
2015040800100155,2015년 4월 8일 09시,수요일,경상북도 경주시 인왕동,중상사고,0,2,0,0,차량단독 - 공작물충돌,안전운전불이행,건조,맑음,단일로 - 기타,승용,남,69세,중상,,,,
2015040800100156,2015년 4월 8일 09시,수요일,경상북도 경주시 시동,중상사고,0,2,0,1,차대차 - 기타,안전운전불이행,건조,흐림,교차로 - 교차로안,승용,남,75세,상해없음,화물,남,76세,중상
2015040800100157,2015년 4월 8일 09시,수요일,경상북도 경주시 양북면,중상사고,0,1,0,0,차대차 - 측면직각충돌,안전운전불이행,건조,맑음,교차로 - 교차로부근,기타불명,기타불명,기타불명,기타불명,원동기,남,82세,중상
2015040800100158,2015년 4월 8일 09시,수요일,경상북도 김천시 용두동,경상사고,0,0,1,0,차대차 - 측면직각충돌,교차로운행방법위반,건조,맑음,교차로 - 교차로안,이륜,남,60세,경상,승용,남,48세,상해없음
2015040800100178,2015년 4월 8일 10시,수요일,경상북도 구미시 공단동,경상사고,0,0,1,0,차대차 - 기타,안전운전불이행,적설,비,교차로 - 교차로안,화물,남,57세,상해없음,화물,남,25세,경상
2015040800100179,2015년 4월 8일 10시,수요일,경상북도 구미시 송정동,중상사고,0,2,0,0,차대차 - 기타,중앙선침범,적설,비,교차로 - 교차로부근,승용,남,63세,상해없음,승용,남,65세,중상
2015040800100208,2015년 4월 8일 11시,수요일,경상북도 영양군 수비면,중상사고,0,1,0,0,차량단독 - 도로외이탈 - 추락,안전운전불이행,건조,맑음,단일로 - 기타,원동기,남,84세,중상,,,,
2015040800100242,2015년 4월 8일 12시,수요일,경상북도 안동시 옥동,중상사고,0,1,1,0,차대차 - 추돌 - 진행중,안전운전불이행,건조,맑음,단일로 - 기타,승합,남,50세,상해없음,화물,남,51세,중상
2015040800100243,2015년 4월 8일 12시,수요일,경상북도 상주시 낙양동,중상사고,0,1,1,0,차대차 - 측면직각충돌,안전운전불이행,건조,맑음,단일로 - 기타,특수,남,50세,상해없음,승용,남,33세,경상
2015040800100303,2015년 4월 8일 14시,수요일,경상북도 김천시 대광동,경상사고,0,0,1,0,차대차 - 측면직각충돌,직진우회전진행방해,건조,맑음,교차로 - 교차로안,이륜,여,59세,경상,승합,남,52세,상해없음
2015040800100331,2015년 4월 8일 15시,수요일,경상북도 포항시 북구 기계면,중상사고,0,1,0,0,차대차 - 기타,중앙선침범,습기,흐림,단일로 - 기타,화물,여,42세,상해없음,승용,남,29세,중상
2015040800100332,2015년 4월 8일 15시,수요일,경상북도 영천시 창구동,경상사고,0,0,1,0,차대차 - 측면직각충돌,안전운전불이행,건조,맑음,단일로 - 기타,화물,여,61세,상해없음,승합,여,38세,경상
2015040800100333,2015년 4월 8일 15시,수요일,경상북도 문경시 모전동,경상사고,0,0,3,0,차대차 - 추돌 - 진행중,안전운전불이행,건조,맑음,단일로 - 기타,승용,남,76세,상해없음,승용,남,60세,경상
2015040800100364,2015년 4월 8일 16시,수요일,경상북도 경주시 신평동,경상사고,0,0,1,0,차대차 - 기타,안전운전불이행,건조,맑음,교차로 - 교차로안,승용,남,46세,상해없음,승용,여,43세,경상
2015040800100418,2015년 4월 8일 18시,수요일,경상북도 포항시 남구 송도동,경상사고,0,0,1,0,차대차 - 기타,안전운전불이행,건조,맑음,단일로 - 기타,자전거,남,72세,경상,이륜,남,51세,상해없음
2015040800100450,2015년 4월 8일 19시,수요일,경상북도 경산시 하양읍,중상사고,0,1,2,0,차대차 - 기타,안전운전불이행,건조,맑음,단일로 - 기타,화물,남,44세,상해없음,승용,남,50세,경상
2015040800100487,2015년 4월 8일 20시,수요일,경상북도 경주시 성건동,경상사고,0,0,1,0,차대사람 - 기타,안전운전불이행,건조,맑음,단일로 - 기타,승용,남,48세,상해없음,보행자,남,22세,경상
2015040800100488,2015년 4월 8일 20시,수요일,경상북도 안동시 태화동,경상사고,0,0,2,0,차대차 - 기타,안전운전불이행,건조,맑음,교차로 - 교차로부근,화물,남,58세,상해없음,승합,남,54세,경상
2015040800100489,2015년 4월 8일 20시,수요일,경상북도 포항시 남구 연일읍,경상사고,0,0,1,0,차대차 - 추돌 - 진행중,안전운전불이행,건조,맑음,교차로 - 교차로부근,승용,남,48세,상해없음,승용,남,50세,경상
2015040800100530,2015년 4월 8일 21시,수요일,경상북도 포항시 북구 여남동,중상사고,0,1,0,0,차대사람 - 기타,안전운전불이행,건조,맑음,단일로 - 기타,승용,남,18세,상해없음,보행자,남,33세,중상
2015040800100531,2015년 4월 8일 21시,수요일,경상북도 김천시 어모면,경상사고,0,0,1,0,차량단독 - 공작물충돌,안전운전불이행,건조,맑음,단일로 - 기타,승용,여,33세,경상,,,,
2015040800100532,2015년 4월 8일 21시,수요일,경상북도 상주시 화서면,경상사고,0,0,1,0,차대차 - 측면직각충돌,교차로운행방법위반,건조,맑음,교차로 - 교차로안,승용,여,29세,상해없음,자전거,남,15세,경상
2015040800100596,2015년 4월 8일 23시,수요일,경상북도 경주시 황성동,경상사고,0,0,1,0,차대차 - 기타,안전운전불이행,건조,맑음,교차로 - 교차로안,승용,남,62세,상해없음,승용,남,27세,경상
2015040800100597,2015년 4월 8일 23시,수요일,경상북도 경주시 양남면,경상사고,0,0,2,0,차대차 - 기타,안전운전불이행,건조,맑음,단일로 - 기타,승용,남,54세,상해없음,승용,남,28세,경상
2015040900100023,2015년 4월 9일 01시,목요일,경상북도 경주시 황성동,경상사고,0,0,1,0,차대차 - 기타,교차로운행방법위반,건조,맑음,교차로 - 교차로안,승용,남,31세,상해없음,승용,남,50세,상해없음
2015040900100043,2015년 4월 9일 03시,목요일,경상북도 포항시 남구 이동,부상신고사고,0,0,0,1,차량단독 - 공작물충돌,안전운전불이행,건조,맑음,단일로 - 기타,승용,남,49세,부상신고,,,,
2015040900100050,2015년 4월 9일 04시,목요일,경상북도 포항시 북구 죽도동,경상사고,0,0,1,0,차대차 - 기타,안전운전불이행,건조,맑음,단일로 - 기타,승용,남,29세,상해없음,승용,남,24세,경상
2015040900100078,2015년 4월 9일 06시,목요일,경상북도 포항시 북구 장성동,중상사고,0,1,1,0,차대차 - 기타,직진우회전진행방해,건조,맑음,교차로 - 교차로안,승용,남,56세,상해없음,승용,남,60세,경상
2015040900100149,2015년 4월 9일 08시,목요일,경상북도 칠곡군 석적읍,중상사고,0,1,0,1,차대차 - 측면직각충돌,중앙선침범,건조,맑음,단일로 - 기타,승용,남,26세,부상신고,화물,남,29세,중상
2015040900100165,2015년 4월 9일 09시,목요일,경상북도 상주시 함창읍,경상사고,0,0,2,0,차대차 - 측면직각충돌,교차로운행방법위반,건조,맑음,교차로 - 교차로안,승용,남,50세,상해없음,화물,남,63세,경상
2015040900100194,2015년 4월 9일 10시,목요일,경상북도 칠곡군 북삼읍,경상사고,0,0,1,0,차대차 - 측면직각충돌,직진우회전진행방해,건조,맑음,교차로 - 교차로안,특수,남,65세,상해없음,승용,남,30세,경상
2015040900100224,2015년 4월 9일 11시,목요일,경상북도 경주시 내남면,중상사고,0,1,0,0,차대사람 - 기타,안전운전불이행,건조,맑음,단일로 - 기타,승용,여,49세,상해없음,보행자,여,59세,중상
2015040900100225,2015년 4월 9일 11시,목요일,경상북도 영주시 문정동,경상사고,0,0,2,0,차대차 - 측면직각충돌,안전운전불이행,건조,맑음,교차로 - 교차로안,승용,남,44세,경상,화물,남,45세,경상
2015040900100226,2015년 4월 9일 11시,목요일,경상북도 경산시 옥산동,중상사고,0,1,0,0,차대차 - 기타,안전거리미확보,건조,맑음,교차로 - 교차로부근,승용,남,49세,상해없음,이륜,남,30세,중상
2015040900100227,2015년 4월 9일 11시,목요일,경상북도 봉화군 소천면,사망사고,1,1,0,0,차량단독 - 도로외이탈 - 추락,안전운전불이행,건조,맑음,단일로 - 기타,화물,남,35세,중상,,,,
2015040900100249,2015년 4월 9일 12시,목요일,경상북도 안동시 송현동,경상사고,0,0,3,3,차대차 - 기타,교차로운행방법위반,건조,맑음,교차로 - 교차로안,승합,남,40세,상해없음,화물,남,36세,상해없음
2015040900100250,2015년 4월 9일 12시,목요일,경상북도 경산시 압량면,경상사고,0,0,2,0,차대차 - 기타,차로위반,건조,맑음,단일로 - 기타,화물,남,53세,상해없음,승용,남,43세,경상
2015040900100251,2015년 4월 9일 12시,목요일,경상북도 경산시 삼북동,경상사고,0,0,1,0,차대사람 - 기타,안전운전불이행,건조,맑음,단일로 - 기타,승용,여,22세,상해없음,보행자,남,42세,경상
2015040900100252,2015년 4월 9일 12시,목요일,경상북도 영덕군 창수면,중상사고,0,1,1,0,차대차 - 측면직각충돌,중앙선침범,건조,맑음,단일로 - 기타,원동기,남,74세,경상,승합,여,45세,중상
2015040900100253,2015년 4월 9일 12시,목요일,경상북도 포항시 남구 해도동,경상사고,0,0,1,0,차대사람 - 기타,안전운전불이행,건조,맑음,단일로 - 기타,승용,남,55세,상해없음,보행자,여,70세,경상
2015040900100302,2015년 4월 9일 14시,목요일,경상북도 울진군 북면,중상사고,0,2,0,0,차대차 - 정면충돌,중앙선침범,건조,맑음,단일로 - 기타,승합,남,54세,중상,화물,남,60세,중상
2015040900100303,2015년 4월 9일 14시,목요일,경상북도 포항시 남구 오천읍,경상사고,0,0,1,0,차대차 - 추돌 - 진행중,신호위반,건조,맑음,교차로 - 교차로안,승용,여,36세,경상,승용,남,23세,상해없음
2015040900100333,2015년 4월 9일 15시,목요일,경상북도 경주시 충효동,경상사고,0,0,2,0,차대차 - 기타,안전운전불이행,건조,맑음,교차로 - 교차로안,승용,남,30세,경상,승용,여,44세,경상
2015040900100334,2015년 4월 9일 15시,목요일,경상북도 안동시 용상동,중상사고,0,1,0,0,차대사람 - 기타,안전운전불이행,건조,맑음,교차로 - 교차로안,승용,남,71세,상해없음,보행자,여,73세,중상
2015040900100335,2015년 4월 9일 15시,목요일,경상북도 구미시 고아읍,경상사고,0,0,1,0,차대사람 - 기타,보행자보호의무위반,건조,맑음,단일로 - 횡단보도상,승용,여,53세,상해없음,보행자,여,7세,경상
2015040900100369,2015년 4월 9일 16시,목요일,경상북도 경주시 외동읍,경상사고,0,0,1,0,차대차 - 기타,안전운전불이행,건조,맑음,교차로 - 교차로안,화물,남,46세,상해없음,원동기,남,72세,경상
2015040900100395,2015년 4월 9일 17시,목요일,경상북도 경주시 동천동,경상사고,0,0,1,0,차대차 - 측면직각충돌,안전운전불이행,건조,맑음,교차로 - 교차로부근,승용,남,55세,상해없음,이륜,여,23세,경상
2015040900100396,2015년 4월 9일 17시,목요일,경상북도 의성군 봉양면,경상사고,0,0,2,0,차대차 - 측면직각충돌,안전운전불이행,건조,맑음,교차로 - 교차로부근,건설기계,남,61세,상해없음,승용,남,56세,경상
2015040900100425,2015년 4월 9일 18시,목요일,경상북도 경주시 황성동,경상사고,0,0,1,0,차대차 - 측면직각충돌,안전운전불이행,건조,맑음,교차로 - 교차로안,승용,여,58세,상해없음,자전거,남,13세,경상
2015040900100426,2015년 4월 9일 18시,목요일,경상북도 상주시 복룡동,경상사고,0,0,1,0,차대차 - 측면직각충돌,교차로운행방법위반,건조,맑음,교차로 - 교차로안,승용,남,25세,상해없음,승용,남,30세,경상
2015040900100427,2015년 4월 9일 18시,목요일,경상북도 군위군 효령면,경상사고,0,0,2,0,차대차 - 기타,직진우회전진행방해,건조,맑음,교차로 - 교차로부근,승용,남,41세,상해없음,승용,여,34세,경상
2015040900100428,2015년 4월 9일 18시,목요일,경상북도 포항시 남구 오천읍,경상사고,0,0,1,0,차대차 - 추돌 - 진행중,안전운전불이행,건조,맑음,교차로 - 교차로안,이륜,남,44세,경상,승용,남,68세,상해없음
2015040900100461,2015년 4월 9일 19시,목요일,경상북도 영천시 청통면,중상사고,0,1,0,0,차대사람 - 길가장자리구역통행중,안전운전불이행,건조,맑음,단일로 - 기타,승용,여,71세,상해없음,보행자,남,51세,중상
2015040900100462,2015년 4월 9일 19시,목요일,경상북도 포항시 남구 대도동,경상사고,0,0,2,0,차대차 - 측면직각충돌,안전운전불이행,건조,맑음,교차로 - 교차로안,승용,남,78세,상해없음,이륜,여,36세,경상
2015040900100463,2015년 4월 9일 19시,목요일,경상북도 포항시 남구 송도동,중상사고,0,1,0,0,차대차 - 측면직각충돌,직진우회전진행방해,건조,맑음,교차로 - 교차로부근,승용,여,64세,상해없음,자전거,여,64세,중상
2015040900100495,2015년 4월 9일 20시,목요일,경상북도 경주시 하동,중상사고,0,2,0,1,차대차 - 기타,안전운전불이행,건조,맑음,단일로 - 기타,승용,여,64세,부상신고,승용,남,73세,상해없음
2015040900100496,2015년 4월 9일 20시,목요일,경상북도 구미시 원평동,경상사고,0,0,1,0,차대차 - 기타,교차로운행방법위반,건조,맑음,교차로 - 교차로안,승용,여,48세,상해없음,이륜,남,27세,경상
2015040900100520,2015년 4월 9일 21시,목요일,경상북도 구미시 진평동,경상사고,0,0,1,0,차대차 - 기타,중앙선침범,건조,맑음,단일로 - 기타,승용,남,25세,상해없음,자전거,남,32세,경상
2015040900100574,2015년 4월 9일 23시,목요일,경상북도 포항시 북구 항구동,중상사고,0,1,0,0,차대차 - 기타,신호위반,건조,맑음,교차로 - 교차로안,승용,여,17세,상해없음,승용,남,52세,중상
2015040900100575,2015년 4월 9일 23시,목요일,경상북도 안동시 용상동,중상사고,0,1,0,0,차대차 - 기타,직진우회전진행방해,건조,맑음,교차로 - 교차로안,승용,여,47세,상해없음,승용,여,60세,중상
2015040900100576,2015년 4월 9일 23시,목요일,경상북도 김천시 교동,중상사고,0,1,1,0,차대차 - 측면직각충돌,중앙선침범,건조,맑음,단일로 - 기타,화물,남,41세,상해없음,승용,남,44세,경상
2015041000100016,2015년 4월 10일 00시,금요일,경상북도 경산시 임당동,경상사고,0,0,1,0,차대사람 - 기타,안전운전불이행,건조,맑음,단일로 - 기타,승용,남,30세,상해없음,보행자,남,43세,경상
2015041000100017,2015년 4월 10일 00시,금요일,경상북도 포항시 남구 오천읍,경상사고,0,0,2,0,차대차 - 추돌 - 주정차중,안전운전불이행,건조,맑음,단일로 - 기타,승용,남,54세,상해없음,승용,남,43세,경상
2015041000100036,2015년 4월 10일 01시,금요일,경상북도 포항시 북구 남빈동,경상사고,0,0,2,0,차대차 - 기타,안전운전불이행,건조,맑음,단일로 - 기타,승용,남,55세,상해없음,승용,남,38세,경상
2015041000100050,2015년 4월 10일 02시,금요일,경상북도 고령군 대가야읍,경상사고,0,0,1,0,차대차 - 추돌 - 진행중,안전운전불이행,건조,맑음,단일로 - 기타,이륜,남,19세,상해없음,이륜,남,19세,상해없음
2015041000100051,2015년 4월 10일 02시,금요일,경상북도 상주시 함창읍,중상사고,0,1,1,0,차대차 - 추돌 - 진행중,안전운전불이행,건조,맑음,단일로 - 기타,화물,남,44세,중상,화물,남,59세,경상
2015041000100084,2015년 4월 10일 06시,금요일,경상북도 포항시 남구 대송면,경상사고,0,0,1,0,차대차 - 측면직각충돌,신호위반,건조,맑음,교차로 - 교차로안,승용,남,61세,상해없음,이륜,남,46세,경상
2015041000100102,2015년 4월 10일 07시,금요일,경상북도 포항시 북구 우현동,경상사고,0,0,1,0,차대차 - 기타,중앙선침범,건조,맑음,단일로 - 기타,자전거,남,14세,경상,승용,여,59세,상해없음
2015041000100141,2015년 4월 10일 08시,금요일,경상북도 안동시 옥동,경상사고,0,0,3,0,차대차 - 기타,안전운전불이행,건조,맑음,교차로 - 교차로안,승용,남,40세,상해없음,승용,남,44세,경상
2015041000100142,2015년 4월 10일 08시,금요일,경상북도 울진군 후포면,중상사고,0,1,0,0,차대차 - 기타,안전운전불이행,건조,맑음,단일로 - 기타,원동기,남,73세,중상,화물,남,41세,상해없음
2015041000100143,2015년 4월 10일 08시,금요일,경상북도 구미시 고아읍,경상사고,0,0,1,0,차대차 - 기타,교차로운행방법위반,건조,맑음,단일로 - 기타,화물,여,51세,상해없음,화물,남,68세,상해없음
2015041000100174,2015년 4월 10일 09시,금요일,경상북도 포항시 북구 두호동,경상사고,0,0,1,0,차대차 - 기타,안전운전불이행,건조,맑음,단일로 - 기타,승용,여,54세,상해없음,승용,남,76세,경상
2015041000100175,2015년 4월 10일 09시,금요일,경상북도 영천시 고경면,경상사고,0,0,1,0,차대차 - 측면직각충돌,안전운전불이행,건조,맑음,단일로 - 기타,원동기,남,57세,경상,승용,여,41세,상해없음
2015041000100197,2015년 4월 10일 10시,금요일,경상북도 청도군 청도읍,경상사고,0,0,1,0,차량단독 - 공작물충돌,안전운전불이행,건조,맑음,단일로 - 기타,승용,여,25세,경상,,,,
2015041000100219,2015년 4월 10일 11시,금요일,경상북도 안동시 옥동,경상사고,0,0,1,0,차대사람 - 기타,안전운전불이행,건조,맑음,단일로 - 기타,승용,여,54세,상해없음,보행자,남,5세,경상
2015041000100309,2015년 4월 10일 14시,금요일,경상북도 경주시 사정동,중상사고,0,4,0,0,차대차 - 기타,안전운전불이행,건조,맑음,교차로 - 교차로부근,화물,남,45세,상해없음,승용,남,35세,중상
2015041000100310,2015년 4월 10일 14시,금요일,경상북도 안동시 남후면,중상사고,0,1,0,0,차대차 - 기타,안전거리미확보,건조,맑음,단일로 - 기타,화물,남,23세,상해없음,승용,남,38세,중상
2015041000100311,2015년 4월 10일 14시,금요일,경상북도 문경시 흥덕동,중상사고,0,1,0,0,차대차 - 측면직각충돌,안전운전불이행,건조,맑음,단일로 - 기타,승용,여,65세,상해없음,자전거,남,75세,중상
2015041000100312,2015년 4월 10일 14시,금요일,경상북도 청도군 화양읍,경상사고,0,0,1,0,차대차 - 추돌 - 진행중,안전운전불이행,건조,맑음,기타 - 기타,화물,남,46세,상해없음,자전거,남,87세,경상
2015041000100313,2015년 4월 10일 14시,금요일,경상북도 구미시 비산동,경상사고,0,0,1,1,차대차 - 기타,안전운전불이행,건조,맑음,단일로 - 기타,특수,남,43세,부상신고,특수,남,30세,경상
2015041000100353,2015년 4월 10일 15시,금요일,경상북도 포항시 북구 죽도동,경상사고,0,0,1,0,차대차 - 기타,직진우회전진행방해,건조,맑음,교차로 - 교차로안,승용,남,19세,상해없음,승용,여,63세,경상
2015041000100354,2015년 4월 10일 15시,금요일,경상북도 구미시 송정동,경상사고,0,0,1,0,차대차 - 측면직각충돌,안전운전불이행,건조,맑음,교차로 - 교차로부근,자전거,남,11세,경상,승용,남,36세,상해없음
2015041000100355,2015년 4월 10일 15시,금요일,경상북도 포항시 남구 상도동,경상사고,0,0,2,2,차대차 - 추돌 - 주정차중,신호위반,건조,맑음,교차로 - 교차로안,승용,여,52세,경상,승용,남,36세,경상
2015041000100395,2015년 4월 10일 16시,금요일,경상북도 칠곡군 북삼읍,경상사고,0,0,1,1,차대차 - 기타,교차로운행방법위반,건조,맑음,교차로 - 교차로안,승용,여,28세,부상신고,승합,여,52세,경상
2015041000100396,2015년 4월 10일 16시,금요일,경상북도 영천시 신령면,경상사고,0,0,1,0,차대차 - 추돌 - 진행중,안전운전불이행,건조,맑음,단일로 - 기타,승용,남,56세,상해없음,승용,여,36세,경상
2015041000100397,2015년 4월 10일 16시,금요일,경상북도 경산시 중방동,중상사고,0,1,0,0,차대차 - 기타,기타,건조,맑음,단일로 - 기타,승용,남,54세,상해없음,승용,남,35세,중상
2015041000100440,2015년 4월 10일 17시,금요일,경상북도 칠곡군 가산면,중상사고,0,1,1,0,차대차 - 추돌 - 진행중,안전운전불이행,건조,맑음,단일로 - 기타,승용,남,53세,중상,승용,남,45세,상해없음
2015041000100518,2015년 4월 10일 19시,금요일,경상북도 포항시 북구 장성동,중상사고,0,1,0,0,차대사람 - 기타,안전운전불이행,건조,맑음,단일로 - 기타,화물,남,33세,상해없음,보행자,여,48세,중상
2015041000100519,2015년 4월 10일 19시,금요일,경상북도 안동시 삼산동,중상사고,0,1,0,0,차대차 - 기타,직진우회전진행방해,건조,맑음,교차로 - 교차로안,승용,남,21세,상해없음,이륜,남,23세,중상
2015041000100520,2015년 4월 10일 19시,금요일,경상북도 안동시 당북동,중상사고,0,1,0,0,차대차 - 기타,신호위반,건조,맑음,교차로 - 교차로부근,이륜,남,58세,중상,승용,남,56세,상해없음
2015041000100521,2015년 4월 10일 19시,금요일,경상북도 칠곡군 석적읍,경상사고,0,0,1,0,차대차 - 추돌 - 주정차중,안전운전불이행,건조,맑음,단일로 - 기타,승용,남,66세,상해없음,승합,남,56세,경상
2015041000100522,2015년 4월 10일 19시,금요일,경상북도 영천시 금호읍,중상사고,0,2,1,0,차대차 - 추돌 - 주정차중,안전운전불이행,건조,맑음,교차로 - 교차로부근,화물,남,58세,상해없음,승용,여,30세,중상
2015041000100523,2015년 4월 10일 19시,금요일,경상북도 경산시 하양읍,경상사고,0,0,1,0,차대사람 - 기타,안전운전불이행,건조,맑음,단일로 - 기타,승용,남,69세,상해없음,보행자,여,39세,경상
2015041000100524,2015년 4월 10일 19시,금요일,경상북도 성주군 성주읍,경상사고,0,0,1,0,차대차 - 기타,직진우회전진행방해,건조,맑음,기타 - 기타,승용,남,51세,상해없음,승용,여,48세,경상
2015041000100525,2015년 4월 10일 19시,금요일,경상북도 고령군 다산면,경상사고,0,0,1,0,차대차 - 측면직각충돌,교차로운행방법위반,건조,흐림,교차로 - 교차로안,화물,남,56세,상해없음,화물,여,51세,경상
2015041000100526,2015년 4월 10일 19시,금요일,경상북도 포항시 남구 오천읍,경상사고,0,0,1,0,차대차 - 기타,신호위반,건조,맑음,교차로 - 교차로안,승용,남,49세,경상,화물,남,51세,상해없음
2015041000100568,2015년 4월 10일 20시,금요일,경상북도 포항시 북구 장성동,중상사고,0,1,0,0,차대차 - 기타,안전운전불이행,건조,맑음,단일로 - 기타,원동기,남,30세,중상,승용,남,43세,상해없음
2015041000100569,2015년 4월 10일 20시,금요일,경상북도 구미시 진평동,경상사고,0,0,2,1,차대차 - 측면직각충돌,교차로운행방법위반,건조,맑음,교차로 - 교차로안,승용,남,25세,상해없음,승용,여,27세,경상
2015041000100570,2015년 4월 10일 20시,금요일,경상북도 구미시 비산동,경상사고,0,0,1,0,차대차 - 기타,안전거리미확보,건조,맑음,교차로 - 교차로부근,화물,남,40세,상해없음,승용,남,36세,상해없음
2015041000100614,2015년 4월 10일 21시,금요일,경상북도 포항시 북구 두호동,경상사고,0,0,1,0,차대차 - 기타,안전운전불이행,건조,맑음,단일로 - 기타,승용,여,62세,상해없음,자전거,남,66세,경상
2015041000100615,2015년 4월 10일 21시,금요일,경상북도 구미시 광평동,중상사고,0,1,0,1,차대차 - 측면직각충돌,중앙선침범,건조,맑음,단일로 - 기타,원동기,남,30세,부상신고,이륜,남,21세,중상
2015041100100021,2015년 4월 11일 00시,토요일,경상북도 칠곡군 석적읍,경상사고,0,0,1,0,차대차 - 측면직각충돌,직진우회전진행방해,건조,맑음,교차로 - 교차로안,승용,남,28세,상해없음,승용,남,35세,경상
2015041100100062,2015년 4월 11일 02시,토요일,경상북도 포항시 북구 기계면,중상사고,0,1,0,0,차대차 - 기타,안전운전불이행,건조,맑음,단일로 - 기타,승용,남,55세,상해없음,승용,남,55세,상해없음