사고번호,사고일시,요일,시군구,사고내용,사망자수,중상자수,경상자수,부상신고자수,사고유형,법규위반,노면상태,기상상태,도로형태,가해운전자 차종,가해운전자 성별,가해운전자 연령,가해운전자 상해정도,피해운전자 차종,피해운전자 성별,피해운전자 연령,피해운전자 상해정도
2015041100100063,2015년 4월 11일 02시,토요일,경상북도 영천시 봉동,부상신고사고,0,0,0,1,차량단독 - 공작물충돌,안전운전불이행,건조,맑음,교차로 - 교차로부근,승용,남,24세,상해없음,,,,
2015041100100096,2015년 4월 11일 04시,토요일,경상북도 문경시 공평동,사망사고,1,0,1,0,차대차 - 추돌 - 진행중,안전운전불이행,건조,맑음,단일로 - 기타,화물,남,45세,사망,화물,남,53세,경상
2015041100100110,2015년 4월 11일 05시,토요일,경상북도 경주시 외동읍,중상사고,0,1,1,0,차대차 - 기타,안전운전불이행,건조,맑음,단일로 - 기타,승용,여,35세,중상,승용,남,48세,상해없음
2015041100100111,2015년 4월 11일 05시,토요일,경상북도 칠곡군 북삼읍,부상신고사고,0,0,0,1,차대차 - 측면직각충돌,안전운전불이행,건조,맑음,단일로 - 기타,승용,남,35세,부상신고,승합,남,46세,상해없음
2015041100100134,2015년 4월 11일 06시,토요일,경상북도 문경시 영순면,중상사고,0,1,1,0,차대차 - 정면충돌,안전운전불이행,건조,맑음,단일로 - 기타,승용,여,27세,경상,건설기계,남,61세,중상
2015041100100135,2015년 4월 11일 06시,토요일,경상북도 영덕군 영해면,중상사고,0,1,0,0,차대차 - 측면직각충돌,안전거리미확보,건조,맑음,단일로 - 기타,이륜,남,66세,중상,승용,여,42세,상해없음
2015041100100136,2015년 4월 11일 06시,토요일,경상북도 포항시 남구 해도동,경상사고,0,0,2,0,차대차 - 측면직각충돌,직진우회전진행방해,건조,맑음,교차로 - 교차로부근,건설기계,남,46세,경상,화물,남,68세,경상
2015041100100153,2015년 4월 11일 07시,토요일,경상북도 경산시 자인면,부상신고사고,0,0,0,1,차대차 - 기타,신호위반,건조,맑음,교차로 - 교차로안,이륜,남,27세,부상신고,승용,여,46세,상해없음
2015041100100172,2015년 4월 11일 08시,토요일,경상북도 경주시 서면,경상사고,0,0,1,0,차대차 - 측면직각충돌,신호위반,건조,맑음,교차로 - 교차로안,승용,남,55세,상해없음,승용,여,21세,경상
2015041100100222,2015년 4월 11일 10시,토요일,경상북도 경주시 안강읍,경상사고,0,0,1,0,차대사람 - 길가장자리구역통행중,안전운전불이행,건조,맑음,교차로 - 교차로안,승용,여,45세,상해없음,보행자,여,44세,경상
2015041100100223,2015년 4월 11일 10시,토요일,경상북도 포항시 남구 해도동,경상사고,0,0,1,0,차대차 - 추돌 - 진행중,안전운전불이행,건조,맑음,단일로 - 기타,승용,여,58세,상해없음,자전거,여,11세,경상
2015041100100261,2015년 4월 11일 11시,토요일,경상북도 상주시 모서면,경상사고,0,0,1,0,차대사람 - 길가장자리구역통행중,안전운전불이행,건조,맑음,단일로 - 기타,승용,남,73세,상해없음,보행자,남,9세,경상
2015041100100262,2015년 4월 11일 11시,토요일,경상북도 의성군 단북면,중상사고,0,1,0,0,차대차 - 측면직각충돌,안전운전불이행,건조,맑음,단일로 - 기타,승용,여,54세,상해없음,원동기,남,81세,중상
2015041100100263,2015년 4월 11일 11시,토요일,경상북도 영주시 하망동,중상사고,0,1,0,0,차대차 - 측면직각충돌,안전운전불이행,건조,맑음,교차로 - 교차로안,승용,여,43세,상해없음,자전거,남,58세,중상
2015041100100264,2015년 4월 11일 11시,토요일,경상북도 포항시 남구 동촌동,경상사고,0,0,1,0,차대차 - 추돌 - 진행중,안전운전불이행,건조,맑음,교차로 - 교차로부근,승용,여,50세,상해없음,승용,여,40세,경상
2015041100100303,2015년 4월 11일 12시,토요일,경상북도 경주시 충효동,경상사고,0,0,1,0,차대차 - 기타,안전운전불이행,건조,맑음,교차로 - 교차로안,승용,여,38세,상해없음,원동기,남,38세,경상
2015041100100304,2015년 4월 11일 12시,토요일,경상북도 영주시 휴천동,경상사고,0,0,2,0,차대차 - 추돌 - 주정차중,안전운전불이행,건조,맑음,기타 - 기타,승용,남,31세,상해없음,승용,남,40세,경상
2015041100100305,2015년 4월 11일 12시,토요일,경상북도 군위군 소보면,중상사고,0,2,0,0,차대차 - 기타,안전운전불이행,건조,맑음,교차로 - 교차로안,원동기,남,76세,중상,농기계,남,79세,중상
2015041100100330,2015년 4월 11일 13시,토요일,경상북도 칠곡군 북삼읍,경상사고,0,0,1,0,차대차 - 기타,안전운전불이행,건조,맑음,교차로 - 교차로안,승용,남,53세,상해없음,자전거,여,10세,경상
2015041100100363,2015년 4월 11일 14시,토요일,경상북도 경주시 사정동,경상사고,0,0,1,0,차대차 - 기타,안전운전불이행,건조,맑음,단일로 - 기타,승용,남,18세,상해없음,승용,남,61세,상해없음
2015041100100364,2015년 4월 11일 14시,토요일,경상북도 포항시 북구 두호동,중상사고,0,1,0,0,차대사람 - 기타,보행자보호의무위반,건조,맑음,교차로 - 교차로부근,승용,남,66세,상해없음,보행자,여,36세,중상
2015041100100365,2015년 4월 11일 14시,토요일,경상북도 봉화군 물야면,중상사고,0,1,0,0,차량단독 - 전도전복,안전운전불이행,건조,맑음,단일로 - 기타,화물,남,57세,중상,,,,
2015041100100366,2015년 4월 11일 14시,토요일,경상북도 고령군 대가야읍,경상사고,0,0,1,0,차대사람 - 길가장자리구역통행중,안전운전불이행,건조,맑음,기타 - 기타,승용,여,43세,상해없음,보행자,여,31세,경상
2015041100100367,2015년 4월 11일 14시,토요일,경상북도 포항시 남구 연일읍,경상사고,0,0,3,0,차대차 - 측면직각충돌,신호위반,건조,맑음,교차로 - 교차로안,승용,남,40세,상해없음,승용,남,23세,경상
2015041100100368,2015년 4월 11일 14시,토요일,경상북도 포항시 남구 구룡포읍,경상사고,0,0,1,0,차대사람 - 길가장자리구역통행중,안전운전불이행,건조,맑음,단일로 - 기타,승용,여,44세,상해없음,보행자,남,64세,경상
2015041100100410,2015년 4월 11일 15시,토요일,경상북도 김천시 구성면,중상사고,0,2,1,0,차대차 - 측면직각충돌,안전운전불이행,건조,맑음,단일로 - 기타,농기계,남,55세,경상,승용,여,60세,중상
2015041100100494,2015년 4월 11일 17시,토요일,경상북도 경주시 시래동,중상사고,0,1,0,0,차대차 - 기타,안전운전불이행,건조,맑음,교차로 - 교차로부근,승용,남,53세,상해없음,승용,남,52세,상해없음
2015041100100495,2015년 4월 11일 17시,토요일,경상북도 경주시 서악동,경상사고,0,0,1,0,차대차 - 기타,안전운전불이행,건조,맑음,교차로 - 교차로안,승용,여,47세,상해없음,화물,남,68세,경상
2015041100100496,2015년 4월 11일 17시,토요일,경상북도 영천시 임고면,경상사고,0,0,2,0,차대차 - 추돌 - 진행중,안전운전불이행,건조,맑음,단일로 - 기타,승용,남,62세,상해없음,승용,남,53세,경상
2015041100100497,2015년 4월 11일 17시,토요일,경상북도 고령군 다산면,경상사고,0,0,2,0,차대차 - 추돌 - 주정차중,안전운전불이행,건조,맑음,교차로 - 교차로안,건설기계,남,47세,상해없음,화물,남,78세,경상
2015041100100498,2015년 4월 11일 17시,토요일,경상북도 포항시 남구 동촌동,경상사고,0,0,1,0,차대차 - 추돌 - 진행중,안전운전불이행,건조,맑음,단일로 - 기타,승용,남,60세,상해없음,승용,남,30세,상해없음
2015041100100499,2015년 4월 11일 17시,토요일,경상북도 포항시 남구 송도동,경상사고,0,0,1,0,차대차 - 추돌 - 진행중,안전운전불이행,건조,맑음,교차로 - 교차로안,승용,남,30세,상해없음,자전거,여,75세,경상
2015041100100537,2015년 4월 11일 18시,토요일,경상북도 예천군 감천면,중상사고,0,3,3,0,차대차 - 측면직각충돌,안전운전불이행,건조,맑음,교차로 - 교차로안,승용,남,30세,경상,화물,남,38세,중상
2015041100100580,2015년 4월 11일 19시,토요일,경상북도 경주시 조양동,경상사고,0,0,2,0,차대차 - 기타,안전운전불이행,건조,맑음,단일로 - 기타,승합,남,60세,상해없음,승용,남,31세,경상
2015041100100581,2015년 4월 11일 19시,토요일,경상북도 상주시 화서면,경상사고,0,0,1,0,차대사람 - 기타,안전운전불이행,건조,맑음,기타 - 기타,승용,남,39세,상해없음,보행자,남,82세,경상
2015041100100582,2015년 4월 11일 19시,토요일,경상북도 의성군 의성읍,경상사고,0,0,2,0,차대차 - 측면직각충돌,안전운전불이행,건조,맑음,교차로 - 교차로안,화물,남,68세,경상,화물,여,53세,경상
2015041100100583,2015년 4월 11일 19시,토요일,경상북도 영주시 휴천동,경상사고,0,0,1,0,차대차 - 추돌 - 주정차중,안전운전불이행,건조,맑음,교차로 - 교차로부근,이륜,남,72세,경상,승용,남,44세,상해없음
2015041100100584,2015년 4월 11일 19시,토요일,경상북도 칠곡군 석적읍,경상사고,0,0,1,0,차대사람 - 횡단중,안전운전불이행,건조,맑음,단일로 - 기타,승용,남,38세,상해없음,보행자,남,7세,경상
2015041100100585,2015년 4월 11일 19시,토요일,경상북도 구미시 도개면,중상사고,0,1,0,0,차대사람 - 기타,안전운전불이행,건조,맑음,단일로 - 기타,승용,남,54세,상해없음,보행자,여,64세,중상
2015041100100616,2015년 4월 11일 20시,토요일,경상북도 칠곡군 동명면,중상사고,0,2,0,0,차대차 - 추돌 - 진행중,안전운전불이행,건조,맑음,단일로 - 기타,승용,남,26세,상해없음,승용,여,61세,중상
2015041100100651,2015년 4월 11일 21시,토요일,경상북도 상주시 남성동,경상사고,0,0,1,0,차대사람 - 길가장자리구역통행중,안전운전불이행,건조,맑음,교차로 - 교차로부근,화물,남,19세,상해없음,보행자,남,53세,경상
2015041100100652,2015년 4월 11일 21시,토요일,경상북도 포항시 남구 연일읍,사망사고,1,0,1,0,차량단독 - 공작물충돌,안전운전불이행,건조,맑음,단일로 - 기타,승용,남,61세,사망,,,,
2015041100100676,2015년 4월 11일 22시,토요일,경상북도 경주시 양남면,경상사고,0,0,3,2,차대차 - 기타,중앙선침범,건조,맑음,단일로 - 기타,승용,남,20세,부상신고,승용,여,21세,경상
2015041100100706,2015년 4월 11일 23시,토요일,경상북도 포항시 북구 동빈1가,중상사고,0,1,0,0,차대차 - 기타,안전운전불이행,건조,맑음,교차로 - 교차로안,승용,남,25세,상해없음,승용,남,43세,중상
2015041100100707,2015년 4월 11일 23시,토요일,경상북도 안동시 옥동,경상사고,0,0,2,0,차대차 - 기타,직진우회전진행방해,건조,맑음,교차로 - 교차로안,이륜,남,19세,경상,승용,남,40세,상해없음
2015041100100708,2015년 4월 11일 23시,토요일,경상북도 경산시 옥산동,경상사고,0,0,1,0,차량단독 - 공작물충돌,안전운전불이행,건조,맑음,교차로 - 교차로안,승용,남,51세,경상,,,,
2015041100100709,2015년 4월 11일 23시,토요일,경상북도 경산시 하양읍,중상사고,0,1,1,0,차대사람 - 기타,안전운전불이행,건조,맑음,교차로 - 교차로안,승용,남,41세,상해없음,보행자,남,53세,중상
2015041200100017,2015년 4월 12일 00시,일요일,경상북도 경주시 배동,중상사고,0,1,0,0,차량단독 - 공작물충돌,안전운전불이행,건조,맑음,단일로 - 기타,승용,남,32세,중상,,,,
2015041200100018,2015년 4월 12일 00시,일요일,경상북도 경산시 조영동,경상사고,0,0,1,0,차대사람 - 기타,안전운전불이행,건조,맑음,단일로 - 기타,승용,남,24세,상해없음,보행자,남,35세,경상
2015041200100019,2015년 4월 12일 00시,일요일,경상북도 포항시 남구 대도동,중상사고,0,1,0,0,차대사람 - 횡단중,안전운전불이행,건조,맑음,단일로 - 기타,승용,남,61세,상해없음,보행자,여,39세,중상
2015041200100079,2015년 4월 12일 04시,일요일,경상북도 안동시 태화동,중상사고,0,2,0,0,차대차 - 측면직각충돌,중앙선침범,건조,맑음,단일로 - 기타,승용,여,53세,상해없음,이륜,남,18세,중상
2015041200100094,2015년 4월 12일 06시,일요일,경상북도 구미시 임수동,부상신고사고,0,0,0,2,차대차 - 측면직각충돌,중앙선침범,건조,맑음,단일로 - 교량,승용,남,28세,부상신고,승용,남,26세,부상신고
2015041200100111,2015년 4월 12일 07시,일요일,경상북도 포항시 북구 죽도동,경상사고,0,0,1,0,차대차 - 기타,교차로운행방법위반,건조,맑음,교차로 - 교차로부근,건설기계,남,31세,기타불명,승용,여,53세,경상
2015041200100123,2015년 4월 12일 08시,일요일,경상북도 포항시 남구 청림동,경상사고,0,0,1,0,차대차 - 기타,안전운전불이행,건조,맑음,교차로 - 교차로부근,승용,남,54세,상해없음,이륜,남,41세,경상
2015041200100138,2015년 4월 12일 09시,일요일,경상북도 경주시 안강읍,중상사고,0,1,2,0,차대차 - 기타,안전운전불이행,건조,맑음,교차로 - 교차로안,승용,여,55세,상해없음,승용,남,60세,중상
2015041200100153,2015년 4월 12일 10시,일요일,경상북도 포항시 북구 장성동,경상사고,0,0,1,0,차대차 - 기타,안전운전불이행,건조,맑음,단일로 - 기타,승용,여,62세,상해없음,승용,남,32세,경상
2015041200100154,2015년 4월 12일 10시,일요일,경상북도 영주시 순흥면,경상사고,0,0,1,0,차대차 - 측면직각충돌,안전운전불이행,건조,맑음,기타 - 기타,화물,남,71세,상해없음,승용,여,50세,경상
2015041200100176,2015년 4월 12일 11시,일요일,경상북도 경주시 성동동,중상사고,0,1,0,0,차대차 - 기타,안전운전불이행,건조,맑음,단일로 - 기타,승합,남,55세,상해없음,승용,남,29세,상해없음
2015041200100177,2015년 4월 12일 11시,일요일,경상북도 영주시 가흥동,경상사고,0,0,1,0,차대차 - 추돌 - 진행중,안전운전불이행,건조,맑음,교차로 - 교차로안,승용,남,46세,상해없음,화물,남,46세,경상
2015041200100178,2015년 4월 12일 11시,일요일,경상북도 구미시 상모동,부상신고사고,0,0,0,1,차대차 - 정면충돌,안전운전불이행,건조,맑음,교차로 - 교차로안,자전거,남,14세,부상신고,승용,남,38세,상해없음
2015041200100206,2015년 4월 12일 12시,일요일,경상북도 영덕군 달산면,중상사고,0,1,0,0,차량단독 - 공작물충돌,안전운전불이행,건조,맑음,단일로 - 기타,화물,남,59세,중상,,,,
2015041200100238,2015년 4월 12일 13시,일요일,경상북도 포항시 북구 두호동,경상사고,0,0,1,0,차대차 - 기타,교차로운행방법위반,건조,맑음,교차로 - 교차로부근,승용,남,31세,기타불명,자전거,남,17세,경상
2015041200100239,2015년 4월 12일 13시,일요일,경상북도 영주시 가흥동,중상사고,0,4,0,0,차대차 - 측면직각충돌,안전운전불이행,건조,맑음,교차로 - 교차로안,승용,남,65세,상해없음,승용,여,33세,중상
2015041200100280,2015년 4월 12일 14시,일요일,경상북도 문경시 가은읍,중상사고,0,1,1,0,차대차 - 측면직각충돌,안전운전불이행,건조,맑음,교차로 - 교차로안,화물,남,71세,경상,승용,남,40세,중상
2015041200100310,2015년 4월 12일 15시,일요일,경상북도 포항시 북구 대흥동,경상사고,0,0,1,0,차대사람 - 차도통행중,안전운전불이행,건조,맑음,단일로 - 기타,승용,남,53세,상해없음,보행자,남,51세,경상
2015041200100311,2015년 4월 12일 15시,일요일,경상북도 안동시 옥동,중상사고,0,3,1,0,차대차 - 측면직각충돌,안전운전불이행,건조,맑음,교차로 - 교차로부근,승용,여,34세,상해없음,승합,남,51세,경상
2015041200100312,2015년 4월 12일 15시,일요일,경상북도 봉화군 석포면,경상사고,0,0,1,0,차대사람 - 기타,안전운전불이행,건조,맑음,교차로 - 교차로안,승용,남,32세,상해없음,보행자,여,74세,경상
2015041200100313,2015년 4월 12일 15시,일요일,경상북도 구미시 신동,중상사고,0,1,0,1,차량단독 - 공작물충돌,안전운전불이행,건조,맑음,단일로 - 기타,승합,남,22세,부상신고,,,,
2015041200100314,2015년 4월 12일 15시,일요일,경상북도 칠곡군 가산면,경상사고,0,0,6,1,차대차 - 추돌 - 주정차중,안전거리미확보,건조,맑음,단일로 - 터널,승용,여,24세,경상,화물,남,60세,경상
2015041200100337,2015년 4월 12일 16시,일요일,경상북도 경주시 배반동,중상사고,0,1,0,0,차대차 - 추돌 - 주정차중,안전운전불이행,건조,맑음,단일로 - 기타,이륜,여,24세,중상,승용,남,32세,상해없음
2015041200100338,2015년 4월 12일 16시,일요일,경상북도 포항시 북구 대신동,경상사고,0,0,2,0,차대차 - 기타,안전운전불이행,건조,맑음,단일로 - 기타,승용,남,59세,상해없음,승용,남,33세,경상
2015041200100339,2015년 4월 12일 16시,일요일,경상북도 포항시 북구 죽장면,중상사고,0,1,1,0,차대차 - 기타,중앙선침범,건조,맑음,단일로 - 기타,승용,남,57세,상해없음,원동기,남,42세,경상
2015041200100340,2015년 4월 12일 16시,일요일,경상북도 영덕군 강구면,경상사고,0,0,1,0,차대사람 - 기타,안전운전불이행,건조,맑음,단일로 - 기타,승합,남,66세,상해없음,보행자,남,53세,경상
2015041200100341,2015년 4월 12일 16시,일요일,경상북도 성주군 성주읍,경상사고,0,0,1,0,차대사람 - 횡단중,안전운전불이행,건조,맑음,교차로 - 교차로안,승용,여,58세,상해없음,보행자,남,5세,경상
2015041200100342,2015년 4월 12일 16시,일요일,경상북도 구미시 구평동,중상사고,0,1,0,0,차대차 - 기타,안전운전불이행,건조,맑음,단일로 - 횡단보도상,승용,여,36세,상해없음,자전거,남,10세,중상
2015041200100368,2015년 4월 12일 17시,일요일,경상북도 경주시 보문동,중상사고,0,1,1,0,차대차 - 기타,안전운전불이행,건조,흐림,단일로 - 기타,이륜,남,28세,상해없음,이륜,여,25세,중상
2015041200100369,2015년 4월 12일 17시,일요일,경상북도 칠곡군 동명면,경상사고,0,0,2,0,차대차 - 기타,기타,건조,흐림,단일로 - 기타,승용,여,34세,상해없음,이륜,남,36세,경상
2015041200100395,2015년 4월 12일 18시,일요일,경상북도 경주시 안강읍,부상신고사고,0,0,0,1,차대차 - 기타,안전운전불이행,건조,맑음,단일로 - 기타,기타불명,기타불명,기타불명,기타불명,자전거,남,15세,부상신고
2015041200100396,2015년 4월 12일 18시,일요일,경상북도 포항시 북구 장성동,경상사고,0,0,1,0,차대차 - 기타,안전운전불이행,건조,맑음,단일로 - 기타,승용,여,44세,상해없음,승용,남,31세,경상
2015041200100397,2015년 4월 12일 18시,일요일,경상북도 의성군 의성읍,경상사고,0,0,1,0,차대사람 - 기타,안전운전불이행,건조,맑음,단일로 - 기타,승용,남,51세,상해없음,보행자,남,54세,경상
2015041200100398,2015년 4월 12일 18시,일요일,경상북도 영천시 도림동,중상사고,0,1,1,0,차대차 - 측면직각충돌,중앙선침범,건조,맑음,단일로 - 기타,승용,남,67세,중상,화물,남,33세,경상
2015041200100430,2015년 4월 12일 19시,일요일,경상북도 포항시 북구 죽도동,경상사고,0,0,1,0,차대차 - 기타,신호위반,건조,맑음,단일로 - 기타,자전거,남,55세,경상,원동기,남,53세,상해없음
2015041200100431,2015년 4월 12일 19시,일요일,경상북도 영덕군 강구면,경상사고,0,0,1,0,차량단독 - 공작물충돌,안전운전불이행,건조,맑음,단일로 - 기타,승용,남,45세,경상,,,,
2015041200100464,2015년 4월 12일 20시,일요일,경상북도 경주시 노서동,부상신고사고,0,0,0,1,차대차 - 기타,안전운전불이행,건조,맑음,단일로 - 기타,자전거,남,48세,부상신고,승용,남,48세,상해없음
2015041200100465,2015년 4월 12일 20시,일요일,경상북도 칠곡군 가산면,경상사고,0,0,1,0,차대차 - 측면직각충돌,안전운전불이행,건조,흐림,단일로 - 기타,승합,남,54세,상해없음,승용,남,62세,경상
2015041200100466,2015년 4월 12일 20시,일요일,경상북도 울진군 근남면,중상사고,0,1,1,0,차대차 - 정면충돌,중앙선침범,건조,맑음,단일로 - 기타,화물,남,30세,경상,승용,여,45세,중상
2015041200100498,2015년 4월 12일 21시,일요일,경상북도 경주시 현곡면,중상사고,0,1,0,0,차대차 - 추돌 - 진행중,안전운전불이행,건조,흐림,단일로 - 기타,승용,남,43세,상해없음,자전거,남,16세,중상
2015041200100499,2015년 4월 12일 21시,일요일,경상북도 경주시 황성동,경상사고,0,0,2,0,차대차 - 기타,안전운전불이행,습기,비,교차로 - 교차로안,승용,여,52세,경상,승용,남,36세,경상
2015041200100500,2015년 4월 12일 21시,일요일,경상북도 포항시 남구 오천읍,경상사고,0,0,1,0,차대차 - 기타,안전운전불이행,건조,맑음,단일로 - 기타,승용,여,25세,상해없음,이륜,남,20세,경상
2015041200100521,2015년 4월 12일 22시,일요일,경상북도 경산시 하양읍,경상사고,0,0,1,0,차대차 - 기타,안전거리미확보,습기,비,단일로 - 기타,승용,남,25세,상해없음,승용,여,25세,경상
2015041200100538,2015년 4월 12일 23시,일요일,경상북도 안동시 태화동,경상사고,0,0,1,0,차대차 - 추돌 - 주정차중,안전운전불이행,건조,맑음,단일로 - 기타,승용,남,51세,상해없음,승용,남,32세,기타불명
2015041200100539,2015년 4월 12일 23시,일요일,경상북도 안동시 용상동,경상사고,0,0,1,0,차대차 - 측면직각충돌,신호위반,습기,흐림,교차로 - 교차로안,승용,여,55세,상해없음,승용,남,28세,경상
2015041200100540,2015년 4월 12일 23시,일요일,경상북도 영주시 휴천동,경상사고,0,0,1,0,차대사람 - 길가장자리구역통행중,안전운전불이행,건조,맑음,단일로 - 기타,승용,남,22세,상해없음,보행자,남,29세,경상
2015041300100016,2015년 4월 13일 00시,월요일,경상북도 안동시 수하동,경상사고,0,0,1,0,차대차 - 추돌 - 주정차중,안전운전불이행,건조,맑음,단일로 - 기타,원동기,남,50세,경상,화물,남,51세,상해없음
2015041300100048,2015년 4월 13일 05시,월요일,경상북도 포항시 북구 두호동,중상사고,0,1,0,0,차대사람 - 기타,안전운전불이행,습기,비,교차로 - 교차로부근,승용,남,57세,상해없음,보행자,남,66세,중상
2015041300100071,2015년 4월 13일 07시,월요일,경상북도 포항시 북구 장성동,중상사고,0,1,0,0,차대차 - 기타,교차로운행방법위반,건조,맑음,교차로 - 교차로안,승용,여,40세,상해없음,승용,여,43세,중상
2015041300100165,2015년 4월 13일 10시,월요일,경상북도 의성군 다인면,중상사고,0,1,0,0,차대차 - 측면직각충돌,안전운전불이행,건조,흐림,단일로 - 기타,화물,남,63세,상해없음,화물,남,58세,중상
2015041300100193,2015년 4월 13일 11시,월요일,경상북도 경산시 임당동,중상사고,0,1,1,0,차대차 - 기타,안전운전불이행,건조,맑음,교차로 - 교차로안,승용,여,46세,경상,화물,남,29세,중상
2015041300100194,2015년 4월 13일 11시,월요일,경상북도 예천군 예천읍,중상사고,0,1,0,0,차대차 - 측면직각충돌,안전운전불이행,건조,흐림,단일로 - 기타,이륜,남,76세,중상,건설기계,남,58세,상해없음
2015041300100242,2015년 4월 13일 13시,월요일,경상북도 경주시 황오동,중상사고,0,1,0,0,차대사람 - 기타,안전운전불이행,습기,비,단일로 - 기타,승용,남,22세,상해없음,보행자,여,71세,중상
2015041300100266,2015년 4월 13일 14시,월요일,경상북도 안동시 풍산읍,부상신고사고,0,0,0,1,차량단독 - 도로외이탈 - 추락,안전운전불이행,건조,맑음,단일로 - 기타,원동기,남,66세,부상신고,,,,
2015041300100295,2015년 4월 13일 15시,월요일,경상북도 경주시 외동읍,경상사고,0,0,1,0,차대차 - 기타,안전운전불이행,습기,비,단일로 - 기타,화물,남,59세,상해없음,승용,남,24세,경상
2015041300100296,2015년 4월 13일 15시,월요일,경상북도 안동시 용상동,경상사고,0,0,1,0,차대차 - 기타,안전운전불이행,건조,맑음,단일로 - 기타,화물,남,29세,상해없음,자전거,남,11세,경상
2015041300100339,2015년 4월 13일 16시,월요일,경상북도 경주시 현곡면,경상사고,0,0,1,0,차대사람 - 기타,기타,습기,비,단일로 - 기타,승용,여,58세,상해없음,보행자,여,8세,경상
2015041300100376,2015년 4월 13일 17시,월요일,경상북도 포항시 북구 장성동,경상사고,0,0,1,0,차대차 - 기타,교차로운행방법위반,습기,비,교차로 - 교차로안,승용,남,52세,상해없음,승용,남,63세,경상
2015041300100377,2015년 4월 13일 17시,월요일,경상북도 영주시 안정면,중상사고,0,2,1,0,차대차 - 정면충돌,안전운전불이행,건조,맑음,단일로 - 기타,화물,남,57세,중상,화물,남,74세,경상
2015041300100378,2015년 4월 13일 17시,월요일,경상북도 경산시 중방동,경상사고,0,0,1,0,차대차 - 기타,안전운전불이행,습기,비,단일로 - 기타,이륜,남,24세,경상,승용,남,66세,상해없음
2015041300100379,2015년 4월 13일 17시,월요일,경상북도 군위군 효령면,경상사고,0,0,1,0,차대차 - 측면직각충돌,직진우회전진행방해,습기,비,교차로 - 교차로안,승용,여,33세,상해없음,화물,남,49세,경상
2015041300100380,2015년 4월 13일 17시,월요일,경상북도 영양군 영양읍,경상사고,0,0,1,0,차대사람 - 횡단중,안전운전불이행,습기,비,교차로 - 교차로안,승용,남,55세,상해없음,보행자,여,7세,경상
2015041300100381,2015년 4월 13일 17시,월요일,경상북도 포항시 남구 오천읍,경상사고,0,0,1,0,차대사람 - 기타,안전운전불이행,습기,비,단일로 - 기타,화물,여,46세,상해없음,보행자,남,14세,경상
2015041300100418,2015년 4월 13일 18시,월요일,경상북도 안동시 송현동,경상사고,0,0,1,0,차대차 - 기타,안전거리미확보,건조,맑음,단일로 - 기타,승합,남,48세,상해없음,승용,여,26세,경상
2015041300100419,2015년 4월 13일 18시,월요일,경상북도 구미시 원평동,중상사고,0,1,0,0,차대사람 - 횡단중,보행자보호의무위반,건조,흐림,교차로 - 교차로부근,승용,여,40세,상해없음,보행자,여,45세,중상
2015041300100420,2015년 4월 13일 18시,월요일,경상북도 포항시 남구 청림동,중상사고,0,1,0,1,차대차 - 측면직각충돌,안전거리미확보,습기,비,교차로 - 교차로부근,건설기계,남,54세,상해없음,승합,남,52세,중상
2015041300100421,2015년 4월 13일 18시,월요일,경상북도 포항시 남구 대잠동,경상사고,0,0,1,0,차대차 - 정면충돌,중앙선침범,습기,비,교차로 - 교차로부근,승용,남,33세,상해없음,승용,남,41세,경상
2015041300100464,2015년 4월 13일 19시,월요일,경상북도 영주시 하망동,경상사고,0,0,1,0,차대사람 - 횡단중,보행자보호의무위반,건조,흐림,단일로 - 횡단보도상,승용,남,58세,상해없음,보행자,여,45세,경상
2015041300100465,2015년 4월 13일 19시,월요일,경상북도 영덕군 강구면,경상사고,0,0,1,0,차대차 - 추돌 - 진행중,안전운전불이행,습기,비,단일로 - 기타,화물,남,42세,상해없음,승용,여,52세,경상
2015041300100466,2015년 4월 13일 19시,월요일,경상북도 구미시 원평동,경상사고,0,0,1,1,차대차 - 기타,신호위반,습기,비,교차로 - 교차로안,승용,여,38세,부상신고,승용,여,46세,경상
2015041300100467,2015년 4월 13일 19시,월요일,경상북도 구미시 광평동,중상사고,0,1,0,0,차대차 - 측면직각충돌,안전거리미확보,건조,맑음,단일로 - 기타,승용,남,60세,상해없음,이륜,남,29세,중상
2015041300100468,2015년 4월 13일 19시,월요일,경상북도 구미시 도량동,부상신고사고,0,0,0,1,차대차 - 기타,안전운전불이행,건조,맑음,단일로 - 기타,승용,여,44세,상해없음,이륜,남,17세,부상신고
2015041300100469,2015년 4월 13일 19시,월요일,경상북도 칠곡군 석적읍,경상사고,0,0,2,0,차대차 - 측면직각충돌,안전운전불이행,건조,맑음,단일로 - 기타,화물,남,55세,경상,승합,남,54세,상해없음
2015041300100506,2015년 4월 13일 20시,월요일,경상북도 포항시 북구 죽도동,경상사고,0,0,1,0,차대사람 - 기타,안전운전불이행,건조,맑음,단일로 - 기타,원동기,남,20세,상해없음,보행자,남,44세,경상
2015041300100507,2015년 4월 13일 20시,월요일,경상북도 구미시 봉곡동,부상신고사고,0,0,0,1,차대차 - 측면직각충돌,안전거리미확보,습기,비,교차로 - 교차로부근,승용,남,46세,상해없음,이륜,남,19세,부상신고