사고번호,사고일시,요일,시군구,사고내용,사망자수,중상자수,경상자수,부상신고자수,사고유형,법규위반,노면상태,기상상태,도로형태,가해운전자 차종,가해운전자 성별,가해운전자 연령,가해운전자 상해정도,피해운전자 차종,피해운전자 성별,피해운전자 연령,피해운전자 상해정도
2015041600100524,2015년 4월 16일 20시,목요일,경상북도 포항시 북구 흥해읍,경상사고,0,0,2,0,차대차 - 기타,안전거리미확보,습기,비,단일로 - 기타,승용,남,58세,상해없음,화물,여,47세,경상
2015041600100525,2015년 4월 16일 20시,목요일,경상북도 구미시 진평동,경상사고,0,0,1,0,차대차 - 측면직각충돌,신호위반,건조,맑음,교차로 - 교차로안,승용,남,31세,기타불명,이륜,남,21세,경상
2015041600100549,2015년 4월 16일 21시,목요일,경상북도 김천시 남산동,경상사고,0,0,1,0,차대차 - 측면직각충돌,안전운전불이행,건조,맑음,단일로 - 기타,승용,남,60세,상해없음,승용,남,60세,상해없음
2015041600100550,2015년 4월 16일 21시,목요일,경상북도 영주시 가흥동,중상사고,0,1,0,0,차량단독 - 전도전복,안전운전불이행,건조,맑음,단일로 - 기타,승용,여,44세,중상,,,,
2015041600100551,2015년 4월 16일 21시,목요일,경상북도 성주군 초전면,경상사고,0,0,1,0,차대차 - 추돌 - 주정차중,안전운전불이행,건조,흐림,기타 - 기타,승합,남,39세,상해없음,화물,남,48세,상해없음
2015041600100581,2015년 4월 16일 22시,목요일,경상북도 포항시 북구 죽도동,중상사고,0,1,0,0,차대사람 - 횡단중,안전운전불이행,건조,맑음,단일로 - 기타,승용,여,50세,상해없음,보행자,여,36세,중상
2015041600100582,2015년 4월 16일 22시,목요일,경상북도 영덕군 강구면,중상사고,0,1,0,0,차대사람 - 기타,안전운전불이행,건조,맑음,교차로 - 교차로안,승용,남,50세,상해없음,보행자,남,54세,중상
2015041600100583,2015년 4월 16일 22시,목요일,경상북도 포항시 남구 오천읍,중상사고,0,1,0,0,차대차 - 기타,직진우회전진행방해,건조,맑음,교차로 - 교차로안,화물,남,31세,상해없음,승용,남,69세,중상
2015041600100606,2015년 4월 16일 23시,목요일,경상북도 포항시 북구 용흥동,부상신고사고,0,0,0,1,차대차 - 기타,안전운전불이행,건조,맑음,단일로 - 기타,승용,남,22세,상해없음,승용,남,68세,부상신고
2015041700100046,2015년 4월 17일 03시,금요일,경상북도 포항시 남구 오천읍,중상사고,0,1,0,0,차대차 - 측면직각충돌,중앙선침범,건조,맑음,교차로 - 교차로부근,이륜,남,79세,중상,화물,남,54세,상해없음
2015041700100069,2015년 4월 17일 06시,금요일,경상북도 포항시 남구 이동,경상사고,0,0,1,0,차대차 - 측면직각충돌,안전운전불이행,건조,맑음,교차로 - 교차로부근,화물,남,60세,상해없음,승용,남,50세,경상
2015041700100088,2015년 4월 17일 07시,금요일,경상북도 경주시 성동동,경상사고,0,0,1,0,차대사람 - 기타,안전운전불이행,건조,맑음,단일로 - 기타,승용,여,49세,상해없음,보행자,남,62세,경상
2015041700100141,2015년 4월 17일 08시,금요일,경상북도 포항시 북구 청하면,경상사고,0,0,1,0,차대차 - 기타,안전거리미확보,건조,맑음,단일로 - 기타,승용,여,43세,상해없음,원동기,남,65세,경상
2015041700100142,2015년 4월 17일 08시,금요일,경상북도 포항시 북구 용흥동,중상사고,0,1,2,0,차대차 - 기타,안전운전불이행,건조,맑음,단일로 - 기타,승용,여,37세,상해없음,승용,여,48세,경상
2015041700100143,2015년 4월 17일 08시,금요일,경상북도 상주시 남성동,부상신고사고,0,0,0,1,차대차 - 추돌 - 주정차중,안전운전불이행,건조,맑음,단일로 - 기타,이륜,남,82세,부상신고,승용,남,42세,상해없음
2015041700100144,2015년 4월 17일 08시,금요일,경상북도 영주시 가흥동,중상사고,0,1,0,0,차대차 - 측면직각충돌,안전운전불이행,건조,맑음,교차로 - 교차로안,화물,남,39세,상해없음,승용,남,55세,중상
2015041700100145,2015년 4월 17일 08시,금요일,경상북도 구미시 장천면,경상사고,0,0,1,0,차대차 - 기타,교차로운행방법위반,건조,맑음,교차로 - 교차로안,승용,남,44세,상해없음,승용,남,32세,경상
2015041700100194,2015년 4월 17일 09시,금요일,경상북도 상주시 신봉동,경상사고,0,0,1,0,차대차 - 기타,신호위반,건조,맑음,교차로 - 교차로부근,자전거,남,79세,경상,승용,여,41세,상해없음
2015041700100195,2015년 4월 17일 09시,금요일,경상북도 의성군 봉양면,경상사고,0,0,1,0,차대차 - 기타,교차로운행방법위반,건조,맑음,교차로 - 교차로부근,승용,여,60세,상해없음,자전거,여,76세,경상
2015041700100196,2015년 4월 17일 09시,금요일,경상북도 경산시 진량읍,경상사고,0,0,2,0,차대차 - 기타,안전운전불이행,건조,맑음,단일로 - 기타,화물,남,60세,상해없음,승용,남,32세,경상
2015041700100237,2015년 4월 17일 10시,금요일,경상북도 경주시 황성동,중상사고,0,1,0,0,차대차 - 기타,안전운전불이행,기타,맑음,교차로 - 교차로안,승용,남,31세,상해없음,원동기,남,31세,중상
2015041700100238,2015년 4월 17일 10시,금요일,경상북도 울진군 울진읍,경상사고,0,0,1,0,차대차 - 기타,안전운전불이행,건조,맑음,단일로 - 기타,화물,남,54세,상해없음,원동기,여,56세,경상
2015041700100267,2015년 4월 17일 11시,금요일,경상북도 포항시 남구 오천읍,경상사고,0,0,1,0,차대차 - 측면직각충돌,안전운전불이행,건조,맑음,교차로 - 교차로안,화물,여,45세,상해없음,승용,남,37세,경상
2015041700100294,2015년 4월 17일 12시,금요일,경상북도 고령군 다산면,중상사고,0,1,0,0,차대차 - 측면직각충돌,교차로운행방법위반,건조,맑음,교차로 - 교차로안,승용,여,35세,상해없음,이륜,남,55세,중상
2015041700100295,2015년 4월 17일 12시,금요일,경상북도 군위군 군위읍,중상사고,0,1,1,0,차대차 - 측면직각충돌,기타,건조,맑음,교차로 - 교차로안,승합,남,40세,상해없음,승용,여,32세,중상
2015041700100314,2015년 4월 17일 13시,금요일,경상북도 청도군 각남면,경상사고,0,0,1,0,차대차 - 측면직각충돌,안전운전불이행,건조,맑음,단일로 - 기타,농기계,남,80세,경상,화물,남,58세,상해없음
2015041700100315,2015년 4월 17일 13시,금요일,경상북도 성주군 용암면,경상사고,0,0,2,0,차대차 - 측면직각충돌,교차로운행방법위반,건조,맑음,교차로 - 교차로안,화물,남,78세,경상,화물,남,37세,경상
2015041700100348,2015년 4월 17일 14시,금요일,경상북도 포항시 북구 우현동,경상사고,0,0,3,0,차대차 - 측면직각충돌,신호위반,건조,맑음,교차로 - 교차로안,승용,남,67세,상해없음,승용,남,64세,경상
2015041700100349,2015년 4월 17일 14시,금요일,경상북도 영주시 풍기읍,경상사고,0,0,1,0,차대차 - 측면직각충돌,안전운전불이행,건조,맑음,교차로 - 교차로안,원동기,남,23세,경상,승용,남,22세,상해없음
2015041700100350,2015년 4월 17일 14시,금요일,경상북도 상주시 낙동면,경상사고,0,0,2,0,차대차 - 추돌 - 주정차중,안전운전불이행,건조,맑음,단일로 - 기타,승합,남,28세,상해없음,승용,남,46세,상해없음
2015041700100440,2015년 4월 17일 16시,금요일,경상북도 영천시 화룡동,경상사고,0,0,1,0,차대차 - 추돌 - 진행중,안전운전불이행,건조,맑음,교차로 - 교차로부근,이륜,남,72세,경상,승용,여,62세,상해없음
2015041700100441,2015년 4월 17일 16시,금요일,경상북도 경산시 중방동,중상사고,0,1,1,0,차대차 - 기타,교차로운행방법위반,건조,맑음,교차로 - 교차로안,승용,남,48세,경상,승용,여,49세,중상
2015041700100442,2015년 4월 17일 16시,금요일,경상북도 구미시 진평동,중상사고,0,1,0,0,차대차 - 기타,신호위반,건조,맑음,교차로 - 교차로안,승용,남,20세,상해없음,이륜,남,16세,중상
2015041700100443,2015년 4월 17일 16시,금요일,경상북도 포항시 남구 연일읍,경상사고,0,0,1,0,차대차 - 기타,안전운전불이행,건조,맑음,교차로 - 교차로안,자전거,남,61세,경상,승용,남,62세,상해없음
2015041700100485,2015년 4월 17일 17시,금요일,경상북도 김천시 율곡동,중상사고,0,1,0,0,차대차 - 측면직각충돌,안전운전불이행,건조,맑음,단일로 - 기타,승용,남,35세,상해없음,승용,남,42세,중상
2015041700100486,2015년 4월 17일 17시,금요일,경상북도 포항시 남구 인덕동,부상신고사고,0,0,0,1,차대차 - 기타,안전운전불이행,건조,맑음,단일로 - 기타,화물,남,38세,상해없음,이륜,남,64세,부상신고
2015041700100487,2015년 4월 17일 17시,금요일,경상북도 포항시 남구 오천읍,경상사고,0,0,1,0,차대사람 - 기타,안전운전불이행,건조,맑음,단일로 - 기타,승합,남,48세,상해없음,보행자,여,52세,경상
2015041700100488,2015년 4월 17일 17시,금요일,경상북도 구미시 옥성면,중상사고,0,2,6,0,차대차 - 추돌 - 주정차중,안전운전불이행,건조,맑음,단일로 - 기타,승용,남,38세,상해없음,승용,남,33세,경상
2015041700100535,2015년 4월 17일 18시,금요일,경상북도 포항시 북구 양덕동,경상사고,0,0,1,0,차대차 - 기타,안전거리미확보,건조,맑음,단일로 - 기타,승용,남,32세,상해없음,자전거,남,41세,경상
2015041700100536,2015년 4월 17일 18시,금요일,경상북도 포항시 북구 죽도동,경상사고,0,0,1,0,차대사람 - 기타,보행자보호의무위반,건조,맑음,교차로 - 교차로부근,화물,기타불명,기타불명,기타불명,보행자,남,61세,경상
2015041700100537,2015년 4월 17일 18시,금요일,경상북도 칠곡군 왜관읍,부상신고사고,0,0,0,1,차량단독 - 전도전복,안전운전불이행,건조,맑음,단일로 - 기타,이륜,남,62세,부상신고,,,,
2015041700100538,2015년 4월 17일 18시,금요일,경상북도 영천시 완산동,경상사고,0,0,1,0,차대차 - 측면직각충돌,교차로운행방법위반,건조,맑음,교차로 - 교차로안,화물,남,51세,상해없음,화물,남,49세,경상
2015041700100539,2015년 4월 17일 18시,금요일,경상북도 울진군 울진읍,중상사고,0,1,0,0,차대차 - 기타,안전운전불이행,건조,맑음,교차로 - 교차로안,승용,여,34세,상해없음,자전거,남,76세,중상
2015041700100540,2015년 4월 17일 18시,금요일,경상북도 포항시 남구 해도동,중상사고,0,1,0,0,차대차 - 측면직각충돌,안전운전불이행,건조,맑음,교차로 - 교차로부근,승용,남,54세,상해없음,자전거,남,63세,중상
2015041700100541,2015년 4월 17일 18시,금요일,경상북도 구미시 선산읍,중상사고,0,1,2,0,차대차 - 추돌 - 진행중,안전거리미확보,건조,맑음,단일로 - 기타,화물,남,50세,경상,승용,여,33세,경상
2015041700100581,2015년 4월 17일 19시,금요일,경상북도 안동시 송현동,중상사고,0,2,1,0,차대차 - 기타,안전운전불이행,건조,맑음,단일로 - 기타,승용,남,50세,상해없음,승용,남,32세,중상
2015041700100582,2015년 4월 17일 19시,금요일,경상북도 칠곡군 왜관읍,중상사고,0,1,0,0,차대사람 - 기타,안전운전불이행,건조,맑음,단일로 - 기타,승합,남,61세,상해없음,보행자,여,5세,중상
2015041700100616,2015년 4월 17일 20시,금요일,경상북도 칠곡군 북삼읍,중상사고,0,1,0,0,차대차 - 기타,신호위반,건조,맑음,교차로 - 교차로안,승용,남,57세,상해없음,승용,남,30세,중상
2015041700100617,2015년 4월 17일 20시,금요일,경상북도 영천시 봉동,경상사고,0,0,1,0,차대차 - 추돌 - 진행중,안전운전불이행,건조,맑음,단일로 - 기타,승용,여,27세,상해없음,승용,남,31세,경상
2015041700100650,2015년 4월 17일 21시,금요일,경상북도 포항시 북구 죽도동,중상사고,0,1,0,0,차대차 - 기타,안전운전불이행,건조,맑음,단일로 - 기타,승용,남,45세,상해없음,원동기,남,26세,중상
2015041700100651,2015년 4월 17일 21시,금요일,경상북도 안동시 와룡면,경상사고,0,0,2,0,차대차 - 기타,교차로운행방법위반,건조,맑음,단일로 - 횡단보도부근,화물,남,37세,상해없음,승용,남,26세,경상
2015041700100683,2015년 4월 17일 22시,금요일,경상북도 안동시 옥동,경상사고,0,0,1,0,차대차 - 기타,중앙선침범,건조,맑음,교차로 - 교차로부근,승용,남,55세,상해없음,이륜,남,17세,경상
2015041700100684,2015년 4월 17일 22시,금요일,경상북도 안동시 정하동,부상신고사고,0,0,0,1,차대차 - 기타,안전운전불이행,건조,맑음,단일로 - 기타,이륜,남,19세,부상신고,승용,남,63세,상해없음
2015041700100685,2015년 4월 17일 22시,금요일,경상북도 경산시 중산동,경상사고,0,0,2,0,차대차 - 기타,안전운전불이행,건조,맑음,교차로 - 교차로부근,승용,남,28세,상해없음,승용,남,22세,경상
2015041800100024,2015년 4월 18일 00시,토요일,경상북도 칠곡군 석적읍,경상사고,0,0,1,0,차대차 - 측면직각충돌,직진우회전진행방해,건조,맑음,교차로 - 교차로안,화물,남,39세,상해없음,승용,남,30세,경상
2015041800100025,2015년 4월 18일 00시,토요일,경상북도 포항시 남구 해도동,중상사고,0,2,0,0,차대차 - 기타,신호위반,건조,맑음,교차로 - 교차로안,승용,남,22세,상해없음,승용,남,50세,중상
2015041800100051,2015년 4월 18일 01시,토요일,경상북도 포항시 북구 죽도동,경상사고,0,0,1,0,차대차 - 기타,교차로운행방법위반,건조,맑음,교차로 - 교차로안,승용,여,42세,기타불명,승용,남,60세,상해없음
2015041800100052,2015년 4월 18일 01시,토요일,경상북도 경산시 사정동,중상사고,0,1,0,1,차대차 - 기타,직진우회전진행방해,건조,맑음,단일로 - 기타,승용,남,56세,상해없음,승용,남,47세,중상
2015041800100053,2015년 4월 18일 01시,토요일,경상북도 포항시 남구 호미곶면,중상사고,0,1,1,0,차대사람 - 기타,안전운전불이행,건조,맑음,단일로 - 기타,승용,남,72세,상해없음,보행자,남,34세,중상
2015041800100069,2015년 4월 18일 02시,토요일,경상북도 경산시 정평동,사망사고,2,2,0,0,차대차 - 측면직각충돌,신호위반,건조,맑음,교차로 - 교차로안,원동기,남,18세,사망,이륜,남,34세,중상
2015041800100070,2015년 4월 18일 02시,토요일,경상북도 경산시 계양동,경상사고,0,0,1,0,차대차 - 기타,안전운전불이행,습기,비,단일로 - 기타,승용,남,55세,상해없음,이륜,남,34세,경상
2015041800100100,2015년 4월 18일 04시,토요일,경상북도 경주시 천북면,경상사고,0,0,1,0,차대차 - 기타,안전운전불이행,건조,맑음,단일로 - 기타,화물,남,52세,상해없음,승용,남,62세,경상
2015041800100126,2015년 4월 18일 06시,토요일,경상북도 경산시 자인면,경상사고,0,0,3,0,차대차 - 기타,중앙선침범,건조,맑음,교차로 - 교차로안,화물,남,34세,상해없음,화물,남,59세,경상
2015041800100147,2015년 4월 18일 07시,토요일,경상북도 경주시 용강동,중상사고,0,1,0,0,차대사람 - 횡단중,안전운전불이행,건조,맑음,단일로 - 기타,승용,여,30세,상해없음,보행자,남,37세,중상
2015041800100148,2015년 4월 18일 07시,토요일,경상북도 문경시 공평동,중상사고,0,1,1,0,차대차 - 정면충돌,중앙선침범,건조,맑음,교차로 - 교차로부근,화물,남,64세,상해없음,화물,남,43세,중상
2015041800100149,2015년 4월 18일 07시,토요일,경상북도 경산시 진량읍,경상사고,0,0,1,0,차대차 - 추돌 - 진행중,중앙선침범,건조,맑음,단일로 - 기타,승용,남,30세,상해없음,화물,남,62세,경상
2015041800100150,2015년 4월 18일 07시,토요일,경상북도 포항시 남구 대도동,중상사고,0,1,0,0,차대사람 - 차도통행중,안전운전불이행,건조,맑음,단일로 - 기타,승용,여,53세,상해없음,보행자,남,69세,중상
2015041800100175,2015년 4월 18일 08시,토요일,경상북도 경주시 동천동,경상사고,0,0,1,0,차대차 - 기타,안전운전불이행,건조,맑음,교차로 - 교차로안,승용,여,25세,상해없음,화물,남,63세,경상
2015041800100176,2015년 4월 18일 08시,토요일,경상북도 구미시 황상동,중상사고,0,1,1,0,차대차 - 측면직각충돌,안전운전불이행,건조,맑음,교차로 - 교차로안,승용,남,25세,상해없음,승용,여,41세,경상
2015041800100204,2015년 4월 18일 09시,토요일,경상북도 영천시 완산동,경상사고,0,0,2,0,차대차 - 추돌 - 진행중,안전운전불이행,건조,맑음,단일로 - 기타,승용,여,45세,상해없음,승용,남,35세,경상
2015041800100230,2015년 4월 18일 10시,토요일,경상북도 고령군 다산면,중상사고,0,1,0,0,차대차 - 측면직각충돌,중앙선침범,건조,맑음,단일로 - 기타,자전거,남,72세,중상,승용,남,70세,상해없음
2015041800100299,2015년 4월 18일 12시,토요일,경상북도 경주시 양북면,경상사고,0,0,1,0,차대차 - 기타,안전운전불이행,건조,맑음,교차로 - 교차로부근,승용,남,48세,상해없음,승용,남,45세,경상
2015041800100300,2015년 4월 18일 12시,토요일,경상북도 상주시 계산동,부상신고사고,0,0,0,1,차량단독 - 공작물충돌,안전운전불이행,건조,맑음,단일로 - 기타,이륜,남,57세,부상신고,,,,
2015041800100301,2015년 4월 18일 12시,토요일,경상북도 포항시 남구 대도동,중상사고,0,1,1,0,차대사람 - 길가장자리구역통행중,안전운전불이행,건조,맑음,교차로 - 교차로안,승용,여,28세,상해없음,보행자,여,59세,경상
2015041800100368,2015년 4월 18일 14시,토요일,경상북도 안동시 와룡면,경상사고,0,0,2,0,차대차 - 기타,안전운전불이행,건조,맑음,단일로 - 기타,승용,여,54세,상해없음,승용,여,48세,경상
2015041800100369,2015년 4월 18일 14시,토요일,경상북도 구미시 구평동,중상사고,0,1,0,0,차대차 - 측면직각충돌,안전운전불이행,건조,맑음,단일로 - 기타,자전거,남,16세,중상,승용,남,55세,상해없음
2015041800100404,2015년 4월 18일 15시,토요일,경상북도 경산시 진량읍,중상사고,0,1,0,0,차대차 - 기타,안전운전불이행,건조,흐림,교차로 - 교차로안,화물,남,50세,상해없음,승용,남,60세,중상
2015041800100405,2015년 4월 18일 15시,토요일,경상북도 구미시 인의동,경상사고,0,0,1,0,차대차 - 측면직각충돌,안전운전불이행,건조,맑음,교차로 - 교차로부근,승용,여,23세,상해없음,승용,남,48세,경상
2015041800100432,2015년 4월 18일 16시,토요일,경상북도 상주시 서문동,중상사고,0,1,1,0,차대차 - 기타,교차로운행방법위반,건조,맑음,교차로 - 교차로안,승용,남,66세,상해없음,승용,여,44세,중상
2015041800100433,2015년 4월 18일 16시,토요일,경상북도 구미시 공단동,부상신고사고,0,0,0,1,차량단독 - 공작물충돌,안전운전불이행,건조,맑음,단일로 - 기타,승용,남,26세,부상신고,,,,
2015041800100469,2015년 4월 18일 17시,토요일,경상북도 안동시 옥동,경상사고,0,0,1,0,차대차 - 추돌 - 진행중,안전거리미확보,건조,맑음,단일로 - 기타,화물,남,59세,상해없음,승용,남,50세,경상
2015041800100470,2015년 4월 18일 17시,토요일,경상북도 영천시 신령면,경상사고,0,0,2,0,차대차 - 추돌 - 진행중,안전운전불이행,건조,맑음,단일로 - 기타,화물,남,47세,상해없음,승용,남,55세,상해없음
2015041800100471,2015년 4월 18일 17시,토요일,경상북도 경산시 하양읍,경상사고,0,0,3,0,차대차 - 기타,안전운전불이행,건조,흐림,단일로 - 기타,승용,여,36세,경상,승용,여,45세,상해없음
2015041800100472,2015년 4월 18일 17시,토요일,경상북도 포항시 남구 효자동,경상사고,0,0,1,0,차대차 - 기타,안전운전불이행,건조,흐림,단일로 - 기타,승용,남,42세,상해없음,원동기,남,33세,경상
2015041800100507,2015년 4월 18일 18시,토요일,경상북도 경주시 강동면,중상사고,0,1,1,0,차대차 - 기타,안전운전불이행,건조,맑음,교차로 - 교차로안,농기계,남,71세,중상,승용,여,54세,경상
2015041800100508,2015년 4월 18일 18시,토요일,경상북도 경주시 시래동,경상사고,0,0,1,0,차대차 - 기타,안전운전불이행,건조,맑음,단일로 - 기타,승용,남,36세,상해없음,원동기,남,32세,경상
2015041800100509,2015년 4월 18일 18시,토요일,경상북도 경주시 양남면,중상사고,0,1,0,0,차대사람 - 길가장자리구역통행중,안전운전불이행,건조,맑음,단일로 - 기타,승용,여,53세,상해없음,보행자,남,3세,중상
2015041800100510,2015년 4월 18일 18시,토요일,경상북도 포항시 북구 장성동,경상사고,0,0,1,0,차대차 - 기타,안전운전불이행,건조,맑음,단일로 - 기타,승용,남,53세,상해없음,원동기,남,22세,경상
2015041800100511,2015년 4월 18일 18시,토요일,경상북도 경산시 하양읍,중상사고,0,1,0,0,차대사람 - 기타,안전운전불이행,건조,맑음,단일로 - 기타,승용,남,62세,상해없음,보행자,여,20세,중상
2015041800100512,2015년 4월 18일 18시,토요일,경상북도 포항시 남구 인덕동,경상사고,0,0,1,0,차대차 - 기타,교차로운행방법위반,건조,맑음,교차로 - 교차로안,승용,남,32세,상해없음,승용,남,53세,경상
2015041800100513,2015년 4월 18일 18시,토요일,경상북도 구미시 신평동,중상사고,0,2,5,0,차대차 - 추돌 - 진행중,안전운전불이행,건조,맑음,단일로 - 기타,승용,남,31세,상해없음,승합,여,59세,중상
2015041800100544,2015년 4월 18일 19시,토요일,경상북도 영주시 가흥동,경상사고,0,0,1,0,차대차 - 기타,안전운전불이행,건조,맑음,단일로 - 기타,승용,남,44세,상해없음,자전거,남,61세,경상
2015041800100545,2015년 4월 18일 19시,토요일,경상북도 포항시 남구 오천읍,경상사고,0,0,2,1,차대차 - 추돌 - 주정차중,안전운전불이행,건조,맑음,단일로 - 기타,승용,남,36세,상해없음,승용,남,30세,경상
2015041800100585,2015년 4월 18일 20시,토요일,경상북도 경산시 삼풍동,경상사고,0,0,1,0,차대차 - 기타,교차로운행방법위반,습기,비,교차로 - 교차로안,승용,남,24세,상해없음,이륜,남,20세,경상
2015041800100586,2015년 4월 18일 20시,토요일,경상북도 성주군 선남면,사망사고,1,0,0,0,차대사람 - 횡단중,안전운전불이행,습기,비,기타 - 기타,승용,남,78세,상해없음,보행자,여,85세,사망
2015041800100587,2015년 4월 18일 20시,토요일,경상북도 포항시 남구 대잠동,경상사고,0,0,1,0,차대차 - 기타,안전운전불이행,건조,흐림,교차로 - 교차로부근,자전거,남,36세,경상,승용,남,46세,상해없음
2015041800100615,2015년 4월 18일 21시,토요일,경상북도 포항시 북구 학산동,경상사고,0,0,1,0,차대차 - 기타,안전운전불이행,습기,비,단일로 - 기타,자전거,남,58세,경상,승용,여,51세,상해없음
2015041800100679,2015년 4월 18일 23시,토요일,경상북도 영주시 휴천동,중상사고,0,1,0,0,차대차 - 측면직각충돌,안전운전불이행,건조,맑음,교차로 - 교차로안,승용,여,52세,상해없음,원동기,남,19세,중상
2015041800100680,2015년 4월 18일 23시,토요일,경상북도 칠곡군 북삼읍,중상사고,0,2,0,0,차대사람 - 횡단중,보행자보호의무위반,습기,비,교차로 - 교차로부근,승용,남,22세,상해없음,보행자,남,37세,중상
2015041800100681,2015년 4월 18일 23시,토요일,경상북도 경산시 사동,경상사고,0,0,1,0,차대차 - 기타,안전운전불이행,습기,비,단일로 - 기타,승용,남,54세,상해없음,이륜,남,19세,경상
2015041800100682,2015년 4월 18일 23시,토요일,경상북도 구미시 선산읍,부상신고사고,0,0,0,1,차대차 - 기타,안전운전불이행,습기,비,단일로 - 기타,이륜,남,41세,부상신고,승용,남,42세,기타불명
2015041800100683,2015년 4월 18일 23시,토요일,경상북도 구미시 고아읍,중상사고,0,3,0,0,차대차 - 추돌 - 주정차중,안전운전불이행,습기,비,교차로 - 교차로부근,승용,남,58세,상해없음,승용,남,48세,중상
2015041900100028,2015년 4월 19일 00시,일요일,경상북도 포항시 북구 장성동,경상사고,0,0,1,0,차대차 - 기타,안전운전불이행,건조,흐림,단일로 - 기타,원동기,남,34세,경상,승용,남,44세,상해없음
2015041900100029,2015년 4월 19일 00시,일요일,경상북도 포항시 북구 두호동,경상사고,0,0,2,0,차대차 - 추돌 - 진행중,안전운전불이행,습기,비,단일로 - 기타,승용,남,22세,상해없음,승용,남,61세,상해없음
2015041900100055,2015년 4월 19일 01시,일요일,경상북도 경주시 외동읍,중상사고,0,2,0,0,차대차 - 기타,안전운전불이행,습기,비,단일로 - 기타,화물,남,54세,상해없음,승용,남,32세,중상
2015041900100056,2015년 4월 19일 01시,일요일,경상북도 예천군 개포면,중상사고,0,1,1,0,차량단독 - 도로외이탈 - 기타,안전운전불이행,습기,비,단일로 - 기타,승용,여,33세,중상,,,,
2015041900100057,2015년 4월 19일 01시,일요일,경상북도 성주군 월항면,경상사고,0,0,1,0,차대사람 - 기타,안전운전불이행,건조,맑음,교차로 - 교차로안,승용,남,60세,상해없음,보행자,여,51세,경상
2015041900100077,2015년 4월 19일 02시,일요일,경상북도 포항시 남구 대잠동,중상사고,0,1,0,0,차대차 - 추돌 - 주정차중,안전운전불이행,건조,맑음,단일로 - 기타,기타불명,기타불명,기타불명,기타불명,승용,남,70세,중상
2015041900100113,2015년 4월 19일 04시,일요일,경상북도 경주시 동천동,중상사고,0,1,1,0,차대차 - 추돌 - 주정차중,안전운전불이행,건조,맑음,단일로 - 기타,승용,남,31세,상해없음,승용,남,49세,중상
2015041900100114,2015년 4월 19일 04시,일요일,경상북도 경주시 서악동,경상사고,0,0,3,0,차대차 - 기타,안전운전불이행,습기,비,단일로 - 기타,화물,남,60세,경상,승용,남,52세,상해없음
2015041900100115,2015년 4월 19일 04시,일요일,경상북도 구미시 봉곡동,부상신고사고,0,0,0,1,차대차 - 측면직각충돌,안전운전불이행,건조,맑음,단일로 - 기타,승용,남,21세,상해없음,승합,남,58세,상해없음
2015041900100116,2015년 4월 19일 04시,일요일,경상북도 영천시 북안면,경상사고,0,0,1,0,차량단독 - 기타,안전운전불이행,습기,비,단일로 - 기타,승용,남,22세,경상,,,,
2015041900100124,2015년 4월 19일 05시,일요일,경상북도 영주시 가흥동,경상사고,0,0,6,0,차대차 - 측면직각충돌,교차로운행방법위반,건조,흐림,교차로 - 교차로안,승용,남,47세,경상,승용,여,52세,경상
2015041900100125,2015년 4월 19일 05시,일요일,경상북도 구미시 구포동,경상사고,0,0,1,0,차대차 - 측면직각충돌,중앙선침범,건조,맑음,단일로 - 기타,승용,남,24세,상해없음,승용,남,27세,경상
2015041900100147,2015년 4월 19일 07시,일요일,경상북도 포항시 남구 오천읍,중상사고,0,1,2,0,차대차 - 측면직각충돌,중앙선침범,습기,비,단일로 - 기타,승용,남,20세,중상,승용,남,71세,경상
2015041900100178,2015년 4월 19일 09시,일요일,경상북도 봉화군 춘양면,경상사고,0,0,2,0,차대차 - 측면직각충돌,안전운전불이행,건조,맑음,단일로 - 기타,건설기계,남,55세,상해없음,승용,남,57세,경상
2015041900100200,2015년 4월 19일 10시,일요일,경상북도 포항시 북구 청하면,중상사고,0,3,3,0,차대차 - 기타,안전운전불이행,습기,비,단일로 - 기타,승합,남,52세,상해없음,승용,남,40세,경상
2015041900100201,2015년 4월 19일 10시,일요일,경상북도 포항시 남구 대도동,경상사고,0,0,1,0,차대차 - 측면직각충돌,안전운전불이행,습기,비,단일로 - 기타,승용,남,58세,상해없음,승용,남,39세,경상
2015041900100229,2015년 4월 19일 11시,일요일,경상북도 영덕군 남정면,중상사고,0,2,2,0,차대차 - 추돌 - 주정차중,안전운전불이행,습기,비,단일로 - 기타,화물,남,54세,경상,승용,남,60세,중상
2015041900100230,2015년 4월 19일 11시,일요일,경상북도 울진군 후포면,중상사고,0,1,0,0,차대차 - 기타,안전운전불이행,습기,비,단일로 - 기타,승용,여,56세,중상,승용,남,44세,상해없음
2015041900100231,2015년 4월 19일 11시,일요일,경상북도 포항시 남구 연일읍,경상사고,0,0,3,0,차대차 - 기타,교차로운행방법위반,습기,비,교차로 - 교차로안,승용,남,51세,상해없음,승용,남,54세,경상
2015041900100258,2015년 4월 19일 12시,일요일,경상북도 포항시 남구 대잠동,중상사고,0,1,0,0,차대차 - 기타,차로위반,습기,비,교차로 - 교차로안,승용,남,28세,상해없음,화물,남,36세,중상