사고번호,사고일시,요일,시군구,사고내용,사망자수,중상자수,경상자수,부상신고자수,사고유형,법규위반,노면상태,기상상태,도로형태,가해운전자 차종,가해운전자 성별,가해운전자 연령,가해운전자 상해정도,피해운전자 차종,피해운전자 성별,피해운전자 연령,피해운전자 상해정도
2015041900100283,2015년 4월 19일 13시,일요일,경상북도 경주시 외동읍,사망사고,1,0,0,0,차량단독 - 공작물충돌,안전운전불이행,습기,비,단일로 - 기타,승용,남,57세,사망,,,,
2015041900100284,2015년 4월 19일 13시,일요일,경상북도 경산시 대동,경상사고,0,0,1,0,차대사람 - 기타,안전운전불이행,습기,비,단일로 - 기타,승용,남,39세,상해없음,보행자,남,56세,경상
2015041900100285,2015년 4월 19일 13시,일요일,경상북도 구미시 선산읍,중상사고,0,1,0,0,차대차 - 측면직각충돌,안전운전불이행,건조,맑음,교차로 - 교차로안,승용,남,28세,상해없음,원동기,남,68세,중상
2015041900100315,2015년 4월 19일 14시,일요일,경상북도 경주시 배반동,부상신고사고,0,0,0,2,차대차 - 기타,안전거리미확보,습기,비,단일로 - 기타,승용,남,48세,상해없음,승용,남,38세,상해없음
2015041900100316,2015년 4월 19일 14시,일요일,경상북도 경주시 산내면,중상사고,0,1,0,0,차량단독 - 공작물충돌,안전운전불이행,습기,비,단일로 - 기타,화물,남,45세,중상,,,,
2015041900100317,2015년 4월 19일 14시,일요일,경상북도 김천시 어모면,경상사고,0,0,2,0,차량단독 - 공작물충돌,안전운전불이행,습기,비,단일로 - 기타,승용,남,29세,상해없음,,,,
2015041900100318,2015년 4월 19일 14시,일요일,경상북도 성주군 가천면,경상사고,0,0,1,0,차대차 - 기타,직진우회전진행방해,건조,맑음,기타 - 기타,승용,남,58세,상해없음,승용,남,70세,상해없음
2015041900100319,2015년 4월 19일 14시,일요일,경상북도 경산시 하양읍,경상사고,0,0,1,1,차량단독 - 공작물충돌,안전운전불이행,습기,비,단일로 - 기타,승용,남,24세,부상신고,,,,
2015041900100353,2015년 4월 19일 15시,일요일,경상북도 경주시 안강읍,중상사고,0,1,0,1,차량단독 - 공작물충돌,안전운전불이행,습기,비,단일로 - 기타,화물,여,59세,부상신고,,,,
2015041900100354,2015년 4월 19일 15시,일요일,경상북도 상주시 냉림동,중상사고,0,1,0,0,차대차 - 측면직각충돌,안전운전불이행,습기,비,교차로 - 교차로부근,자전거,남,66세,중상,승용,남,36세,상해없음
2015041900100355,2015년 4월 19일 15시,일요일,경상북도 구미시 진평동,중상사고,0,1,0,0,차대차 - 측면직각충돌,교차로운행방법위반,습기,흐림,교차로 - 교차로안,승용,남,53세,상해없음,이륜,남,59세,중상
2015041900100386,2015년 4월 19일 16시,일요일,경상북도 경산시 계양동,경상사고,0,0,2,0,차대차 - 기타,안전운전불이행,습기,비,단일로 - 기타,승용,남,63세,상해없음,승용,여,36세,경상
2015041900100408,2015년 4월 19일 17시,일요일,경상북도 경산시 중산동,중상사고,0,1,2,0,차대차 - 기타,안전운전불이행,습기,비,단일로 - 기타,승용,남,35세,상해없음,승용,남,24세,경상
2015041900100436,2015년 4월 19일 18시,일요일,경상북도 경주시 배반동,중상사고,0,1,0,0,차량단독 - 공작물충돌,안전운전불이행,습기,비,교차로 - 교차로부근,화물,남,57세,상해없음,,,,
2015041900100437,2015년 4월 19일 18시,일요일,경상북도 경주시 동천동,경상사고,0,0,1,0,차대차 - 추돌 - 진행중,안전운전불이행,습기,비,단일로 - 기타,승용,남,53세,상해없음,승용,남,36세,상해없음
2015041900100438,2015년 4월 19일 18시,일요일,경상북도 포항시 북구 흥해읍,중상사고,0,1,0,0,차대차 - 기타,안전운전불이행,습기,비,단일로 - 기타,승용,남,38세,상해없음,승용,여,57세,중상
2015041900100439,2015년 4월 19일 18시,일요일,경상북도 안동시 수상동,중상사고,0,2,1,0,차대차 - 정면충돌,신호위반,습기,비,교차로 - 교차로안,승용,남,59세,상해없음,승용,여,44세,중상
2015041900100479,2015년 4월 19일 19시,일요일,경상북도 상주시 공성면,경상사고,0,0,2,0,차대차 - 정면충돌,중앙선침범,습기,비,단일로 - 기타,승용,남,60세,기타불명,승용,여,58세,경상
2015041900100480,2015년 4월 19일 19시,일요일,경상북도 성주군 가천면,중상사고,0,1,0,0,차대사람 - 기타,안전운전불이행,습기,흐림,단일로 - 기타,화물,남,50세,상해없음,보행자,여,71세,중상
2015041900100529,2015년 4월 19일 20시,일요일,경상북도 경산시 상방동,사망사고,1,0,0,0,차대사람 - 횡단중,안전운전불이행,습기,비,단일로 - 기타,승용,남,51세,상해없음,보행자,남,57세,사망
2015041900100564,2015년 4월 19일 21시,일요일,경상북도 포항시 남구 오천읍,경상사고,0,0,2,0,차대차 - 측면직각충돌,교차로운행방법위반,건조,맑음,교차로 - 교차로안,승용,남,50세,상해없음,승용,남,36세,경상
2015041900100594,2015년 4월 19일 22시,일요일,경상북도 구미시 남통동,중상사고,0,1,0,0,차대사람 - 기타,안전운전불이행,건조,맑음,교차로 - 교차로안,승용,남,61세,기타불명,보행자,남,38세,중상
2015041900100595,2015년 4월 19일 22시,일요일,경상북도 구미시 산동면,부상신고사고,0,0,0,1,차대차 - 기타,교차로운행방법위반,습기,비,교차로 - 교차로안,승용,남,32세,부상신고,승용,남,41세,상해없음
2015042000100023,2015년 4월 20일 01시,월요일,경상북도 포항시 남구 대잠동,경상사고,0,0,1,0,차대차 - 추돌 - 진행중,안전운전불이행,습기,비,교차로 - 교차로부근,승용,남,42세,상해없음,승용,여,34세,경상
2015042000100037,2015년 4월 20일 03시,월요일,경상북도 경주시 성건동,경상사고,0,0,1,0,차대사람 - 기타,안전운전불이행,건조,흐림,교차로 - 교차로부근,승용,남,35세,상해없음,보행자,남,42세,경상
2015042000100065,2015년 4월 20일 06시,월요일,경상북도 경주시 안강읍,경상사고,0,0,1,1,차대차 - 기타,안전운전불이행,습기,비,단일로 - 기타,승용,남,39세,부상신고,승용,남,44세,경상
2015042000100066,2015년 4월 20일 06시,월요일,경상북도 영천시 문외동,경상사고,0,0,1,0,차대차 - 측면직각충돌,안전운전불이행,습기,흐림,단일로 - 기타,승용,남,76세,상해없음,승용,여,62세,경상
2015042000100091,2015년 4월 20일 07시,월요일,경상북도 포항시 북구 죽도동,경상사고,0,0,1,1,차대차 - 기타,안전운전불이행,습기,비,교차로 - 교차로부근,화물,남,57세,상해없음,승용,남,37세,부상신고
2015042000100092,2015년 4월 20일 07시,월요일,경상북도 성주군 선남면,사망사고,1,0,0,0,차량단독 - 도로외이탈 - 기타,안전운전불이행,습기,비,기타 - 기타,승용,남,56세,사망,,,,
2015042000100093,2015년 4월 20일 07시,월요일,경상북도 포항시 남구 오천읍,경상사고,0,0,2,0,차대차 - 추돌 - 진행중,안전운전불이행,습기,비,단일로 - 기타,승용,여,40세,상해없음,화물,남,26세,경상
2015042000100127,2015년 4월 20일 08시,월요일,경상북도 경주시 양북면,중상사고,0,3,0,0,차대차 - 기타,신호위반,습기,비,교차로 - 교차로안,승용,남,78세,중상,승용,남,35세,중상
2015042000100128,2015년 4월 20일 08시,월요일,경상북도 경주시 노서동,경상사고,0,0,2,0,차대차 - 기타,안전운전불이행,습기,비,교차로 - 교차로안,승용,여,59세,경상,승용,남,67세,경상
2015042000100129,2015년 4월 20일 08시,월요일,경상북도 포항시 북구 죽도동,중상사고,0,1,1,0,차대차 - 기타,안전운전불이행,건조,맑음,단일로 - 기타,승용,남,38세,상해없음,승용,남,32세,경상
2015042000100130,2015년 4월 20일 08시,월요일,경상북도 영천시 문외동,경상사고,0,0,2,0,차대차 - 측면직각충돌,교차로운행방법위반,건조,맑음,교차로 - 교차로안,승용,남,49세,상해없음,승용,여,34세,경상
2015042000100131,2015년 4월 20일 08시,월요일,경상북도 경산시 와촌면,중상사고,0,1,0,0,차량단독 - 기타,안전운전불이행,습기,비,단일로 - 기타,승용,남,19세,중상,,,,
2015042000100132,2015년 4월 20일 08시,월요일,경상북도 청도군 각남면,경상사고,0,0,3,0,차대차 - 정면충돌,안전운전불이행,건조,맑음,기타 - 기타,승용,여,31세,경상,승용,여,59세,경상
2015042000100165,2015년 4월 20일 09시,월요일,경상북도 상주시 서문동,중상사고,0,2,0,0,차대차 - 측면직각충돌,중앙선침범,습기,비,단일로 - 기타,승용,여,41세,상해없음,승용,여,43세,중상
2015042000100166,2015년 4월 20일 09시,월요일,경상북도 경산시 삼북동,중상사고,0,1,0,0,차대차 - 기타,직진우회전진행방해,습기,비,교차로 - 교차로안,승용,남,67세,상해없음,자전거,남,50세,중상
2015042000100167,2015년 4월 20일 09시,월요일,경상북도 청송군 현동면,중상사고,0,1,0,0,차대차 - 정면충돌,중앙선침범,습기,비,단일로 - 기타,화물,남,61세,상해없음,승용,여,35세,중상
2015042000100192,2015년 4월 20일 10시,월요일,경상북도 경산시 중산동,중상사고,0,1,3,0,차대차 - 기타,신호위반,습기,비,교차로 - 교차로안,화물,남,67세,상해없음,화물,남,48세,경상
2015042000100212,2015년 4월 20일 11시,월요일,경상북도 김천시 평화동,경상사고,0,0,1,0,차대차 - 측면직각충돌,안전운전불이행,습기,비,교차로 - 교차로부근,승용,남,46세,상해없음,화물,남,58세,상해없음
2015042000100236,2015년 4월 20일 12시,월요일,경상북도 영덕군 영덕읍,중상사고,0,1,2,0,차대차 - 측면직각충돌,교차로운행방법위반,습기,비,교차로 - 교차로안,승용,남,70세,중상,승용,여,59세,경상
2015042000100262,2015년 4월 20일 13시,월요일,경상북도 구미시 송정동,경상사고,0,0,1,0,차대차 - 기타,안전운전불이행,건조,맑음,교차로 - 교차로부근,승용,여,53세,상해없음,승용,여,53세,경상
2015042000100263,2015년 4월 20일 13시,월요일,경상북도 포항시 남구 연일읍,경상사고,0,0,3,0,차대차 - 측면직각충돌,안전운전불이행,습기,비,단일로 - 기타,승용,남,39세,상해없음,승용,여,58세,경상
2015042000100293,2015년 4월 20일 14시,월요일,경상북도 경주시 건천읍,중상사고,0,2,0,0,차대차 - 기타,기타,습기,비,단일로 - 터널,화물,남,35세,상해없음,승용,여,40세,중상
2015042000100294,2015년 4월 20일 14시,월요일,경상북도 영천시 망정동,경상사고,0,0,1,0,차량단독 - 공작물충돌,안전운전불이행,습기,비,교차로 - 교차로안,화물,남,54세,경상,,,,
2015042000100295,2015년 4월 20일 14시,월요일,경상북도 경산시 중방동,중상사고,0,1,0,0,차대사람 - 기타,안전운전불이행,건조,기타,기타 - 기타,승용,남,28세,상해없음,보행자,남,52세,중상
2015042000100296,2015년 4월 20일 14시,월요일,경상북도 포항시 남구 대도동,중상사고,0,1,0,0,차대차 - 측면직각충돌,신호위반,건조,맑음,단일로 - 횡단보도상,승용,여,47세,상해없음,이륜,남,76세,중상
2015042000100337,2015년 4월 20일 15시,월요일,경상북도 문경시 산양면,부상신고사고,0,0,0,1,차량단독 - 도로외이탈 - 추락,안전운전불이행,건조,맑음,기타 - 기타,화물,남,53세,부상신고,,,,
2015042000100362,2015년 4월 20일 16시,월요일,경상북도 경산시 하양읍,경상사고,0,0,1,0,차대차 - 기타,안전운전불이행,습기,비,교차로 - 교차로안,승용,여,50세,상해없음,승용,여,31세,경상
2015042000100394,2015년 4월 20일 17시,월요일,경상북도 경산시 진량읍,중상사고,0,1,0,0,차대차 - 측면직각충돌,신호위반,건조,흐림,교차로 - 교차로안,이륜,남,43세,중상,화물,남,27세,상해없음
2015042000100395,2015년 4월 20일 17시,월요일,경상북도 청도군 청도읍,경상사고,0,0,1,0,차대차 - 측면직각충돌,중앙선침범,습기,비,단일로 - 기타,화물,남,72세,상해없음,화물,남,53세,경상
2015042000100397,2015년 4월 20일 17시,월요일,경상북도 구미시 임은동,경상사고,0,0,3,0,차대차 - 측면직각충돌,안전운전불이행,습기,흐림,단일로 - 기타,승용,여,22세,경상,승용,남,24세,경상
2015042000100438,2015년 4월 20일 18시,월요일,경상북도 상주시 외남면,중상사고,0,1,0,0,차량단독 - 전도전복,안전운전불이행,습기,흐림,단일로 - 기타,화물,남,66세,상해없음,,,,
2015042000100472,2015년 4월 20일 19시,월요일,경상북도 영천시 금호읍,경상사고,0,0,1,0,차대사람 - 횡단중,안전운전불이행,습기,비,단일로 - 기타,승용,남,35세,상해없음,보행자,남,69세,경상
2015042000100504,2015년 4월 20일 20시,월요일,경상북도 포항시 북구 흥해읍,중상사고,0,1,0,0,차대차 - 추돌 - 진행중,안전거리미확보,건조,맑음,단일로 - 기타,승용,남,50세,상해없음,승용,남,39세,중상
2015042000100536,2015년 4월 20일 21시,월요일,경상북도 경주시 외동읍,경상사고,0,0,2,0,차대차 - 기타,안전거리미확보,습기,비,교차로 - 교차로부근,승용,남,26세,상해없음,승용,남,34세,경상
2015042000100537,2015년 4월 20일 21시,월요일,경상북도 상주시 헌신동,경상사고,0,0,2,0,차대차 - 기타,안전운전불이행,건조,맑음,기타 - 기타,승용,남,52세,상해없음,승용,남,41세,경상
2015042000100567,2015년 4월 20일 22시,월요일,경상북도 경주시 동천동,중상사고,0,1,1,0,차대차 - 기타,안전운전불이행,건조,맑음,단일로 - 기타,승용,남,55세,상해없음,승용,여,40세,경상
2015042000100568,2015년 4월 20일 22시,월요일,경상북도 경주시 강동면,중상사고,0,1,0,1,차량단독 - 공작물충돌,안전운전불이행,건조,맑음,단일로 - 기타,승용,남,53세,부상신고,,,,
2015042000100569,2015년 4월 20일 22시,월요일,경상북도 포항시 북구 항구동,경상사고,0,0,1,0,차대차 - 기타,중앙선침범,건조,맑음,단일로 - 기타,승용,남,47세,상해없음,승용,남,39세,경상
2015042000100570,2015년 4월 20일 22시,월요일,경상북도 경산시 진량읍,경상사고,0,0,1,0,차대차 - 기타,안전운전불이행,건조,맑음,교차로 - 교차로부근,승용,남,49세,기타불명,승용,남,42세,경상
2015042000100571,2015년 4월 20일 22시,월요일,경상북도 구미시 공단동,경상사고,0,0,2,0,차대차 - 기타,안전거리미확보,건조,맑음,교차로 - 교차로부근,승용,여,45세,상해없음,화물,남,37세,경상
2015042000100592,2015년 4월 20일 23시,월요일,경상북도 구미시 원평동,중상사고,0,1,0,0,차대사람 - 기타,안전운전불이행,습기,흐림,단일로 - 기타,승용,남,29세,상해없음,보행자,남,19세,중상
2015042100100020,2015년 4월 21일 00시,화요일,경상북도 영주시 가흥동,경상사고,0,0,2,0,차대차 - 측면직각충돌,신호위반,건조,맑음,교차로 - 교차로안,승용,남,42세,경상,승용,여,48세,경상
2015042100100062,2015년 4월 21일 04시,화요일,경상북도 포항시 남구 연일읍,경상사고,0,0,1,0,차량단독 - 공작물충돌,안전운전불이행,건조,맑음,교차로 - 교차로부근,승용,남,27세,상해없음,,,,
2015042100100080,2015년 4월 21일 06시,화요일,경상북도 경주시 성동동,경상사고,0,0,1,0,차대차 - 기타,안전운전불이행,건조,흐림,단일로 - 기타,승용,남,60세,상해없음,승용,남,56세,상해없음
2015042100100081,2015년 4월 21일 06시,화요일,경상북도 상주시 중덕동,사망사고,1,0,0,0,차량단독 - 공작물충돌,안전운전불이행,습기,안개,단일로 - 기타,승용,남,35세,사망,,,,
2015042100100107,2015년 4월 21일 07시,화요일,경상북도 포항시 남구 대도동,경상사고,0,0,1,0,차대차 - 기타,안전운전불이행,건조,맑음,교차로 - 교차로부근,자전거,여,22세,경상,승용,남,61세,상해없음
2015042100100144,2015년 4월 21일 08시,화요일,경상북도 경주시 노서동,경상사고,0,0,1,0,차대차 - 기타,안전운전불이행,건조,맑음,단일로 - 기타,화물,남,53세,상해없음,원동기,여,16세,상해없음
2015042100100145,2015년 4월 21일 08시,화요일,경상북도 봉화군 춘양면,경상사고,0,0,1,0,차대차 - 정면충돌,중앙선침범,건조,맑음,단일로 - 기타,승합,남,51세,상해없음,화물,남,49세,경상
2015042100100185,2015년 4월 21일 09시,화요일,경상북도 경주시 양북면,경상사고,0,0,1,0,차대차 - 기타,신호위반,건조,맑음,교차로 - 교차로안,승용,남,45세,상해없음,승용,여,40세,경상
2015042100100186,2015년 4월 21일 09시,화요일,경상북도 영주시 가흥동,중상사고,0,1,1,0,차대차 - 측면직각충돌,안전운전불이행,건조,맑음,교차로 - 교차로안,승용,여,32세,상해없음,승용,여,28세,중상
2015042100100187,2015년 4월 21일 09시,화요일,경상북도 경산시 백천동,경상사고,0,0,1,0,차대차 - 기타,안전운전불이행,건조,맑음,교차로 - 교차로안,승용,여,51세,상해없음,승용,남,63세,경상
2015042100100216,2015년 4월 21일 10시,화요일,경상북도 의성군 안평면,경상사고,0,0,1,0,차대차 - 정면충돌,안전운전불이행,건조,맑음,단일로 - 기타,원동기,남,74세,경상,승용,여,51세,상해없음
2015042100100217,2015년 4월 21일 10시,화요일,경상북도 포항시 남구 대송면,중상사고,0,1,0,0,차대차 - 측면직각충돌,안전거리미확보,건조,맑음,단일로 - 기타,화물,남,57세,상해없음,이륜,남,69세,중상
2015042100100240,2015년 4월 21일 11시,화요일,경상북도 경주시 황성동,중상사고,0,1,1,0,차대차 - 기타,안전운전불이행,건조,맑음,단일로 - 기타,건설기계,남,41세,상해없음,승용,남,29세,중상
2015042100100241,2015년 4월 21일 11시,화요일,경상북도 경주시 용강동,중상사고,0,1,0,1,차대차 - 기타,안전운전불이행,건조,맑음,교차로 - 교차로안,승용,남,42세,부상신고,승용,여,63세,중상
2015042100100334,2015년 4월 21일 14시,화요일,경상북도 경주시 마동,중상사고,0,1,0,0,차대차 - 기타,안전운전불이행,건조,맑음,교차로 - 교차로안,승용,남,20세,상해없음,승용,남,22세,중상
2015042100100373,2015년 4월 21일 15시,화요일,경상북도 구미시 선산읍,경상사고,0,0,1,0,차대차 - 기타,안전운전불이행,건조,맑음,기타 - 기타,승용,여,57세,상해없음,승용,남,39세,경상
2015042100100411,2015년 4월 21일 16시,화요일,경상북도 경주시 노서동,경상사고,0,0,1,0,차대사람 - 보도통행중,기타,건조,맑음,기타 - 기타,승용,여,52세,상해없음,보행자,여,62세,경상
2015042100100412,2015년 4월 21일 16시,화요일,경상북도 경산시 하양읍,중상사고,0,1,0,0,차대사람 - 기타,안전운전불이행,건조,맑음,교차로 - 교차로안,승용,남,26세,상해없음,보행자,여,89세,중상
2015042100100413,2015년 4월 21일 16시,화요일,경상북도 포항시 남구 해도동,경상사고,0,0,1,0,차대차 - 기타,중앙선침범,건조,맑음,교차로 - 교차로부근,승용,남,53세,상해없음,화물,남,69세,경상
2015042100100414,2015년 4월 21일 16시,화요일,경상북도 포항시 남구 상도동,경상사고,0,0,1,0,차대사람 - 기타,안전운전불이행,건조,맑음,교차로 - 교차로안,승용,남,41세,상해없음,보행자,남,43세,경상
2015042100100454,2015년 4월 21일 17시,화요일,경상북도 포항시 북구 우현동,중상사고,0,1,0,0,차대차 - 기타,중앙선침범,건조,맑음,단일로 - 기타,승용,여,53세,상해없음,승용,여,59세,중상
2015042100100455,2015년 4월 21일 17시,화요일,경상북도 안동시 용상동,경상사고,0,0,1,0,차대차 - 기타,안전운전불이행,건조,맑음,단일로 - 기타,승합,남,51세,상해없음,화물,남,50세,상해없음
2015042100100456,2015년 4월 21일 17시,화요일,경상북도 영주시 영주동,경상사고,0,0,1,0,차대사람 - 횡단중,보행자보호의무위반,건조,맑음,단일로 - 횡단보도상,승용,여,55세,상해없음,보행자,여,74세,경상
2015042100100457,2015년 4월 21일 17시,화요일,경상북도 문경시 모전동,경상사고,0,0,1,0,차대사람 - 기타,불법유턴,건조,맑음,단일로 - 기타,승합,여,45세,상해없음,보행자,남,35세,경상
2015042100100458,2015년 4월 21일 17시,화요일,경상북도 경산시 옥곡동,경상사고,0,0,1,0,차대사람 - 횡단중,보행자보호의무위반,건조,맑음,단일로 - 기타,승용,남,56세,상해없음,보행자,여,9세,경상
2015042100100459,2015년 4월 21일 17시,화요일,경상북도 경산시 하양읍,경상사고,0,0,1,0,차대사람 - 기타,보행자보호의무위반,건조,맑음,교차로 - 교차로안,승용,남,52세,상해없음,보행자,여,41세,경상
2015042100100460,2015년 4월 21일 17시,화요일,경상북도 상주시 내서면,중상사고,0,2,0,0,차대차 - 측면직각충돌,안전운전불이행,건조,맑음,단일로 - 기타,승용,남,71세,상해없음,승용,남,46세,상해없음
2015042100100499,2015년 4월 21일 18시,화요일,경상북도 경산시 중방동,중상사고,0,2,0,0,차대차 - 기타,안전운전불이행,건조,맑음,단일로 - 기타,승용,남,49세,상해없음,승용,여,38세,중상
2015042100100559,2015년 4월 21일 20시,화요일,경상북도 경산시 진량읍,중상사고,0,1,0,0,차대차 - 기타,안전운전불이행,건조,맑음,교차로 - 교차로부근,화물,남,49세,상해없음,이륜,남,38세,중상
2015042100100560,2015년 4월 21일 20시,화요일,경상북도 구미시 원평동,경상사고,0,0,1,0,차대차 - 기타,교차로운행방법위반,건조,맑음,교차로 - 교차로안,승용,남,32세,상해없음,원동기,남,24세,경상
2015042100100599,2015년 4월 21일 21시,화요일,경상북도 포항시 남구 오천읍,경상사고,0,0,2,0,차대차 - 추돌 - 주정차중,안전운전불이행,건조,맑음,교차로 - 교차로부근,승용,남,47세,상해없음,승용,남,35세,경상
2015042100100636,2015년 4월 21일 22시,화요일,경상북도 상주시 공성면,사망사고,1,0,0,0,차대차 - 기타,중앙선침범,건조,맑음,단일로 - 기타,화물,남,42세,사망,화물,남,50세,상해없음
2015042100100637,2015년 4월 21일 22시,화요일,경상북도 경산시 옥산동,중상사고,0,1,1,0,차대차 - 기타,교차로운행방법위반,건조,맑음,교차로 - 교차로안,승용,남,53세,상해없음,화물,남,49세,중상
2015042100100661,2015년 4월 21일 23시,화요일,경상북도 김천시 부곡동,중상사고,0,1,2,0,차대차 - 측면직각충돌,안전운전불이행,건조,맑음,교차로 - 교차로부근,승용,남,52세,상해없음,승용,여,55세,중상
2015042100100662,2015년 4월 21일 23시,화요일,경상북도 칠곡군 동명면,중상사고,0,1,0,0,차대사람 - 횡단중,안전운전불이행,건조,맑음,단일로 - 기타,승용,여,25세,상해없음,보행자,여,51세,중상
2015042100100663,2015년 4월 21일 23시,화요일,경상북도 경산시 진량읍,경상사고,0,0,1,0,차대차 - 측면직각충돌,안전운전불이행,건조,맑음,교차로 - 교차로부근,승용,남,41세,상해없음,이륜,남,17세,경상
2015042200100012,2015년 4월 22일 00시,수요일,경상북도 구미시 신평동,부상신고사고,0,0,0,1,차대차 - 정면충돌,안전운전불이행,건조,맑음,단일로 - 기타,자전거,여,52세,부상신고,원동기,남,68세,기타불명
2015042200100013,2015년 4월 22일 00시,수요일,경상북도 포항시 남구 대잠동,중상사고,0,2,1,0,차대차 - 측면직각충돌,직진우회전진행방해,건조,맑음,교차로 - 교차로안,승용,남,49세,상해없음,승용,여,30세,중상
2015042200100074,2015년 4월 22일 06시,수요일,경상북도 포항시 북구 장성동,경상사고,0,0,1,0,차대차 - 측면직각충돌,교차로운행방법위반,건조,맑음,교차로 - 교차로안,승합,기타불명,기타불명,기타불명,승용,남,29세,경상
2015042200100120,2015년 4월 22일 08시,수요일,경상북도 울진군 북면,경상사고,0,0,1,0,차대차 - 기타,안전운전불이행,건조,맑음,단일로 - 기타,승용,여,46세,상해없음,원동기,남,74세,경상
2015042200100145,2015년 4월 22일 09시,수요일,경상북도 안동시 운안동,경상사고,0,0,2,0,차대차 - 기타,안전운전불이행,건조,맑음,교차로 - 교차로부근,승용,여,62세,상해없음,승용,여,39세,경상
2015042200100146,2015년 4월 22일 09시,수요일,경상북도 영덕군 영덕읍,중상사고,0,2,0,0,차대차 - 측면직각충돌,안전거리미확보,건조,맑음,단일로 - 기타,이륜,남,79세,중상,화물,남,65세,상해없음
2015042200100178,2015년 4월 22일 10시,수요일,경상북도 김천시 평화동,경상사고,0,0,1,0,차대사람 - 차도통행중,안전운전불이행,건조,맑음,단일로 - 기타,승용,여,63세,상해없음,보행자,남,81세,경상
2015042200100179,2015년 4월 22일 10시,수요일,경상북도 영양군 일월면,중상사고,0,1,0,0,차대사람 - 횡단중,안전운전불이행,건조,맑음,단일로 - 기타,승용,남,81세,상해없음,보행자,남,82세,중상
2015042200100205,2015년 4월 22일 11시,수요일,경상북도 영천시 완산동,중상사고,0,1,0,0,차대사람 - 보도통행중,안전운전불이행,건조,맑음,단일로 - 기타,승용,남,74세,상해없음,보행자,남,74세,중상
2015042200100264,2015년 4월 22일 13시,수요일,경상북도 구미시 임수동,부상신고사고,0,0,0,1,차대차 - 측면직각충돌,안전거리미확보,건조,맑음,교차로 - 교차로부근,승용,여,52세,부상신고,화물,남,55세,상해없음
2015042200100283,2015년 4월 22일 14시,수요일,경상북도 경주시 외동읍,부상신고사고,0,0,0,1,차량단독 - 전도전복,안전운전불이행,건조,맑음,단일로 - 기타,원동기,남,79세,부상신고,,,,
2015042200100284,2015년 4월 22일 14시,수요일,경상북도 경주시 황성동,경상사고,0,0,2,0,차대차 - 기타,안전운전불이행,건조,맑음,단일로 - 기타,화물,남,68세,경상,화물,남,51세,경상
2015042200100285,2015년 4월 22일 14시,수요일,경상북도 문경시 모전동,경상사고,0,0,1,0,차대차 - 측면직각충돌,안전운전불이행,건조,맑음,단일로 - 기타,승용,남,64세,상해없음,자전거,남,21세,경상
2015042200100323,2015년 4월 22일 15시,수요일,경상북도 경주시 안강읍,경상사고,0,0,1,0,차량단독 - 기타,안전운전불이행,건조,맑음,교차로 - 교차로안,화물,남,69세,상해없음,,,,
2015042200100324,2015년 4월 22일 15시,수요일,경상북도 상주시 서성동,경상사고,0,0,1,0,차대차 - 측면직각충돌,교차로운행방법위반,건조,맑음,교차로 - 교차로안,승용,여,41세,상해없음,이륜,남,72세,경상
2015042200100356,2015년 4월 22일 16시,수요일,경상북도 영주시 휴천동,중상사고,0,1,2,0,차대차 - 추돌 - 주정차중,안전운전불이행,건조,맑음,단일로 - 기타,승용,남,66세,상해없음,승용,여,54세,중상
2015042200100357,2015년 4월 22일 16시,수요일,경상북도 문경시 모전동,경상사고,0,0,1,0,차대차 - 측면직각충돌,직진우회전진행방해,건조,맑음,교차로 - 교차로안,원동기,남,86세,경상,승용,남,60세,상해없음
2015042200100358,2015년 4월 22일 16시,수요일,경상북도 포항시 남구 송도동,경상사고,0,0,2,0,차대차 - 측면직각충돌,안전운전불이행,건조,맑음,단일로 - 기타,승용,남,76세,경상,건설기계,남,41세,상해없음
2015042200100397,2015년 4월 22일 17시,수요일,경상북도 상주시 낙동면,부상신고사고,0,0,0,1,차대차 - 추돌 - 주정차중,안전운전불이행,건조,흐림,단일로 - 기타,승용,여,55세,부상신고,화물,남,60세,상해없음
2015042200100398,2015년 4월 22일 17시,수요일,경상북도 예천군 용문면,중상사고,0,2,0,0,차대차 - 측면직각충돌,안전운전불이행,건조,맑음,교차로 - 교차로안,화물,남,62세,중상,화물,남,71세,중상
2015042200100441,2015년 4월 22일 18시,수요일,경상북도 안동시 용상동,경상사고,0,0,6,0,차대차 - 추돌 - 진행중,안전거리미확보,건조,맑음,단일로 - 기타,화물,남,61세,상해없음,승용,여,30세,경상
2015042200100501,2015년 4월 22일 20시,수요일,경상북도 포항시 북구 대신동,중상사고,0,1,0,0,차대차 - 기타,중앙선침범,건조,맑음,단일로 - 기타,자전거,남,29세,중상,승용,여,29세,상해없음
2015042200100502,2015년 4월 22일 20시,수요일,경상북도 경산시 압량면,경상사고,0,0,4,0,차대차 - 기타,안전운전불이행,건조,맑음,단일로 - 기타,승용,남,72세,상해없음,승용,남,48세,경상
2015042200100503,2015년 4월 22일 20시,수요일,경상북도 구미시 인의동,경상사고,0,0,1,0,차대사람 - 기타,안전운전불이행,건조,맑음,단일로 - 기타,승용,남,46세,상해없음,보행자,남,21세,경상