사고번호,사고일시,요일,시군구,사고내용,사망자수,중상자수,경상자수,부상신고자수,사고유형,법규위반,노면상태,기상상태,도로형태,가해운전자 차종,가해운전자 성별,가해운전자 연령,가해운전자 상해정도,피해운전자 차종,피해운전자 성별,피해운전자 연령,피해운전자 상해정도
2015042200100504,2015년 4월 22일 20시,수요일,경상북도 포항시 남구 해도동,경상사고,0,0,1,0,차대차 - 측면직각충돌,신호위반,건조,맑음,단일로 - 기타,승용,남,55세,상해없음,자전거,남,34세,경상
2015042200100539,2015년 4월 22일 21시,수요일,경상북도 포항시 북구 덕수동,경상사고,0,0,2,0,차대차 - 기타,안전운전불이행,건조,맑음,단일로 - 기타,승용,남,25세,상해없음,승용,남,45세,경상
2015042200100540,2015년 4월 22일 21시,수요일,경상북도 경산시 하양읍,경상사고,0,0,2,0,차대차 - 기타,안전운전불이행,건조,맑음,단일로 - 기타,화물,남,55세,상해없음,화물,여,56세,경상
2015042200100541,2015년 4월 22일 21시,수요일,경상북도 성주군 초전면,중상사고,0,1,0,0,차대사람 - 길가장자리구역통행중,안전운전불이행,건조,맑음,기타 - 기타,승용,남,59세,상해없음,보행자,여,18세,중상
2015042200100542,2015년 4월 22일 21시,수요일,경상북도 김천시 삼락동,경상사고,0,0,2,0,차대차 - 추돌 - 진행중,안전운전불이행,건조,맑음,단일로 - 기타,화물,남,44세,상해없음,승용,남,45세,경상
2015042200100575,2015년 4월 22일 22시,수요일,경상북도 구미시 원평동,경상사고,0,0,3,0,차대차 - 기타,안전거리미확보,건조,맑음,기타 - 기타,승용,남,23세,상해없음,승용,남,24세,경상
2015042300100036,2015년 4월 23일 01시,목요일,경상북도 영천시 북안면,중상사고,0,1,0,0,차대차 - 추돌 - 진행중,안전운전불이행,건조,맑음,단일로 - 기타,화물,남,40세,상해없음,화물,남,57세,중상
2015042300100101,2015년 4월 23일 07시,목요일,경상북도 안동시 평화동,중상사고,0,1,1,0,차대차 - 기타,직진우회전진행방해,건조,맑음,교차로 - 교차로안,승용,여,41세,상해없음,승용,남,34세,경상
2015042300100102,2015년 4월 23일 07시,목요일,경상북도 영주시 가흥동,경상사고,0,0,1,0,차대사람 - 횡단중,안전운전불이행,습기,비,기타 - 기타,승용,남,64세,기타불명,보행자,남,16세,경상
2015042300100103,2015년 4월 23일 07시,목요일,경상북도 포항시 남구 해도동,중상사고,0,1,0,0,차대차 - 측면직각충돌,신호위반,건조,맑음,교차로 - 교차로안,화물,남,44세,상해없음,이륜,남,66세,중상
2015042300100157,2015년 4월 23일 08시,목요일,경상북도 문경시 모전동,중상사고,0,1,0,0,차대사람 - 횡단중,안전운전불이행,건조,맑음,단일로 - 기타,이륜,남,67세,상해없음,보행자,여,79세,중상
2015042300100158,2015년 4월 23일 08시,목요일,경상북도 구미시 인의동,중상사고,0,1,0,0,차대차 - 기타,안전운전불이행,건조,맑음,단일로 - 기타,승용,남,44세,상해없음,자전거,남,13세,중상
2015042300100195,2015년 4월 23일 09시,목요일,경상북도 김천시 모암동,경상사고,0,0,1,0,차대차 - 측면직각충돌,교차로운행방법위반,건조,맑음,교차로 - 교차로안,승용,남,47세,상해없음,승용,남,44세,상해없음
2015042300100196,2015년 4월 23일 09시,목요일,경상북도 경산시 삼북동,중상사고,0,1,0,0,차대사람 - 기타,안전운전불이행,건조,맑음,교차로 - 교차로안,승용,여,54세,상해없음,보행자,남,48세,중상
2015042300100197,2015년 4월 23일 09시,목요일,경상북도 예천군 호명면,중상사고,0,1,0,0,차대차 - 정면충돌,안전운전불이행,건조,맑음,단일로 - 기타,화물,남,60세,중상,건설기계,남,38세,상해없음
2015042300100224,2015년 4월 23일 10시,목요일,경상북도 경주시 광명동,경상사고,0,0,1,0,차대차 - 기타,안전운전불이행,건조,맑음,교차로 - 교차로안,승용,남,67세,상해없음,화물,남,48세,경상
2015042300100225,2015년 4월 23일 10시,목요일,경상북도 포항시 북구 대신동,중상사고,0,1,0,0,차대사람 - 기타,안전운전불이행,건조,맑음,교차로 - 교차로안,화물,남,36세,상해없음,보행자,여,84세,중상
2015042300100226,2015년 4월 23일 10시,목요일,경상북도 군위군 군위읍,경상사고,0,0,1,0,차대차 - 기타,안전운전불이행,건조,맑음,단일로 - 기타,승용,남,63세,상해없음,원동기,남,79세,경상
2015042300100257,2015년 4월 23일 11시,목요일,경상북도 포항시 북구 흥해읍,중상사고,0,1,0,0,차대차 - 기타,안전운전불이행,건조,맑음,단일로 - 기타,승용,여,56세,상해없음,화물,남,55세,상해없음
2015042300100258,2015년 4월 23일 11시,목요일,경상북도 김천시 양천동,경상사고,0,0,1,0,차대차 - 측면직각충돌,안전거리미확보,건조,맑음,교차로 - 교차로안,화물,여,54세,상해없음,승용,남,34세,경상
2015042300100260,2015년 4월 23일 11시,목요일,경상북도 청송군 청송읍,사망사고,1,1,0,0,차대차 - 정면충돌,중앙선침범,건조,맑음,단일로 - 기타,화물,남,76세,중상,승용,남,51세,사망
2015042300100261,2015년 4월 23일 11시,목요일,경상북도 포항시 남구 해도동,중상사고,0,1,0,0,차대차 - 기타,안전운전불이행,건조,맑음,단일로 - 기타,승용,남,57세,상해없음,자전거,남,29세,중상
2015042300100285,2015년 4월 23일 12시,목요일,경상북도 경주시 충효동,경상사고,0,0,1,0,차대차 - 기타,안전운전불이행,건조,맑음,교차로 - 교차로안,승용,남,49세,상해없음,승용,남,26세,경상
2015042300100286,2015년 4월 23일 12시,목요일,경상북도 안동시 서후면,경상사고,0,0,3,0,차대차 - 기타,안전운전불이행,건조,맑음,단일로 - 기타,승용,여,50세,경상,승용,여,35세,경상
2015042300100313,2015년 4월 23일 13시,목요일,경상북도 김천시 다수동,경상사고,0,0,1,0,차량단독 - 전도전복,안전운전불이행,건조,맑음,단일로 - 기타,승용,여,37세,경상,,,,
2015042300100314,2015년 4월 23일 13시,목요일,경상북도 영천시 도동,경상사고,0,0,1,0,차대차 - 추돌 - 진행중,안전운전불이행,건조,맑음,단일로 - 기타,건설기계,남,60세,상해없음,이륜,남,22세,경상
2015042300100315,2015년 4월 23일 13시,목요일,경상북도 영천시 금호읍,경상사고,0,0,2,0,차대차 - 측면직각충돌,안전운전불이행,건조,맑음,단일로 - 기타,농기계,남,72세,경상,승용,남,39세,상해없음
2015042300100316,2015년 4월 23일 13시,목요일,경상북도 울진군 온정면,중상사고,0,3,1,1,차량단독 - 도로외이탈 - 추락,안전운전불이행,건조,맑음,단일로 - 기타,승용,여,62세,부상신고,,,,
2015042300100337,2015년 4월 23일 14시,목요일,경상북도 경주시 시래동,사망사고,1,0,0,0,차대사람 - 횡단중,안전운전불이행,건조,맑음,단일로 - 횡단보도상,건설기계,남,42세,상해없음,보행자,남,7세,사망
2015042300100338,2015년 4월 23일 14시,목요일,경상북도 경주시 감포읍,경상사고,0,0,1,0,차대사람 - 기타,신호위반,건조,맑음,단일로 - 기타,승용,남,52세,상해없음,보행자,여,77세,경상
2015042300100339,2015년 4월 23일 14시,목요일,경상북도 포항시 북구 덕수동,중상사고,0,1,0,0,차대차 - 기타,안전운전불이행,건조,맑음,단일로 - 기타,화물,남,57세,상해없음,원동기,남,27세,중상
2015042300100372,2015년 4월 23일 15시,목요일,경상북도 영천시 금호읍,경상사고,0,0,1,1,차대차 - 측면직각충돌,중앙선침범,건조,맑음,단일로 - 기타,이륜,남,19세,경상,화물,남,33세,상해없음
2015042300100373,2015년 4월 23일 15시,목요일,경상북도 구미시 남통동,경상사고,0,0,1,0,차대차 - 기타,교차로운행방법위반,건조,맑음,교차로 - 교차로안,승용,여,57세,상해없음,승용,여,35세,경상
2015042300100409,2015년 4월 23일 16시,목요일,경상북도 영주시 하망동,중상사고,0,1,0,0,차대사람 - 횡단중,안전운전불이행,건조,맑음,단일로 - 기타,승용,여,32세,상해없음,보행자,여,9세,중상
2015042300100410,2015년 4월 23일 16시,목요일,경상북도 경산시 사동,경상사고,0,0,1,0,차대차 - 기타,안전운전불이행,건조,맑음,단일로 - 기타,화물,남,76세,상해없음,승용,여,48세,상해없음
2015042300100453,2015년 4월 23일 17시,목요일,경상북도 상주시 서성동,경상사고,0,0,1,0,차대차 - 기타,안전운전불이행,건조,맑음,기타 - 기타,자전거,여,19세,경상,승용,여,47세,상해없음
2015042300100454,2015년 4월 23일 17시,목요일,경상북도 영주시 영주동,경상사고,0,0,1,0,차대차 - 측면직각충돌,안전운전불이행,건조,맑음,교차로 - 교차로안,승용,남,76세,경상,승용,남,66세,상해없음
2015042300100496,2015년 4월 23일 18시,목요일,경상북도 경주시 동천동,경상사고,0,0,1,0,차대차 - 기타,안전운전불이행,건조,맑음,단일로 - 기타,승용,여,25세,상해없음,자전거,남,14세,경상
2015042300100497,2015년 4월 23일 18시,목요일,경상북도 포항시 북구 장성동,경상사고,0,0,1,0,차대차 - 기타,교차로운행방법위반,건조,맑음,교차로 - 교차로안,승용,남,39세,상해없음,승용,남,30세,경상
2015042300100498,2015년 4월 23일 18시,목요일,경상북도 영주시 가흥동,경상사고,0,0,1,0,차대차 - 측면직각충돌,교차로운행방법위반,건조,맑음,교차로 - 교차로안,승용,여,54세,상해없음,이륜,남,35세,경상
2015042300100499,2015년 4월 23일 18시,목요일,경상북도 칠곡군 가산면,경상사고,0,0,1,1,차대차 - 측면직각충돌,안전운전불이행,건조,맑음,교차로 - 교차로안,승용,여,21세,부상신고,승용,남,51세,경상
2015042300100500,2015년 4월 23일 18시,목요일,경상북도 칠곡군 왜관읍,경상사고,0,0,2,0,차대차 - 측면직각충돌,교차로운행방법위반,건조,맑음,교차로 - 교차로안,승용,여,48세,상해없음,승용,남,58세,경상
2015042300100501,2015년 4월 23일 18시,목요일,경상북도 고령군 대가야읍,중상사고,0,1,0,0,차대차 - 측면직각충돌,불법유턴,건조,맑음,교차로 - 교차로부근,승용,여,41세,상해없음,이륜,남,42세,중상
2015042300100502,2015년 4월 23일 18시,목요일,경상북도 구미시 공단동,중상사고,0,1,0,0,차대차 - 기타,안전운전불이행,건조,맑음,단일로 - 기타,승용,여,38세,상해없음,자전거,남,49세,중상
2015042300100503,2015년 4월 23일 18시,목요일,경상북도 포항시 남구 대잠동,경상사고,0,0,1,0,차대차 - 추돌 - 진행중,안전운전불이행,건조,맑음,교차로 - 교차로부근,승합,남,45세,상해없음,승용,여,46세,경상
2015042300100535,2015년 4월 23일 19시,목요일,경상북도 안동시 수상동,중상사고,0,2,0,0,차대사람 - 기타,보행자보호의무위반,건조,맑음,교차로 - 교차로부근,이륜,남,77세,상해없음,보행자,여,60세,중상
2015042300100536,2015년 4월 23일 19시,목요일,경상북도 김천시 농소면,경상사고,0,0,1,0,차대차 - 측면직각충돌,안전운전불이행,건조,맑음,교차로 - 교차로부근,승용,남,54세,상해없음,승용,남,42세,경상
2015042300100537,2015년 4월 23일 19시,목요일,경상북도 상주시 신봉동,중상사고,0,2,1,0,차대차 - 측면직각충돌,중앙선침범,건조,맑음,단일로 - 기타,승용,여,62세,상해없음,승용,남,47세,상해없음
2015042300100573,2015년 4월 23일 20시,목요일,경상북도 포항시 북구 장성동,중상사고,0,1,1,0,차대차 - 측면직각충돌,신호위반,건조,맑음,교차로 - 교차로안,원동기,남,19세,중상,승용,남,25세,경상
2015042300100574,2015년 4월 23일 20시,목요일,경상북도 청도군 청도읍,경상사고,0,0,2,0,차대차 - 정면충돌,중앙선침범,건조,맑음,단일로 - 기타,승용,남,66세,상해없음,승용,남,39세,경상
2015042300100610,2015년 4월 23일 21시,목요일,경상북도 칠곡군 지천면,경상사고,0,0,1,1,차대차 - 추돌 - 진행중,안전운전불이행,건조,흐림,단일로 - 기타,승용,남,50세,부상신고,승용,남,48세,경상
2015042300100611,2015년 4월 23일 21시,목요일,경상북도 경산시 신교동,중상사고,0,1,0,0,차대차 - 측면직각충돌,안전운전불이행,건조,맑음,교차로 - 교차로부근,이륜,여,62세,중상,승용,남,35세,상해없음
2015042300100612,2015년 4월 23일 21시,목요일,경상북도 청도군 청도읍,경상사고,0,0,1,0,차대차 - 측면직각충돌,신호위반,건조,맑음,교차로 - 교차로안,승용,남,50세,상해없음,원동기,남,19세,경상
2015042300100613,2015년 4월 23일 21시,목요일,경상북도 구미시 인의동,중상사고,0,1,0,0,차대사람 - 기타,안전운전불이행,건조,맑음,교차로 - 교차로부근,승용,남,26세,상해없음,보행자,여,32세,중상
2015042300100645,2015년 4월 23일 22시,목요일,경상북도 영주시 영주동,중상사고,0,1,0,0,차대차 - 측면직각충돌,안전운전불이행,건조,맑음,교차로 - 교차로부근,화물,남,29세,상해없음,승용,남,44세,상해없음
2015042400100047,2015년 4월 24일 04시,금요일,경상북도 포항시 북구 죽도동,중상사고,0,2,0,0,차대차 - 추돌 - 진행중,안전운전불이행,건조,맑음,교차로 - 교차로부근,승용,남,31세,상해없음,승용,남,59세,중상
2015042400100125,2015년 4월 24일 08시,금요일,경상북도 영주시 영주동,경상사고,0,0,1,0,차대차 - 정면충돌,안전운전불이행,건조,맑음,단일로 - 기타,승용,남,31세,상해없음,자전거,남,13세,경상
2015042400100126,2015년 4월 24일 08시,금요일,경상북도 포항시 남구 호미곶면,경상사고,0,0,1,0,차대사람 - 기타,안전운전불이행,건조,맑음,단일로 - 기타,승합,남,59세,상해없음,보행자,여,15세,경상
2015042400100161,2015년 4월 24일 09시,금요일,경상북도 상주시 냉림동,중상사고,0,1,2,0,차대차 - 기타,교차로운행방법위반,건조,맑음,교차로 - 교차로안,이륜,남,78세,중상,승용,여,27세,경상
2015042400100162,2015년 4월 24일 09시,금요일,경상북도 청도군 청도읍,중상사고,0,1,1,0,차대차 - 측면직각충돌,교차로운행방법위반,건조,맑음,교차로 - 교차로안,화물,남,35세,상해없음,승용,남,52세,상해없음
2015042400100163,2015년 4월 24일 09시,금요일,경상북도 고령군 성산면,경상사고,0,0,4,0,차량단독 - 공작물충돌,안전운전불이행,건조,맑음,단일로 - 기타,승용,남,67세,경상,,,,
2015042400100164,2015년 4월 24일 09시,금요일,경상북도 구미시 임은동,경상사고,0,0,1,0,차대차 - 기타,안전운전불이행,건조,맑음,교차로 - 교차로부근,승용,여,41세,상해없음,승용,여,45세,경상
2015042400100241,2015년 4월 24일 11시,금요일,경상북도 칠곡군 가산면,중상사고,0,2,1,0,차대차 - 기타,안전운전불이행,건조,맑음,단일로 - 기타,승용,남,39세,중상,승용,남,54세,경상
2015042400100242,2015년 4월 24일 11시,금요일,경상북도 칠곡군 왜관읍,부상신고사고,0,0,0,1,차대차 - 측면직각충돌,안전운전불이행,건조,맑음,교차로 - 교차로안,이륜,남,79세,부상신고,화물,남,59세,상해없음
2015042400100243,2015년 4월 24일 11시,금요일,경상북도 경산시 진량읍,중상사고,0,1,1,0,차량단독 - 기타,안전운전불이행,건조,맑음,단일로 - 기타,이륜,남,23세,경상,,,,
2015042400100244,2015년 4월 24일 11시,금요일,경상북도 고령군 대가야읍,중상사고,0,1,3,0,차대차 - 측면직각충돌,교차로운행방법위반,건조,맑음,교차로 - 교차로안,승용,남,84세,경상,건설기계,남,39세,중상
2015042400100245,2015년 4월 24일 11시,금요일,경상북도 구미시 공단동,부상신고사고,0,0,0,1,차대차 - 기타,안전운전불이행,건조,맑음,단일로 - 기타,화물,남,36세,부상신고,화물,남,66세,상해없음
2015042400100275,2015년 4월 24일 12시,금요일,경상북도 경주시 양남면,중상사고,0,1,1,1,차대차 - 측면직각충돌,신호위반,건조,맑음,교차로 - 교차로안,승용,남,30세,부상신고,화물,남,50세,경상
2015042400100276,2015년 4월 24일 12시,금요일,경상북도 경주시 천북면,중상사고,0,1,0,0,차대차 - 기타,안전운전불이행,건조,맑음,단일로 - 기타,승용,남,36세,상해없음,승용,여,35세,중상
2015042400100277,2015년 4월 24일 12시,금요일,경상북도 영주시 영주동,중상사고,0,1,1,0,차대차 - 추돌 - 진행중,안전운전불이행,건조,맑음,단일로 - 기타,승용,남,51세,중상,승용,여,33세,상해없음
2015042400100278,2015년 4월 24일 12시,금요일,경상북도 경산시 진량읍,경상사고,0,0,1,0,차대차 - 기타,안전운전불이행,건조,맑음,단일로 - 기타,승용,여,37세,상해없음,원동기,남,78세,경상
2015042400100300,2015년 4월 24일 13시,금요일,경상북도 포항시 북구 양덕동,경상사고,0,0,1,0,차대차 - 기타,신호위반,건조,맑음,교차로 - 교차로안,승용,여,55세,상해없음,건설기계,남,34세,경상
2015042400100301,2015년 4월 24일 13시,금요일,경상북도 경산시 하양읍,부상신고사고,0,0,0,1,차대차 - 기타,안전운전불이행,건조,맑음,단일로 - 기타,농기계,남,68세,부상신고,승용,남,62세,상해없음
2015042400100336,2015년 4월 24일 14시,금요일,경상북도 구미시 옥성면,중상사고,0,3,5,0,차대차 - 추돌 - 주정차중,안전거리미확보,건조,맑음,단일로 - 터널,화물,남,21세,상해없음,화물,남,59세,경상
2015042400100377,2015년 4월 24일 15시,금요일,경상북도 포항시 북구 죽도동,경상사고,0,0,1,0,차대차 - 기타,신호위반,건조,맑음,교차로 - 교차로안,승용,여,52세,상해없음,승용,남,56세,경상
2015042400100378,2015년 4월 24일 15시,금요일,경상북도 안동시 일직면,부상신고사고,0,0,0,1,차대차 - 기타,안전운전불이행,건조,맑음,단일로 - 기타,화물,남,70세,상해없음,농기계,남,67세,부상신고
2015042400100379,2015년 4월 24일 15시,금요일,경상북도 경산시 사동,중상사고,0,1,0,0,차대차 - 기타,교차로운행방법위반,건조,맑음,교차로 - 교차로안,승용,남,46세,상해없음,승용,여,34세,중상
2015042400100380,2015년 4월 24일 15시,금요일,경상북도 구미시 인의동,경상사고,0,0,3,0,차대차 - 추돌 - 진행중,안전운전불이행,건조,맑음,교차로 - 교차로부근,승용,남,26세,상해없음,승용,여,30세,경상
2015042400100381,2015년 4월 24일 15시,금요일,경상북도 포항시 남구 연일읍,중상사고,0,3,1,0,차대차 - 측면직각충돌,안전운전불이행,건조,맑음,단일로 - 기타,승용,남,18세,경상,화물,남,61세,상해없음
2015042400100416,2015년 4월 24일 16시,금요일,경상북도 경주시 황성동,경상사고,0,0,1,1,차대차 - 기타,안전운전불이행,건조,맑음,교차로 - 교차로안,승용,여,57세,상해없음,승용,남,60세,상해없음
2015042400100417,2015년 4월 24일 16시,금요일,경상북도 포항시 북구 양덕동,경상사고,0,0,1,0,차대차 - 기타,안전운전불이행,건조,맑음,단일로 - 기타,승합,남,29세,상해없음,승용,여,60세,경상
2015042400100455,2015년 4월 24일 17시,금요일,경상북도 포항시 북구 흥해읍,경상사고,0,0,1,0,차대차 - 기타,안전운전불이행,건조,맑음,교차로 - 교차로안,승용,남,51세,상해없음,승용,여,51세,경상
2015042400100457,2015년 4월 24일 17시,금요일,경상북도 포항시 남구 대도동,중상사고,0,1,1,0,차대차 - 측면직각충돌,교차로운행방법위반,건조,맑음,교차로 - 교차로안,승용,남,48세,상해없음,승용,남,26세,경상
2015042400100510,2015년 4월 24일 18시,금요일,경상북도 경주시 용강동,경상사고,0,0,1,0,차대차 - 기타,안전운전불이행,건조,맑음,단일로 - 기타,승용,남,31세,상해없음,승용,남,27세,경상
2015042400100511,2015년 4월 24일 18시,금요일,경상북도 안동시 용상동,중상사고,0,1,5,0,차대차 - 추돌 - 주정차중,안전거리미확보,건조,맑음,교차로 - 교차로부근,화물,남,30세,상해없음,승용,남,30세,경상
2015042400100512,2015년 4월 24일 18시,금요일,경상북도 김천시 남산동,중상사고,0,2,0,0,차대차 - 측면직각충돌,중앙선침범,건조,맑음,단일로 - 기타,화물,남,24세,상해없음,이륜,남,59세,중상
2015042400100513,2015년 4월 24일 18시,금요일,경상북도 김천시 봉산면,사망사고,1,0,0,0,차량단독 - 전도전복,안전운전불이행,건조,맑음,단일로 - 기타,원동기,남,85세,사망,,,,
2015042400100514,2015년 4월 24일 18시,금요일,경상북도 영덕군 남정면,경상사고,0,0,1,0,차대차 - 측면직각충돌,안전거리미확보,건조,맑음,단일로 - 기타,화물,남,47세,상해없음,승용,남,36세,경상
2015042400100515,2015년 4월 24일 18시,금요일,경상북도 포항시 남구 동해면,경상사고,0,0,1,0,차대사람 - 기타,보행자보호의무위반,건조,맑음,단일로 - 횡단보도상,승용,남,38세,상해없음,보행자,여,7세,경상
2015042400100564,2015년 4월 24일 19시,금요일,경상북도 경주시 성건동,중상사고,0,1,0,0,차대사람 - 보도통행중,보행자보호의무위반,건조,맑음,교차로 - 교차로부근,승용,남,50세,상해없음,보행자,여,60세,중상
2015042400100565,2015년 4월 24일 19시,금요일,경상북도 포항시 북구 죽도동,경상사고,0,0,1,0,차대차 - 기타,신호위반,건조,맑음,교차로 - 교차로안,승용,남,52세,상해없음,승용,남,60세,경상
2015042400100566,2015년 4월 24일 19시,금요일,경상북도 김천시 부곡동,경상사고,0,0,1,0,차대사람 - 차도통행중,안전운전불이행,건조,맑음,단일로 - 기타,승용,남,58세,상해없음,보행자,남,5세,경상
2015042400100652,2015년 4월 24일 21시,금요일,경상북도 경주시 용강동,경상사고,0,0,1,0,차대차 - 측면직각충돌,안전운전불이행,건조,맑음,교차로 - 교차로안,승용,남,16세,상해없음,승합,남,70세,경상
2015042400100653,2015년 4월 24일 21시,금요일,경상북도 영주시 휴천동,경상사고,0,0,1,0,차대차 - 기타,안전운전불이행,건조,맑음,교차로 - 교차로안,특수,남,20세,상해없음,자전거,여,58세,경상
2015042400100654,2015년 4월 24일 21시,금요일,경상북도 구미시 형곡동,부상신고사고,0,0,0,1,차대차 - 기타,중앙선침범,건조,맑음,단일로 - 기타,이륜,남,34세,부상신고,승용,남,25세,상해없음
2015042400100690,2015년 4월 24일 22시,금요일,경상북도 경주시 성건동,중상사고,0,1,0,0,차대차 - 측면직각충돌,안전운전불이행,건조,맑음,단일로 - 기타,승용,남,74세,상해없음,자전거,남,71세,중상
2015042400100691,2015년 4월 24일 22시,금요일,경상북도 안동시 옥동,경상사고,0,0,1,0,차대사람 - 기타,안전운전불이행,건조,맑음,단일로 - 기타,승용,남,42세,상해없음,보행자,여,43세,경상
2015042400100692,2015년 4월 24일 22시,금요일,경상북도 김천시 덕곡동,중상사고,0,1,3,0,차대차 - 측면직각충돌,안전운전불이행,건조,맑음,단일로 - 기타,화물,남,59세,중상,승용,남,31세,경상
2015042400100693,2015년 4월 24일 22시,금요일,경상북도 영천시 완산동,중상사고,0,1,0,0,차대사람 - 횡단중,보행자보호의무위반,건조,맑음,교차로 - 교차로부근,승용,남,45세,상해없음,보행자,여,21세,중상
2015042400100694,2015년 4월 24일 22시,금요일,경상북도 경산시 옥산동,중상사고,0,1,0,0,차대차 - 기타,안전운전불이행,건조,맑음,교차로 - 교차로안,이륜,남,17세,상해없음,승용,남,25세,상해없음
2015042400100695,2015년 4월 24일 22시,금요일,경상북도 포항시 남구 연일읍,경상사고,0,0,1,0,차대사람 - 기타,안전운전불이행,건조,맑음,단일로 - 기타,승용,여,29세,상해없음,보행자,남,54세,경상
2015042400100728,2015년 4월 24일 23시,금요일,경상북도 포항시 북구 장성동,중상사고,0,1,1,0,차대차 - 측면직각충돌,안전운전불이행,건조,맑음,교차로 - 교차로안,승용,여,44세,경상,승용,여,30세,중상
2015042400100729,2015년 4월 24일 23시,금요일,경상북도 문경시 흥덕동,경상사고,0,0,2,0,차대차 - 기타,교차로운행방법위반,건조,맑음,교차로 - 교차로안,승용,남,31세,상해없음,승용,남,39세,경상
2015042400100730,2015년 4월 24일 23시,금요일,경상북도 울진군 근남면,경상사고,0,0,1,0,차대차 - 추돌 - 주정차중,안전운전불이행,건조,맑음,교차로 - 교차로부근,화물,남,54세,상해없음,승용,남,43세,경상
2015042400100731,2015년 4월 24일 23시,금요일,경상북도 구미시 진평동,경상사고,0,0,1,0,차대차 - 기타,안전운전불이행,건조,맑음,단일로 - 기타,승용,남,30세,상해없음,승용,남,64세,경상
2015042400100732,2015년 4월 24일 23시,금요일,경상북도 구미시 고아읍,경상사고,0,0,1,0,차대사람 - 기타,안전운전불이행,건조,맑음,교차로 - 교차로안,이륜,남,18세,상해없음,보행자,남,53세,경상
2015042500100023,2015년 4월 25일 00시,토요일,경상북도 구미시 남통동,경상사고,0,0,1,2,차대차 - 측면직각충돌,안전거리미확보,건조,맑음,교차로 - 교차로부근,승용,남,33세,부상신고,승용,남,45세,부상신고
2015042500100049,2015년 4월 25일 01시,토요일,경상북도 포항시 북구 죽도동,경상사고,0,0,2,0,차대차 - 추돌 - 주정차중,중앙선침범,건조,맑음,교차로 - 교차로부근,승용,남,41세,상해없음,승용,남,60세,경상
2015042500100114,2015년 4월 25일 06시,토요일,경상북도 구미시 비산동,부상신고사고,0,0,0,1,차량단독 - 공작물충돌,안전운전불이행,건조,맑음,단일로 - 교량,승용,남,76세,부상신고,,,,
2015042500100132,2015년 4월 25일 07시,토요일,경상북도 영주시 상망동,경상사고,0,0,1,0,차대사람 - 횡단중,안전운전불이행,건조,맑음,교차로 - 교차로부근,승용,남,54세,상해없음,보행자,남,79세,경상
2015042500100154,2015년 4월 25일 08시,토요일,경상북도 경주시 외동읍,경상사고,0,0,1,0,차대차 - 기타,신호위반,건조,맑음,교차로 - 교차로안,화물,남,56세,상해없음,승용,남,31세,경상
2015042500100190,2015년 4월 25일 09시,토요일,경상북도 경주시 성건동,중상사고,0,1,0,0,차대사람 - 기타,안전운전불이행,건조,맑음,교차로 - 교차로부근,승용,여,28세,상해없음,보행자,남,38세,중상
2015042500100191,2015년 4월 25일 09시,토요일,경상북도 영주시 휴천동,경상사고,0,0,1,0,차대사람 - 횡단중,보행자보호의무위반,건조,맑음,단일로 - 횡단보도상,화물,남,74세,상해없음,보행자,여,15세,경상
2015042500100233,2015년 4월 25일 10시,토요일,경상북도 구미시 원평동,경상사고,0,0,1,0,차대사람 - 기타,안전운전불이행,건조,맑음,기타 - 기타,승용,남,60세,상해없음,보행자,여,68세,경상
2015042500100276,2015년 4월 25일 11시,토요일,경상북도 경주시 율동,중상사고,0,2,0,0,차대차 - 기타,차로위반,건조,맑음,단일로 - 기타,화물,남,59세,상해없음,승용,남,49세,중상
2015042500100314,2015년 4월 25일 12시,토요일,경상북도 경주시 감포읍,부상신고사고,0,0,0,1,차량단독 - 공작물충돌,안전운전불이행,건조,맑음,단일로 - 기타,승용,남,19세,부상신고,,,,
2015042500100315,2015년 4월 25일 12시,토요일,경상북도 안동시 임동면,중상사고,0,3,2,0,차대차 - 정면충돌,중앙선침범,건조,맑음,단일로 - 기타,승용,남,33세,경상,승용,남,55세,경상
2015042500100316,2015년 4월 25일 12시,토요일,경상북도 경산시 계양동,경상사고,0,0,1,0,차대차 - 기타,안전운전불이행,건조,맑음,교차로 - 교차로부근,승용,여,56세,경상,화물,남,57세,상해없음
2015042500100317,2015년 4월 25일 12시,토요일,경상북도 칠곡군 동명면,중상사고,0,2,1,0,차대차 - 추돌 - 주정차중,안전거리미확보,건조,맑음,단일로 - 기타,승용,남,48세,상해없음,승용,남,49세,경상
2015042500100395,2015년 4월 25일 14시,토요일,경상북도 영주시 휴천동,중상사고,0,1,0,0,차대차 - 측면직각충돌,안전운전불이행,건조,맑음,단일로 - 횡단보도상,승용,여,54세,상해없음,자전거,남,86세,중상
2015042500100396,2015년 4월 25일 14시,토요일,경상북도 칠곡군 약목면,중상사고,0,1,0,0,차대사람 - 횡단중,안전운전불이행,건조,맑음,단일로 - 기타,승용,남,38세,상해없음,보행자,여,64세,중상
2015042500100397,2015년 4월 25일 14시,토요일,경상북도 구미시 상모동,중상사고,0,1,0,0,차대사람 - 횡단중,안전운전불이행,건조,맑음,교차로 - 교차로부근,승용,여,34세,상해없음,보행자,남,5세,중상
2015042500100398,2015년 4월 25일 14시,토요일,경상북도 구미시 남통동,부상신고사고,0,0,0,1,차량단독 - 전도전복,안전운전불이행,건조,맑음,단일로 - 기타,자전거,남,17세,부상신고,,,,