사고번호,사고일시,요일,시군구,사고내용,사망자수,중상자수,경상자수,부상신고자수,사고유형,법규위반,노면상태,기상상태,도로형태,가해운전자 차종,가해운전자 성별,가해운전자 연령,가해운전자 상해정도,피해운전자 차종,피해운전자 성별,피해운전자 연령,피해운전자 상해정도
2015042500100399,2015년 4월 25일 14시,토요일,경상북도 포항시 남구 동해면,중상사고,0,2,0,0,차대차 - 기타,중앙선침범,건조,맑음,단일로 - 기타,승용,여,44세,상해없음,이륜,남,55세,중상
2015042500100473,2015년 4월 25일 16시,토요일,경상북도 경주시 진현동,경상사고,0,0,5,0,차대차 - 기타,중앙선침범,건조,맑음,단일로 - 기타,승용,여,24세,경상,승용,여,53세,경상
2015042500100474,2015년 4월 25일 16시,토요일,경상북도 경주시 배반동,경상사고,0,0,1,0,차대차 - 기타,안전운전불이행,건조,맑음,단일로 - 기타,화물,남,46세,상해없음,승용,남,31세,경상
2015042500100475,2015년 4월 25일 16시,토요일,경상북도 안동시 북후면,경상사고,0,0,3,0,차대차 - 추돌 - 진행중,안전운전불이행,건조,맑음,단일로 - 기타,승합,남,52세,상해없음,화물,남,59세,경상
2015042500100476,2015년 4월 25일 16시,토요일,경상북도 상주시 낙양동,경상사고,0,0,1,0,차대차 - 추돌 - 주정차중,안전운전불이행,건조,맑음,교차로 - 교차로부근,승용,남,60세,상해없음,승용,남,32세,상해없음
2015042500100525,2015년 4월 25일 17시,토요일,경상북도 경주시 성건동,경상사고,0,0,1,0,차대차 - 기타,안전운전불이행,건조,맑음,교차로 - 교차로안,승용,남,27세,상해없음,원동기,남,17세,경상
2015042500100526,2015년 4월 25일 17시,토요일,경상북도 안동시 옥동,경상사고,0,0,1,0,차대차 - 추돌 - 진행중,안전운전불이행,건조,맑음,교차로 - 교차로안,승용,남,48세,상해없음,승용,여,55세,경상
2015042500100527,2015년 4월 25일 17시,토요일,경상북도 안동시 북문동,경상사고,0,0,1,0,차대사람 - 횡단중,보행자보호의무위반,건조,맑음,단일로 - 횡단보도상,화물,남,51세,상해없음,보행자,여,50세,경상
2015042500100528,2015년 4월 25일 17시,토요일,경상북도 안동시 운안동,경상사고,0,0,1,0,차대차 - 기타,안전운전불이행,건조,맑음,단일로 - 기타,원동기,남,54세,경상,승용,남,53세,상해없음
2015042500100529,2015년 4월 25일 17시,토요일,경상북도 의성군 단북면,중상사고,0,1,1,0,차대차 - 측면직각충돌,중앙선침범,건조,맑음,단일로 - 기타,승용,여,50세,경상,화물,남,58세,중상
2015042500100530,2015년 4월 25일 17시,토요일,경상북도 영주시 가흥동,경상사고,0,0,1,0,차대사람 - 횡단중,신호위반,건조,맑음,교차로 - 교차로부근,승용,남,70세,상해없음,보행자,여,59세,경상
2015042500100531,2015년 4월 25일 17시,토요일,경상북도 칠곡군 약목면,경상사고,0,0,2,2,차대차 - 측면직각충돌,직진우회전진행방해,건조,맑음,교차로 - 교차로안,승용,여,34세,부상신고,승용,남,36세,상해없음
2015042500100575,2015년 4월 25일 18시,토요일,경상북도 포항시 북구 두호동,경상사고,0,0,1,0,차대차 - 기타,중앙선침범,건조,맑음,단일로 - 기타,승용,남,25세,상해없음,원동기,남,34세,경상
2015042500100576,2015년 4월 25일 18시,토요일,경상북도 의성군 다인면,중상사고,0,1,0,0,차대차 - 측면직각충돌,중앙선침범,건조,맑음,단일로 - 기타,화물,남,60세,상해없음,농기계,남,76세,중상
2015042500100625,2015년 4월 25일 19시,토요일,경상북도 포항시 북구 죽도동,경상사고,0,0,1,0,차대차 - 기타,안전운전불이행,건조,맑음,단일로 - 기타,화물,남,69세,상해없음,승용,남,37세,경상
2015042500100626,2015년 4월 25일 19시,토요일,경상북도 경산시 진량읍,경상사고,0,0,1,0,차대차 - 기타,안전운전불이행,건조,맑음,단일로 - 기타,승용,여,43세,상해없음,승용,여,24세,경상
2015042500100627,2015년 4월 25일 19시,토요일,경상북도 구미시 임수동,경상사고,0,0,2,0,차대차 - 기타,교차로운행방법위반,건조,맑음,교차로 - 교차로안,승용,남,28세,상해없음,이륜,남,41세,경상
2015042500100628,2015년 4월 25일 19시,토요일,경상북도 포항시 남구 오천읍,중상사고,0,1,0,0,차대차 - 측면직각충돌,신호위반,건조,맑음,교차로 - 교차로안,원동기,남,17세,중상,승용,남,54세,상해없음
2015042500100667,2015년 4월 25일 20시,토요일,경상북도 포항시 북구 학산동,경상사고,0,0,1,0,차대차 - 측면직각충돌,안전운전불이행,건조,맑음,단일로 - 기타,승용,여,54세,상해없음,승용,남,45세,상해없음
2015042500100668,2015년 4월 25일 20시,토요일,경상북도 경산시 하양읍,경상사고,0,0,1,0,차대차 - 기타,안전운전불이행,건조,맑음,단일로 - 기타,승용,남,33세,상해없음,이륜,남,27세,경상
2015042500100669,2015년 4월 25일 20시,토요일,경상북도 고령군 대가야읍,경상사고,0,0,1,0,차대차 - 측면직각충돌,안전운전불이행,건조,맑음,교차로 - 교차로부근,화물,남,45세,상해없음,원동기,여,40세,경상
2015042500100670,2015년 4월 25일 20시,토요일,경상북도 구미시 도량동,부상신고사고,0,0,0,1,차대차 - 기타,신호위반,건조,맑음,교차로 - 교차로안,이륜,남,21세,부상신고,승용,남,45세,상해없음
2015042500100704,2015년 4월 25일 21시,토요일,경상북도 경주시 동천동,경상사고,0,0,1,0,차대차 - 기타,안전운전불이행,건조,맑음,교차로 - 교차로안,승용,남,40세,상해없음,자전거,남,17세,경상
2015042500100705,2015년 4월 25일 21시,토요일,경상북도 영천시 화북면,경상사고,0,0,1,0,차대차 - 측면직각충돌,불법유턴,건조,맑음,단일로 - 기타,건설기계,남,49세,상해없음,승용,남,29세,경상
2015042500100706,2015년 4월 25일 21시,토요일,경상북도 예천군 개포면,경상사고,0,0,3,0,차대차 - 추돌 - 진행중,안전운전불이행,건조,맑음,단일로 - 기타,승용,남,49세,상해없음,화물,남,45세,상해없음
2015042500100707,2015년 4월 25일 21시,토요일,경상북도 포항시 남구 청림동,중상사고,0,2,0,0,차대사람 - 횡단중,보행자보호의무위반,건조,맑음,교차로 - 교차로부근,승용,남,51세,상해없음,보행자,남,70세,중상
2015042500100708,2015년 4월 25일 21시,토요일,경상북도 칠곡군 가산면,중상사고,0,1,0,0,차대차 - 추돌 - 진행중,안전운전불이행,건조,맑음,단일로 - 기타,화물,남,57세,중상,건설기계,남,32세,상해없음
2015042500100745,2015년 4월 25일 22시,토요일,경상북도 안동시 용상동,중상사고,0,1,0,0,차대차 - 측면직각충돌,교차로운행방법위반,건조,맑음,교차로 - 교차로부근,화물,남,53세,상해없음,이륜,남,37세,중상
2015042500100746,2015년 4월 25일 22시,토요일,경상북도 김천시 신음동,중상사고,0,1,0,0,차대차 - 측면직각충돌,안전운전불이행,건조,맑음,교차로 - 교차로부근,승용,남,62세,상해없음,이륜,여,60세,중상
2015042500100747,2015년 4월 25일 22시,토요일,경상북도 경산시 사동,부상신고사고,0,0,0,1,차대차 - 기타,안전운전불이행,건조,맑음,교차로 - 교차로안,자전거,남,12세,부상신고,화물,남,43세,상해없음
2015042500100748,2015년 4월 25일 22시,토요일,경상북도 경산시 옥곡동,경상사고,0,0,3,0,차대차 - 기타,안전운전불이행,건조,맑음,교차로 - 교차로부근,승용,남,49세,상해없음,승용,여,26세,경상
2015042500100776,2015년 4월 25일 23시,토요일,경상북도 구미시 고아읍,중상사고,0,1,1,0,차대차 - 기타,교차로운행방법위반,건조,맑음,교차로 - 교차로안,승용,여,61세,중상,승용,여,56세,경상
2015042600100017,2015년 4월 26일 00시,일요일,경상북도 김천시 지좌동,중상사고,0,2,0,0,차대차 - 측면직각충돌,중앙선침범,건조,맑음,단일로 - 기타,승용,남,34세,상해없음,승용,남,50세,중상
2015042600100047,2015년 4월 26일 02시,일요일,경상북도 성주군 수륜면,경상사고,0,0,2,0,차량단독 - 공작물충돌,안전운전불이행,건조,맑음,기타 - 기타,화물,남,21세,경상,,,,
2015042600100048,2015년 4월 26일 02시,일요일,경상북도 구미시 원평동,경상사고,0,0,2,0,차대사람 - 기타,교차로운행방법위반,건조,맑음,교차로 - 교차로안,승용,남,42세,상해없음,보행자,남,19세,경상
2015042600100049,2015년 4월 26일 02시,일요일,경상북도 포항시 남구 송도동,경상사고,0,0,1,0,차량단독 - 공작물충돌,안전운전불이행,건조,맑음,단일로 - 기타,승용,남,26세,상해없음,,,,
2015042600100077,2015년 4월 26일 04시,일요일,경상북도 포항시 북구 항구동,경상사고,0,0,1,0,차대차 - 기타,안전운전불이행,건조,맑음,단일로 - 기타,승용,남,24세,상해없음,승용,여,39세,경상
2015042600100089,2015년 4월 26일 05시,일요일,경상북도 봉화군 봉화읍,중상사고,0,1,1,0,차대차 - 측면직각충돌,직진우회전진행방해,건조,맑음,교차로 - 교차로안,승용,남,59세,상해없음,승용,남,59세,경상
2015042600100114,2015년 4월 26일 07시,일요일,경상북도 경산시 하양읍,경상사고,0,0,1,0,차대차 - 기타,중앙선침범,건조,맑음,교차로 - 교차로부근,승용,남,55세,상해없음,화물,남,58세,경상
2015042600100127,2015년 4월 26일 08시,일요일,경상북도 청도군 이서면,중상사고,0,6,0,0,차량단독 - 공작물충돌,안전운전불이행,건조,맑음,단일로 - 기타,승용,남,16세,중상,,,,
2015042600100128,2015년 4월 26일 08시,일요일,경상북도 구미시 고아읍,경상사고,0,0,1,0,차대차 - 기타,안전운전불이행,건조,맑음,교차로 - 교차로부근,승용,남,60세,상해없음,농기계,남,63세,경상
2015042600100144,2015년 4월 26일 09시,일요일,경상북도 청도군 매전면,경상사고,0,0,1,0,차대차 - 측면직각충돌,안전거리미확보,건조,맑음,단일로 - 기타,원동기,남,78세,경상,승용,남,31세,상해없음
2015042600100145,2015년 4월 26일 09시,일요일,경상북도 포항시 남구 대잠동,중상사고,0,1,0,0,차대차 - 기타,중앙선침범,건조,맑음,단일로 - 기타,승용,남,66세,상해없음,승용,남,62세,중상
2015042600100146,2015년 4월 26일 09시,일요일,경상북도 군위군 군위읍,중상사고,0,3,0,0,차대차 - 추돌 - 주정차중,안전운전불이행,건조,맑음,기타 - 기타,승용,남,62세,중상,승용,남,59세,기타불명
2015042600100165,2015년 4월 26일 10시,일요일,경상북도 영주시 하망동,경상사고,0,0,1,0,차대차 - 측면직각충돌,안전운전불이행,건조,맑음,기타 - 기타,승용,남,43세,상해없음,자전거,남,16세,경상
2015042600100185,2015년 4월 26일 11시,일요일,경상북도 경주시 탑동,경상사고,0,0,2,0,차대차 - 기타,안전운전불이행,건조,맑음,단일로 - 기타,승용,남,40세,상해없음,승용,남,37세,상해없음
2015042600100186,2015년 4월 26일 11시,일요일,경상북도 칠곡군 왜관읍,경상사고,0,0,1,0,차대사람 - 횡단중,안전운전불이행,건조,맑음,단일로 - 기타,원동기,기타불명,기타불명,기타불명,보행자,남,68세,경상
2015042600100187,2015년 4월 26일 11시,일요일,경상북도 구미시 구포동,경상사고,0,0,2,1,차량단독 - 공작물충돌,안전운전불이행,건조,맑음,단일로 - 기타,승용,남,34세,부상신고,,,,
2015042600100215,2015년 4월 26일 12시,일요일,경상북도 김천시 다수동,경상사고,0,0,1,0,차대차 - 측면직각충돌,안전거리미확보,건조,맑음,단일로 - 기타,화물,남,35세,상해없음,승용,여,47세,경상
2015042600100216,2015년 4월 26일 12시,일요일,경상북도 김천시 아포읍,경상사고,0,0,1,0,차대차 - 측면직각충돌,안전운전불이행,건조,맑음,교차로 - 교차로부근,이륜,남,67세,경상,승용,남,37세,상해없음
2015042600100217,2015년 4월 26일 12시,일요일,경상북도 영주시 안정면,사망사고,1,0,0,0,차대차 - 측면직각충돌,안전운전불이행,건조,맑음,교차로 - 교차로안,농기계,남,57세,상해없음,이륜,남,73세,사망
2015042600100218,2015년 4월 26일 12시,일요일,경상북도 영주시 휴천동,경상사고,0,0,2,0,차대차 - 측면직각충돌,안전운전불이행,건조,맑음,교차로 - 교차로안,승용,남,30세,상해없음,승용,남,56세,상해없음
2015042600100219,2015년 4월 26일 12시,일요일,경상북도 포항시 남구 상도동,경상사고,0,0,1,0,차대차 - 추돌 - 주정차중,안전운전불이행,건조,맑음,단일로 - 기타,이륜,남,50세,상해없음,승용,남,25세,경상
2015042600100244,2015년 4월 26일 13시,일요일,경상북도 경주시 신평동,경상사고,0,0,2,0,차량단독 - 기타,안전운전불이행,건조,맑음,단일로 - 기타,원동기,남,25세,경상,,,,
2015042600100245,2015년 4월 26일 13시,일요일,경상북도 김천시 아포읍,중상사고,0,3,1,0,차대차 - 측면직각충돌,안전운전불이행,건조,맑음,단일로 - 기타,승용,여,65세,상해없음,승용,여,30세,중상
2015042600100246,2015년 4월 26일 13시,일요일,경상북도 영천시 금호읍,중상사고,0,1,0,0,차대차 - 측면직각충돌,안전운전불이행,건조,맑음,단일로 - 기타,승용,여,46세,상해없음,원동기,남,19세,중상
2015042600100247,2015년 4월 26일 13시,일요일,경상북도 구미시 원평동,중상사고,0,1,0,1,차대사람 - 보도통행중,보행자보호의무위반,건조,맑음,단일로 - 횡단보도부근,이륜,남,25세,부상신고,보행자,남,11세,중상
2015042600100312,2015년 4월 26일 15시,일요일,경상북도 의성군 의성읍,경상사고,0,0,1,0,차대차 - 추돌 - 진행중,안전거리미확보,건조,맑음,단일로 - 교량,원동기,남,62세,경상,승용,남,61세,상해없음
2015042600100313,2015년 4월 26일 15시,일요일,경상북도 칠곡군 가산면,경상사고,0,0,2,0,차대차 - 추돌 - 주정차중,안전운전불이행,건조,맑음,단일로 - 기타,승용,남,55세,상해없음,승용,남,47세,경상
2015042600100362,2015년 4월 26일 16시,일요일,경상북도 경주시 양남면,경상사고,0,0,8,0,차대차 - 기타,안전운전불이행,건조,맑음,단일로 - 기타,승용,남,41세,상해없음,승용,남,44세,경상
2015042600100363,2015년 4월 26일 16시,일요일,경상북도 성주군 선남면,경상사고,0,0,1,0,차대차 - 기타,안전운전불이행,건조,맑음,기타 - 기타,이륜,남,25세,상해없음,승용,여,57세,상해없음
2015042600100364,2015년 4월 26일 16시,일요일,경상북도 구미시 옥계동,경상사고,0,0,1,0,차대차 - 기타,안전운전불이행,건조,맑음,교차로 - 교차로부근,승용,남,49세,상해없음,승용,남,22세,경상
2015042600100365,2015년 4월 26일 16시,일요일,경상북도 포항시 남구 대도동,경상사고,0,0,1,0,차대차 - 기타,중앙선침범,습기,맑음,교차로 - 교차로안,원동기,여,23세,경상,승용,여,57세,상해없음
2015042600100394,2015년 4월 26일 17시,일요일,경상북도 김천시 대광동,중상사고,0,1,0,0,차대차 - 측면직각충돌,교차로운행방법위반,건조,맑음,교차로 - 교차로안,승용,여,55세,상해없음,원동기,여,56세,중상
2015042600100395,2015년 4월 26일 17시,일요일,경상북도 문경시 산양면,경상사고,0,0,1,0,차대차 - 추돌 - 주정차중,안전거리미확보,건조,맑음,교차로 - 교차로부근,화물,남,55세,상해없음,화물,여,52세,경상
2015042600100396,2015년 4월 26일 17시,일요일,경상북도 고령군 쌍림면,중상사고,0,1,1,0,차대차 - 측면직각충돌,교차로운행방법위반,건조,맑음,교차로 - 교차로안,승용,남,76세,경상,이륜,남,42세,중상
2015042600100397,2015년 4월 26일 17시,일요일,경상북도 울릉군 서면,중상사고,0,2,1,0,차량단독 - 공작물충돌,안전운전불이행,건조,맑음,단일로 - 기타,승용,남,72세,경상,,,,
2015042600100435,2015년 4월 26일 18시,일요일,경상북도 경주시 내남면,중상사고,0,1,1,0,차대차 - 기타,안전운전불이행,건조,맑음,교차로 - 교차로안,승용,남,22세,경상,화물,남,60세,중상
2015042600100436,2015년 4월 26일 18시,일요일,경상북도 영주시 하망동,경상사고,0,0,1,0,차대사람 - 보도통행중,안전운전불이행,건조,맑음,단일로 - 기타,승용,남,56세,상해없음,보행자,남,84세,경상
2015042600100437,2015년 4월 26일 18시,일요일,경상북도 포항시 남구 구룡포읍,경상사고,0,0,1,2,차대차 - 기타,안전운전불이행,건조,맑음,교차로 - 교차로안,승용,남,53세,상해없음,승용,남,59세,경상
2015042600100462,2015년 4월 26일 19시,일요일,경상북도 영주시 영주동,경상사고,0,0,1,0,차대차 - 기타,과속,건조,맑음,교차로 - 교차로안,이륜,남,21세,경상,이륜,남,17세,상해없음
2015042600100463,2015년 4월 26일 19시,일요일,경상북도 경산시 진량읍,경상사고,0,0,3,0,차대차 - 기타,신호위반,건조,맑음,교차로 - 교차로안,이륜,남,26세,경상,승용,여,56세,경상
2015042600100503,2015년 4월 26일 20시,일요일,경상북도 칠곡군 왜관읍,경상사고,0,0,2,0,차대차 - 추돌 - 진행중,안전거리미확보,건조,맑음,교차로 - 교차로안,승용,여,43세,상해없음,승용,여,56세,경상
2015042600100504,2015년 4월 26일 20시,일요일,경상북도 경산시 중산동,경상사고,0,0,1,0,차대차 - 기타,신호위반,건조,맑음,교차로 - 교차로안,승용,여,56세,상해없음,승용,남,56세,경상
2015042600100505,2015년 4월 26일 20시,일요일,경상북도 봉화군 봉성면,부상신고사고,0,0,0,1,차대차 - 측면직각충돌,안전운전불이행,건조,맑음,단일로 - 기타,원동기,남,68세,부상신고,승용,남,49세,상해없음
2015042600100506,2015년 4월 26일 20시,일요일,경상북도 포항시 남구 인덕동,경상사고,0,0,2,0,차대차 - 추돌 - 진행중,안전운전불이행,건조,맑음,교차로 - 교차로안,승용,남,38세,상해없음,승용,여,51세,경상
2015042600100537,2015년 4월 26일 21시,일요일,경상북도 경주시 황오동,중상사고,0,1,0,0,차대차 - 기타,안전운전불이행,건조,맑음,단일로 - 기타,원동기,남,46세,상해없음,원동기,남,65세,중상
2015042600100538,2015년 4월 26일 21시,일요일,경상북도 의성군 안계면,경상사고,0,0,1,0,차대차 - 측면직각충돌,신호위반,건조,맑음,교차로 - 교차로안,원동기,남,15세,경상,승용,여,54세,상해없음
2015042600100539,2015년 4월 26일 21시,일요일,경상북도 칠곡군 왜관읍,경상사고,0,0,4,0,차대차 - 추돌 - 주정차중,안전운전불이행,건조,맑음,단일로 - 기타,승용,남,52세,상해없음,승용,여,57세,경상
2015042600100540,2015년 4월 26일 21시,일요일,경상북도 경산시 진량읍,경상사고,0,0,4,0,차대차 - 기타,안전운전불이행,건조,맑음,단일로 - 기타,원동기,남,15세,경상,승용,남,28세,경상
2015042600100541,2015년 4월 26일 21시,일요일,경상북도 구미시 고아읍,경상사고,0,0,1,0,차대차 - 추돌 - 진행중,안전거리미확보,건조,맑음,교차로 - 교차로안,승용,남,31세,상해없음,승합,여,52세,경상
2015042600100565,2015년 4월 26일 22시,일요일,경상북도 포항시 북구 기계면,경상사고,0,0,2,0,차대차 - 추돌 - 진행중,안전운전불이행,건조,맑음,단일로 - 기타,승용,남,30세,상해없음,화물,남,60세,경상
2015042600100566,2015년 4월 26일 22시,일요일,경상북도 영덕군 병곡면,경상사고,0,0,1,0,차량단독 - 공작물충돌,안전운전불이행,건조,맑음,단일로 - 기타,승용,남,30세,경상,,,,
2015042600100567,2015년 4월 26일 22시,일요일,경상북도 포항시 남구 대도동,경상사고,0,0,1,0,차대차 - 기타,안전운전불이행,건조,맑음,교차로 - 교차로부근,승용,여,41세,상해없음,이륜,남,45세,경상
2015042700100014,2015년 4월 27일 00시,월요일,경상북도 영천시 문외동,중상사고,0,1,1,0,차대차 - 측면직각충돌,안전운전불이행,건조,맑음,단일로 - 기타,승용,남,20세,상해없음,승용,남,31세,상해없음
2015042700100053,2015년 4월 27일 06시,월요일,경상북도 구미시 공단동,경상사고,0,0,1,0,차대차 - 측면직각충돌,신호위반,건조,맑음,교차로 - 교차로안,승용,남,35세,기타불명,승용,남,48세,경상
2015042700100078,2015년 4월 27일 07시,월요일,경상북도 김천시 지례면,경상사고,0,0,1,0,차대차 - 측면직각충돌,안전운전불이행,건조,맑음,교차로 - 교차로안,승용,남,48세,상해없음,승용,여,52세,경상
2015042700100079,2015년 4월 27일 07시,월요일,경상북도 칠곡군 북삼읍,중상사고,0,1,0,0,차대차 - 측면직각충돌,교차로운행방법위반,건조,맑음,교차로 - 교차로안,승용,남,46세,상해없음,자전거,남,80세,중상
2015042700100080,2015년 4월 27일 07시,월요일,경상북도 포항시 남구 오천읍,경상사고,0,0,4,0,차대차 - 측면직각충돌,직진우회전진행방해,건조,맑음,교차로 - 교차로안,승용,여,31세,경상,승용,남,49세,경상
2015042700100117,2015년 4월 27일 08시,월요일,경상북도 안동시 상아동,경상사고,0,0,2,0,차대차 - 기타,교차로운행방법위반,건조,맑음,교차로 - 교차로안,승용,남,66세,상해없음,승용,남,33세,경상
2015042700100118,2015년 4월 27일 08시,월요일,경상북도 김천시 율곡동,경상사고,0,0,1,0,차대차 - 측면직각충돌,교차로운행방법위반,건조,맑음,교차로 - 교차로안,승합,남,59세,상해없음,승용,여,34세,경상
2015042700100119,2015년 4월 27일 08시,월요일,경상북도 김천시 성내동,경상사고,0,0,1,0,차대사람 - 길가장자리구역통행중,안전운전불이행,건조,맑음,단일로 - 기타,승합,남,51세,상해없음,보행자,여,51세,경상
2015042700100120,2015년 4월 27일 08시,월요일,경상북도 구미시 양호동,부상신고사고,0,0,0,1,차량단독 - 전도전복,안전운전불이행,건조,맑음,기타 - 기타,이륜,남,38세,부상신고,,,,
2015042700100121,2015년 4월 27일 08시,월요일,경상북도 구미시 구포동,경상사고,0,0,1,0,차대차 - 추돌 - 주정차중,안전거리미확보,건조,맑음,단일로 - 기타,승용,남,52세,상해없음,승용,남,27세,경상
2015042700100155,2015년 4월 27일 09시,월요일,경상북도 경주시 용강동,중상사고,0,1,0,0,차대차 - 추돌 - 진행중,안전운전불이행,건조,맑음,단일로 - 기타,승용,남,47세,상해없음,자전거,남,19세,중상
2015042700100156,2015년 4월 27일 09시,월요일,경상북도 영천시 창구동,중상사고,0,1,0,0,차대사람 - 길가장자리구역통행중,안전운전불이행,건조,맑음,단일로 - 기타,승용,남,47세,상해없음,보행자,남,77세,중상
2015042700100157,2015년 4월 27일 09시,월요일,경상북도 구미시 선산읍,중상사고,0,1,0,0,차대사람 - 횡단중,불법유턴,건조,맑음,단일로 - 기타,승용,남,42세,상해없음,보행자,여,65세,중상
2015042700100188,2015년 4월 27일 10시,월요일,경상북도 경주시 광명동,중상사고,0,1,0,0,차대차 - 측면직각충돌,안전운전불이행,건조,맑음,단일로 - 기타,승용,여,50세,상해없음,화물,남,38세,중상
2015042700100189,2015년 4월 27일 10시,월요일,경상북도 칠곡군 약목면,부상신고사고,0,0,0,1,차대차 - 측면직각충돌,안전운전불이행,건조,맑음,단일로 - 기타,농기계,남,59세,부상신고,승합,남,27세,상해없음
2015042700100190,2015년 4월 27일 10시,월요일,경상북도 영덕군 영해면,경상사고,0,0,1,0,차대차 - 측면직각충돌,안전거리미확보,습기,맑음,단일로 - 기타,승용,남,60세,상해없음,화물,남,30세,경상
2015042700100191,2015년 4월 27일 10시,월요일,경상북도 구미시 신평동,중상사고,0,2,0,0,차대차 - 기타,안전운전불이행,건조,맑음,단일로 - 기타,승용,남,45세,상해없음,승용,여,43세,중상
2015042700100217,2015년 4월 27일 11시,월요일,경상북도 경주시 안강읍,중상사고,0,1,0,0,차대차 - 측면직각충돌,안전운전불이행,건조,맑음,단일로 - 기타,화물,남,45세,상해없음,자전거,여,37세,중상
2015042700100218,2015년 4월 27일 11시,월요일,경상북도 안동시 임하면,중상사고,0,2,0,0,차대차 - 기타,중앙선침범,건조,맑음,단일로 - 기타,화물,남,25세,상해없음,승합,남,52세,중상
2015042700100219,2015년 4월 27일 11시,월요일,경상북도 상주시 서성동,중상사고,0,1,2,0,차대차 - 측면직각충돌,안전운전불이행,건조,맑음,기타 - 기타,승용,남,49세,경상,승용,남,53세,상해없음
2015042700100250,2015년 4월 27일 12시,월요일,경상북도 경주시 동천동,중상사고,0,1,0,0,차대차 - 기타,안전운전불이행,건조,맑음,교차로 - 교차로안,원동기,남,50세,중상,승용,남,57세,상해없음
2015042700100251,2015년 4월 27일 12시,월요일,경상북도 경주시 동천동,경상사고,0,0,1,0,차대차 - 기타,안전운전불이행,건조,맑음,기타 - 기타,승용,여,55세,상해없음,화물,남,40세,경상
2015042700100252,2015년 4월 27일 12시,월요일,경상북도 포항시 북구 대신동,경상사고,0,0,1,0,차대차 - 기타,중앙선침범,건조,맑음,단일로 - 기타,승용,남,19세,상해없음,승용,여,44세,경상
2015042700100253,2015년 4월 27일 12시,월요일,경상북도 의성군 다인면,중상사고,0,1,0,0,차대차 - 측면직각충돌,교차로운행방법위반,건조,맑음,교차로 - 교차로안,원동기,여,65세,중상,농기계,남,67세,상해없음
2015042700100254,2015년 4월 27일 12시,월요일,경상북도 성주군 선남면,경상사고,0,0,2,0,차대차 - 기타,안전운전불이행,건조,맑음,기타 - 기타,승용,남,74세,상해없음,건설기계,남,42세,경상
2015042700100255,2015년 4월 27일 12시,월요일,경상북도 구미시 해평면,부상신고사고,0,0,0,1,차대차 - 기타,교차로운행방법위반,건조,맑음,교차로 - 교차로안,이륜,여,72세,부상신고,화물,남,36세,상해없음
2015042700100285,2015년 4월 27일 13시,월요일,경상북도 칠곡군 지천면,중상사고,0,1,0,0,차대차 - 기타,교차로운행방법위반,건조,맑음,교차로 - 교차로안,화물,남,49세,상해없음,자전거,남,75세,중상
2015042700100286,2015년 4월 27일 13시,월요일,경상북도 영천시 금호읍,경상사고,0,0,1,0,차대차 - 측면직각충돌,안전운전불이행,건조,맑음,교차로 - 교차로부근,화물,남,70세,기타불명,원동기,남,64세,경상
2015042700100287,2015년 4월 27일 13시,월요일,경상북도 구미시 광평동,경상사고,0,0,1,0,차대차 - 기타,안전운전불이행,건조,맑음,교차로 - 교차로부근,화물,남,27세,상해없음,승용,여,42세,경상
2015042700100288,2015년 4월 27일 13시,월요일,경상북도 구미시 원평동,중상사고,0,1,0,0,차대사람 - 횡단중,보행자보호의무위반,건조,맑음,단일로 - 기타,승용,여,58세,상해없음,보행자,남,51세,중상
2015042700100333,2015년 4월 27일 14시,월요일,경상북도 경주시 황오동,중상사고,0,1,2,0,차대차 - 기타,안전운전불이행,건조,맑음,교차로 - 교차로안,승용,남,21세,경상,승용,남,75세,중상
2015042700100362,2015년 4월 27일 15시,월요일,경상북도 경주시 노서동,경상사고,0,0,1,0,차대사람 - 횡단중,안전운전불이행,건조,맑음,단일로 - 기타,승용,남,62세,상해없음,보행자,여,57세,경상
2015042700100363,2015년 4월 27일 15시,월요일,경상북도 칠곡군 석적읍,중상사고,0,1,0,0,차대사람 - 횡단중,안전운전불이행,건조,맑음,교차로 - 교차로안,승용,여,42세,상해없음,보행자,남,9세,중상
2015042700100364,2015년 4월 27일 15시,월요일,경상북도 경산시 압량면,경상사고,0,0,1,0,차대차 - 기타,안전운전불이행,건조,맑음,교차로 - 교차로안,이륜,남,20세,경상,화물,남,49세,상해없음
2015042700100365,2015년 4월 27일 15시,월요일,경상북도 구미시 옥계동,부상신고사고,0,0,0,1,차대차 - 기타,직진우회전진행방해,건조,맑음,교차로 - 교차로안,승용,남,29세,상해없음,자전거,남,8세,부상신고
2015042700100366,2015년 4월 27일 15시,월요일,경상북도 구미시 산동면,경상사고,0,0,1,0,차대사람 - 기타,안전운전불이행,건조,맑음,기타 - 기타,기타불명,기타불명,기타불명,기타불명,보행자,남,42세,경상
2015042700100414,2015년 4월 27일 16시,월요일,경상북도 경주시 황성동,경상사고,0,0,1,0,차대차 - 측면직각충돌,안전운전불이행,건조,맑음,단일로 - 기타,자전거,남,73세,경상,화물,남,56세,상해없음
2015042700100415,2015년 4월 27일 16시,월요일,경상북도 경주시 황성동,부상신고사고,0,0,0,1,차대차 - 기타,안전운전불이행,건조,맑음,기타 - 기타,자전거,기타불명,기타불명,기타불명,자전거,남,74세,부상신고