사고번호,사고일시,요일,시군구,사고내용,사망자수,중상자수,경상자수,부상신고자수,사고유형,법규위반,노면상태,기상상태,도로형태,가해운전자 차종,가해운전자 성별,가해운전자 연령,가해운전자 상해정도,피해운전자 차종,피해운전자 성별,피해운전자 연령,피해운전자 상해정도
2015042700100416,2015년 4월 27일 16시,월요일,경상북도 안동시 서후면,중상사고,0,1,0,0,차량단독 - 기타,안전운전불이행,건조,맑음,단일로 - 기타,화물,남,30세,상해없음,,,,
2015042700100417,2015년 4월 27일 16시,월요일,경상북도 경산시 정평동,중상사고,0,1,1,0,차대차 - 기타,불법유턴,건조,맑음,교차로 - 교차로부근,이륜,남,64세,중상,승용,여,36세,경상
2015042700100418,2015년 4월 27일 16시,월요일,경상북도 군위군 소보면,중상사고,0,1,0,0,차량단독 - 기타,안전운전불이행,건조,맑음,단일로 - 기타,농기계,남,84세,중상,,,,
2015042700100419,2015년 4월 27일 16시,월요일,경상북도 구미시 지산동,경상사고,0,0,2,0,차대차 - 기타,안전운전불이행,건조,맑음,단일로 - 기타,화물,남,51세,상해없음,승용,여,53세,경상
2015042700100420,2015년 4월 27일 16시,월요일,경상북도 구미시 공단동,경상사고,0,0,1,0,차대차 - 기타,안전운전불이행,건조,맑음,단일로 - 기타,승용,여,57세,기타불명,승용,남,29세,경상
2015042700100421,2015년 4월 27일 16시,월요일,경상북도 구미시 임은동,경상사고,0,0,1,0,차대사람 - 기타,안전운전불이행,건조,맑음,단일로 - 기타,화물,남,48세,상해없음,보행자,남,37세,경상
2015042700100457,2015년 4월 27일 17시,월요일,경상북도 포항시 북구 죽도동,경상사고,0,0,1,0,차대차 - 기타,안전운전불이행,건조,맑음,단일로 - 기타,자전거,여,56세,경상,화물,남,49세,상해없음
2015042700100503,2015년 4월 27일 18시,월요일,경상북도 상주시 은척면,중상사고,0,1,0,0,차대차 - 측면직각충돌,교차로운행방법위반,건조,맑음,교차로 - 교차로안,화물,남,32세,상해없음,자전거,남,78세,중상
2015042700100504,2015년 4월 27일 18시,월요일,경상북도 경산시 압량면,경상사고,0,0,1,0,차대차 - 기타,안전운전불이행,건조,맑음,단일로 - 기타,승용,여,41세,상해없음,자전거,남,9세,경상
2015042700100505,2015년 4월 27일 18시,월요일,경상북도 구미시 선산읍,중상사고,0,1,0,0,차대차 - 기타,안전운전불이행,건조,맑음,교차로 - 교차로안,화물,여,54세,상해없음,이륜,여,52세,중상
2015042700100541,2015년 4월 27일 19시,월요일,경상북도 경산시 진량읍,경상사고,0,0,3,0,차대차 - 추돌 - 주정차중,안전운전불이행,건조,맑음,단일로 - 기타,화물,남,56세,상해없음,승용,남,30세,경상
2015042700100542,2015년 4월 27일 19시,월요일,경상북도 구미시 사곡동,중상사고,0,1,0,0,차대차 - 기타,안전운전불이행,건조,맑음,단일로 - 기타,승용,남,46세,상해없음,이륜,남,38세,중상
2015042700100543,2015년 4월 27일 19시,월요일,경상북도 구미시 옥계동,중상사고,0,1,0,0,차대차 - 기타,안전운전불이행,건조,맑음,교차로 - 교차로부근,승용,남,43세,상해없음,이륜,남,30세,중상
2015042700100588,2015년 4월 27일 20시,월요일,경상북도 김천시 대광동,중상사고,0,1,0,0,차대사람 - 길가장자리구역통행중,안전운전불이행,건조,맑음,단일로 - 기타,승용,남,35세,상해없음,보행자,남,62세,중상
2015042700100589,2015년 4월 27일 20시,월요일,경상북도 경산시 옥산동,경상사고,0,0,1,0,차대차 - 기타,교차로운행방법위반,건조,맑음,교차로 - 교차로안,승용,남,27세,상해없음,자전거,남,60세,경상
2015042700100590,2015년 4월 27일 20시,월요일,경상북도 포항시 남구 오천읍,중상사고,0,1,0,0,차대차 - 기타,중앙선침범,건조,맑음,단일로 - 기타,승용,남,28세,상해없음,원동기,여,46세,중상
2015042700100624,2015년 4월 27일 21시,월요일,경상북도 경산시 중방동,경상사고,0,0,1,1,차대차 - 기타,안전운전불이행,건조,맑음,교차로 - 교차로부근,승용,남,51세,경상,승용,여,52세,부상신고
2015042700100625,2015년 4월 27일 21시,월요일,경상북도 경산시 옥산동,중상사고,0,1,0,0,차대사람 - 기타,신호위반,건조,맑음,교차로 - 교차로안,승용,남,61세,상해없음,보행자,여,45세,중상
2015042700100626,2015년 4월 27일 21시,월요일,경상북도 포항시 남구 대잠동,경상사고,0,0,1,0,차대사람 - 기타,안전운전불이행,건조,맑음,교차로 - 교차로안,승용,여,42세,상해없음,보행자,남,35세,경상
2015042700100647,2015년 4월 27일 22시,월요일,경상북도 경주시 황성동,중상사고,0,1,0,0,차대차 - 기타,안전운전불이행,건조,맑음,단일로 - 기타,승용,남,45세,상해없음,승용,남,28세,중상
2015042700100648,2015년 4월 27일 22시,월요일,경상북도 영천시 조교동,경상사고,0,0,1,0,차대차 - 추돌 - 주정차중,안전운전불이행,건조,맑음,단일로 - 기타,화물,남,72세,상해없음,이륜,남,29세,경상
2015042700100649,2015년 4월 27일 22시,월요일,경상북도 영덕군 강구면,경상사고,0,0,1,0,차대차 - 측면직각충돌,기타,건조,맑음,단일로 - 기타,승용,남,41세,상해없음,승용,여,47세,경상
2015042700100650,2015년 4월 27일 22시,월요일,경상북도 구미시 남통동,중상사고,0,1,0,0,차량단독 - 기타,안전운전불이행,건조,맑음,단일로 - 기타,자전거,여,40세,중상,,,,
2015042700100677,2015년 4월 27일 23시,월요일,경상북도 구미시 구평동,중상사고,0,1,0,0,차대사람 - 기타,안전운전불이행,건조,맑음,교차로 - 교차로부근,승용,여,31세,상해없음,보행자,남,35세,중상
2015042800100010,2015년 4월 28일 00시,화요일,경상북도 경주시 성건동,경상사고,0,0,1,0,차대사람 - 기타,안전운전불이행,건조,맑음,단일로 - 기타,승합,남,43세,상해없음,보행자,남,32세,경상
2015042800100011,2015년 4월 28일 00시,화요일,경상북도 의성군 안계면,경상사고,0,0,2,0,차대사람 - 횡단중,신호위반,건조,맑음,교차로 - 교차로안,승용,남,27세,상해없음,보행자,남,49세,경상
2015042800100012,2015년 4월 28일 00시,화요일,경상북도 칠곡군 왜관읍,중상사고,0,1,0,0,차대차 - 기타,중앙선침범,건조,맑음,단일로 - 기타,승용,남,22세,상해없음,자전거,남,40세,중상
2015042800100029,2015년 4월 28일 01시,화요일,경상북도 영주시 휴천동,경상사고,0,0,2,0,차대차 - 측면직각충돌,신호위반,건조,맑음,교차로 - 교차로안,승용,여,38세,경상,승용,남,58세,경상
2015042800100050,2015년 4월 28일 03시,화요일,경상북도 경산시 하양읍,중상사고,0,1,0,0,차대차 - 기타,중앙선침범,건조,맑음,단일로 - 기타,승용,남,24세,상해없음,이륜,남,48세,중상
2015042800100117,2015년 4월 28일 07시,화요일,경상북도 경산시 계양동,경상사고,0,0,1,0,차대사람 - 기타,기타,건조,맑음,단일로 - 기타,자전거,남,17세,상해없음,보행자,남,52세,경상
2015042800100118,2015년 4월 28일 07시,화요일,경상북도 구미시 진평동,경상사고,0,0,1,0,차대차 - 기타,안전운전불이행,건조,맑음,교차로 - 교차로부근,승용,여,45세,상해없음,승용,남,21세,경상
2015042800100164,2015년 4월 28일 08시,화요일,경상북도 포항시 북구 장성동,경상사고,0,0,2,0,차대차 - 기타,안전운전불이행,건조,맑음,교차로 - 교차로안,승용,여,24세,상해없음,승용,남,46세,경상
2015042800100165,2015년 4월 28일 08시,화요일,경상북도 포항시 북구 죽장면,경상사고,0,0,1,0,차대차 - 기타,중앙선침범,건조,맑음,단일로 - 기타,농기계,남,75세,경상,건설기계,남,46세,상해없음
2015042800100166,2015년 4월 28일 08시,화요일,경상북도 포항시 북구 우현동,중상사고,0,2,0,0,차대차 - 기타,안전운전불이행,건조,맑음,교차로 - 교차로안,승용,여,55세,상해없음,승용,남,73세,중상
2015042800100167,2015년 4월 28일 08시,화요일,경상북도 안동시 태화동,경상사고,0,0,1,0,차대사람 - 기타,안전운전불이행,건조,맑음,단일로 - 기타,승용,남,50세,상해없음,보행자,남,12세,경상
2015042800100168,2015년 4월 28일 08시,화요일,경상북도 경산시 사동,중상사고,0,1,0,0,차대차 - 기타,교차로운행방법위반,건조,맑음,교차로 - 교차로안,승용,남,46세,상해없음,승용,여,40세,중상
2015042800100169,2015년 4월 28일 08시,화요일,경상북도 경산시 하양읍,중상사고,0,1,0,0,차대차 - 기타,안전운전불이행,건조,맑음,교차로 - 교차로안,화물,남,70세,상해없음,승용,여,51세,중상
2015042800100170,2015년 4월 28일 08시,화요일,경상북도 구미시 공단동,경상사고,0,0,1,0,차대차 - 기타,안전운전불이행,건조,맑음,교차로 - 교차로부근,승용,여,38세,상해없음,이륜,남,48세,경상
2015042800100209,2015년 4월 28일 09시,화요일,경상북도 예천군 용문면,중상사고,0,1,0,0,차대차 - 측면직각충돌,안전운전불이행,건조,맑음,교차로 - 교차로안,화물,남,36세,상해없음,이륜,남,80세,중상
2015042800100231,2015년 4월 28일 10시,화요일,경상북도 경주시 서면,경상사고,0,0,1,0,차대차 - 기타,교차로운행방법위반,건조,맑음,교차로 - 교차로안,승용,남,49세,상해없음,원동기,남,81세,경상
2015042800100232,2015년 4월 28일 10시,화요일,경상북도 경주시 강동면,중상사고,0,1,0,0,차대차 - 추돌 - 진행중,안전운전불이행,건조,맑음,단일로 - 기타,승합,남,25세,상해없음,화물,남,40세,중상
2015042800100233,2015년 4월 28일 10시,화요일,경상북도 포항시 남구 청림동,경상사고,0,0,1,0,차대차 - 기타,안전운전불이행,건조,맑음,단일로 - 기타,건설기계,남,55세,상해없음,특수,남,59세,경상
2015042800100261,2015년 4월 28일 11시,화요일,경상북도 칠곡군 왜관읍,경상사고,0,0,4,0,차대차 - 측면직각충돌,신호위반,건조,맑음,단일로 - 기타,승용,남,68세,경상,승합,남,48세,경상
2015042800100284,2015년 4월 28일 12시,화요일,경상북도 경주시 배반동,경상사고,0,0,3,0,차대차 - 기타,중앙선침범,건조,맑음,교차로 - 교차로부근,화물,남,40세,상해없음,승합,남,43세,상해없음
2015042800100285,2015년 4월 28일 12시,화요일,경상북도 포항시 북구 장성동,경상사고,0,0,1,0,차대사람 - 기타,보행자보호의무위반,건조,맑음,교차로 - 교차로안,화물,남,44세,상해없음,보행자,여,86세,경상
2015042800100286,2015년 4월 28일 12시,화요일,경상북도 포항시 남구 효자동,경상사고,0,0,3,0,차대차 - 기타,안전운전불이행,건조,맑음,단일로 - 기타,승용,여,35세,상해없음,승용,남,22세,경상
2015042800100326,2015년 4월 28일 13시,화요일,경상북도 포항시 북구 항구동,중상사고,0,1,0,0,차대차 - 기타,안전운전불이행,건조,맑음,교차로 - 교차로안,승용,여,41세,상해없음,자전거,남,13세,중상
2015042800100327,2015년 4월 28일 13시,화요일,경상북도 영주시 부석면,중상사고,0,1,0,0,차대차 - 기타,기타,건조,맑음,교차로 - 교차로안,건설기계,남,49세,상해없음,농기계,남,54세,중상
2015042800100328,2015년 4월 28일 13시,화요일,경상북도 경산시 진량읍,경상사고,0,0,1,0,차대차 - 기타,안전운전불이행,건조,맑음,단일로 - 기타,승용,여,22세,상해없음,승용,남,32세,경상
2015042800100364,2015년 4월 28일 14시,화요일,경상북도 포항시 북구 우현동,경상사고,0,0,1,0,차량단독 - 전도전복,안전운전불이행,건조,맑음,단일로 - 기타,원동기,남,39세,경상,,,,
2015042800100365,2015년 4월 28일 14시,화요일,경상북도 성주군 용암면,경상사고,0,0,1,0,차대사람 - 기타,안전운전불이행,건조,맑음,기타 - 기타,승용,남,26세,상해없음,보행자,남,48세,경상
2015042800100366,2015년 4월 28일 14시,화요일,경상북도 구미시 산동면,중상사고,0,1,2,0,차대차 - 측면직각충돌,교차로운행방법위반,건조,맑음,교차로 - 교차로안,승용,남,39세,경상,화물,남,66세,경상
2015042800100405,2015년 4월 28일 15시,화요일,경상북도 의성군 의성읍,경상사고,0,0,1,0,차대차 - 측면직각충돌,직진우회전진행방해,건조,맑음,교차로 - 교차로안,화물,남,35세,상해없음,농기계,남,81세,경상
2015042800100443,2015년 4월 28일 16시,화요일,경상북도 경주시 황성동,경상사고,0,0,1,0,차대사람 - 기타,안전운전불이행,건조,기타,단일로 - 기타,화물,남,57세,상해없음,보행자,여,44세,경상
2015042800100444,2015년 4월 28일 16시,화요일,경상북도 예천군 예천읍,중상사고,0,1,1,0,차대차 - 추돌 - 주정차중,안전운전불이행,건조,맑음,교차로 - 교차로안,화물,남,51세,상해없음,승용,남,49세,경상
2015042800100445,2015년 4월 28일 16시,화요일,경상북도 영양군 청기면,중상사고,0,1,0,0,차대차 - 측면직각충돌,안전운전불이행,건조,맑음,단일로 - 기타,이륜,남,88세,중상,화물,남,61세,상해없음
2015042800100487,2015년 4월 28일 17시,화요일,경상북도 포항시 북구 양덕동,경상사고,0,0,3,1,차대차 - 기타,안전운전불이행,건조,맑음,단일로 - 기타,승용,남,36세,상해없음,승용,여,34세,경상
2015042800100488,2015년 4월 28일 17시,화요일,경상북도 안동시 당북동,경상사고,0,0,2,0,차대차 - 기타,안전거리미확보,건조,맑음,교차로 - 교차로안,승용,여,34세,경상,승용,남,53세,상해없음
2015042800100489,2015년 4월 28일 17시,화요일,경상북도 영주시 가흥동,중상사고,0,1,0,0,차대차 - 측면직각충돌,안전운전불이행,건조,맑음,단일로 - 횡단보도부근,승용,여,48세,상해없음,자전거,남,79세,중상
2015042800100490,2015년 4월 28일 17시,화요일,경상북도 성주군 벽진면,중상사고,0,1,1,0,차량단독 - 도로외이탈 - 기타,안전운전불이행,습기,흐림,단일로 - 기타,승용,남,65세,경상,,,,
2015042800100560,2015년 4월 28일 19시,화요일,경상북도 칠곡군 동명면,중상사고,0,1,0,1,차대차 - 기타,안전운전불이행,건조,맑음,단일로 - 기타,화물,남,32세,부상신고,화물,남,33세,중상
2015042800100561,2015년 4월 28일 19시,화요일,경상북도 경산시 중방동,중상사고,0,1,0,0,차대차 - 측면직각충돌,안전운전불이행,건조,흐림,단일로 - 기타,승용,남,34세,상해없음,자전거,남,55세,중상
2015042800100562,2015년 4월 28일 19시,화요일,경상북도 경산시 중방동,경상사고,0,0,1,0,차대차 - 기타,안전운전불이행,건조,흐림,교차로 - 교차로안,승용,남,31세,상해없음,이륜,남,16세,경상
2015042800100584,2015년 4월 28일 20시,화요일,경상북도 안동시 옥동,경상사고,0,0,2,0,차대차 - 기타,안전운전불이행,습기,흐림,교차로 - 교차로부근,승용,남,42세,상해없음,승용,남,44세,경상
2015042800100585,2015년 4월 28일 20시,화요일,경상북도 상주시 외서면,중상사고,0,2,0,0,차량단독 - 도로외이탈 - 추락,안전운전불이행,건조,맑음,단일로 - 기타,승용,남,44세,상해없음,,,,
2015042800100586,2015년 4월 28일 20시,화요일,경상북도 포항시 남구 이동,중상사고,0,1,2,0,차대차 - 추돌 - 진행중,안전운전불이행,건조,맑음,교차로 - 교차로부근,승용,여,41세,상해없음,승용,남,33세,중상
2015042800100622,2015년 4월 28일 21시,화요일,경상북도 구미시 진평동,경상사고,0,0,2,0,차대차 - 측면직각충돌,교차로운행방법위반,습기,비,교차로 - 교차로안,승용,남,29세,경상,승용,남,62세,경상
2015042800100656,2015년 4월 28일 22시,화요일,경상북도 경주시 성동동,중상사고,0,1,0,0,차대차 - 측면직각충돌,중앙선침범,건조,맑음,단일로 - 기타,승합,남,43세,상해없음,원동기,남,18세,중상
2015042800100657,2015년 4월 28일 22시,화요일,경상북도 청도군 풍각면,중상사고,0,1,0,0,차대사람 - 횡단중,안전운전불이행,습기,비,단일로 - 기타,화물,남,39세,상해없음,보행자,남,50세,중상
2015042800100658,2015년 4월 28일 22시,화요일,경상북도 포항시 남구 해도동,경상사고,0,0,1,0,차대차 - 기타,안전운전불이행,건조,맑음,교차로 - 교차로부근,자전거,여,54세,경상,승용,남,36세,상해없음
2015042800100686,2015년 4월 28일 23시,화요일,경상북도 경주시 건천읍,경상사고,0,0,2,0,차대차 - 측면직각충돌,안전운전불이행,건조,맑음,교차로 - 교차로안,승용,남,61세,상해없음,승용,남,51세,경상
2015042800100687,2015년 4월 28일 23시,화요일,경상북도 경산시 진량읍,중상사고,0,1,3,0,차대차 - 기타,안전운전불이행,습기,비,교차로 - 교차로부근,승용,여,45세,상해없음,승합,남,62세,경상
2015042900100013,2015년 4월 29일 00시,수요일,경상북도 구미시 옥계동,사망사고,1,1,0,0,차량단독 - 공작물충돌,안전운전불이행,습기,비,단일로 - 기타,승용,남,22세,사망,,,,
2015042900100069,2015년 4월 29일 05시,수요일,경상북도 영양군 입암면,사망사고,1,0,0,0,차량단독 - 공작물충돌,안전운전불이행,건조,맑음,단일로 - 기타,화물,남,58세,사망,,,,
2015042900100103,2015년 4월 29일 07시,수요일,경상북도 경주시 외동읍,경상사고,0,0,3,0,차대차 - 기타,중앙선침범,건조,맑음,단일로 - 기타,승용,여,32세,상해없음,승용,남,57세,경상
2015042900100144,2015년 4월 29일 08시,수요일,경상북도 경주시 황남동,중상사고,0,1,0,0,차대차 - 기타,안전운전불이행,건조,흐림,교차로 - 교차로안,화물,남,37세,상해없음,이륜,여,68세,중상
2015042900100145,2015년 4월 29일 08시,수요일,경상북도 포항시 북구 죽도동,중상사고,0,1,0,0,차대차 - 기타,안전운전불이행,습기,흐림,단일로 - 기타,승용,여,44세,상해없음,자전거,남,51세,중상
2015042900100146,2015년 4월 29일 08시,수요일,경상북도 영천시 신령면,경상사고,0,0,1,0,차량단독 - 공작물충돌,안전운전불이행,건조,맑음,단일로 - 기타,화물,남,56세,경상,,,,
2015042900100184,2015년 4월 29일 09시,수요일,경상북도 경산시 갑제동,경상사고,0,0,2,0,차대차 - 추돌 - 주정차중,안전운전불이행,습기,비,교차로 - 교차로부근,승용,여,49세,상해없음,승용,여,41세,경상
2015042900100185,2015년 4월 29일 09시,수요일,경상북도 예천군 예천읍,중상사고,0,4,1,0,차대차 - 측면직각충돌,안전운전불이행,습기,비,교차로 - 교차로안,화물,남,61세,중상,승용,남,50세,경상
2015042900100219,2015년 4월 29일 10시,수요일,경상북도 구미시 광평동,경상사고,0,0,1,0,차대차 - 추돌 - 주정차중,안전운전불이행,습기,비,단일로 - 기타,승용,남,51세,상해없음,승용,여,41세,경상
2015042900100258,2015년 4월 29일 11시,수요일,경상북도 경산시 와촌면,경상사고,0,0,3,0,차대차 - 기타,안전운전불이행,습기,비,단일로 - 기타,화물,남,33세,상해없음,화물,여,55세,경상
2015042900100295,2015년 4월 29일 12시,수요일,경상북도 문경시 가은읍,중상사고,0,3,0,0,차대차 - 정면충돌,중앙선침범,건조,맑음,단일로 - 기타,승용,남,81세,중상,승용,남,43세,중상
2015042900100331,2015년 4월 29일 13시,수요일,경상북도 경산시 진량읍,경상사고,0,0,1,0,차대차 - 기타,안전운전불이행,건조,맑음,교차로 - 교차로부근,화물,남,41세,상해없음,승용,여,44세,경상
2015042900100332,2015년 4월 29일 13시,수요일,경상북도 경산시 진량읍,경상사고,0,0,1,0,차대차 - 기타,안전운전불이행,건조,맑음,교차로 - 교차로부근,화물,여,66세,상해없음,승용,남,25세,경상
2015042900100333,2015년 4월 29일 13시,수요일,경상북도 구미시 오태동,경상사고,0,0,1,0,차대차 - 측면직각충돌,안전거리미확보,건조,맑음,단일로 - 기타,승용,남,55세,상해없음,화물,남,56세,경상
2015042900100407,2015년 4월 29일 15시,수요일,경상북도 경주시 외동읍,부상신고사고,0,0,0,1,차량단독 - 기타,안전운전불이행,습기,비,교차로 - 교차로안,화물,남,46세,부상신고,,,,
2015042900100408,2015년 4월 29일 15시,수요일,경상북도 문경시 공평동,부상신고사고,0,0,0,1,차량단독 - 공작물충돌,안전운전불이행,습기,비,단일로 - 기타,화물,남,58세,부상신고,,,,
2015042900100409,2015년 4월 29일 15시,수요일,경상북도 구미시 옥성면,중상사고,0,1,0,0,차대차 - 기타,안전운전불이행,건조,맑음,단일로 - 기타,기타불명,기타불명,기타불명,기타불명,승용,남,66세,중상
2015042900100468,2015년 4월 29일 17시,수요일,경상북도 포항시 북구 대흥동,경상사고,0,0,1,0,차대차 - 기타,안전운전불이행,건조,맑음,단일로 - 기타,승용,여,54세,상해없음,승용,남,54세,경상
2015042900100469,2015년 4월 29일 17시,수요일,경상북도 경산시 남산면,경상사고,0,0,1,0,차량단독 - 공작물충돌,안전운전불이행,습기,비,단일로 - 기타,승용,남,49세,경상,,,,
2015042900100470,2015년 4월 29일 17시,수요일,경상북도 경산시 중방동,경상사고,0,0,1,0,차대차 - 기타,안전운전불이행,습기,비,단일로 - 기타,승용,남,34세,상해없음,승용,남,51세,경상
2015042900100471,2015년 4월 29일 17시,수요일,경상북도 경산시 백천동,경상사고,0,0,2,0,차대사람 - 기타,안전운전불이행,건조,맑음,단일로 - 기타,승용,여,40세,상해없음,보행자,여,66세,경상
2015042900100472,2015년 4월 29일 17시,수요일,경상북도 경산시 사동,경상사고,0,0,1,0,차대차 - 기타,안전운전불이행,건조,맑음,단일로 - 기타,승용,여,44세,상해없음,승용,여,55세,경상
2015042900100473,2015년 4월 29일 17시,수요일,경상북도 경산시 정평동,경상사고,0,0,1,0,차대차 - 기타,신호위반,습기,비,단일로 - 기타,승용,여,52세,상해없음,승용,남,35세,경상
2015042900100474,2015년 4월 29일 17시,수요일,경상북도 울릉군 울릉읍,경상사고,0,0,1,0,차량단독 - 기타,안전운전불이행,건조,맑음,단일로 - 기타,이륜,남,68세,경상,,,,
2015042900100475,2015년 4월 29일 17시,수요일,경상북도 구미시 광평동,중상사고,0,1,0,0,차대사람 - 횡단중,신호위반,습기,비,단일로 - 횡단보도상,이륜,남,34세,상해없음,보행자,남,78세,중상
2015042900100476,2015년 4월 29일 17시,수요일,경상북도 구미시 오태동,경상사고,0,0,1,0,차량단독 - 기타,안전운전불이행,습기,비,단일로 - 기타,화물,남,39세,상해없음,,,,
2015042900100516,2015년 4월 29일 18시,수요일,경상북도 김천시 대덕면,경상사고,0,0,2,0,차대차 - 측면직각충돌,중앙선침범,습기,비,단일로 - 기타,승용,남,22세,상해없음,승용,남,49세,경상
2015042900100517,2015년 4월 29일 18시,수요일,경상북도 김천시 대항면,경상사고,0,0,1,0,차대사람 - 길가장자리구역통행중,안전운전불이행,습기,흐림,단일로 - 기타,화물,남,49세,상해없음,보행자,여,63세,경상
2015042900100518,2015년 4월 29일 18시,수요일,경상북도 상주시 신봉동,중상사고,0,1,0,0,차대사람 - 횡단중,안전운전불이행,건조,맑음,단일로 - 횡단보도상,승용,남,33세,상해없음,보행자,여,10세,중상
2015042900100583,2015년 4월 29일 20시,수요일,경상북도 영천시 청통면,사망사고,1,0,0,0,차대사람 - 길가장자리구역통행중,안전운전불이행,습기,흐림,단일로 - 기타,승합,남,67세,상해없음,보행자,여,68세,사망
2015042900100584,2015년 4월 29일 20시,수요일,경상북도 울진군 후포면,경상사고,0,0,1,0,차대차 - 기타,안전운전불이행,건조,맑음,교차로 - 교차로부근,원동기,남,61세,경상,화물,남,54세,상해없음
2015042900100585,2015년 4월 29일 20시,수요일,경상북도 포항시 남구 해도동,중상사고,0,1,0,0,차대사람 - 기타,안전운전불이행,건조,맑음,단일로 - 기타,승용,기타불명,기타불명,기타불명,보행자,여,85세,중상
2015042900100619,2015년 4월 29일 21시,수요일,경상북도 구미시 인의동,경상사고,0,0,1,0,차대차 - 기타,안전운전불이행,건조,흐림,교차로 - 교차로안,이륜,남,31세,경상,승용,남,30세,상해없음
2015042900100620,2015년 4월 29일 21시,수요일,경상북도 구미시 선산읍,사망사고,1,1,0,0,차대차 - 기타,중앙선침범,건조,흐림,단일로 - 교량,화물,남,56세,중상,화물,남,53세,사망
2015043000100071,2015년 4월 30일 04시,목요일,경상북도 포항시 북구 장성동,경상사고,0,0,2,0,차대차 - 기타,차로위반,건조,맑음,단일로 - 기타,승용,여,37세,상해없음,승용,여,26세,경상
2015043000100082,2015년 4월 30일 05시,목요일,경상북도 문경시 산북면,중상사고,0,1,0,0,차량단독 - 전도전복,안전운전불이행,건조,맑음,단일로 - 기타,화물,남,41세,중상,,,,
2015043000100095,2015년 4월 30일 06시,목요일,경상북도 김천시 아포읍,중상사고,0,2,0,0,차대차 - 측면직각충돌,신호위반,건조,맑음,교차로 - 교차로안,승용,남,32세,상해없음,승용,남,35세,중상
2015043000100113,2015년 4월 30일 07시,목요일,경상북도 경산시 하양읍,경상사고,0,0,2,0,차대차 - 기타,교차로운행방법위반,건조,맑음,교차로 - 교차로안,화물,남,57세,상해없음,이륜,남,76세,경상
2015043000100145,2015년 4월 30일 08시,목요일,경상북도 포항시 북구 덕수동,경상사고,0,0,1,0,차대차 - 기타,교차로운행방법위반,건조,맑음,교차로 - 교차로부근,승용,여,45세,상해없음,승합,남,64세,경상
2015043000100146,2015년 4월 30일 08시,목요일,경상북도 성주군 성주읍,중상사고,0,1,0,0,차대차 - 기타,안전운전불이행,건조,맑음,기타 - 기타,승용,남,53세,상해없음,자전거,남,90세 이상,중상
2015043000100183,2015년 4월 30일 09시,목요일,경상북도 포항시 남구 해도동,경상사고,0,0,1,0,차대차 - 기타,안전운전불이행,건조,맑음,단일로 - 기타,특수,남,70세,상해없음,승용,여,58세,경상
2015043000100211,2015년 4월 30일 10시,목요일,경상북도 문경시 모전동,경상사고,0,0,1,0,차대차 - 측면직각충돌,신호위반,건조,맑음,교차로 - 교차로안,원동기,남,84세,경상,승용,여,44세,상해없음
2015043000100212,2015년 4월 30일 10시,목요일,경상북도 구미시 오태동,부상신고사고,0,0,0,1,차대차 - 기타,안전운전불이행,건조,맑음,단일로 - 기타,이륜,남,47세,부상신고,승용,남,35세,상해없음
2015043000100241,2015년 4월 30일 11시,목요일,경상북도 경주시 동천동,경상사고,0,0,1,0,차대차 - 기타,안전운전불이행,건조,맑음,단일로 - 기타,승용,남,63세,상해없음,승용,남,49세,경상
2015043000100268,2015년 4월 30일 12시,목요일,경상북도 영천시 조교동,경상사고,0,0,1,0,차대차 - 측면직각충돌,안전운전불이행,건조,맑음,교차로 - 교차로안,승용,여,58세,상해없음,승용,남,56세,경상
2015043000100269,2015년 4월 30일 12시,목요일,경상북도 경산시 진량읍,경상사고,0,0,1,0,차대차 - 기타,안전운전불이행,건조,맑음,단일로 - 기타,화물,여,59세,상해없음,승용,남,43세,경상
2015043000100270,2015년 4월 30일 12시,목요일,경상북도 영양군 영양읍,경상사고,0,0,1,0,차대차 - 측면직각충돌,안전운전불이행,건조,맑음,단일로 - 기타,승용,남,58세,상해없음,화물,남,79세,상해없음
2015043000100302,2015년 4월 30일 13시,목요일,경상북도 칠곡군 북삼읍,중상사고,0,1,0,0,차대차 - 기타,기타,건조,맑음,단일로 - 기타,화물,남,38세,상해없음,이륜,남,57세,중상
2015043000100303,2015년 4월 30일 13시,목요일,경상북도 경산시 하양읍,사망사고,1,0,0,0,차대차 - 기타,불법유턴,건조,맑음,교차로 - 교차로안,자전거,남,82세,사망,승용,남,27세,상해없음
2015043000100304,2015년 4월 30일 13시,목요일,경상북도 구미시 고아읍,부상신고사고,0,0,0,1,차대차 - 기타,안전운전불이행,건조,맑음,기타 - 기타,이륜,남,35세,부상신고,승용,여,46세,상해없음
2015043000100305,2015년 4월 30일 13시,목요일,경상북도 구미시 사곡동,중상사고,0,1,0,0,차대차 - 기타,안전운전불이행,건조,맑음,기타 - 기타,기타불명,기타불명,기타불명,기타불명,자전거,남,12세,중상
2015043000100342,2015년 4월 30일 14시,목요일,경상북도 포항시 북구 죽도동,경상사고,0,0,1,0,차대차 - 기타,직진우회전진행방해,건조,맑음,교차로 - 교차로안,화물,남,51세,경상,승용,남,25세,상해없음
2015043000100343,2015년 4월 30일 14시,목요일,경상북도 봉화군 물야면,경상사고,0,0,1,0,차대차 - 정면충돌,안전운전불이행,건조,맑음,단일로 - 기타,승용,남,66세,상해없음,원동기,남,80세,경상