사고번호,사고일시,요일,시군구,사고내용,사망자수,중상자수,경상자수,부상신고자수,사고유형,법규위반,노면상태,기상상태,도로형태,가해운전자 차종,가해운전자 성별,가해운전자 연령,가해운전자 상해정도,피해운전자 차종,피해운전자 성별,피해운전자 연령,피해운전자 상해정도
2015050300100197,2015년 5월 3일 10시,일요일,경상북도 포항시 북구 장성동,경상사고,0,0,1,0,차대차 - 기타,안전운전불이행,건조,맑음,단일로 - 기타,승용,여,48세,상해없음,승용,남,63세,상해없음
2015050300100198,2015년 5월 3일 10시,일요일,경상북도 경산시 진량읍,사망사고,1,0,0,0,차량단독 - 기타,안전운전불이행,습기,비,단일로 - 기타,화물,여,62세,사망,,,,
2015050300100216,2015년 5월 3일 11시,일요일,경상북도 김천시 남면,경상사고,0,0,4,0,차대차 - 측면직각충돌,중앙선침범,건조,맑음,단일로 - 기타,승용,여,56세,상해없음,승용,남,46세,경상
2015050300100217,2015년 5월 3일 11시,일요일,경상북도 구미시 진평동,경상사고,0,0,2,0,차대차 - 기타,교차로운행방법위반,습기,비,교차로 - 교차로안,승용,남,57세,상해없음,승용,남,31세,경상
2015050300100236,2015년 5월 3일 12시,일요일,경상북도 경주시 천군동,중상사고,0,4,1,0,차대차 - 측면직각충돌,안전운전불이행,건조,맑음,교차로 - 교차로부근,승용,남,27세,중상,승용,남,49세,상해없음
2015050300100237,2015년 5월 3일 12시,일요일,경상북도 김천시 신음동,경상사고,0,0,1,0,차대차 - 측면직각충돌,안전운전불이행,습기,비,교차로 - 교차로부근,승용,여,48세,상해없음,승용,여,29세,경상
2015050300100238,2015년 5월 3일 12시,일요일,경상북도 문경시 흥덕동,부상신고사고,0,0,0,1,차대사람 - 차도통행중,안전운전불이행,습기,비,단일로 - 기타,기타불명,기타불명,기타불명,기타불명,보행자,남,38세,부상신고
2015050300100239,2015년 5월 3일 12시,일요일,경상북도 경산시 압량면,경상사고,0,0,3,0,차대차 - 기타,차로위반,습기,비,단일로 - 기타,승용,여,46세,경상,승용,남,29세,경상
2015050300100240,2015년 5월 3일 12시,일요일,경상북도 구미시 구평동,중상사고,0,1,1,0,차대차 - 기타,교차로운행방법위반,건조,맑음,교차로 - 교차로안,승용,남,40세,경상,승용,여,57세,중상
2015050300100263,2015년 5월 3일 13시,일요일,경상북도 경주시 외동읍,중상사고,0,1,0,0,차량단독 - 공작물충돌,안전운전불이행,습기,비,교차로 - 교차로부근,특수,남,54세,중상,,,,
2015050300100264,2015년 5월 3일 13시,일요일,경상북도 경주시 보문동,사망사고,1,0,0,0,차량단독 - 기타,안전운전불이행,습기,비,단일로 - 기타,원동기,여,24세,사망,,,,
2015050300100265,2015년 5월 3일 13시,일요일,경상북도 상주시 무양동,경상사고,0,0,1,1,차대차 - 측면직각충돌,교차로운행방법위반,습기,비,교차로 - 교차로안,승용,남,60세,부상신고,승용,남,52세,경상
2015050300100279,2015년 5월 3일 14시,일요일,경상북도 안동시 운흥동,중상사고,0,1,1,0,차대차 - 측면직각충돌,신호위반,건조,맑음,교차로 - 교차로안,승용,여,39세,상해없음,승용,남,44세,경상
2015050300100280,2015년 5월 3일 14시,일요일,경상북도 영주시 조암동,경상사고,0,0,1,0,차대차 - 측면직각충돌,안전운전불이행,습기,비,단일로 - 기타,승용,여,63세,상해없음,승용,남,31세,상해없음
2015050300100281,2015년 5월 3일 14시,일요일,경상북도 구미시 신평동,경상사고,0,0,1,0,차대차 - 기타,안전운전불이행,습기,비,교차로 - 교차로부근,승용,남,49세,상해없음,승용,남,39세,경상
2015050300100296,2015년 5월 3일 15시,일요일,경상북도 포항시 북구 죽도동,경상사고,0,0,1,0,차대사람 - 기타,안전운전불이행,습기,비,기타 - 기타,승용,남,59세,상해없음,보행자,여,59세,경상
2015050300100298,2015년 5월 3일 15시,일요일,경상북도 김천시 아포읍,경상사고,0,0,8,0,차대차 - 추돌 - 진행중,안전거리미확보,건조,흐림,단일로 - 기타,승용,남,34세,상해없음,승용,남,62세,상해없음
2015050300100339,2015년 5월 3일 16시,일요일,경상북도 예천군 지보면,중상사고,0,2,1,0,차대차 - 정면충돌,중앙선침범,습기,비,단일로 - 기타,승용,남,54세,중상,승용,여,31세,경상
2015050300100340,2015년 5월 3일 16시,일요일,경상북도 청도군 청도읍,중상사고,0,1,0,0,차대차 - 측면직각충돌,중앙선침범,습기,비,교차로 - 교차로부근,승용,여,54세,상해없음,화물,남,60세,상해없음
2015050300100341,2015년 5월 3일 16시,일요일,경상북도 울진군 죽변면,경상사고,0,0,1,0,차량단독 - 전도전복,안전운전불이행,건조,맑음,단일로 - 기타,농기계,남,90세 이상,경상,,,,
2015050300100374,2015년 5월 3일 17시,일요일,경상북도 경주시 용강동,경상사고,0,0,3,0,차대차 - 추돌 - 진행중,안전운전불이행,습기,비,단일로 - 기타,승용,남,41세,상해없음,승용,남,56세,경상
2015050300100375,2015년 5월 3일 17시,일요일,경상북도 문경시 흥덕동,중상사고,0,1,1,0,차대차 - 측면직각충돌,안전운전불이행,건조,맑음,교차로 - 교차로안,승용,남,77세,상해없음,승용,남,62세,중상
2015050300100406,2015년 5월 3일 18시,일요일,경상북도 칠곡군 약목면,경상사고,0,0,1,0,차대차 - 측면직각충돌,안전운전불이행,건조,맑음,교차로 - 교차로안,승용,남,36세,상해없음,자전거,남,11세,경상
2015050300100407,2015년 5월 3일 18시,일요일,경상북도 경산시 백천동,경상사고,0,0,1,0,차대차 - 기타,중앙선침범,습기,비,단일로 - 기타,승용,남,56세,상해없음,승용,여,46세,경상
2015050300100408,2015년 5월 3일 18시,일요일,경상북도 포항시 남구 이동,중상사고,0,1,0,0,차대사람 - 기타,안전운전불이행,건조,맑음,기타 - 기타,승용,남,42세,상해없음,보행자,남,2세,중상
2015050300100431,2015년 5월 3일 19시,일요일,경상북도 경주시 천군동,경상사고,0,0,2,0,차대차 - 기타,중앙선침범,습기,비,교차로 - 교차로부근,승용,남,68세,상해없음,승용,남,56세,경상
2015050300100432,2015년 5월 3일 19시,일요일,경상북도 구미시 형곡동,경상사고,0,0,1,0,차대차 - 기타,교차로운행방법위반,건조,맑음,교차로 - 교차로안,승용,여,38세,상해없음,이륜,남,46세,경상
2015050300100472,2015년 5월 3일 20시,일요일,경상북도 김천시 응명동,경상사고,0,0,3,0,차대차 - 측면직각충돌,안전운전불이행,건조,흐림,교차로 - 교차로부근,승용,남,35세,상해없음,승용,여,58세,경상
2015050300100473,2015년 5월 3일 20시,일요일,경상북도 문경시 모전동,경상사고,0,0,1,0,차대차 - 추돌 - 진행중,기타,건조,맑음,교차로 - 교차로안,이륜,남,17세,경상,승용,남,50세,상해없음
2015050300100474,2015년 5월 3일 20시,일요일,경상북도 포항시 남구 송도동,경상사고,0,0,2,0,차대차 - 기타,안전운전불이행,건조,맑음,단일로 - 기타,승용,여,64세,상해없음,승용,여,28세,경상
2015050300100504,2015년 5월 3일 21시,일요일,경상북도 경주시 건천읍,경상사고,0,0,1,0,차량단독 - 공작물충돌,안전운전불이행,습기,비,단일로 - 기타,승용,여,53세,경상,,,,
2015050300100505,2015년 5월 3일 21시,일요일,경상북도 영천시 고경면,중상사고,0,2,0,0,차대차 - 측면직각충돌,교차로운행방법위반,습기,비,교차로 - 교차로안,화물,남,61세,상해없음,승용,여,31세,중상
2015050300100527,2015년 5월 3일 22시,일요일,경상북도 경주시 안강읍,경상사고,0,0,1,0,차대차 - 기타,안전운전불이행,습기,비,교차로 - 교차로안,승용,남,25세,상해없음,승용,여,30세,경상
2015050300100528,2015년 5월 3일 22시,일요일,경상북도 포항시 북구 죽도동,경상사고,0,0,1,0,차량단독 - 공작물충돌,기타,건조,맑음,단일로 - 기타,승용,남,45세,상해없음,,,,
2015050300100540,2015년 5월 3일 23시,일요일,경상북도 영천시 완산동,중상사고,0,2,2,0,차대차 - 추돌 - 진행중,안전운전불이행,건조,맑음,단일로 - 기타,승용,여,46세,상해없음,승용,남,59세,경상
2015050400100008,2015년 5월 4일 00시,월요일,경상북도 포항시 남구 대잠동,경상사고,0,0,1,0,차대차 - 추돌 - 진행중,안전운전불이행,습기,비,단일로 - 기타,승용,여,24세,상해없음,승합,남,43세,경상
2015050400100025,2015년 5월 4일 03시,월요일,경상북도 경산시 계양동,경상사고,0,0,1,0,차대차 - 기타,안전운전불이행,건조,흐림,교차로 - 교차로안,승합,남,24세,상해없음,승용,남,34세,경상
2015050400100072,2015년 5월 4일 07시,월요일,경상북도 칠곡군 북삼읍,경상사고,0,0,1,0,차대차 - 기타,교차로운행방법위반,건조,맑음,교차로 - 교차로안,승용,여,23세,상해없음,자전거,남,52세,경상
2015050400100073,2015년 5월 4일 07시,월요일,경상북도 문경시 가은읍,경상사고,0,0,1,0,차량단독 - 전도전복,안전운전불이행,기타,맑음,단일로 - 기타,승용,남,89세,경상,,,,
2015050400100103,2015년 5월 4일 08시,월요일,경상북도 경주시 노서동,중상사고,0,1,1,0,차대차 - 측면직각충돌,안전운전불이행,건조,맑음,교차로 - 교차로안,승용,여,54세,경상,승용,여,32세,중상
2015050400100104,2015년 5월 4일 08시,월요일,경상북도 영주시 평은면,경상사고,0,0,1,0,차대차 - 정면충돌,안전운전불이행,건조,맑음,단일로 - 기타,이륜,여,69세,경상,승용,여,59세,상해없음
2015050400100105,2015년 5월 4일 08시,월요일,경상북도 영천시 청통면,경상사고,0,0,1,0,차대차 - 측면직각충돌,안전운전불이행,건조,맑음,단일로 - 기타,화물,남,65세,경상,화물,남,39세,상해없음
2015050400100106,2015년 5월 4일 08시,월요일,경상북도 영천시 야사동,경상사고,0,0,1,0,차량단독 - 공작물충돌,안전운전불이행,건조,맑음,단일로 - 기타,승용,여,63세,경상,,,,
2015050400100107,2015년 5월 4일 08시,월요일,경상북도 울진군 평해읍,경상사고,0,0,1,0,차대사람 - 기타,안전운전불이행,건조,맑음,단일로 - 기타,승용,여,41세,상해없음,보행자,여,61세,경상
2015050400100134,2015년 5월 4일 09시,월요일,경상북도 의성군 의성읍,중상사고,0,1,1,0,차대차 - 측면직각충돌,직진우회전진행방해,건조,맑음,교차로 - 교차로안,화물,남,56세,상해없음,승용,여,48세,중상
2015050400100135,2015년 5월 4일 09시,월요일,경상북도 구미시 신평동,중상사고,0,1,0,0,차대차 - 기타,신호위반,건조,맑음,단일로 - 기타,승용,여,46세,상해없음,자전거,남,63세,중상
2015050400100163,2015년 5월 4일 10시,월요일,경상북도 칠곡군 왜관읍,경상사고,0,0,1,0,차대사람 - 기타,안전운전불이행,건조,맑음,기타 - 기타,승용,남,54세,상해없음,보행자,여,73세,경상
2015050400100164,2015년 5월 4일 10시,월요일,경상북도 영천시 북안면,중상사고,0,1,1,0,차대차 - 측면직각충돌,안전운전불이행,건조,맑음,단일로 - 기타,농기계,남,72세,상해없음,이륜,남,72세,경상
2015050400100165,2015년 5월 4일 10시,월요일,경상북도 문경시 농암면,중상사고,0,1,1,0,차대사람 - 횡단중,안전운전불이행,건조,맑음,단일로 - 기타,원동기,남,73세,경상,보행자,여,77세,중상
2015050400100166,2015년 5월 4일 10시,월요일,경상북도 구미시 신평동,중상사고,0,1,0,0,차대차 - 기타,교차로운행방법위반,건조,맑음,교차로 - 교차로부근,승용,여,38세,상해없음,자전거,남,52세,중상
2015050400100167,2015년 5월 4일 10시,월요일,경상북도 포항시 남구 오천읍,사망사고,1,0,2,0,차대차 - 기타,직진우회전진행방해,건조,맑음,교차로 - 교차로안,승용,여,57세,경상,화물,남,60세,사망
2015050400100212,2015년 5월 4일 11시,월요일,경상북도 포항시 북구 죽도동,중상사고,0,1,0,0,차대사람 - 기타,안전운전불이행,건조,맑음,교차로 - 교차로안,화물,남,39세,상해없음,보행자,여,81세,중상
2015050400100213,2015년 5월 4일 11시,월요일,경상북도 안동시 송현동,경상사고,0,0,3,0,차대차 - 기타,안전운전불이행,건조,맑음,교차로 - 교차로안,승합,여,40세,상해없음,승용,여,51세,경상
2015050400100214,2015년 5월 4일 11시,월요일,경상북도 상주시 헌신동,중상사고,0,1,2,0,차대차 - 기타,교차로운행방법위반,건조,맑음,교차로 - 교차로안,화물,남,77세,중상,화물,남,48세,경상
2015050400100215,2015년 5월 4일 11시,월요일,경상북도 영덕군 영덕읍,경상사고,0,0,1,0,차대사람 - 횡단중,안전운전불이행,건조,맑음,교차로 - 교차로안,승용,여,64세,상해없음,보행자,여,62세,경상
2015050400100216,2015년 5월 4일 11시,월요일,경상북도 성주군 용암면,중상사고,0,1,0,0,차대차 - 측면직각충돌,교차로운행방법위반,건조,맑음,교차로 - 교차로안,승용,남,43세,상해없음,승용,여,42세,중상
2015050400100261,2015년 5월 4일 12시,월요일,경상북도 영천시 야사동,경상사고,0,0,1,0,차대차 - 측면직각충돌,안전운전불이행,건조,맑음,교차로 - 교차로부근,승용,남,51세,상해없음,화물,남,64세,경상
2015050400100262,2015년 5월 4일 12시,월요일,경상북도 구미시 도량동,중상사고,0,2,1,0,차대차 - 기타,중앙선침범,건조,맑음,단일로 - 기타,자전거,남,76세,중상,승용,남,46세,상해없음
2015050400100263,2015년 5월 4일 12시,월요일,경상북도 김천시 아포읍,경상사고,0,0,4,0,차대차 - 추돌 - 주정차중,안전운전불이행,건조,맑음,단일로 - 기타,화물,남,50세,상해없음,승용,여,37세,경상
2015050400100305,2015년 5월 4일 13시,월요일,경상북도 칠곡군 약목면,부상신고사고,0,0,0,1,차대차 - 기타,안전거리미확보,건조,맑음,단일로 - 기타,화물,남,56세,부상신고,화물,남,35세,상해없음
2015050400100306,2015년 5월 4일 13시,월요일,경상북도 봉화군 소천면,경상사고,0,0,2,0,차량단독 - 전도전복,안전운전불이행,건조,맑음,단일로 - 기타,승용,여,44세,경상,,,,
2015050400100307,2015년 5월 4일 13시,월요일,경상북도 청송군 청송읍,경상사고,0,0,1,0,차량단독 - 도로외이탈 - 추락,안전운전불이행,건조,맑음,단일로 - 기타,이륜,여,71세,경상,,,,
2015050400100308,2015년 5월 4일 13시,월요일,경상북도 구미시 인의동,중상사고,0,1,0,0,차대차 - 기타,안전거리미확보,건조,맑음,단일로 - 기타,이륜,남,58세,상해없음,이륜,남,70세,중상
2015050400100309,2015년 5월 4일 13시,월요일,경상북도 포항시 남구 송도동,중상사고,0,1,0,0,차대차 - 측면직각충돌,안전운전불이행,건조,맑음,교차로 - 교차로부근,원동기,남,75세,중상,승용,여,49세,상해없음
2015050400100352,2015년 5월 4일 14시,월요일,경상북도 경주시 천군동,경상사고,0,0,1,0,차대사람 - 기타,중앙선침범,건조,맑음,단일로 - 기타,이륜,남,17세,상해없음,보행자,남,34세,경상
2015050400100353,2015년 5월 4일 14시,월요일,경상북도 경주시 외동읍,경상사고,0,0,3,0,차대차 - 기타,안전운전불이행,건조,맑음,단일로 - 기타,승용,남,30세,상해없음,승용,남,35세,경상
2015050400100354,2015년 5월 4일 14시,월요일,경상북도 포항시 북구 죽도동,경상사고,0,0,1,0,차대차 - 기타,안전운전불이행,건조,맑음,단일로 - 기타,승용,남,73세,상해없음,자전거,남,35세,경상
2015050400100355,2015년 5월 4일 14시,월요일,경상북도 구미시 원평동,중상사고,0,1,0,0,차대차 - 측면직각충돌,안전운전불이행,건조,맑음,단일로 - 기타,승용,남,52세,상해없음,자전거,남,24세,중상
2015050400100356,2015년 5월 4일 14시,월요일,경상북도 포항시 남구 해도동,경상사고,0,0,3,0,차대차 - 측면직각충돌,안전운전불이행,건조,맑음,교차로 - 교차로부근,승용,남,65세,상해없음,승용,여,26세,경상
2015050400100401,2015년 5월 4일 15시,월요일,경상북도 포항시 북구 기계면,중상사고,0,2,0,0,차대차 - 기타,중앙선침범,건조,맑음,교차로 - 교차로부근,승용,남,49세,상해없음,승용,여,40세,중상
2015050400100402,2015년 5월 4일 15시,월요일,경상북도 안동시 옥동,경상사고,0,0,1,0,차대차 - 기타,안전거리미확보,건조,맑음,교차로 - 교차로부근,승용,남,61세,상해없음,승용,남,55세,경상
2015050400100403,2015년 5월 4일 15시,월요일,경상북도 구미시 인의동,경상사고,0,0,1,0,차대사람 - 기타,안전운전불이행,건조,맑음,교차로 - 교차로부근,승용,남,54세,기타불명,보행자,여,15세,경상
2015050400100442,2015년 5월 4일 16시,월요일,경상북도 포항시 북구 우현동,중상사고,0,2,4,0,차대차 - 기타,안전운전불이행,건조,맑음,교차로 - 교차로안,승합,남,43세,상해없음,승용,여,48세,중상
2015050400100471,2015년 5월 4일 17시,월요일,경상북도 경주시 동천동,중상사고,0,1,0,0,차대차 - 기타,안전운전불이행,건조,맑음,교차로 - 교차로안,승용,남,40세,상해없음,승용,여,27세,중상
2015050400100472,2015년 5월 4일 17시,월요일,경상북도 경주시 율동,경상사고,0,0,2,0,차대차 - 기타,기타,건조,맑음,기타 - 기타,승용,남,44세,상해없음,승용,남,45세,상해없음
2015050400100473,2015년 5월 4일 17시,월요일,경상북도 포항시 북구 기계면,경상사고,0,0,1,0,차대차 - 기타,안전운전불이행,건조,맑음,교차로 - 교차로안,승용,여,57세,상해없음,자전거,여,64세,경상
2015050400100474,2015년 5월 4일 17시,월요일,경상북도 포항시 북구 흥해읍,중상사고,0,1,0,0,차대사람 - 기타,안전운전불이행,건조,맑음,단일로 - 기타,승용,남,59세,상해없음,보행자,남,15세,중상
2015050400100475,2015년 5월 4일 17시,월요일,경상북도 김천시 대광동,중상사고,0,1,0,0,차대차 - 측면직각충돌,안전운전불이행,건조,맑음,교차로 - 교차로안,화물,남,52세,상해없음,원동기,남,48세,중상
2015050400100476,2015년 5월 4일 17시,월요일,경상북도 김천시 조마면,경상사고,0,0,1,0,차량단독 - 전도전복,안전운전불이행,기타,맑음,기타 - 기타,화물,남,49세,경상,,,,
2015050400100477,2015년 5월 4일 17시,월요일,경상북도 청송군 청송읍,부상신고사고,0,0,0,1,차대차 - 추돌 - 진행중,기타,건조,맑음,교차로 - 교차로안,원동기,남,15세,부상신고,승용,남,46세,상해없음
2015050400100478,2015년 5월 4일 17시,월요일,경상북도 구미시 공단동,경상사고,0,0,1,0,차대차 - 기타,교차로운행방법위반,건조,맑음,교차로 - 교차로안,승용,남,45세,상해없음,이륜,남,33세,경상
2015050400100479,2015년 5월 4일 17시,월요일,경상북도 구미시 원평동,경상사고,0,0,1,0,차대차 - 측면직각충돌,안전운전불이행,건조,맑음,단일로 - 기타,승용,남,43세,상해없음,승용,여,28세,경상
2015050400100480,2015년 5월 4일 17시,월요일,경상북도 포항시 남구 오천읍,경상사고,0,0,1,0,차량단독 - 기타,안전거리미확보,건조,맑음,단일로 - 기타,자전거,남,21세,경상,,,,
2015050400100524,2015년 5월 4일 18시,월요일,경상북도 경주시 마동,경상사고,0,0,1,0,차대차 - 측면직각충돌,신호위반,건조,맑음,교차로 - 교차로안,승용,남,38세,상해없음,자전거,남,29세,경상
2015050400100525,2015년 5월 4일 18시,월요일,경상북도 상주시 냉림동,부상신고사고,0,0,0,1,차량단독 - 기타,안전운전불이행,건조,맑음,단일로 - 기타,자전거,남,9세,부상신고,,,,
2015050400100526,2015년 5월 4일 18시,월요일,경상북도 영주시 휴천동,경상사고,0,0,1,0,차대차 - 측면직각충돌,안전운전불이행,건조,맑음,단일로 - 기타,승용,여,54세,상해없음,자전거,남,7세,경상
2015050400100527,2015년 5월 4일 18시,월요일,경상북도 성주군 초전면,경상사고,0,0,1,0,차대사람 - 횡단중,안전운전불이행,건조,맑음,기타 - 기타,승용,남,41세,상해없음,보행자,남,54세,경상
2015050400100528,2015년 5월 4일 18시,월요일,경상북도 구미시 옥계동,경상사고,0,0,2,0,차대차 - 기타,안전거리미확보,건조,맑음,단일로 - 기타,화물,남,40세,상해없음,승용,남,31세,경상
2015050400100529,2015년 5월 4일 18시,월요일,경상북도 포항시 남구 대도동,경상사고,0,0,1,0,차대차 - 추돌 - 주정차중,안전운전불이행,건조,맑음,단일로 - 기타,이륜,남,61세,경상,승용,여,63세,상해없음
2015050400100578,2015년 5월 4일 19시,월요일,경상북도 경산시 압량면,경상사고,0,0,1,0,차대차 - 기타,교차로운행방법위반,건조,맑음,교차로 - 교차로안,승용,남,49세,상해없음,승용,남,34세,경상
2015050400100579,2015년 5월 4일 19시,월요일,경상북도 경산시 중방동,중상사고,0,1,0,0,차대차 - 기타,안전운전불이행,건조,맑음,교차로 - 교차로안,자전거,여,18세,중상,승용,남,60세,상해없음
2015050400100615,2015년 5월 4일 20시,월요일,경상북도 영주시 조와동,중상사고,0,1,0,0,차대차 - 정면충돌,중앙선침범,건조,맑음,단일로 - 기타,승용,남,29세,상해없음,화물,남,55세,중상
2015050400100696,2015년 5월 4일 23시,월요일,경상북도 구미시 진평동,경상사고,0,0,1,1,차대차 - 기타,안전운전불이행,건조,맑음,교차로 - 교차로부근,승용,남,27세,부상신고,승용,남,33세,경상
2015050400100697,2015년 5월 4일 23시,월요일,경상북도 구미시 도량동,중상사고,0,1,0,0,차대차 - 기타,안전운전불이행,건조,맑음,단일로 - 기타,승용,남,30세,상해없음,이륜,남,17세,중상
2015050500100015,2015년 5월 5일 00시,화요일,경상북도 경산시 정평동,경상사고,0,0,1,0,차대차 - 기타,안전운전불이행,건조,맑음,교차로 - 교차로부근,승용,남,25세,상해없음,승용,남,54세,경상
2015050500100051,2015년 5월 5일 02시,화요일,경상북도 경주시 황오동,경상사고,0,0,1,0,차대차 - 기타,안전운전불이행,건조,맑음,단일로 - 기타,승용,남,62세,경상,승용,남,30세,상해없음
2015050500100052,2015년 5월 5일 02시,화요일,경상북도 경산시 진량읍,경상사고,0,0,2,0,차대차 - 기타,신호위반,건조,맑음,교차로 - 교차로안,이륜,남,18세,상해없음,승용,남,18세,경상
2015050500100066,2015년 5월 5일 03시,화요일,경상북도 포항시 북구 흥해읍,중상사고,0,1,0,0,차대차 - 기타,안전운전불이행,건조,맑음,교차로 - 교차로부근,승용,남,60세,상해없음,승용,남,34세,중상
2015050500100067,2015년 5월 5일 03시,화요일,경상북도 청송군 안덕면,중상사고,0,1,0,0,차량단독 - 도로외이탈 - 추락,안전운전불이행,건조,맑음,단일로 - 기타,승용,남,51세,중상,,,,
2015050500100074,2015년 5월 5일 04시,화요일,경상북도 안동시 당북동,경상사고,0,0,1,0,차대차 - 측면직각충돌,중앙선침범,건조,맑음,교차로 - 교차로부근,승용,여,26세,상해없음,승용,남,27세,경상
2015050500100095,2015년 5월 5일 06시,화요일,경상북도 상주시 이안면,부상신고사고,0,0,0,1,차량단독 - 공작물충돌,안전운전불이행,건조,맑음,단일로 - 기타,화물,남,41세,부상신고,,,,
2015050500100111,2015년 5월 5일 07시,화요일,경상북도 경주시 건천읍,중상사고,0,1,0,0,차량단독 - 기타,안전운전불이행,건조,맑음,단일로 - 기타,원동기,남,79세,중상,,,,
2015050500100128,2015년 5월 5일 08시,화요일,경상북도 안동시 정상동,중상사고,0,1,4,0,차대차 - 측면직각충돌,중앙선침범,건조,맑음,단일로 - 기타,승용,여,54세,상해없음,화물,남,36세,경상
2015050500100129,2015년 5월 5일 08시,화요일,경상북도 경산시 진량읍,중상사고,0,1,0,0,차대차 - 측면직각충돌,안전운전불이행,건조,맑음,교차로 - 교차로안,화물,남,65세,상해없음,이륜,남,60세,중상
2015050500100130,2015년 5월 5일 08시,화요일,경상북도 영덕군 남정면,중상사고,0,1,2,0,차대차 - 추돌 - 진행중,안전운전불이행,건조,맑음,단일로 - 기타,화물,남,55세,상해없음,승용,남,44세,경상
2015050500100131,2015년 5월 5일 08시,화요일,경상북도 군위군 군위읍,경상사고,0,0,1,0,차대차 - 측면직각충돌,직진우회전진행방해,건조,맑음,교차로 - 교차로안,승용,남,52세,상해없음,승용,남,30세,경상
2015050500100141,2015년 5월 5일 09시,화요일,경상북도 영천시 금호읍,경상사고,0,0,4,0,차대차 - 추돌 - 진행중,안전거리미확보,건조,맑음,단일로 - 기타,승용,여,59세,상해없음,승용,남,63세,경상
2015050500100142,2015년 5월 5일 09시,화요일,경상북도 예천군 예천읍,중상사고,0,1,0,0,차대사람 - 횡단중,안전운전불이행,건조,맑음,단일로 - 기타,화물,남,39세,상해없음,보행자,여,72세,중상
2015050500100161,2015년 5월 5일 10시,화요일,경상북도 상주시 함창읍,경상사고,0,0,1,0,차대차 - 기타,교차로운행방법위반,건조,맑음,교차로 - 교차로안,승용,남,27세,상해없음,화물,남,67세,경상
2015050500100194,2015년 5월 5일 11시,화요일,경상북도 경주시 인왕동,경상사고,0,0,2,0,차대차 - 측면직각충돌,안전운전불이행,건조,맑음,단일로 - 기타,승용,기타불명,기타불명,기타불명,원동기,남,26세,경상
2015050500100195,2015년 5월 5일 11시,화요일,경상북도 경주시 안강읍,경상사고,0,0,1,0,차대차 - 기타,안전운전불이행,건조,맑음,교차로 - 교차로부근,승용,남,62세,경상,승용,여,37세,상해없음
2015050500100196,2015년 5월 5일 11시,화요일,경상북도 경산시 정평동,경상사고,0,0,2,0,차대차 - 기타,안전운전불이행,건조,맑음,기타 - 기타,승용,남,44세,상해없음,승용,여,56세,경상
2015050500100228,2015년 5월 5일 12시,화요일,경상북도 영주시 가흥동,경상사고,0,0,1,0,차대차 - 측면직각충돌,안전운전불이행,건조,맑음,교차로 - 교차로안,이륜,남,32세,경상,승용,남,44세,상해없음
2015050500100229,2015년 5월 5일 12시,화요일,경상북도 성주군 성주읍,경상사고,0,0,1,0,차량단독 - 공작물충돌,안전운전불이행,건조,맑음,기타 - 기타,화물,여,53세,경상,,,,
2015050500100230,2015년 5월 5일 12시,화요일,경상북도 성주군 용암면,중상사고,0,1,0,0,차대차 - 정면충돌,중앙선침범,건조,맑음,기타 - 기타,화물,남,46세,상해없음,이륜,남,56세,중상
2015050500100266,2015년 5월 5일 13시,화요일,경상북도 경주시 양남면,경상사고,0,0,3,0,차대차 - 추돌 - 진행중,안전운전불이행,건조,맑음,단일로 - 기타,승용,남,37세,상해없음,승용,남,32세,상해없음
2015050500100267,2015년 5월 5일 13시,화요일,경상북도 포항시 북구 환호동,경상사고,0,0,1,0,차대차 - 기타,교차로운행방법위반,건조,맑음,단일로 - 기타,승용,남,55세,상해없음,원동기,남,41세,경상
2015050500100268,2015년 5월 5일 13시,화요일,경상북도 영주시 풍기읍,중상사고,0,2,1,0,차대차 - 추돌 - 진행중,안전운전불이행,건조,맑음,단일로 - 기타,승합,남,47세,상해없음,승용,남,60세,중상
2015050500100269,2015년 5월 5일 13시,화요일,경상북도 포항시 남구 호미곶면,중상사고,0,1,0,0,차량단독 - 공작물충돌,안전운전불이행,건조,맑음,단일로 - 기타,이륜,남,30세,중상,,,,
2015050500100298,2015년 5월 5일 14시,화요일,경상북도 포항시 북구 여남동,중상사고,0,1,0,0,차대차 - 기타,차로위반,건조,맑음,단일로 - 기타,원동기,남,22세,중상,승용,남,61세,상해없음
2015050500100299,2015년 5월 5일 14시,화요일,경상북도 안동시 와룡면,경상사고,0,0,1,0,차대차 - 측면직각충돌,중앙선침범,건조,맑음,단일로 - 기타,승용,남,35세,상해없음,승용,여,62세,경상
2015050500100300,2015년 5월 5일 14시,화요일,경상북도 안동시 운흥동,중상사고,0,2,0,0,차대차 - 기타,안전거리미확보,건조,맑음,교차로 - 교차로부근,승용,남,40세,상해없음,승용,남,36세,중상
2015050500100332,2015년 5월 5일 15시,화요일,경상북도 경주시 보문동,경상사고,0,0,1,0,차량단독 - 전도전복,안전운전불이행,건조,맑음,기타 - 기타,이륜,남,19세,상해없음,,,,
2015050500100333,2015년 5월 5일 15시,화요일,경상북도 경주시 양남면,경상사고,0,0,2,0,차대차 - 기타,안전운전불이행,건조,맑음,교차로 - 교차로부근,원동기,남,53세,경상,특수,남,51세,상해없음
2015050500100334,2015년 5월 5일 15시,화요일,경상북도 김천시 부곡동,경상사고,0,0,1,0,차대차 - 측면직각충돌,안전운전불이행,건조,맑음,단일로 - 기타,승용,여,42세,상해없음,승용,남,62세,경상