사고번호,사고일시,요일,시군구,사고내용,사망자수,중상자수,경상자수,부상신고자수,사고유형,법규위반,노면상태,기상상태,도로형태,가해운전자 차종,가해운전자 성별,가해운전자 연령,가해운전자 상해정도,피해운전자 차종,피해운전자 성별,피해운전자 연령,피해운전자 상해정도
2015050500100335,2015년 5월 5일 15시,화요일,경상북도 상주시 사벌면,경상사고,0,0,1,0,차대차 - 측면직각충돌,교차로운행방법위반,건조,맑음,교차로 - 교차로안,승용,남,40세,상해없음,자전거,남,51세,경상
2015050500100336,2015년 5월 5일 15시,화요일,경상북도 청도군 화양읍,중상사고,0,1,1,0,차대차 - 측면직각충돌,신호위반,건조,맑음,교차로 - 교차로안,화물,남,40세,상해없음,승용,남,30세,경상
2015050500100337,2015년 5월 5일 15시,화요일,경상북도 성주군 수륜면,경상사고,0,0,1,0,차대차 - 기타,안전운전불이행,건조,맑음,기타 - 기타,승용,남,66세,상해없음,승용,남,35세,경상
2015050500100374,2015년 5월 5일 16시,화요일,경상북도 안동시 용상동,부상신고사고,0,0,0,1,차량단독 - 전도전복,안전운전불이행,건조,맑음,단일로 - 기타,이륜,남,74세,부상신고,,,,
2015050500100375,2015년 5월 5일 16시,화요일,경상북도 경산시 중방동,경상사고,0,0,2,0,차대차 - 기타,안전운전불이행,건조,맑음,단일로 - 기타,화물,남,54세,상해없음,화물,남,43세,경상
2015050500100376,2015년 5월 5일 16시,화요일,경상북도 성주군 성주읍,경상사고,0,0,1,0,차대사람 - 횡단중,안전운전불이행,건조,맑음,기타 - 기타,승용,남,48세,상해없음,보행자,남,5세,경상
2015050500100377,2015년 5월 5일 16시,화요일,경상북도 구미시 봉곡동,부상신고사고,0,0,0,1,차대차 - 기타,중앙선침범,건조,맑음,단일로 - 기타,이륜,남,80세,부상신고,승용,남,35세,상해없음
2015050500100415,2015년 5월 5일 17시,화요일,경상북도 경주시 보문동,중상사고,0,2,0,0,차량단독 - 전도전복,안전운전불이행,건조,맑음,단일로 - 기타,이륜,남,24세,중상,,,,
2015050500100416,2015년 5월 5일 17시,화요일,경상북도 경산시 사동,경상사고,0,0,4,0,차대차 - 기타,불법유턴,건조,맑음,교차로 - 교차로부근,승용,남,45세,상해없음,승용,여,38세,경상
2015050500100417,2015년 5월 5일 17시,화요일,경상북도 봉화군 물야면,경상사고,0,0,1,0,차대차 - 측면직각충돌,중앙선침범,건조,맑음,단일로 - 기타,화물,남,55세,상해없음,화물,여,50세,경상
2015050500100447,2015년 5월 5일 18시,화요일,경상북도 포항시 북구 대신동,경상사고,0,0,4,0,차대차 - 기타,안전운전불이행,건조,맑음,교차로 - 교차로부근,승용,남,60세,상해없음,승용,남,49세,경상
2015050500100448,2015년 5월 5일 18시,화요일,경상북도 영천시 신령면,중상사고,0,1,0,0,차대차 - 측면직각충돌,안전운전불이행,건조,맑음,단일로 - 기타,이륜,남,49세,중상,승용,여,41세,상해없음
2015050500100449,2015년 5월 5일 18시,화요일,경상북도 경산시 옥곡동,경상사고,0,0,1,0,차대차 - 기타,안전운전불이행,건조,맑음,단일로 - 기타,이륜,남,36세,경상,승용,남,36세,상해없음
2015050500100450,2015년 5월 5일 18시,화요일,경상북도 포항시 남구 연일읍,중상사고,0,1,0,0,차대차 - 기타,안전운전불이행,건조,맑음,단일로 - 기타,화물,여,48세,상해없음,승용,남,54세,기타불명
2015050500100478,2015년 5월 5일 19시,화요일,경상북도 의성군 의성읍,중상사고,0,1,0,0,차대차 - 추돌 - 진행중,안전운전불이행,건조,맑음,단일로 - 기타,원동기,남,84세,중상,승용,남,37세,상해없음
2015050500100479,2015년 5월 5일 19시,화요일,경상북도 문경시 모전동,중상사고,0,1,0,0,차대차 - 추돌 - 진행중,차로위반,건조,맑음,단일로 - 기타,승용,남,45세,상해없음,이륜,남,19세,중상
2015050500100509,2015년 5월 5일 20시,화요일,경상북도 상주시 낙동면,중상사고,0,1,0,0,차대차 - 추돌 - 진행중,안전거리미확보,건조,맑음,단일로 - 기타,승용,남,46세,상해없음,농기계,남,49세,중상
2015050500100538,2015년 5월 5일 21시,화요일,경상북도 포항시 북구 용흥동,경상사고,0,0,2,0,차대차 - 기타,신호위반,건조,맑음,교차로 - 교차로안,승용,여,49세,상해없음,승용,남,54세,경상
2015050500100539,2015년 5월 5일 21시,화요일,경상북도 봉화군 봉화읍,부상신고사고,0,0,0,1,차량단독 - 도로외이탈 - 추락,안전운전불이행,건조,맑음,교차로 - 교차로안,승용,남,30세,부상신고,,,,
2015050500100540,2015년 5월 5일 21시,화요일,경상북도 포항시 남구 오천읍,경상사고,0,0,1,0,차대차 - 기타,안전운전불이행,건조,맑음,교차로 - 교차로안,이륜,여,22세,경상,승용,남,60세,상해없음
2015050500100541,2015년 5월 5일 21시,화요일,경상북도 포항시 남구 대잠동,경상사고,0,0,1,0,차대차 - 측면직각충돌,안전운전불이행,건조,맑음,교차로 - 교차로안,승용,남,54세,상해없음,이륜,남,24세,경상
2015050500100565,2015년 5월 5일 22시,화요일,경상북도 경주시 동천동,중상사고,0,2,0,0,차대차 - 측면직각충돌,교차로운행방법위반,건조,맑음,교차로 - 교차로안,화물,여,49세,상해없음,승용,여,31세,중상
2015050600100012,2015년 5월 6일 00시,수요일,경상북도 구미시 남통동,부상신고사고,0,0,0,1,차대차 - 기타,교차로운행방법위반,건조,맑음,교차로 - 교차로안,승용,남,24세,부상신고,승용,남,54세,상해없음
2015050600100040,2015년 5월 6일 04시,수요일,경상북도 안동시 옥동,경상사고,0,0,1,0,차대차 - 측면직각충돌,차로위반,건조,맑음,단일로 - 기타,승용,남,20세,상해없음,승용,남,57세,경상
2015050600100045,2015년 5월 6일 05시,수요일,경상북도 구미시 황상동,경상사고,0,0,1,0,차대사람 - 기타,안전운전불이행,건조,맑음,단일로 - 기타,승용,여,21세,상해없음,보행자,남,27세,경상
2015050600100060,2015년 5월 6일 06시,수요일,경상북도 구미시 옥계동,경상사고,0,0,1,1,차대차 - 기타,신호위반,건조,맑음,교차로 - 교차로안,승용,남,32세,부상신고,승용,남,34세,경상
2015050600100083,2015년 5월 6일 07시,수요일,경상북도 상주시 함창읍,경상사고,0,0,1,0,차대차 - 측면직각충돌,안전운전불이행,건조,맑음,단일로 - 기타,원동기,남,73세,기타불명,자전거,남,19세,경상
2015050600100084,2015년 5월 6일 07시,수요일,경상북도 경산시 압량면,경상사고,0,0,1,0,차대차 - 기타,직진우회전진행방해,건조,맑음,교차로 - 교차로안,화물,남,58세,상해없음,승용,남,73세,경상
2015050600100129,2015년 5월 6일 08시,수요일,경상북도 경주시 양북면,중상사고,0,1,0,0,차대차 - 기타,교차로운행방법위반,건조,맑음,교차로 - 교차로안,승용,여,31세,상해없음,승용,여,55세,중상
2015050600100130,2015년 5월 6일 08시,수요일,경상북도 포항시 남구 이동,경상사고,0,0,3,0,차대차 - 추돌 - 진행중,안전운전불이행,건조,맑음,단일로 - 기타,승용,여,30세,경상,승용,남,64세,경상
2015050600100161,2015년 5월 6일 09시,수요일,경상북도 안동시 안흥동,경상사고,0,0,1,0,차대차 - 기타,안전운전불이행,건조,맑음,단일로 - 기타,승용,남,43세,상해없음,화물,남,49세,경상
2015050600100190,2015년 5월 6일 10시,수요일,경상북도 경주시 동천동,경상사고,0,0,1,0,차대차 - 기타,안전운전불이행,건조,맑음,단일로 - 기타,승용,남,72세,상해없음,화물,남,56세,경상
2015050600100191,2015년 5월 6일 10시,수요일,경상북도 경주시 외동읍,중상사고,0,1,0,0,차대차 - 기타,중앙선침범,건조,맑음,단일로 - 기타,승용,여,58세,상해없음,원동기,남,66세,중상
2015050600100192,2015년 5월 6일 10시,수요일,경상북도 포항시 북구 상원동,경상사고,0,0,1,0,차대차 - 기타,교차로운행방법위반,건조,맑음,교차로 - 교차로안,승용,여,57세,상해없음,화물,남,41세,경상
2015050600100193,2015년 5월 6일 10시,수요일,경상북도 영주시 가흥동,중상사고,0,1,0,0,차대사람 - 보도통행중,보행자보호의무위반,건조,맑음,단일로 - 기타,승용,여,50세,상해없음,보행자,여,76세,중상
2015050600100215,2015년 5월 6일 11시,수요일,경상북도 안동시 옥야동,중상사고,0,1,0,0,차대차 - 기타,기타,건조,맑음,기타 - 기타,승용,남,58세,상해없음,자전거,남,85세,중상
2015050600100216,2015년 5월 6일 11시,수요일,경상북도 성주군 선남면,경상사고,0,0,2,0,차대차 - 추돌 - 진행중,안전운전불이행,건조,맑음,기타 - 기타,화물,남,39세,상해없음,화물,남,29세,경상
2015050600100217,2015년 5월 6일 11시,수요일,경상북도 성주군 월항면,중상사고,0,2,0,0,차대차 - 기타,직진우회전진행방해,건조,맑음,기타 - 기타,원동기,남,87세,중상,원동기,여,33세,중상
2015050600100218,2015년 5월 6일 11시,수요일,경상북도 울진군 울진읍,중상사고,0,1,0,1,차대차 - 기타,중앙선침범,건조,맑음,단일로 - 기타,화물,남,71세,부상신고,승용,여,57세,중상
2015050600100250,2015년 5월 6일 12시,수요일,경상북도 포항시 남구 구룡포읍,중상사고,0,1,0,0,차대차 - 기타,안전운전불이행,건조,맑음,단일로 - 기타,승용,남,51세,상해없음,이륜,남,46세,중상
2015050600100251,2015년 5월 6일 12시,수요일,경상북도 포항시 남구 오천읍,경상사고,0,0,4,0,차대차 - 기타,안전거리미확보,건조,맑음,교차로 - 교차로안,특수,남,42세,상해없음,승용,남,24세,경상
2015050600100280,2015년 5월 6일 13시,수요일,경상북도 구미시 공단동,중상사고,0,1,0,0,차대차 - 기타,직진우회전진행방해,건조,맑음,교차로 - 교차로안,화물,남,40세,기타불명,승용,여,54세,중상
2015050600100306,2015년 5월 6일 14시,수요일,경상북도 경주시 황성동,경상사고,0,0,1,0,차대차 - 기타,중앙선침범,건조,맑음,단일로 - 기타,승용,남,56세,상해없음,원동기,남,16세,경상
2015050600100307,2015년 5월 6일 14시,수요일,경상북도 구미시 봉곡동,중상사고,0,1,4,1,차대차 - 추돌 - 진행중,안전거리미확보,건조,맑음,단일로 - 기타,화물,남,49세,중상,승용,남,21세,경상
2015050600100351,2015년 5월 6일 15시,수요일,경상북도 영주시 이산면,경상사고,0,0,1,0,차대차 - 추돌 - 진행중,안전운전불이행,건조,맑음,단일로 - 기타,승용,남,38세,경상,건설기계,남,58세,상해없음
2015050600100352,2015년 5월 6일 15시,수요일,경상북도 칠곡군 왜관읍,부상신고사고,0,0,0,1,차대차 - 기타,중앙선침범,건조,맑음,단일로 - 기타,자전거,남,57세,부상신고,승용,남,66세,상해없음
2015050600100353,2015년 5월 6일 15시,수요일,경상북도 구미시 황상동,부상신고사고,0,0,0,1,차대차 - 기타,안전운전불이행,건조,맑음,단일로 - 기타,자전거,여,21세,부상신고,승용,여,32세,상해없음
2015050600100388,2015년 5월 6일 16시,수요일,경상북도 영덕군 남정면,중상사고,0,2,3,0,차대차 - 추돌 - 주정차중,안전거리미확보,건조,맑음,단일로 - 기타,화물,남,31세,상해없음,승용,여,40세,경상
2015050600100422,2015년 5월 6일 17시,수요일,경상북도 포항시 남구 연일읍,경상사고,0,0,2,0,차대차 - 측면직각충돌,안전운전불이행,건조,맑음,교차로 - 교차로안,원동기,남,35세,경상,승용,남,46세,경상
2015050600100460,2015년 5월 6일 18시,수요일,경상북도 안동시 수상동,경상사고,0,0,1,0,차대차 - 측면직각충돌,안전운전불이행,건조,맑음,교차로 - 교차로안,승용,여,25세,상해없음,승용,남,26세,경상
2015050600100461,2015년 5월 6일 18시,수요일,경상북도 김천시 평화동,경상사고,0,0,1,0,차대차 - 측면직각충돌,신호위반,건조,맑음,교차로 - 교차로안,승용,여,49세,상해없음,이륜,남,61세,경상
2015050600100501,2015년 5월 6일 19시,수요일,경상북도 영양군 영양읍,경상사고,0,0,2,0,차대차 - 측면직각충돌,안전운전불이행,건조,맑음,교차로 - 교차로안,이륜,여,55세,경상,승용,여,31세,경상
2015050600100535,2015년 5월 6일 20시,수요일,경상북도 김천시 교동,경상사고,0,0,1,0,차대사람 - 횡단중,안전운전불이행,건조,맑음,단일로 - 횡단보도상,승용,남,32세,상해없음,보행자,여,38세,경상
2015050600100536,2015년 5월 6일 20시,수요일,경상북도 상주시 남성동,부상신고사고,0,0,0,1,차대차 - 기타,안전운전불이행,건조,맑음,교차로 - 교차로안,자전거,남,12세,부상신고,승용,남,25세,상해없음
2015050600100597,2015년 5월 6일 22시,수요일,경상북도 김천시 응명동,경상사고,0,0,1,0,차대차 - 측면직각충돌,안전운전불이행,건조,맑음,교차로 - 교차로부근,화물,남,59세,상해없음,승용,남,47세,경상
2015050600100598,2015년 5월 6일 22시,수요일,경상북도 포항시 남구 대잠동,경상사고,0,0,1,0,차대차 - 측면직각충돌,직진우회전진행방해,건조,맑음,교차로 - 교차로안,승용,여,36세,상해없음,승용,남,31세,경상
2015050600100626,2015년 5월 6일 23시,수요일,경상북도 의성군 단밀면,중상사고,0,1,0,0,차대차 - 추돌 - 진행중,안전운전불이행,건조,맑음,단일로 - 기타,승용,남,36세,상해없음,자전거,남,48세,중상
2015050600100627,2015년 5월 6일 23시,수요일,경상북도 영천시 완산동,중상사고,0,1,0,0,차대차 - 측면직각충돌,안전운전불이행,건조,맑음,단일로 - 기타,승용,남,42세,상해없음,이륜,남,36세,중상
2015050700100016,2015년 5월 7일 00시,목요일,경상북도 구미시 임수동,중상사고,0,3,2,0,차대차 - 기타,중앙선침범,건조,맑음,교차로 - 교차로부근,승용,남,23세,상해없음,승합,남,43세,상해없음
2015050700100046,2015년 5월 7일 02시,목요일,경상북도 구미시 진평동,경상사고,0,0,3,0,차대차 - 기타,교차로운행방법위반,건조,맑음,교차로 - 교차로부근,승용,남,23세,경상,승용,남,23세,상해없음
2015050700100104,2015년 5월 7일 07시,목요일,경상북도 포항시 북구 두호동,경상사고,0,0,1,0,차대차 - 기타,교차로운행방법위반,건조,맑음,교차로 - 교차로안,승용,여,36세,상해없음,승용,여,49세,경상
2015050700100105,2015년 5월 7일 07시,목요일,경상북도 구미시 구포동,경상사고,0,0,1,0,차대차 - 기타,안전운전불이행,건조,맑음,교차로 - 교차로부근,승용,남,45세,상해없음,승용,남,27세,경상
2015050700100138,2015년 5월 7일 08시,목요일,경상북도 상주시 낙동면,경상사고,0,0,1,0,차대차 - 측면직각충돌,안전운전불이행,건조,맑음,단일로 - 기타,승용,여,32세,상해없음,승용,남,51세,상해없음
2015050700100139,2015년 5월 7일 08시,목요일,경상북도 경산시 중방동,경상사고,0,0,1,0,차대차 - 기타,중앙선침범,건조,맑음,단일로 - 기타,승용,여,50세,상해없음,승용,남,38세,경상
2015050700100140,2015년 5월 7일 08시,목요일,경상북도 봉화군 봉화읍,중상사고,0,1,0,0,차대차 - 정면충돌,교차로운행방법위반,건조,맑음,교차로 - 교차로안,화물,남,67세,상해없음,원동기,남,76세,중상
2015050700100141,2015년 5월 7일 08시,목요일,경상북도 구미시 임은동,부상신고사고,0,0,0,1,차대차 - 기타,안전운전불이행,건조,맑음,교차로 - 교차로안,승용,남,38세,부상신고,특수,남,66세,상해없음
2015050700100168,2015년 5월 7일 09시,목요일,경상북도 경산시 진량읍,중상사고,0,1,0,0,차대사람 - 기타,보행자보호의무위반,건조,맑음,단일로 - 기타,승합,남,50세,상해없음,보행자,남,45세,중상
2015050700100169,2015년 5월 7일 09시,목요일,경상북도 봉화군 봉화읍,중상사고,0,1,0,0,차대사람 - 길가장자리구역통행중,안전운전불이행,건조,맑음,단일로 - 기타,화물,여,65세,상해없음,보행자,남,81세,중상
2015050700100170,2015년 5월 7일 09시,목요일,경상북도 봉화군 봉화읍,중상사고,0,2,0,1,차대차 - 측면직각충돌,안전운전불이행,건조,맑음,교차로 - 교차로안,승용,남,69세,부상신고,화물,남,31세,중상
2015050700100198,2015년 5월 7일 10시,목요일,경상북도 경주시 석장동,경상사고,0,0,1,0,차대차 - 측면직각충돌,안전운전불이행,건조,맑음,기타 - 기타,승용,남,64세,기타불명,승용,여,52세,경상
2015050700100229,2015년 5월 7일 11시,목요일,경상북도 구미시 도량동,중상사고,0,1,0,0,차대차 - 측면직각충돌,안전운전불이행,건조,맑음,교차로 - 교차로안,승용,여,31세,상해없음,이륜,남,22세,중상
2015050700100251,2015년 5월 7일 12시,목요일,경상북도 상주시 냉림동,경상사고,0,0,1,0,차대차 - 추돌 - 주정차중,안전운전불이행,건조,맑음,교차로 - 교차로안,승용,여,49세,상해없음,승용,여,58세,경상
2015050700100252,2015년 5월 7일 12시,목요일,경상북도 구미시 지산동,부상신고사고,0,0,0,1,차대차 - 측면직각충돌,불법유턴,건조,맑음,단일로 - 기타,자전거,남,78세,부상신고,화물,남,29세,상해없음
2015050700100253,2015년 5월 7일 12시,목요일,경상북도 구미시 옥성면,경상사고,0,0,1,0,차대차 - 추돌 - 진행중,안전거리미확보,건조,맑음,기타 - 기타,승용,남,22세,상해없음,승용,남,26세,경상
2015050700100289,2015년 5월 7일 13시,목요일,경상북도 영주시 가흥동,중상사고,0,1,0,0,차대차 - 추돌 - 주정차중,중앙선침범,건조,맑음,단일로 - 기타,화물,남,49세,상해없음,승용,남,67세,중상
2015050700100290,2015년 5월 7일 13시,목요일,경상북도 구미시 광평동,경상사고,0,0,1,0,차대차 - 기타,안전운전불이행,건조,맑음,단일로 - 기타,화물,남,34세,상해없음,승용,여,26세,기타불명
2015050700100317,2015년 5월 7일 14시,목요일,경상북도 경주시 보문동,중상사고,0,1,0,0,차대사람 - 기타,안전운전불이행,건조,맑음,단일로 - 기타,승합,남,49세,상해없음,보행자,여,56세,중상
2015050700100318,2015년 5월 7일 14시,목요일,경상북도 포항시 북구 죽도동,경상사고,0,0,1,0,차대차 - 기타,안전운전불이행,건조,맑음,단일로 - 기타,승용,남,41세,기타불명,승합,남,50세,상해없음
2015050700100319,2015년 5월 7일 14시,목요일,경상북도 청도군 각남면,중상사고,0,1,0,0,차대차 - 추돌 - 진행중,중앙선침범,건조,맑음,단일로 - 기타,화물,남,35세,상해없음,농기계,남,90세 이상,중상
2015050700100350,2015년 5월 7일 15시,목요일,경상북도 안동시 용상동,중상사고,0,1,1,0,차대차 - 측면직각충돌,안전거리미확보,건조,맑음,단일로 - 기타,승용,남,26세,상해없음,승용,남,72세,경상
2015050700100351,2015년 5월 7일 15시,목요일,경상북도 의성군 의성읍,경상사고,0,0,3,0,차대차 - 측면직각충돌,직진우회전진행방해,건조,맑음,교차로 - 교차로안,승용,남,80세,경상,승용,여,59세,경상
2015050700100352,2015년 5월 7일 15시,목요일,경상북도 고령군 쌍림면,경상사고,0,0,4,0,차대차 - 추돌 - 주정차중,안전운전불이행,건조,맑음,단일로 - 기타,화물,남,25세,상해없음,화물,남,33세,경상
2015050700100353,2015년 5월 7일 15시,목요일,경상북도 구미시 송정동,부상신고사고,0,0,0,1,차대사람 - 기타,안전운전불이행,건조,맑음,단일로 - 기타,기타불명,기타불명,기타불명,기타불명,보행자,여,51세,부상신고
2015050700100396,2015년 5월 7일 16시,목요일,경상북도 경주시 구황동,중상사고,0,1,0,0,차대사람 - 기타,보행자보호의무위반,건조,맑음,단일로 - 횡단보도상,승용,남,20세,상해없음,보행자,여,80세,중상
2015050700100397,2015년 5월 7일 16시,목요일,경상북도 포항시 북구 죽도동,경상사고,0,0,1,0,차대차 - 측면직각충돌,교차로운행방법위반,건조,맑음,교차로 - 교차로안,승용,여,61세,상해없음,승용,여,40세,경상
2015050700100398,2015년 5월 7일 16시,목요일,경상북도 김천시 어모면,경상사고,0,0,1,0,차대차 - 측면직각충돌,안전운전불이행,건조,맑음,단일로 - 기타,승용,남,58세,상해없음,승용,여,54세,경상
2015050700100399,2015년 5월 7일 16시,목요일,경상북도 경산시 하양읍,중상사고,0,1,3,0,차대차 - 기타,안전운전불이행,건조,맑음,단일로 - 기타,화물,남,47세,상해없음,승용,남,26세,경상
2015050700100400,2015년 5월 7일 16시,목요일,경상북도 포항시 남구 호미곶면,중상사고,0,1,2,0,차대차 - 측면직각충돌,교차로운행방법위반,건조,맑음,교차로 - 교차로안,승용,여,51세,중상,승용,여,48세,경상
2015050700100448,2015년 5월 7일 17시,목요일,경상북도 경주시 외동읍,경상사고,0,0,2,0,차대차 - 기타,안전운전불이행,건조,맑음,교차로 - 교차로부근,화물,남,37세,상해없음,승용,여,55세,경상
2015050700100449,2015년 5월 7일 17시,목요일,경상북도 상주시 냉림동,부상신고사고,0,0,0,1,차대차 - 추돌 - 주정차중,안전운전불이행,건조,맑음,단일로 - 기타,자전거,남,14세,부상신고,승용,여,51세,상해없음
2015050700100450,2015년 5월 7일 17시,목요일,경상북도 영주시 영주동,경상사고,0,0,1,0,차대사람 - 횡단중,안전운전불이행,건조,맑음,단일로 - 기타,승용,남,54세,상해없음,보행자,여,4세,경상
2015050700100485,2015년 5월 7일 18시,목요일,경상북도 안동시 옥동,경상사고,0,0,3,0,차대차 - 추돌 - 진행중,안전거리미확보,건조,맑음,교차로 - 교차로안,특수,남,27세,상해없음,승용,남,50세,경상
2015050700100486,2015년 5월 7일 18시,목요일,경상북도 경산시 임당동,경상사고,0,0,1,0,차대차 - 측면직각충돌,직진우회전진행방해,건조,맑음,교차로 - 교차로안,승용,남,75세,상해없음,자전거,남,59세,경상
2015050700100487,2015년 5월 7일 18시,목요일,경상북도 포항시 남구 장기면,중상사고,0,3,1,0,차대차 - 기타,안전운전불이행,건조,맑음,교차로 - 교차로안,승용,남,56세,경상,승용,여,58세,중상
2015050700100488,2015년 5월 7일 18시,목요일,경상북도 성주군 용암면,사망사고,1,2,0,1,차대차 - 기타,중앙선침범,건조,맑음,단일로 - 기타,특수,남,44세,부상신고,승용,남,61세,사망
2015050700100526,2015년 5월 7일 19시,목요일,경상북도 경주시 성건동,중상사고,0,1,0,1,차대사람 - 횡단중,안전운전불이행,건조,맑음,단일로 - 기타,이륜,남,33세,부상신고,보행자,여,71세,중상
2015050700100527,2015년 5월 7일 19시,목요일,경상북도 상주시 함창읍,사망사고,1,0,1,0,차대차 - 측면직각충돌,교차로운행방법위반,건조,맑음,단일로 - 기타,원동기,남,68세,사망,화물,남,53세,상해없음
2015050700100550,2015년 5월 7일 20시,목요일,경상북도 구미시 도량동,경상사고,0,0,1,0,차대차 - 추돌 - 진행중,안전운전불이행,건조,맑음,단일로 - 기타,승용,남,53세,상해없음,승용,여,51세,경상
2015050700100585,2015년 5월 7일 21시,목요일,경상북도 포항시 북구 죽도동,경상사고,0,0,3,0,차대차 - 기타,신호위반,건조,맑음,교차로 - 교차로안,승용,남,65세,상해없음,승용,남,61세,경상
2015050700100614,2015년 5월 7일 22시,목요일,경상북도 경주시 인왕동,중상사고,0,2,4,0,차대차 - 기타,교차로운행방법위반,건조,맑음,교차로 - 교차로부근,승용,남,47세,중상,승합,남,57세,상해없음
2015050700100615,2015년 5월 7일 22시,목요일,경상북도 구미시 고아읍,중상사고,0,1,0,0,차대사람 - 기타,보행자보호의무위반,건조,맑음,교차로 - 교차로부근,승용,여,35세,상해없음,보행자,남,49세,중상
2015050700100642,2015년 5월 7일 23시,목요일,경상북도 포항시 북구 장성동,경상사고,0,0,1,0,차대차 - 기타,안전운전불이행,건조,맑음,단일로 - 기타,승용,남,58세,상해없음,승용,여,23세,경상
2015050700100643,2015년 5월 7일 23시,목요일,경상북도 영주시 휴천동,경상사고,0,0,1,0,차대사람 - 횡단중,안전운전불이행,건조,맑음,교차로 - 교차로안,화물,남,43세,상해없음,보행자,남,23세,경상
2015050800100026,2015년 5월 8일 01시,금요일,경상북도 포항시 남구 오천읍,경상사고,0,0,1,0,차대차 - 측면직각충돌,안전운전불이행,건조,맑음,교차로 - 교차로부근,승용,남,28세,상해없음,승용,남,54세,경상
2015050800100056,2015년 5월 8일 04시,금요일,경상북도 울진군 죽변면,중상사고,0,1,0,0,차대차 - 추돌 - 진행중,안전운전불이행,건조,맑음,단일로 - 기타,승용,남,72세,상해없음,자전거,남,60세,중상
2015050800100057,2015년 5월 8일 04시,금요일,경상북도 구미시 공단동,중상사고,0,1,0,0,차량단독 - 공작물충돌,안전운전불이행,건조,맑음,교차로 - 교차로부근,승용,남,24세,상해없음,,,,
2015050800100069,2015년 5월 8일 05시,금요일,경상북도 포항시 북구 두호동,경상사고,0,0,1,0,차대사람 - 기타,안전운전불이행,건조,맑음,단일로 - 기타,승용,여,50세,상해없음,보행자,여,25세,경상
2015050800100082,2015년 5월 8일 06시,금요일,경상북도 안동시 풍산읍,경상사고,0,0,1,0,차대차 - 기타,중앙선침범,건조,맑음,교차로 - 교차로부근,이륜,남,68세,경상,화물,남,52세,상해없음
2015050800100083,2015년 5월 8일 06시,금요일,경상북도 경산시 중방동,경상사고,0,0,1,0,차대차 - 추돌 - 진행중,안전운전불이행,건조,맑음,교차로 - 교차로안,화물,남,46세,상해없음,승용,남,60세,경상
2015050800100084,2015년 5월 8일 06시,금요일,경상북도 포항시 남구 대잠동,경상사고,0,0,1,0,차대사람 - 길가장자리구역통행중,안전운전불이행,건조,맑음,단일로 - 기타,승용,남,34세,상해없음,보행자,여,26세,경상
2015050800100103,2015년 5월 8일 07시,금요일,경상북도 칠곡군 석적읍,경상사고,0,0,1,0,차대차 - 기타,교차로운행방법위반,건조,맑음,교차로 - 교차로안,화물,남,53세,상해없음,농기계,남,72세,경상
2015050800100139,2015년 5월 8일 08시,금요일,경상북도 경주시 외동읍,중상사고,0,1,0,0,차대사람 - 기타,보행자보호의무위반,건조,맑음,단일로 - 기타,화물,남,45세,상해없음,보행자,남,46세,중상
2015050800100140,2015년 5월 8일 08시,금요일,경상북도 김천시 덕곡동,경상사고,0,0,1,0,차대차 - 측면직각충돌,안전운전불이행,건조,맑음,교차로 - 교차로부근,화물,남,33세,상해없음,승용,여,41세,경상
2015050800100141,2015년 5월 8일 08시,금요일,경상북도 포항시 남구 해도동,경상사고,0,0,1,0,차대사람 - 길가장자리구역통행중,안전운전불이행,건조,맑음,단일로 - 기타,승용,남,34세,상해없음,보행자,여,21세,경상
2015050800100184,2015년 5월 8일 09시,금요일,경상북도 경주시 용강동,경상사고,0,0,1,0,차대차 - 기타,안전거리미확보,건조,맑음,단일로 - 기타,화물,남,53세,상해없음,승용,여,43세,경상
2015050800100185,2015년 5월 8일 09시,금요일,경상북도 상주시 냉림동,경상사고,0,0,1,0,차대차 - 추돌 - 진행중,안전운전불이행,건조,맑음,교차로 - 교차로부근,승용,여,63세,상해없음,이륜,남,54세,경상
2015050800100187,2015년 5월 8일 09시,금요일,경상북도 영천시 화룡동,중상사고,0,1,0,0,차대사람 - 횡단중,안전운전불이행,건조,맑음,교차로 - 교차로안,승용,여,52세,상해없음,보행자,남,58세,중상
2015050800100188,2015년 5월 8일 09시,금요일,경상북도 경산시 자인면,경상사고,0,0,1,0,차대차 - 기타,안전운전불이행,건조,맑음,단일로 - 기타,기타불명,기타불명,기타불명,기타불명,이륜,남,44세,경상
2015050800100189,2015년 5월 8일 09시,금요일,경상북도 경산시 진량읍,경상사고,0,0,1,0,차대차 - 추돌 - 진행중,안전거리미확보,건조,맑음,단일로 - 기타,화물,남,50세,상해없음,화물,남,60세,경상
2015050800100216,2015년 5월 8일 10시,금요일,경상북도 칠곡군 가산면,경상사고,0,0,1,0,차대차 - 추돌 - 진행중,안전거리미확보,건조,맑음,단일로 - 기타,화물,남,32세,상해없음,승용,남,53세,경상
2015050800100217,2015년 5월 8일 10시,금요일,경상북도 칠곡군 북삼읍,중상사고,0,2,0,0,차대차 - 추돌 - 주정차중,안전운전불이행,건조,맑음,교차로 - 교차로부근,화물,남,70세,상해없음,승용,여,46세,중상
2015050800100218,2015년 5월 8일 10시,금요일,경상북도 구미시 고아읍,경상사고,0,0,1,0,차대차 - 기타,교차로운행방법위반,건조,맑음,교차로 - 교차로안,승용,남,85세,상해없음,승용,남,55세,경상
2015050800100243,2015년 5월 8일 11시,금요일,경상북도 경주시 시래동,부상신고사고,0,0,0,3,차대차 - 기타,안전운전불이행,건조,맑음,단일로 - 기타,화물,남,64세,상해없음,승용,남,54세,부상신고