사고번호,사고일시,요일,시군구,사고내용,사망자수,중상자수,경상자수,부상신고자수,사고유형,법규위반,노면상태,기상상태,도로형태,가해운전자 차종,가해운전자 성별,가해운전자 연령,가해운전자 상해정도,피해운전자 차종,피해운전자 성별,피해운전자 연령,피해운전자 상해정도
2015050800100269,2015년 5월 8일 12시,금요일,경상북도 포항시 북구 두호동,경상사고,0,0,1,0,차대사람 - 기타,보행자보호의무위반,건조,맑음,교차로 - 교차로부근,승용,여,44세,상해없음,보행자,남,2세,경상
2015050800100270,2015년 5월 8일 12시,금요일,경상북도 칠곡군 왜관읍,중상사고,0,1,0,0,차대사람 - 횡단중,안전운전불이행,건조,맑음,단일로 - 기타,승용,남,28세,상해없음,보행자,여,73세,중상
2015050800100271,2015년 5월 8일 12시,금요일,경상북도 청송군 진보면,중상사고,0,1,0,0,차대사람 - 횡단중,보행자보호의무위반,건조,맑음,단일로 - 기타,화물,남,63세,상해없음,보행자,여,80세,중상
2015050800100362,2015년 5월 8일 15시,금요일,경상북도 고령군 쌍림면,중상사고,0,1,2,0,차대차 - 정면충돌,중앙선침범,건조,맑음,단일로 - 기타,이륜,남,71세,중상,승용,남,71세,경상
2015050800100363,2015년 5월 8일 15시,금요일,경상북도 구미시 형곡동,경상사고,0,0,1,0,차대차 - 측면직각충돌,안전운전불이행,건조,맑음,기타 - 기타,승용,여,48세,상해없음,승용,남,50세,경상
2015050800100406,2015년 5월 8일 16시,금요일,경상북도 문경시 흥덕동,중상사고,0,1,0,0,차대사람 - 기타,안전운전불이행,건조,맑음,단일로 - 기타,승용,남,76세,상해없음,보행자,남,61세,중상
2015050800100407,2015년 5월 8일 16시,금요일,경상북도 고령군 성산면,중상사고,0,1,0,0,차대차 - 추돌 - 진행중,안전운전불이행,건조,맑음,단일로 - 터널,승용,남,43세,중상,특수,남,56세,상해없음
2015050800100446,2015년 5월 8일 17시,금요일,경상북도 칠곡군 가산면,경상사고,0,0,1,0,차대차 - 기타,교차로운행방법위반,건조,맑음,교차로 - 교차로안,승용,여,36세,상해없음,승용,여,36세,경상
2015050800100447,2015년 5월 8일 17시,금요일,경상북도 칠곡군 가산면,중상사고,0,3,1,0,차대차 - 추돌 - 진행중,안전거리미확보,건조,맑음,단일로 - 터널,승용,여,51세,중상,화물,남,60세,경상
2015050800100448,2015년 5월 8일 17시,금요일,경상북도 상주시 낙동면,경상사고,0,0,2,0,차대차 - 추돌 - 주정차중,안전거리미확보,건조,맑음,단일로 - 터널,승용,여,54세,경상,승용,남,39세,상해없음
2015050800100485,2015년 5월 8일 18시,금요일,경상북도 안동시 송현동,경상사고,0,0,1,0,차대사람 - 기타,안전운전불이행,건조,맑음,단일로 - 기타,승용,남,36세,상해없음,보행자,여,4세,경상
2015050800100486,2015년 5월 8일 18시,금요일,경상북도 구미시 형곡동,중상사고,0,1,0,0,차대차 - 측면직각충돌,불법유턴,건조,맑음,단일로 - 기타,승용,여,55세,상해없음,이륜,남,16세,중상
2015050800100487,2015년 5월 8일 18시,금요일,경상북도 구미시 옥성면,경상사고,0,0,1,0,차대차 - 기타,안전운전불이행,건조,맑음,교차로 - 교차로안,화물,남,77세,경상,농기계,남,61세,상해없음
2015050800100537,2015년 5월 8일 19시,금요일,경상북도 영주시 가흥동,경상사고,0,0,1,0,차대사람 - 횡단중,안전운전불이행,건조,맑음,단일로 - 기타,자전거,남,14세,상해없음,보행자,여,77세,경상
2015050800100538,2015년 5월 8일 19시,금요일,경상북도 청도군 화양읍,중상사고,0,1,1,0,차대차 - 추돌 - 진행중,안전운전불이행,건조,맑음,단일로 - 기타,승용,여,52세,경상,농기계,남,44세,중상
2015050800100539,2015년 5월 8일 19시,금요일,경상북도 포항시 남구 송도동,중상사고,0,1,2,0,차대차 - 추돌 - 진행중,안전운전불이행,건조,맑음,교차로 - 교차로부근,승용,남,33세,상해없음,승용,여,40세,중상
2015050800100590,2015년 5월 8일 20시,금요일,경상북도 안동시 길안면,중상사고,0,1,0,1,차대차 - 기타,중앙선침범,건조,맑음,단일로 - 기타,화물,여,56세,부상신고,승용,남,48세,중상
2015050800100591,2015년 5월 8일 20시,금요일,경상북도 경산시 자인면,경상사고,0,0,1,0,차대사람 - 기타,안전운전불이행,건조,맑음,단일로 - 기타,승용,남,29세,상해없음,보행자,남,59세,경상
2015050800100626,2015년 5월 8일 21시,금요일,경상북도 안동시 용상동,경상사고,0,0,1,0,차대차 - 기타,안전운전불이행,건조,맑음,단일로 - 기타,승용,남,41세,상해없음,원동기,남,19세,경상
2015050800100627,2015년 5월 8일 21시,금요일,경상북도 포항시 남구 오천읍,경상사고,0,0,1,0,차대차 - 기타,교차로운행방법위반,건조,맑음,교차로 - 교차로안,승용,여,37세,상해없음,원동기,남,32세,경상
2015050800100646,2015년 5월 8일 22시,금요일,경상북도 포항시 북구 장성동,경상사고,0,0,1,0,차대차 - 기타,안전운전불이행,건조,맑음,교차로 - 교차로안,승용,남,65세,상해없음,승용,남,51세,경상
2015050800100647,2015년 5월 8일 22시,금요일,경상북도 안동시 북문동,중상사고,0,1,0,0,차대차 - 기타,안전운전불이행,건조,맑음,단일로 - 기타,승용,남,63세,상해없음,승용,남,35세,상해없음
2015050800100648,2015년 5월 8일 22시,금요일,경상북도 울진군 후포면,중상사고,0,1,0,0,차대차 - 측면직각충돌,교차로운행방법위반,건조,맑음,교차로 - 교차로안,화물,남,37세,상해없음,승용,여,43세,중상
2015050800100681,2015년 5월 8일 23시,금요일,경상북도 영천시 망정동,중상사고,0,1,0,0,차대차 - 측면직각충돌,안전운전불이행,건조,맑음,단일로 - 기타,승용,남,34세,상해없음,원동기,남,16세,중상
2015050800100682,2015년 5월 8일 23시,금요일,경상북도 구미시 임수동,경상사고,0,0,1,0,차대차 - 기타,안전운전불이행,건조,맑음,교차로 - 교차로부근,승용,남,42세,상해없음,승용,남,19세,경상
2015050800100683,2015년 5월 8일 23시,금요일,경상북도 구미시 도량동,중상사고,0,2,1,0,차대차 - 기타,신호위반,건조,맑음,교차로 - 교차로안,화물,남,66세,상해없음,승용,남,52세,중상
2015050800100684,2015년 5월 8일 23시,금요일,경상북도 포항시 남구 오천읍,경상사고,0,0,1,0,차량단독 - 기타,안전운전불이행,건조,맑음,교차로 - 교차로부근,원동기,남,19세,경상,,,,
2015050900100016,2015년 5월 9일 00시,토요일,경상북도 구미시 인의동,경상사고,0,0,1,0,차대차 - 측면직각충돌,안전운전불이행,건조,맑음,교차로 - 교차로부근,승용,남,34세,상해없음,승용,남,26세,경상
2015050900100042,2015년 5월 9일 01시,토요일,경상북도 칠곡군 석적읍,경상사고,0,0,4,1,차대차 - 측면직각충돌,중앙선침범,건조,맑음,교차로 - 교차로안,승용,여,26세,부상신고,승용,남,34세,경상
2015050900100043,2015년 5월 9일 01시,토요일,경상북도 구미시 공단동,경상사고,0,0,1,0,차대차 - 측면직각충돌,안전운전불이행,건조,흐림,교차로 - 교차로부근,승용,남,29세,상해없음,승용,남,33세,경상
2015050900100050,2015년 5월 9일 02시,토요일,경상북도 경산시 하양읍,경상사고,0,0,1,0,차량단독 - 기타,안전운전불이행,건조,맑음,교차로 - 교차로부근,승용,남,52세,상해없음,,,,
2015050900100092,2015년 5월 9일 06시,토요일,경상북도 경주시 서면,중상사고,0,1,1,0,차대차 - 측면직각충돌,안전운전불이행,건조,맑음,교차로 - 교차로안,승용,남,22세,상해없음,화물,남,67세,경상
2015050900100093,2015년 5월 9일 06시,토요일,경상북도 경산시 옥산동,중상사고,0,1,0,0,차대차 - 기타,직진우회전진행방해,건조,맑음,교차로 - 교차로안,승용,남,52세,상해없음,승용,남,70세,중상
2015050900100094,2015년 5월 9일 06시,토요일,경상북도 구미시 원평동,경상사고,0,0,1,1,차대차 - 기타,안전운전불이행,건조,맑음,단일로 - 기타,화물,남,46세,상해없음,승합,남,37세,경상
2015050900100137,2015년 5월 9일 08시,토요일,경상북도 영천시 금호읍,경상사고,0,0,1,0,차대차 - 추돌 - 진행중,교차로운행방법위반,건조,맑음,교차로 - 교차로안,건설기계,남,52세,상해없음,승용,여,60세,경상
2015050900100138,2015년 5월 9일 08시,토요일,경상북도 봉화군 재산면,경상사고,0,0,1,0,차대사람 - 길가장자리구역통행중,안전운전불이행,건조,맑음,단일로 - 기타,승용,여,45세,상해없음,보행자,여,76세,경상
2015050900100169,2015년 5월 9일 09시,토요일,경상북도 영천시 오미동,중상사고,0,1,2,0,차대차 - 측면직각충돌,신호위반,건조,맑음,교차로 - 교차로안,화물,남,63세,경상,승용,여,46세,중상
2015050900100170,2015년 5월 9일 09시,토요일,경상북도 구미시 도량동,경상사고,0,0,1,0,차대차 - 기타,신호위반,건조,맑음,교차로 - 교차로안,승용,여,40세,상해없음,승용,남,59세,경상
2015050900100171,2015년 5월 9일 09시,토요일,경상북도 포항시 남구 대송면,경상사고,0,0,2,0,차대차 - 기타,차로위반,건조,맑음,단일로 - 기타,화물,남,46세,상해없음,승용,남,37세,경상
2015050900100198,2015년 5월 9일 10시,토요일,경상북도 상주시 남성동,경상사고,0,0,1,0,차대사람 - 보도통행중,안전운전불이행,건조,맑음,기타 - 기타,승용,남,62세,상해없음,보행자,남,2세,경상
2015050900100199,2015년 5월 9일 10시,토요일,경상북도 구미시 비산동,경상사고,0,0,1,0,차대차 - 기타,안전운전불이행,건조,맑음,기타 - 기타,승용,남,50세,상해없음,승용,여,36세,경상
2015050900100237,2015년 5월 9일 11시,토요일,경상북도 경주시 천북면,경상사고,0,0,2,0,차대차 - 측면직각충돌,신호위반,건조,맑음,교차로 - 교차로부근,화물,남,48세,경상,승용,남,40세,경상
2015050900100238,2015년 5월 9일 11시,토요일,경상북도 의성군 다인면,부상신고사고,0,0,0,1,차대차 - 측면직각충돌,안전운전불이행,건조,맑음,단일로 - 기타,원동기,남,81세,부상신고,승용,남,49세,상해없음
2015050900100239,2015년 5월 9일 11시,토요일,경상북도 구미시 선산읍,중상사고,0,1,0,0,차대차 - 기타,차로위반,건조,맑음,단일로 - 기타,승용,남,53세,상해없음,승용,여,53세,중상
2015050900100278,2015년 5월 9일 12시,토요일,경상북도 김천시 아포읍,중상사고,0,2,0,0,차량단독 - 공작물충돌,안전운전불이행,건조,맑음,단일로 - 기타,승용,남,72세,상해없음,,,,
2015050900100279,2015년 5월 9일 12시,토요일,경상북도 영천시 도림동,중상사고,0,2,0,0,차대차 - 측면직각충돌,기타,건조,맑음,교차로 - 교차로안,화물,남,60세,중상,이륜,남,78세,중상
2015050900100280,2015년 5월 9일 12시,토요일,경상북도 고령군 대가야읍,경상사고,0,0,1,0,차량단독 - 공작물충돌,안전운전불이행,건조,맑음,교차로 - 교차로안,승용,남,72세,상해없음,,,,
2015050900100281,2015년 5월 9일 12시,토요일,경상북도 포항시 남구 송내동,중상사고,0,1,0,0,차대차 - 추돌 - 진행중,안전운전불이행,건조,맑음,교차로 - 교차로안,승합,남,45세,상해없음,승용,남,69세,상해없음
2015050900100326,2015년 5월 9일 13시,토요일,경상북도 칠곡군 왜관읍,경상사고,0,0,1,0,차대차 - 측면직각충돌,안전운전불이행,건조,맑음,단일로 - 기타,승용,남,48세,상해없음,승합,여,44세,상해없음
2015050900100327,2015년 5월 9일 13시,토요일,경상북도 영천시 문외동,경상사고,0,0,1,0,차대차 - 측면직각충돌,안전운전불이행,건조,맑음,교차로 - 교차로안,승용,남,43세,상해없음,승용,남,32세,경상
2015050900100375,2015년 5월 9일 14시,토요일,경상북도 상주시 화동면,중상사고,0,2,0,0,차량단독 - 도로외이탈 - 기타,안전운전불이행,건조,맑음,단일로 - 기타,화물,남,67세,중상,,,,
2015050900100404,2015년 5월 9일 15시,토요일,경상북도 영주시 영주동,경상사고,0,0,1,0,차대차 - 측면직각충돌,안전운전불이행,건조,맑음,단일로 - 기타,화물,남,57세,상해없음,자전거,남,16세,경상
2015050900100405,2015년 5월 9일 15시,토요일,경상북도 경산시 조영동,경상사고,0,0,1,0,차대차 - 기타,교차로운행방법위반,건조,맑음,교차로 - 교차로안,승용,남,63세,상해없음,승용,남,77세,경상
2015050900100406,2015년 5월 9일 15시,토요일,경상북도 영덕군 달산면,중상사고,0,1,1,0,차량단독 - 공작물충돌,안전운전불이행,건조,맑음,단일로 - 기타,승용,여,57세,중상,,,,
2015050900100448,2015년 5월 9일 16시,토요일,경상북도 영천시 자양면,사망사고,1,0,1,0,차대차 - 정면충돌,중앙선침범,건조,맑음,단일로 - 기타,이륜,남,44세,사망,승용,남,30세,상해없음
2015050900100449,2015년 5월 9일 16시,토요일,경상북도 구미시 선산읍,경상사고,0,0,1,0,차대차 - 측면직각충돌,안전운전불이행,건조,맑음,단일로 - 기타,화물,남,52세,상해없음,화물,남,51세,경상
2015050900100497,2015년 5월 9일 17시,토요일,경상북도 영주시 휴천동,중상사고,0,1,0,0,차대사람 - 횡단중,안전운전불이행,건조,맑음,단일로 - 기타,화물,남,54세,상해없음,보행자,남,5세,중상
2015050900100498,2015년 5월 9일 17시,토요일,경상북도 영주시 영주동,경상사고,0,0,1,0,차대차 - 측면직각충돌,안전운전불이행,건조,맑음,단일로 - 기타,승용,남,19세,상해없음,자전거,여,7세,경상
2015050900100499,2015년 5월 9일 17시,토요일,경상북도 구미시 인의동,중상사고,0,1,0,0,차대사람 - 기타,안전운전불이행,건조,맑음,교차로 - 교차로안,승용,남,34세,상해없음,보행자,남,64세,중상
2015050900100500,2015년 5월 9일 17시,토요일,경상북도 포항시 남구 구룡포읍,중상사고,0,1,0,0,차대사람 - 기타,안전운전불이행,건조,맑음,교차로 - 교차로안,원동기,남,27세,상해없음,보행자,남,66세,중상
2015050900100570,2015년 5월 9일 19시,토요일,경상북도 영천시 고경면,중상사고,0,1,0,0,차대사람 - 차도통행중,안전운전불이행,건조,맑음,단일로 - 기타,이륜,남,18세,상해없음,보행자,남,45세,중상
2015050900100571,2015년 5월 9일 19시,토요일,경상북도 경산시 임당동,중상사고,0,1,0,0,차대차 - 기타,교차로운행방법위반,건조,맑음,교차로 - 교차로안,승용,남,35세,상해없음,이륜,남,30세,중상
2015050900100572,2015년 5월 9일 19시,토요일,경상북도 포항시 남구 지곡동,중상사고,0,1,0,0,차대사람 - 길가장자리구역통행중,안전운전불이행,건조,맑음,단일로 - 기타,원동기,남,23세,상해없음,보행자,남,19세,중상
2015050900100613,2015년 5월 9일 20시,토요일,경상북도 경주시 성동동,중상사고,0,1,0,0,차대사람 - 기타,안전운전불이행,건조,맑음,단일로 - 기타,승용,남,28세,상해없음,보행자,여,75세,중상
2015050900100614,2015년 5월 9일 20시,토요일,경상북도 경주시 성건동,경상사고,0,0,1,0,차대차 - 정면충돌,안전운전불이행,건조,맑음,교차로 - 교차로부근,승용,남,57세,상해없음,승용,남,67세,경상
2015050900100615,2015년 5월 9일 20시,토요일,경상북도 포항시 북구 장성동,중상사고,0,1,0,0,차대차 - 측면직각충돌,신호위반,건조,맑음,교차로 - 교차로안,승용,남,18세,상해없음,승용,남,28세,중상
2015050900100616,2015년 5월 9일 20시,토요일,경상북도 포항시 북구 용흥동,경상사고,0,0,1,0,차대사람 - 기타,안전운전불이행,건조,맑음,단일로 - 기타,화물,남,59세,상해없음,보행자,남,51세,경상
2015050900100617,2015년 5월 9일 20시,토요일,경상북도 경산시 중방동,중상사고,0,1,0,0,차대사람 - 보도통행중,보행자보호의무위반,건조,맑음,교차로 - 교차로안,승용,남,51세,상해없음,보행자,남,43세,중상
2015050900100618,2015년 5월 9일 20시,토요일,경상북도 포항시 남구 대잠동,경상사고,0,0,5,0,차대차 - 추돌 - 진행중,안전운전불이행,건조,맑음,단일로 - 기타,승합,남,49세,상해없음,승용,남,40세,경상
2015050900100655,2015년 5월 9일 21시,토요일,경상북도 성주군 선남면,경상사고,0,0,2,0,차대차 - 기타,안전운전불이행,건조,맑음,기타 - 기타,화물,남,64세,상해없음,승용,남,37세,경상
2015050900100688,2015년 5월 9일 22시,토요일,경상북도 구미시 원평동,경상사고,0,0,1,0,차대차 - 기타,중앙선침범,건조,맑음,단일로 - 기타,승용,남,44세,기타불명,승용,남,29세,경상
2015050900100717,2015년 5월 9일 23시,토요일,경상북도 문경시 산북면,중상사고,0,1,0,0,차량단독 - 공작물충돌,안전운전불이행,건조,맑음,단일로 - 기타,승용,여,49세,중상,,,,
2015050900100718,2015년 5월 9일 23시,토요일,경상북도 구미시 원평동,중상사고,0,1,0,0,차대차 - 기타,안전운전불이행,건조,맑음,교차로 - 교차로부근,승용,여,46세,상해없음,자전거,남,27세,중상
2015051000100015,2015년 5월 10일 00시,일요일,경상북도 포항시 북구 장성동,중상사고,0,1,0,0,차대차 - 기타,안전운전불이행,건조,맑음,단일로 - 기타,승용,남,27세,상해없음,원동기,남,22세,중상
2015051000100016,2015년 5월 10일 00시,일요일,경상북도 예천군 예천읍,중상사고,0,1,0,0,차대차 - 정면충돌,중앙선침범,건조,맑음,단일로 - 기타,승용,남,46세,상해없음,승용,남,55세,중상
2015051000100036,2015년 5월 10일 01시,일요일,경상북도 포항시 북구 송라면,사망사고,1,1,0,0,차대차 - 추돌 - 주정차중,안전운전불이행,건조,맑음,교차로 - 교차로안,화물,남,63세,사망,화물,여,58세,상해없음
2015051000100053,2015년 5월 10일 02시,일요일,경상북도 경산시 하양읍,경상사고,0,0,2,0,차대차 - 측면직각충돌,직진우회전진행방해,건조,맑음,교차로 - 교차로안,승용,남,47세,상해없음,승용,남,59세,경상
2015051000100107,2015년 5월 10일 07시,일요일,경상북도 울진군 후포면,경상사고,0,0,1,0,차대차 - 기타,안전운전불이행,건조,맑음,단일로 - 기타,원동기,남,47세,경상,화물,남,75세,상해없음
2015051000100127,2015년 5월 10일 08시,일요일,경상북도 영덕군 남정면,경상사고,0,0,1,0,차대차 - 추돌 - 주정차중,안전거리미확보,건조,맑음,교차로 - 교차로부근,화물,남,49세,상해없음,화물,남,70세,경상
2015051000100171,2015년 5월 10일 10시,일요일,경상북도 경산시 신천동,중상사고,0,1,0,0,차대차 - 기타,직진우회전진행방해,건조,맑음,교차로 - 교차로안,승용,남,72세,상해없음,이륜,남,62세,중상
2015051000100205,2015년 5월 10일 11시,일요일,경상북도 포항시 북구 덕산동,경상사고,0,0,1,0,차대차 - 기타,신호위반,건조,맑음,교차로 - 교차로안,승합,여,51세,상해없음,승용,남,55세,경상
2015051000100206,2015년 5월 10일 11시,일요일,경상북도 칠곡군 왜관읍,경상사고,0,0,4,0,차대차 - 추돌 - 주정차중,안전운전불이행,건조,맑음,교차로 - 교차로부근,승용,남,69세,상해없음,승용,남,62세,상해없음
2015051000100207,2015년 5월 10일 11시,일요일,경상북도 영양군 일월면,중상사고,0,2,0,0,차대사람 - 길가장자리구역통행중,안전운전불이행,건조,맑음,단일로 - 기타,승용,남,69세,상해없음,보행자,여,63세,중상
2015051000100235,2015년 5월 10일 12시,일요일,경상북도 구미시 남통동,경상사고,0,0,1,0,차대차 - 측면직각충돌,안전운전불이행,건조,맑음,교차로 - 교차로부근,자전거,남,10세,경상,승용,남,49세,상해없음
2015051000100264,2015년 5월 10일 13시,일요일,경상북도 상주시 사벌면,경상사고,0,0,2,1,차대차 - 측면직각충돌,교차로운행방법위반,건조,맑음,교차로 - 교차로안,승용,남,56세,부상신고,승용,남,44세,경상
2015051000100265,2015년 5월 10일 13시,일요일,경상북도 상주시 함창읍,중상사고,0,1,2,1,차대차 - 정면충돌,중앙선침범,건조,맑음,단일로 - 기타,승용,여,55세,부상신고,화물,남,47세,중상
2015051000100266,2015년 5월 10일 13시,일요일,경상북도 포항시 남구 오천읍,경상사고,0,0,1,0,차대사람 - 차도통행중,안전운전불이행,건조,맑음,단일로 - 기타,승용,남,42세,상해없음,보행자,여,78세,경상
2015051000100304,2015년 5월 10일 14시,일요일,경상북도 김천시 농소면,경상사고,0,0,1,0,차대차 - 측면직각충돌,중앙선침범,건조,맑음,단일로 - 기타,승용,남,30세,상해없음,승용,여,24세,경상
2015051000100305,2015년 5월 10일 14시,일요일,경상북도 성주군 가천면,중상사고,0,1,0,0,차대차 - 기타,안전운전불이행,건조,맑음,기타 - 기타,승용,남,48세,상해없음,이륜,남,74세,중상
2015051000100306,2015년 5월 10일 14시,일요일,경상북도 구미시 송정동,중상사고,0,1,0,0,차대사람 - 기타,안전운전불이행,건조,맑음,기타 - 기타,승용,여,35세,상해없음,보행자,여,7세,중상
2015051000100307,2015년 5월 10일 14시,일요일,경상북도 문경시 문경읍,중상사고,0,1,0,0,차대차 - 측면직각충돌,안전운전불이행,건조,맑음,단일로 - 기타,승용,여,59세,중상,화물,남,41세,상해없음
2015051000100346,2015년 5월 10일 15시,일요일,경상북도 안동시 옥야동,중상사고,0,1,0,0,차대차 - 기타,안전운전불이행,건조,맑음,단일로 - 횡단보도부근,이륜,남,19세,상해없음,승용,여,48세,중상
2015051000100347,2015년 5월 10일 15시,일요일,경상북도 상주시 성동동,경상사고,0,0,1,0,차대차 - 기타,불법유턴,건조,맑음,교차로 - 교차로안,승용,남,68세,상해없음,승용,남,36세,상해없음
2015051000100348,2015년 5월 10일 15시,일요일,경상북도 경산시 남천면,경상사고,0,0,2,0,차대차 - 기타,안전운전불이행,건조,맑음,교차로 - 교차로부근,화물,남,33세,상해없음,승용,남,61세,경상
2015051000100377,2015년 5월 10일 16시,일요일,경상북도 경주시 동천동,중상사고,0,1,0,0,차대차 - 측면직각충돌,안전운전불이행,건조,맑음,단일로 - 기타,승용,남,41세,상해없음,원동기,남,33세,중상
2015051000100378,2015년 5월 10일 16시,일요일,경상북도 포항시 북구 장성동,경상사고,0,0,1,0,차대차 - 기타,안전운전불이행,건조,맑음,단일로 - 기타,승용,남,68세,상해없음,원동기,남,37세,경상
2015051000100379,2015년 5월 10일 16시,일요일,경상북도 안동시 송현동,부상신고사고,0,0,0,1,차대차 - 기타,교차로운행방법위반,건조,맑음,교차로 - 교차로안,승용,여,35세,상해없음,승용,남,51세,상해없음
2015051000100425,2015년 5월 10일 17시,일요일,경상북도 칠곡군 동명면,중상사고,0,1,0,0,차대차 - 기타,교차로운행방법위반,건조,맑음,단일로 - 기타,화물,남,46세,상해없음,이륜,남,16세,중상
2015051000100454,2015년 5월 10일 18시,일요일,경상북도 포항시 북구 흥해읍,중상사고,0,1,0,0,차대차 - 기타,안전운전불이행,건조,맑음,교차로 - 교차로안,승용,여,45세,상해없음,승합,남,50세,상해없음
2015051000100455,2015년 5월 10일 18시,일요일,경상북도 칠곡군 왜관읍,부상신고사고,0,0,0,1,차대차 - 기타,안전운전불이행,건조,맑음,교차로 - 교차로부근,자전거,남,61세,부상신고,승용,남,26세,상해없음
2015051000100456,2015년 5월 10일 18시,일요일,경상북도 문경시 영신동,중상사고,0,1,0,0,차대차 - 측면직각충돌,안전운전불이행,건조,맑음,교차로 - 교차로안,원동기,남,62세,중상,승용,남,48세,상해없음
2015051000100457,2015년 5월 10일 18시,일요일,경상북도 고령군 쌍림면,경상사고,0,0,6,0,차대차 - 추돌 - 주정차중,안전운전불이행,건조,맑음,단일로 - 기타,승합,남,39세,상해없음,승용,여,52세,경상
2015051000100496,2015년 5월 10일 19시,일요일,경상북도 포항시 북구 양덕동,경상사고,0,0,1,0,차대차 - 기타,안전운전불이행,건조,맑음,교차로 - 교차로안,원동기,남,23세,경상,승용,남,39세,상해없음
2015051000100497,2015년 5월 10일 19시,일요일,경상북도 청송군 청송읍,중상사고,0,1,0,0,차대차 - 추돌 - 진행중,안전운전불이행,건조,맑음,단일로 - 기타,승용,남,50세,상해없음,농기계,남,60세,중상
2015051000100524,2015년 5월 10일 20시,일요일,경상북도 영천시 오미동,경상사고,0,0,2,0,차대차 - 측면직각충돌,안전운전불이행,건조,맑음,교차로 - 교차로안,승용,남,48세,상해없음,승용,여,33세,경상
2015051000100525,2015년 5월 10일 20시,일요일,경상북도 구미시 진평동,경상사고,0,0,1,0,차대사람 - 기타,교차로운행방법위반,건조,맑음,교차로 - 교차로안,화물,남,42세,상해없음,보행자,여,29세,경상
2015051000100570,2015년 5월 10일 22시,일요일,경상북도 포항시 북구 득량동,중상사고,0,1,1,0,차대차 - 기타,안전운전불이행,건조,맑음,단일로 - 기타,승용,남,60세,상해없음,승용,남,38세,경상
2015051000100571,2015년 5월 10일 22시,일요일,경상북도 구미시 남통동,경상사고,0,0,2,0,차대차 - 기타,안전운전불이행,건조,맑음,교차로 - 교차로부근,승용,남,20세,상해없음,승용,남,69세,경상
2015051000100596,2015년 5월 10일 23시,일요일,경상북도 구미시 구평동,경상사고,0,0,3,0,차대차 - 기타,안전운전불이행,건조,맑음,교차로 - 교차로부근,승용,남,50세,상해없음,승용,여,44세,경상
2015051100100011,2015년 5월 11일 00시,월요일,경상북도 포항시 북구 창포동,중상사고,0,1,0,0,차대사람 - 기타,과속,건조,맑음,단일로 - 횡단보도상,승용,남,59세,상해없음,보행자,남,26세,중상
2015051100100012,2015년 5월 11일 00시,월요일,경상북도 경산시 와촌면,중상사고,0,1,0,0,차량단독 - 기타,안전운전불이행,건조,맑음,단일로 - 기타,승용,여,27세,상해없음,,,,
2015051100100096,2015년 5월 11일 07시,월요일,경상북도 칠곡군 왜관읍,중상사고,0,1,0,0,차대차 - 측면직각충돌,안전운전불이행,건조,맑음,교차로 - 교차로안,승용,남,64세,상해없음,자전거,여,58세,중상
2015051100100097,2015년 5월 11일 07시,월요일,경상북도 청도군 화양읍,중상사고,0,1,1,0,차대차 - 정면충돌,중앙선침범,건조,맑음,교차로 - 교차로부근,화물,남,30세,경상,건설기계,남,58세,중상
2015051100100098,2015년 5월 11일 07시,월요일,경상북도 구미시 공단동,부상신고사고,0,0,0,1,차대차 - 기타,안전운전불이행,건조,맑음,단일로 - 기타,승용,남,43세,상해없음,자전거,남,52세,부상신고
2015051100100099,2015년 5월 11일 07시,월요일,경상북도 포항시 남구 지곡동,경상사고,0,0,1,0,차대사람 - 길가장자리구역통행중,안전운전불이행,건조,맑음,단일로 - 기타,승용,여,67세,상해없음,보행자,남,36세,경상
2015051100100132,2015년 5월 11일 08시,월요일,경상북도 상주시 남성동,경상사고,0,0,1,0,차대사람 - 길가장자리구역통행중,안전운전불이행,건조,맑음,단일로 - 기타,승용,여,43세,상해없음,보행자,여,6세,경상
2015051100100133,2015년 5월 11일 08시,월요일,경상북도 칠곡군 지천면,경상사고,0,0,1,0,차대차 - 기타,안전운전불이행,건조,맑음,단일로 - 기타,이륜,남,56세,상해없음,자전거,남,38세,경상
2015051100100134,2015년 5월 11일 08시,월요일,경상북도 칠곡군 지천면,중상사고,0,1,1,0,차대차 - 추돌 - 주정차중,안전운전불이행,건조,맑음,단일로 - 기타,승용,남,65세,상해없음,승용,남,45세,중상
2015051100100173,2015년 5월 11일 09시,월요일,경상북도 안동시 안기동,경상사고,0,0,2,0,차대차 - 측면직각충돌,차로위반,건조,맑음,단일로 - 기타,건설기계,남,68세,상해없음,승용,남,64세,경상
2015051100100174,2015년 5월 11일 09시,월요일,경상북도 예천군 예천읍,부상신고사고,0,0,0,1,차대차 - 측면직각충돌,안전운전불이행,건조,맑음,교차로 - 교차로안,이륜,남,58세,부상신고,승용,여,39세,상해없음
2015051100100211,2015년 5월 11일 10시,월요일,경상북도 상주시 함창읍,중상사고,0,1,0,0,차대사람 - 차도통행중,안전운전불이행,건조,맑음,단일로 - 기타,승용,남,66세,상해없음,보행자,여,77세,중상
2015051100100212,2015년 5월 11일 10시,월요일,경상북도 영주시 상망동,중상사고,0,1,0,0,차대차 - 추돌 - 진행중,안전운전불이행,건조,맑음,단일로 - 기타,승용,남,36세,중상,특수,남,60세,상해없음
2015051100100213,2015년 5월 11일 10시,월요일,경상북도 영천시 창구동,부상신고사고,0,0,0,1,차대차 - 측면직각충돌,교차로운행방법위반,건조,맑음,교차로 - 교차로안,승용,남,77세,상해없음,승용,여,33세,부상신고
2015051100100214,2015년 5월 11일 10시,월요일,경상북도 경산시 계양동,경상사고,0,0,1,0,차대차 - 기타,안전운전불이행,건조,맑음,기타 - 기타,화물,남,46세,상해없음,자전거,남,75세,경상