사고번호,사고일시,요일,시군구,사고내용,사망자수,중상자수,경상자수,부상신고자수,사고유형,법규위반,노면상태,기상상태,도로형태,가해운전자 차종,가해운전자 성별,가해운전자 연령,가해운전자 상해정도,피해운전자 차종,피해운전자 성별,피해운전자 연령,피해운전자 상해정도
2015051600100557,2015년 5월 16일 17시,토요일,경상북도 구미시 거의동,경상사고,0,0,1,0,차대차 - 기타,안전운전불이행,건조,맑음,단일로 - 기타,원동기,남,24세,기타불명,자전거,남,51세,경상
2015051600100558,2015년 5월 16일 17시,토요일,경상북도 구미시 공단동,경상사고,0,0,2,0,차대차 - 기타,안전운전불이행,건조,맑음,교차로 - 교차로부근,승용,남,61세,상해없음,승용,여,34세,경상
2015051600100617,2015년 5월 16일 18시,토요일,경상북도 경주시 황성동,경상사고,0,0,2,0,차대차 - 기타,안전운전불이행,건조,맑음,교차로 - 교차로부근,승용,남,63세,상해없음,승용,남,56세,경상
2015051600100618,2015년 5월 16일 18시,토요일,경상북도 경산시 압량면,경상사고,0,0,1,0,차대차 - 측면직각충돌,직진우회전진행방해,건조,맑음,교차로 - 교차로안,승용,남,35세,상해없음,이륜,남,19세,경상
2015051600100619,2015년 5월 16일 18시,토요일,경상북도 구미시 오태동,중상사고,0,1,0,0,차량단독 - 기타,안전운전불이행,건조,맑음,단일로 - 기타,이륜,남,17세,상해없음,,,,
2015051600100652,2015년 5월 16일 19시,토요일,경상북도 경주시 서악동,경상사고,0,0,1,0,차대사람 - 기타,안전운전불이행,건조,맑음,단일로 - 기타,승용,여,52세,상해없음,보행자,남,11세,경상
2015051600100653,2015년 5월 16일 19시,토요일,경상북도 김천시 대항면,경상사고,0,0,1,0,차대사람 - 차도통행중,안전운전불이행,건조,맑음,단일로 - 기타,승용,남,40세,상해없음,보행자,남,46세,경상
2015051600100654,2015년 5월 16일 19시,토요일,경상북도 울진군 울진읍,사망사고,1,0,0,0,차량단독 - 공작물충돌,안전운전불이행,건조,맑음,단일로 - 기타,승용,남,22세,사망,,,,
2015051600100655,2015년 5월 16일 19시,토요일,경상북도 구미시 오태동,부상신고사고,0,0,0,1,차대차 - 추돌 - 주정차중,안전운전불이행,건조,맑음,교차로 - 교차로부근,승용,남,44세,부상신고,승용,여,40세,상해없음
2015051600100656,2015년 5월 16일 19시,토요일,경상북도 포항시 남구 대잠동,경상사고,0,0,1,0,차대차 - 측면직각충돌,안전운전불이행,건조,맑음,단일로 - 기타,승용,여,45세,상해없음,승용,남,64세,상해없음
2015051600100688,2015년 5월 16일 20시,토요일,경상북도 경주시 배반동,중상사고,0,1,1,0,차대차 - 기타,안전운전불이행,건조,맑음,단일로 - 기타,승합,남,57세,상해없음,이륜,남,25세,중상
2015051600100689,2015년 5월 16일 20시,토요일,경상북도 안동시 이천동,중상사고,0,1,0,0,차대차 - 측면직각충돌,안전운전불이행,건조,맑음,단일로 - 횡단보도부근,화물,남,52세,상해없음,이륜,남,73세,중상
2015051600100690,2015년 5월 16일 20시,토요일,경상북도 영주시 가흥동,중상사고,0,1,0,0,차대사람 - 횡단중,보행자보호의무위반,건조,맑음,단일로 - 횡단보도상,승용,남,36세,상해없음,보행자,남,50세,중상
2015051600100691,2015년 5월 16일 20시,토요일,경상북도 칠곡군 약목면,중상사고,0,1,0,0,차대사람 - 기타,보행자보호의무위반,습기,맑음,교차로 - 교차로안,승용,여,43세,상해없음,보행자,남,34세,중상
2015051600100692,2015년 5월 16일 20시,토요일,경상북도 경산시 대동,경상사고,0,0,1,0,차대차 - 기타,안전운전불이행,건조,맑음,단일로 - 기타,화물,남,56세,상해없음,승용,남,29세,경상
2015051600100722,2015년 5월 16일 21시,토요일,경상북도 경주시 황성동,중상사고,0,1,0,0,차대차 - 기타,안전운전불이행,건조,맑음,단일로 - 기타,승용,남,52세,상해없음,승용,남,23세,중상
2015051600100723,2015년 5월 16일 21시,토요일,경상북도 포항시 북구 기계면,사망사고,1,0,0,0,차량단독 - 전도전복,안전운전불이행,건조,흐림,단일로 - 기타,화물,남,44세,사망,,,,
2015051600100724,2015년 5월 16일 21시,토요일,경상북도 안동시 평화동,중상사고,0,1,0,0,차대차 - 측면직각충돌,교차로운행방법위반,건조,맑음,교차로 - 교차로안,승용,남,42세,상해없음,이륜,남,35세,중상
2015051600100725,2015년 5월 16일 21시,토요일,경상북도 안동시 태화동,경상사고,0,0,2,0,차대차 - 측면직각충돌,직진우회전진행방해,건조,맑음,교차로 - 교차로안,승용,남,53세,상해없음,승용,여,49세,경상
2015051600100726,2015년 5월 16일 21시,토요일,경상북도 경산시 남천면,중상사고,0,1,2,0,차대차 - 기타,안전운전불이행,건조,맑음,단일로 - 기타,승용,남,49세,기타불명,승용,남,44세,경상
2015051600100770,2015년 5월 16일 23시,토요일,경상북도 경주시 강동면,사망사고,1,0,0,0,차대사람 - 기타,안전운전불이행,건조,맑음,단일로 - 기타,승용,남,28세,상해없음,보행자,남,31세,사망
2015051700100057,2015년 5월 17일 02시,일요일,경상북도 영천시 문외동,중상사고,0,1,0,0,차대사람 - 길가장자리구역통행중,안전운전불이행,건조,맑음,단일로 - 기타,승용,남,54세,상해없음,보행자,남,45세,중상
2015051700100072,2015년 5월 17일 03시,일요일,경상북도 칠곡군 왜관읍,부상신고사고,0,0,0,1,차량단독 - 공작물충돌,안전운전불이행,건조,맑음,교차로 - 교차로안,승용,남,33세,부상신고,,,,
2015051700100073,2015년 5월 17일 03시,일요일,경상북도 경산시 하양읍,경상사고,0,0,2,0,차대차 - 기타,안전운전불이행,건조,맑음,단일로 - 기타,승용,남,23세,상해없음,승용,남,29세,경상
2015051700100113,2015년 5월 17일 06시,일요일,경상북도 포항시 북구 우현동,경상사고,0,0,2,0,차대차 - 기타,안전운전불이행,건조,맑음,교차로 - 교차로안,승용,여,56세,경상,승용,여,53세,경상
2015051700100114,2015년 5월 17일 06시,일요일,경상북도 김천시 신음동,중상사고,0,1,0,0,차대차 - 측면직각충돌,안전운전불이행,건조,맑음,단일로 - 기타,승용,남,39세,상해없음,기타불명,남,82세,중상
2015051700100145,2015년 5월 17일 08시,일요일,경상북도 칠곡군 가산면,중상사고,0,2,0,0,차대차 - 측면직각충돌,중앙선침범,건조,맑음,단일로 - 기타,화물,남,57세,상해없음,화물,남,65세,중상
2015051700100168,2015년 5월 17일 09시,일요일,경상북도 상주시 신봉동,경상사고,0,0,1,0,차대차 - 측면직각충돌,신호위반,건조,맑음,교차로 - 교차로안,승용,여,49세,상해없음,승용,남,61세,경상
2015051700100169,2015년 5월 17일 09시,일요일,경상북도 경산시 서상동,경상사고,0,0,1,0,차대차 - 기타,신호위반,건조,맑음,교차로 - 교차로안,승용,여,40세,상해없음,승용,남,57세,경상
2015051700100170,2015년 5월 17일 09시,일요일,경상북도 경산시 진량읍,경상사고,0,0,1,0,차대차 - 기타,신호위반,건조,맑음,교차로 - 교차로안,승용,남,25세,상해없음,승용,남,86세,경상
2015051700100204,2015년 5월 17일 10시,일요일,경상북도 안동시 당북동,중상사고,0,1,0,0,차대사람 - 횡단중,안전운전불이행,건조,맑음,교차로 - 교차로부근,승용,남,38세,상해없음,보행자,남,59세,중상
2015051700100260,2015년 5월 17일 12시,일요일,경상북도 경주시 천군동,중상사고,0,2,0,0,차량단독 - 기타,안전운전불이행,건조,맑음,단일로 - 기타,이륜,여,38세,중상,,,,
2015051700100261,2015년 5월 17일 12시,일요일,경상북도 포항시 북구 용흥동,경상사고,0,0,1,0,차대차 - 기타,안전운전불이행,건조,맑음,단일로 - 기타,자전거,남,68세,경상,승용,남,60세,상해없음
2015051700100262,2015년 5월 17일 12시,일요일,경상북도 경산시 용성면,경상사고,0,0,1,0,차량단독 - 기타,안전운전불이행,건조,맑음,기타 - 기타,승용,여,53세,경상,,,,
2015051700100263,2015년 5월 17일 12시,일요일,경상북도 군위군 부계면,경상사고,0,0,1,0,차대차 - 기타,안전운전불이행,건조,맑음,단일로 - 기타,화물,남,55세,상해없음,승용,남,56세,경상
2015051700100294,2015년 5월 17일 13시,일요일,경상북도 경주시 성동동,경상사고,0,0,1,0,차대차 - 기타,차로위반,건조,맑음,단일로 - 기타,화물,남,56세,상해없음,승용,남,24세,상해없음
2015051700100321,2015년 5월 17일 14시,일요일,경상북도 경주시 북군동,중상사고,0,1,3,0,차대차 - 기타,안전운전불이행,건조,맑음,교차로 - 교차로안,승용,남,37세,경상,승용,여,48세,경상
2015051700100322,2015년 5월 17일 14시,일요일,경상북도 영천시 망정동,경상사고,0,0,1,0,차량단독 - 공작물충돌,안전운전불이행,건조,맑음,교차로 - 교차로안,화물,남,73세,경상,,,,
2015051700100323,2015년 5월 17일 14시,일요일,경상북도 영천시 신령면,중상사고,0,1,0,0,차대차 - 추돌 - 진행중,안전운전불이행,건조,맑음,단일로 - 기타,이륜,남,50세,상해없음,이륜,남,71세,중상
2015051700100357,2015년 5월 17일 15시,일요일,경상북도 영주시 부석면,경상사고,0,0,2,0,차대차 - 측면직각충돌,안전운전불이행,건조,맑음,교차로 - 교차로안,화물,남,42세,상해없음,승용,남,25세,경상
2015051700100358,2015년 5월 17일 15시,일요일,경상북도 구미시 형곡동,부상신고사고,0,0,0,1,차대사람 - 기타,안전운전불이행,건조,맑음,단일로 - 기타,기타불명,기타불명,기타불명,기타불명,보행자,남,13세,부상신고
2015051700100389,2015년 5월 17일 16시,일요일,경상북도 김천시 대항면,경상사고,0,0,1,0,차대차 - 측면직각충돌,중앙선침범,건조,맑음,단일로 - 기타,화물,남,70세,상해없음,승용,남,54세,경상
2015051700100390,2015년 5월 17일 16시,일요일,경상북도 구미시 황상동,중상사고,0,1,0,0,차대사람 - 기타,안전운전불이행,건조,맑음,단일로 - 기타,승용,남,39세,상해없음,보행자,여,48세,중상
2015051700100441,2015년 5월 17일 17시,일요일,경상북도 경주시 성건동,경상사고,0,0,1,0,차대차 - 기타,안전운전불이행,건조,맑음,교차로 - 교차로부근,승용,남,56세,상해없음,원동기,남,16세,경상
2015051700100442,2015년 5월 17일 17시,일요일,경상북도 안동시 용상동,경상사고,0,0,1,0,차대차 - 기타,안전운전불이행,건조,맑음,교차로 - 교차로안,자전거,남,16세,경상,승용,남,28세,상해없음
2015051700100443,2015년 5월 17일 17시,일요일,경상북도 영주시 하망동,중상사고,0,1,0,0,차대차 - 측면직각충돌,안전운전불이행,건조,맑음,단일로 - 기타,승용,남,58세,상해없음,자전거,남,66세,중상
2015051700100444,2015년 5월 17일 17시,일요일,경상북도 구미시 지산동,중상사고,0,1,0,0,차대차 - 기타,안전운전불이행,건조,맑음,교차로 - 교차로부근,승용,남,53세,상해없음,이륜,남,29세,중상
2015051700100445,2015년 5월 17일 17시,일요일,경상북도 포항시 남구 오천읍,경상사고,0,0,1,0,차대차 - 측면직각충돌,안전운전불이행,건조,맑음,교차로 - 교차로부근,승용,여,52세,상해없음,자전거,남,76세,경상
2015051700100484,2015년 5월 17일 18시,일요일,경상북도 경산시 옥산동,경상사고,0,0,5,0,차대차 - 추돌 - 주정차중,안전운전불이행,건조,흐림,교차로 - 교차로부근,승용,남,48세,상해없음,승용,남,37세,경상
2015051700100508,2015년 5월 17일 19시,일요일,경상북도 경주시 강동면,경상사고,0,0,1,0,차대차 - 기타,안전운전불이행,건조,맑음,교차로 - 교차로부근,승용,남,41세,상해없음,승용,남,52세,경상
2015051700100509,2015년 5월 17일 19시,일요일,경상북도 영덕군 영덕읍,중상사고,0,1,1,0,차대차 - 측면직각충돌,중앙선침범,건조,맑음,단일로 - 기타,화물,남,76세,경상,화물,남,45세,상해없음
2015051700100537,2015년 5월 17일 20시,일요일,경상북도 영천시 신령면,사망사고,1,0,0,0,차대사람 - 차도통행중,중앙선침범,건조,맑음,단일로 - 기타,화물,남,63세,상해없음,보행자,여,73세,사망
2015051700100538,2015년 5월 17일 20시,일요일,경상북도 청송군 부동면,중상사고,0,2,3,1,차대차 - 정면충돌,교차로운행방법위반,건조,맑음,교차로 - 교차로안,화물,남,50세,중상,승용,남,47세,중상
2015051700100539,2015년 5월 17일 20시,일요일,경상북도 포항시 남구 장기면,사망사고,1,1,0,0,차량단독 - 공작물충돌,안전운전불이행,건조,맑음,단일로 - 기타,승용,남,61세,중상,,,,
2015051700100570,2015년 5월 17일 21시,일요일,경상북도 경주시 석장동,중상사고,0,1,0,0,차대차 - 기타,신호위반,건조,맑음,교차로 - 교차로안,승합,남,42세,상해없음,자전거,남,22세,중상
2015051700100571,2015년 5월 17일 21시,일요일,경상북도 문경시 문경읍,사망사고,1,0,0,0,차량단독 - 공작물충돌,안전운전불이행,건조,맑음,단일로 - 터널,승용,남,29세,사망,,,,
2015051700100589,2015년 5월 17일 22시,일요일,경상북도 경주시 동천동,중상사고,0,3,1,0,차대차 - 기타,안전운전불이행,건조,맑음,교차로 - 교차로부근,승용,여,25세,중상,승용,남,48세,경상
2015051700100590,2015년 5월 17일 22시,일요일,경상북도 구미시 봉곡동,경상사고,0,0,2,0,차대차 - 기타,중앙선침범,건조,맑음,교차로 - 교차로부근,이륜,남,19세,상해없음,승용,남,32세,경상
2015051800100020,2015년 5월 18일 01시,월요일,경상북도 경산시 옥산동,경상사고,0,0,3,0,차대차 - 기타,교차로운행방법위반,건조,맑음,교차로 - 교차로안,승용,남,64세,경상,승용,남,49세,경상
2015051800100021,2015년 5월 18일 01시,월요일,경상북도 구미시 도량동,경상사고,0,0,2,0,차대차 - 추돌 - 주정차중,안전운전불이행,건조,맑음,교차로 - 교차로부근,승용,남,39세,상해없음,승용,남,26세,경상
2015051800100022,2015년 5월 18일 01시,월요일,경상북도 구미시 임수동,중상사고,0,1,0,0,차대차 - 기타,안전운전불이행,건조,맑음,기타 - 기타,승용,남,21세,상해없음,이륜,남,22세,상해없음
2015051800100029,2015년 5월 18일 02시,월요일,경상북도 경산시 중산동,경상사고,0,0,1,0,차량단독 - 기타,안전운전불이행,건조,맑음,단일로 - 기타,승용,남,70세,경상,,,,
2015051800100042,2015년 5월 18일 04시,월요일,경상북도 포항시 북구 대흥동,경상사고,0,0,1,0,차대사람 - 길가장자리구역통행중,안전운전불이행,건조,맑음,단일로 - 기타,승용,기타불명,기타불명,기타불명,보행자,여,65세,경상
2015051800100048,2015년 5월 18일 05시,월요일,경상북도 경산시 진량읍,경상사고,0,0,1,0,차대차 - 기타,안전운전불이행,건조,맑음,교차로 - 교차로안,승용,여,45세,상해없음,승용,남,30세,경상
2015051800100059,2015년 5월 18일 06시,월요일,경상북도 경산시 압량면,중상사고,0,1,0,0,차대차 - 기타,안전운전불이행,습기,비,교차로 - 교차로부근,승용,남,77세,상해없음,이륜,남,58세,중상
2015051800100060,2015년 5월 18일 06시,월요일,경상북도 구미시 형곡동,부상신고사고,0,0,0,1,차대차 - 기타,안전운전불이행,건조,흐림,단일로 - 기타,자전거,남,27세,부상신고,승용,남,52세,상해없음
2015051800100086,2015년 5월 18일 07시,월요일,경상북도 상주시 냉림동,중상사고,0,1,0,0,차대사람 - 길가장자리구역통행중,안전운전불이행,건조,맑음,단일로 - 기타,승용,여,56세,상해없음,보행자,여,60세,중상
2015051800100127,2015년 5월 18일 08시,월요일,경상북도 안동시 옥동,경상사고,0,0,1,0,차대사람 - 기타,보행자보호의무위반,건조,맑음,교차로 - 교차로부근,승용,남,40세,상해없음,보행자,여,22세,경상
2015051800100128,2015년 5월 18일 08시,월요일,경상북도 영천시 서산동,경상사고,0,0,3,0,차대차 - 정면충돌,안전운전불이행,습기,비,단일로 - 기타,승용,여,54세,상해없음,승용,남,64세,경상
2015051800100129,2015년 5월 18일 08시,월요일,경상북도 경산시 옥곡동,경상사고,0,0,3,0,차대차 - 측면직각충돌,직진우회전진행방해,건조,맑음,교차로 - 교차로안,승용,남,20세,경상,승용,여,59세,경상
2015051800100130,2015년 5월 18일 08시,월요일,경상북도 포항시 남구 송도동,경상사고,0,0,2,0,차대사람 - 횡단중,안전운전불이행,건조,맑음,교차로 - 교차로부근,승용,여,47세,상해없음,보행자,여,12세,경상
2015051800100163,2015년 5월 18일 09시,월요일,경상북도 경주시 사정동,경상사고,0,0,1,0,차량단독 - 기타,안전운전불이행,습기,비,단일로 - 기타,승용,여,39세,경상,,,,
2015051800100164,2015년 5월 18일 09시,월요일,경상북도 포항시 북구 흥해읍,경상사고,0,0,3,0,차대차 - 기타,안전거리미확보,건조,맑음,단일로 - 기타,승용,남,41세,상해없음,승용,남,47세,경상
2015051800100165,2015년 5월 18일 09시,월요일,경상북도 성주군 선남면,경상사고,0,0,1,0,차대사람 - 횡단중,신호위반,건조,맑음,단일로 - 횡단보도상,승용,남,65세,상해없음,보행자,남,21세,경상
2015051800100260,2015년 5월 18일 12시,월요일,경상북도 상주시 무양동,경상사고,0,0,1,0,차대차 - 측면직각충돌,안전운전불이행,건조,맑음,기타 - 기타,자전거,남,77세,경상,승합,남,53세,상해없음
2015051800100261,2015년 5월 18일 12시,월요일,경상북도 영천시 도동,경상사고,0,0,1,0,차대차 - 추돌 - 주정차중,안전운전불이행,습기,비,단일로 - 기타,화물,남,65세,상해없음,승합,여,50세,상해없음
2015051800100299,2015년 5월 18일 13시,월요일,경상북도 포항시 북구 양덕동,경상사고,0,0,1,0,차대차 - 기타,교차로운행방법위반,습기,비,교차로 - 교차로안,승용,남,56세,상해없음,승용,남,62세,상해없음
2015051800100300,2015년 5월 18일 13시,월요일,경상북도 영천시 북안면,경상사고,0,0,1,0,차대차 - 추돌 - 진행중,안전운전불이행,습기,비,단일로 - 기타,건설기계,남,36세,상해없음,화물,남,55세,경상
2015051800100301,2015년 5월 18일 13시,월요일,경상북도 경산시 진량읍,중상사고,0,1,0,0,차대차 - 기타,안전운전불이행,습기,비,단일로 - 기타,승용,남,31세,상해없음,화물,여,31세,중상
2015051800100302,2015년 5월 18일 13시,월요일,경상북도 구미시 송정동,경상사고,0,0,2,0,차대차 - 측면직각충돌,안전운전불이행,건조,맑음,기타 - 기타,승용,여,47세,상해없음,승용,여,36세,경상
2015051800100373,2015년 5월 18일 15시,월요일,경상북도 칠곡군 지천면,중상사고,0,1,0,0,차대사람 - 횡단중,보행자보호의무위반,건조,맑음,단일로 - 횡단보도상,화물,남,51세,상해없음,보행자,남,7세,중상
2015051800100374,2015년 5월 18일 15시,월요일,경상북도 구미시 옥계동,중상사고,0,1,0,0,차대사람 - 기타,안전운전불이행,건조,맑음,교차로 - 교차로부근,승용,남,52세,상해없음,보행자,남,10세,중상
2015051800100375,2015년 5월 18일 15시,월요일,경상북도 포항시 남구 효자동,경상사고,0,0,4,0,차대차 - 기타,안전운전불이행,습기,비,단일로 - 기타,승용,남,48세,경상,승용,남,63세,경상
2015051800100417,2015년 5월 18일 16시,월요일,경상북도 경주시 도지동,경상사고,0,0,2,1,차대차 - 기타,안전운전불이행,습기,비,교차로 - 교차로부근,승용,남,59세,부상신고,화물,남,55세,상해없음
2015051800100418,2015년 5월 18일 16시,월요일,경상북도 울진군 후포면,경상사고,0,0,1,0,차량단독 - 공작물충돌,안전운전불이행,건조,맑음,단일로 - 기타,승용,여,21세,경상,,,,
2015051800100455,2015년 5월 18일 17시,월요일,경상북도 영주시 풍기읍,경상사고,0,0,1,0,차대차 - 측면직각충돌,교차로운행방법위반,건조,맑음,교차로 - 교차로안,승용,남,74세,상해없음,승용,남,64세,상해없음
2015051800100456,2015년 5월 18일 17시,월요일,경상북도 예천군 예천읍,중상사고,0,1,0,0,차량단독 - 도로외이탈 - 기타,안전운전불이행,건조,맑음,단일로 - 기타,이륜,남,67세,중상,,,,
2015051800100457,2015년 5월 18일 17시,월요일,경상북도 고령군 다산면,경상사고,0,0,1,0,차대차 - 추돌 - 주정차중,안전거리미확보,습기,맑음,교차로 - 교차로부근,화물,남,54세,상해없음,화물,남,56세,경상
2015051800100458,2015년 5월 18일 17시,월요일,경상북도 구미시 원평동,경상사고,0,0,1,0,차대차 - 측면직각충돌,안전운전불이행,건조,맑음,교차로 - 교차로부근,화물,남,53세,상해없음,화물,남,62세,경상
2015051800100500,2015년 5월 18일 18시,월요일,경상북도 포항시 북구 죽도동,경상사고,0,0,2,0,차대차 - 기타,안전운전불이행,건조,맑음,단일로 - 기타,승용,남,46세,상해없음,승용,여,51세,경상
2015051800100501,2015년 5월 18일 18시,월요일,경상북도 영천시 야사동,경상사고,0,0,1,0,차대사람 - 차도통행중,안전운전불이행,건조,맑음,단일로 - 기타,승용,남,53세,상해없음,보행자,남,27세,경상
2015051800100502,2015년 5월 18일 18시,월요일,경상북도 고령군 개진면,사망사고,1,1,0,0,차대차 - 정면충돌,중앙선침범,습기,비,단일로 - 기타,화물,남,58세,중상,승용,남,77세,사망
2015051800100537,2015년 5월 18일 19시,월요일,경상북도 상주시 이안면,경상사고,0,0,1,0,차대차 - 추돌 - 진행중,안전운전불이행,건조,맑음,교차로 - 교차로안,승용,남,62세,상해없음,승용,남,53세,경상
2015051800100538,2015년 5월 18일 19시,월요일,경상북도 포항시 남구 연일읍,중상사고,0,1,0,0,차대차 - 기타,안전운전불이행,건조,맑음,단일로 - 기타,승용,여,41세,상해없음,자전거,남,42세,중상
2015051800100581,2015년 5월 18일 20시,월요일,경상북도 경주시 외동읍,경상사고,0,0,2,0,차대차 - 기타,안전거리미확보,습기,비,단일로 - 기타,화물,남,56세,상해없음,승용,남,37세,경상
2015051800100582,2015년 5월 18일 20시,월요일,경상북도 포항시 북구 청하면,경상사고,0,0,1,0,차대차 - 기타,안전운전불이행,건조,맑음,단일로 - 기타,승용,남,32세,상해없음,승용,남,57세,상해없음
2015051800100583,2015년 5월 18일 20시,월요일,경상북도 구미시 고아읍,경상사고,0,0,1,0,차대차 - 측면직각충돌,안전운전불이행,건조,맑음,단일로 - 기타,화물,남,44세,상해없음,승용,여,58세,경상
2015051800100612,2015년 5월 18일 21시,월요일,경상북도 포항시 북구 용흥동,중상사고,0,2,0,0,차대차 - 기타,안전운전불이행,건조,맑음,교차로 - 교차로부근,승용,남,30세,상해없음,원동기,남,45세,중상
2015051800100613,2015년 5월 18일 21시,월요일,경상북도 안동시 옥동,경상사고,0,0,1,0,차대차 - 기타,신호위반,건조,맑음,교차로 - 교차로안,이륜,남,17세,상해없음,승용,남,26세,경상
2015051800100614,2015년 5월 18일 21시,월요일,경상북도 김천시 신음동,경상사고,0,0,1,0,차대차 - 측면직각충돌,안전운전불이행,건조,맑음,교차로 - 교차로안,승용,여,39세,기타불명,자전거,남,17세,경상
2015051800100615,2015년 5월 18일 21시,월요일,경상북도 영덕군 강구면,부상신고사고,0,0,0,1,차량단독 - 전도전복,안전운전불이행,건조,맑음,단일로 - 기타,이륜,여,46세,부상신고,,,,
2015051800100640,2015년 5월 18일 22시,월요일,경상북도 김천시 부곡동,사망사고,1,0,0,0,차량단독 - 전도전복,안전운전불이행,습기,맑음,단일로 - 기타,이륜,남,29세,사망,,,,
2015051800100641,2015년 5월 18일 22시,월요일,경상북도 경산시 중방동,경상사고,0,0,1,0,차대차 - 기타,안전운전불이행,건조,맑음,교차로 - 교차로부근,승용,남,29세,상해없음,화물,남,54세,경상
2015051800100642,2015년 5월 18일 22시,월요일,경상북도 경산시 삼북동,경상사고,0,0,1,0,차대차 - 기타,안전운전불이행,건조,맑음,교차로 - 교차로부근,자전거,여,54세,경상,승용,남,49세,상해없음
2015051800100643,2015년 5월 18일 22시,월요일,경상북도 구미시 공단동,중상사고,0,2,0,0,차대차 - 측면직각충돌,안전운전불이행,건조,맑음,교차로 - 교차로안,승용,남,35세,상해없음,승용,여,28세,중상
2015051900100012,2015년 5월 19일 00시,화요일,경상북도 예천군 보문면,중상사고,0,1,1,0,차량단독 - 전도전복,안전운전불이행,건조,맑음,단일로 - 기타,승용,남,29세,경상,,,,
2015051900100047,2015년 5월 19일 02시,화요일,경상북도 구미시 임수동,경상사고,0,0,2,0,차대차 - 측면직각충돌,중앙선침범,건조,맑음,단일로 - 기타,승용,남,28세,상해없음,승용,남,36세,경상
2015051900100048,2015년 5월 19일 02시,화요일,경상북도 구미시 거의동,중상사고,0,1,0,0,차대차 - 기타,안전거리미확보,건조,맑음,단일로 - 기타,화물,남,49세,상해없음,이륜,남,34세,중상
2015051900100057,2015년 5월 19일 03시,화요일,경상북도 포항시 남구 대도동,중상사고,0,1,1,0,차대차 - 추돌 - 진행중,안전운전불이행,건조,맑음,단일로 - 교량,승용,남,44세,경상,특수,남,58세,상해없음
2015051900100115,2015년 5월 19일 07시,화요일,경상북도 영천시 금호읍,중상사고,0,1,0,0,차대차 - 측면직각충돌,안전운전불이행,건조,맑음,단일로 - 기타,화물,남,39세,상해없음,원동기,남,72세,중상
2015051900100116,2015년 5월 19일 07시,화요일,경상북도 구미시 황상동,경상사고,0,0,1,0,차대차 - 측면직각충돌,안전운전불이행,건조,맑음,단일로 - 기타,승용,남,23세,상해없음,승용,남,43세,경상
2015051900100117,2015년 5월 19일 07시,화요일,경상북도 구미시 공단동,경상사고,0,0,1,0,차대차 - 기타,안전운전불이행,건조,맑음,교차로 - 교차로부근,승용,남,32세,상해없음,자전거,남,50세,경상
2015051900100153,2015년 5월 19일 08시,화요일,경상북도 경산시 계양동,경상사고,0,0,3,0,차대차 - 측면직각충돌,안전운전불이행,건조,맑음,교차로 - 교차로안,승용,남,46세,상해없음,승용,남,57세,경상
2015051900100196,2015년 5월 19일 09시,화요일,경상북도 포항시 북구 기계면,경상사고,0,0,1,0,차대차 - 기타,기타,건조,맑음,단일로 - 기타,승용,남,35세,상해없음,자전거,남,72세,경상
2015051900100220,2015년 5월 19일 10시,화요일,경상북도 영천시 대창면,중상사고,0,1,0,0,차대사람 - 차도통행중,안전운전불이행,건조,맑음,단일로 - 기타,화물,남,58세,상해없음,보행자,여,71세,중상
2015051900100221,2015년 5월 19일 10시,화요일,경상북도 경산시 갑제동,경상사고,0,0,1,0,차대차 - 기타,안전운전불이행,건조,맑음,단일로 - 기타,승용,남,54세,경상,화물,남,47세,상해없음
2015051900100222,2015년 5월 19일 10시,화요일,경상북도 청도군 각북면,중상사고,0,1,1,0,차대차 - 기타,안전운전불이행,기타,맑음,단일로 - 기타,자전거,남,24세,경상,자전거,남,49세,중상
2015051900100223,2015년 5월 19일 10시,화요일,경상북도 포항시 남구 이동,부상신고사고,0,0,0,1,차량단독 - 기타,안전운전불이행,건조,맑음,단일로 - 기타,승용,남,57세,부상신고,,,,
2015051900100281,2015년 5월 19일 12시,화요일,경상북도 포항시 남구 효자동,경상사고,0,0,1,0,차대사람 - 기타,안전운전불이행,건조,맑음,단일로 - 기타,승용,여,54세,상해없음,보행자,남,36세,경상
2015051900100310,2015년 5월 19일 13시,화요일,경상북도 청도군 매전면,중상사고,0,1,0,0,차대차 - 측면직각충돌,안전운전불이행,건조,맑음,교차로 - 교차로안,승용,여,45세,상해없음,승용,남,70세,상해없음
2015051900100379,2015년 5월 19일 15시,화요일,경상북도 청도군 매전면,중상사고,0,1,0,0,차대차 - 측면직각충돌,중앙선침범,건조,맑음,단일로 - 기타,화물,남,61세,상해없음,승용,여,55세,중상
2015051900100380,2015년 5월 19일 15시,화요일,경상북도 포항시 남구 대도동,중상사고,0,1,0,0,차대차 - 기타,안전운전불이행,건조,맑음,교차로 - 교차로안,승용,남,55세,상해없음,이륜,남,33세,중상
2015051900100422,2015년 5월 19일 16시,화요일,경상북도 포항시 북구 죽도동,경상사고,0,0,4,0,차대차 - 기타,안전운전불이행,건조,맑음,단일로 - 횡단보도부근,승합,남,49세,상해없음,승용,남,56세,경상
2015051900100423,2015년 5월 19일 16시,화요일,경상북도 영천시 교촌동,경상사고,0,0,3,0,차대차 - 정면충돌,중앙선침범,건조,맑음,단일로 - 기타,승용,여,47세,기타불명,승용,여,48세,경상