사고번호,사고일시,요일,시군구,사고내용,사망자수,중상자수,경상자수,부상신고자수,사고유형,법규위반,노면상태,기상상태,도로형태,가해운전자 차종,가해운전자 성별,가해운전자 연령,가해운전자 상해정도,피해운전자 차종,피해운전자 성별,피해운전자 연령,피해운전자 상해정도
2015052200100168,2015년 5월 22일 08시,금요일,경상북도 구미시 봉곡동,경상사고,0,0,1,0,차대차 - 기타,교차로운행방법위반,건조,맑음,교차로 - 교차로부근,승용,여,33세,상해없음,이륜,남,27세,경상
2015052200100169,2015년 5월 22일 08시,금요일,경상북도 구미시 도량동,중상사고,0,1,0,0,차대사람 - 기타,안전운전불이행,건조,맑음,단일로 - 횡단보도상,기타불명,기타불명,기타불명,기타불명,보행자,여,10세,중상
2015052200100205,2015년 5월 22일 09시,금요일,경상북도 영천시 오미동,중상사고,0,1,0,0,차대차 - 측면직각충돌,신호위반,건조,맑음,단일로 - 기타,승용,여,53세,상해없음,승용,남,53세,중상
2015052200100206,2015년 5월 22일 09시,금요일,경상북도 포항시 남구 상도동,중상사고,0,1,0,0,차대사람 - 기타,안전운전불이행,건조,맑음,단일로 - 기타,특수,남,29세,상해없음,보행자,남,65세,중상
2015052200100238,2015년 5월 22일 10시,금요일,경상북도 안동시 길안면,중상사고,0,1,0,0,차대차 - 기타,중앙선침범,건조,맑음,단일로 - 기타,화물,남,71세,상해없음,원동기,남,22세,중상
2015052200100271,2015년 5월 22일 11시,금요일,경상북도 포항시 남구 상도동,경상사고,0,0,1,0,차대차 - 추돌 - 진행중,안전운전불이행,건조,맑음,단일로 - 기타,승용,남,50세,상해없음,승용,남,55세,경상
2015052200100299,2015년 5월 22일 12시,금요일,경상북도 영주시 하망동,경상사고,0,0,1,0,차대차 - 정면충돌,교차로운행방법위반,건조,맑음,교차로 - 교차로안,승용,남,56세,상해없음,이륜,남,42세,경상
2015052200100300,2015년 5월 22일 12시,금요일,경상북도 성주군 가천면,중상사고,0,1,0,0,차대차 - 측면직각충돌,교차로운행방법위반,건조,맑음,교차로 - 교차로부근,화물,남,35세,상해없음,이륜,남,75세,중상
2015052200100301,2015년 5월 22일 12시,금요일,경상북도 구미시 인의동,경상사고,0,0,1,0,차대사람 - 보도통행중,안전운전불이행,건조,맑음,기타 - 기타,승용,여,34세,상해없음,보행자,남,30세,경상
2015052200100378,2015년 5월 22일 14시,금요일,경상북도 칠곡군 석적읍,부상신고사고,0,0,0,1,차량단독 - 전도전복,안전운전불이행,건조,맑음,단일로 - 기타,이륜,남,26세,부상신고,,,,
2015052200100379,2015년 5월 22일 14시,금요일,경상북도 경산시 하양읍,경상사고,0,0,1,0,차대차 - 기타,안전운전불이행,건조,맑음,단일로 - 기타,승용,여,45세,상해없음,자전거,여,70세,경상
2015052200100380,2015년 5월 22일 14시,금요일,경상북도 성주군 초전면,경상사고,0,0,1,0,차대차 - 측면직각충돌,중앙선침범,건조,맑음,기타 - 기타,승용,남,67세,상해없음,화물,남,41세,경상
2015052200100426,2015년 5월 22일 15시,금요일,경상북도 경주시 남산동,중상사고,0,1,0,0,차량단독 - 기타,안전운전불이행,건조,맑음,단일로 - 기타,승용,여,57세,중상,,,,
2015052200100468,2015년 5월 22일 16시,금요일,경상북도 구미시 도량동,중상사고,0,1,0,0,차대차 - 기타,교차로운행방법위반,건조,맑음,교차로 - 교차로부근,승용,남,35세,상해없음,자전거,남,17세,중상
2015052200100504,2015년 5월 22일 17시,금요일,경상북도 경주시 황성동,부상신고사고,0,0,0,1,차대차 - 기타,안전운전불이행,건조,맑음,단일로 - 기타,승용,여,41세,부상신고,화물,남,42세,상해없음
2015052200100505,2015년 5월 22일 17시,금요일,경상북도 안동시 당북동,경상사고,0,0,1,0,차대차 - 기타,안전거리미확보,건조,맑음,단일로 - 기타,화물,남,24세,상해없음,승용,여,42세,경상
2015052200100563,2015년 5월 22일 18시,금요일,경상북도 상주시 냉림동,부상신고사고,0,0,0,1,차대차 - 측면직각충돌,교차로운행방법위반,건조,맑음,교차로 - 교차로부근,자전거,남,64세,부상신고,화물,남,37세,상해없음
2015052200100564,2015년 5월 22일 18시,금요일,경상북도 울진군 온정면,부상신고사고,0,0,0,1,차량단독 - 공작물충돌,안전운전불이행,건조,맑음,단일로 - 기타,화물,남,49세,부상신고,,,,
2015052200100565,2015년 5월 22일 18시,금요일,경상북도 구미시 선산읍,중상사고,0,1,0,0,차대차 - 기타,안전운전불이행,건조,맑음,기타 - 기타,승용,남,39세,상해없음,이륜,남,79세,중상
2015052200100598,2015년 5월 22일 19시,금요일,경상북도 경주시 건천읍,중상사고,0,1,0,0,차대사람 - 기타,안전운전불이행,건조,맑음,단일로 - 기타,원동기,남,67세,상해없음,보행자,남,54세,중상
2015052200100599,2015년 5월 22일 19시,금요일,경상북도 청도군 화양읍,경상사고,0,0,1,0,차대차 - 기타,안전운전불이행,건조,맑음,기타 - 기타,승용,남,62세,상해없음,이륜,남,49세,경상
2015052200100637,2015년 5월 22일 20시,금요일,경상북도 안동시 평화동,경상사고,0,0,1,0,차대차 - 기타,중앙선침범,건조,맑음,교차로 - 교차로안,원동기,남,76세,경상,화물,남,49세,상해없음
2015052200100638,2015년 5월 22일 20시,금요일,경상북도 구미시 구포동,중상사고,0,1,0,0,차량단독 - 기타,안전운전불이행,건조,맑음,단일로 - 기타,원동기,남,46세,중상,,,,
2015052200100673,2015년 5월 22일 21시,금요일,경상북도 경주시 외동읍,경상사고,0,0,1,0,차대차 - 기타,안전운전불이행,건조,맑음,단일로 - 기타,승용,남,34세,상해없음,농기계,남,54세,경상
2015052200100674,2015년 5월 22일 21시,금요일,경상북도 의성군 금성면,경상사고,0,0,1,0,차대사람 - 기타,안전운전불이행,건조,맑음,단일로 - 기타,승용,여,57세,상해없음,보행자,남,51세,경상
2015052200100675,2015년 5월 22일 21시,금요일,경상북도 영덕군 강구면,경상사고,0,0,1,0,차대차 - 추돌 - 주정차중,안전운전불이행,건조,맑음,교차로 - 교차로부근,승용,여,62세,상해없음,승용,남,28세,경상
2015052200100714,2015년 5월 22일 22시,금요일,경상북도 경주시 충효동,경상사고,0,0,3,0,차대차 - 기타,안전거리미확보,건조,맑음,단일로 - 기타,승용,남,46세,경상,승용,남,60세,경상
2015052200100715,2015년 5월 22일 22시,금요일,경상북도 상주시 무양동,경상사고,0,0,1,0,차대차 - 측면직각충돌,차로위반,건조,맑음,기타 - 기타,자전거,남,62세,경상,승용,남,38세,상해없음
2015052200100716,2015년 5월 22일 22시,금요일,경상북도 포항시 남구 연일읍,경상사고,0,0,1,0,차대차 - 측면직각충돌,안전운전불이행,건조,맑음,교차로 - 교차로안,자전거,남,14세,경상,승용,남,63세,기타불명
2015052200100717,2015년 5월 22일 22시,금요일,경상북도 포항시 남구 해도동,경상사고,0,0,1,0,차대차 - 기타,안전운전불이행,건조,맑음,교차로 - 교차로부근,자전거,여,54세,경상,화물,남,54세,상해없음
2015052200100750,2015년 5월 22일 23시,금요일,경상북도 김천시 아포읍,경상사고,0,0,2,0,차대차 - 측면직각충돌,안전운전불이행,건조,맑음,교차로 - 교차로부근,승용,여,42세,상해없음,승용,여,35세,경상
2015052200100751,2015년 5월 22일 23시,금요일,경상북도 청송군 현동면,중상사고,0,1,0,0,차대차 - 추돌 - 진행중,안전운전불이행,건조,맑음,단일로 - 기타,승용,남,40세,상해없음,화물,남,42세,중상
2015052300100018,2015년 5월 23일 00시,토요일,경상북도 상주시 남성동,중상사고,0,1,2,0,차대차 - 측면직각충돌,안전운전불이행,건조,맑음,단일로 - 기타,승용,남,19세,상해없음,승용,남,47세,경상
2015052300100032,2015년 5월 23일 01시,토요일,경상북도 경주시 성건동,중상사고,0,1,0,0,차대차 - 측면직각충돌,안전운전불이행,건조,맑음,단일로 - 기타,승용,남,28세,상해없음,승용,남,32세,중상
2015052300100033,2015년 5월 23일 01시,토요일,경상북도 경산시 하양읍,경상사고,0,0,1,0,차대차 - 측면직각충돌,안전운전불이행,건조,맑음,교차로 - 교차로안,승용,남,28세,기타불명,승용,남,25세,경상
2015052300100060,2015년 5월 23일 02시,토요일,경상북도 울진군 매화면,중상사고,0,1,0,0,차량단독 - 공작물충돌,안전운전불이행,건조,맑음,단일로 - 기타,승용,여,40세,중상,,,,
2015052300100104,2015년 5월 23일 05시,토요일,경상북도 구미시 도량동,중상사고,0,1,1,0,차대차 - 정면충돌,안전운전불이행,건조,맑음,단일로 - 기타,승용,남,26세,상해없음,이륜,남,23세,경상
2015052300100121,2015년 5월 23일 06시,토요일,경상북도 안동시 풍천면,중상사고,0,1,0,0,차대차 - 기타,안전운전불이행,건조,맑음,단일로 - 기타,화물,남,64세,상해없음,원동기,남,72세,중상
2015052300100122,2015년 5월 23일 06시,토요일,경상북도 울진군 후포면,중상사고,0,2,0,0,차대차 - 기타,교차로운행방법위반,건조,맑음,교차로 - 교차로안,건설기계,남,44세,상해없음,승합,남,59세,상해없음
2015052300100145,2015년 5월 23일 07시,토요일,경상북도 구미시 지산동,경상사고,0,0,1,0,차대차 - 기타,안전운전불이행,건조,맑음,교차로 - 교차로안,이륜,남,53세,경상,승용,여,61세,상해없음
2015052300100166,2015년 5월 23일 08시,토요일,경상북도 구미시 황상동,경상사고,0,0,1,0,차대차 - 기타,안전운전불이행,건조,맑음,기타 - 기타,승용,남,70세,상해없음,승합,남,43세,상해없음
2015052300100190,2015년 5월 23일 09시,토요일,경상북도 영주시 풍기읍,경상사고,0,0,1,0,차대사람 - 길가장자리구역통행중,안전운전불이행,건조,맑음,기타 - 기타,승용,남,40세,상해없음,보행자,여,67세,경상
2015052300100191,2015년 5월 23일 09시,토요일,경상북도 경산시 사동,부상신고사고,0,0,0,1,차대차 - 기타,안전운전불이행,건조,맑음,교차로 - 교차로안,이륜,남,61세,부상신고,승용,여,46세,상해없음
2015052300100192,2015년 5월 23일 09시,토요일,경상북도 봉화군 석포면,중상사고,0,1,1,0,차대차 - 추돌 - 진행중,안전거리미확보,건조,맑음,단일로 - 기타,건설기계,남,43세,상해없음,승합,남,46세,중상
2015052300100193,2015년 5월 23일 09시,토요일,경상북도 구미시 선산읍,부상신고사고,0,0,0,1,차대차 - 기타,안전운전불이행,건조,맑음,단일로 - 기타,자전거,남,75세,부상신고,화물,남,30세,상해없음
2015052300100194,2015년 5월 23일 09시,토요일,경상북도 구미시 원평동,중상사고,0,1,0,0,차대차 - 기타,안전거리미확보,건조,맑음,단일로 - 기타,승용,남,52세,상해없음,승용,여,60세,중상
2015052300100224,2015년 5월 23일 10시,토요일,경상북도 경주시 신평동,중상사고,0,1,0,0,차대차 - 기타,안전운전불이행,건조,맑음,단일로 - 기타,승용,남,57세,상해없음,승용,남,52세,중상
2015052300100265,2015년 5월 23일 11시,토요일,경상북도 경주시 동천동,경상사고,0,0,1,0,차대차 - 기타,안전운전불이행,건조,맑음,단일로 - 기타,승합,남,75세,상해없음,자전거,여,65세,경상
2015052300100266,2015년 5월 23일 11시,토요일,경상북도 안동시 옥동,중상사고,0,1,0,0,차대차 - 기타,신호위반,건조,맑음,교차로 - 교차로안,승용,남,31세,상해없음,원동기,남,19세,중상
2015052300100267,2015년 5월 23일 11시,토요일,경상북도 문경시 점촌동,중상사고,0,1,0,0,차대차 - 측면직각충돌,안전운전불이행,건조,맑음,교차로 - 교차로부근,승용,여,54세,상해없음,자전거,남,73세,중상
2015052300100268,2015년 5월 23일 11시,토요일,경상북도 칠곡군 동명면,경상사고,0,0,2,0,차대차 - 추돌 - 주정차중,안전운전불이행,건조,맑음,단일로 - 기타,승용,여,52세,상해없음,승용,여,42세,경상
2015052300100307,2015년 5월 23일 12시,토요일,경상북도 포항시 북구 흥해읍,중상사고,0,1,2,0,차대차 - 기타,안전거리미확보,건조,맑음,단일로 - 기타,승용,남,45세,상해없음,승용,남,56세,중상
2015052300100308,2015년 5월 23일 12시,토요일,경상북도 안동시 당북동,경상사고,0,0,1,0,차대차 - 추돌 - 진행중,안전운전불이행,건조,맑음,교차로 - 교차로안,승용,남,72세,상해없음,승용,남,24세,경상
2015052300100309,2015년 5월 23일 12시,토요일,경상북도 봉화군 봉화읍,경상사고,0,0,1,1,차대차 - 측면직각충돌,교차로운행방법위반,건조,맑음,교차로 - 교차로안,농기계,남,61세,부상신고,승용,여,57세,경상
2015052300100310,2015년 5월 23일 12시,토요일,경상북도 구미시 양호동,부상신고사고,0,0,0,1,차대차 - 추돌 - 주정차중,안전운전불이행,건조,맑음,단일로 - 기타,원동기,남,22세,부상신고,승용,남,31세,상해없음
2015052300100353,2015년 5월 23일 13시,토요일,경상북도 경주시 노서동,경상사고,0,0,3,0,차대차 - 측면직각충돌,직진우회전진행방해,건조,맑음,교차로 - 교차로안,승용,여,52세,경상,승용,남,27세,경상
2015052300100354,2015년 5월 23일 13시,토요일,경상북도 의성군 의성읍,중상사고,0,1,0,0,차대사람 - 횡단중,안전운전불이행,건조,맑음,단일로 - 기타,승용,남,54세,상해없음,보행자,여,18세,중상
2015052300100355,2015년 5월 23일 13시,토요일,경상북도 칠곡군 석적읍,중상사고,0,1,0,1,차대차 - 측면직각충돌,신호위반,건조,맑음,교차로 - 교차로안,승용,남,33세,상해없음,승용,여,28세,중상
2015052300100388,2015년 5월 23일 14시,토요일,경상북도 경주시 시래동,중상사고,0,4,2,0,차대차 - 기타,안전운전불이행,건조,맑음,단일로 - 기타,화물,남,57세,상해없음,승용,여,46세,중상
2015052300100389,2015년 5월 23일 14시,토요일,경상북도 영천시 도동,중상사고,0,1,0,0,차대사람 - 보도통행중,보행자보호의무위반,건조,맑음,단일로 - 교량,화물,남,35세,상해없음,보행자,여,64세,중상
2015052300100390,2015년 5월 23일 14시,토요일,경상북도 상주시 낙동면,경상사고,0,0,1,0,차대차 - 추돌 - 주정차중,안전거리미확보,건조,맑음,단일로 - 기타,승용,남,45세,상해없음,승용,여,66세,경상
2015052300100391,2015년 5월 23일 14시,토요일,경상북도 구미시 옥성면,중상사고,0,1,4,0,차대차 - 추돌 - 진행중,안전운전불이행,건조,맑음,단일로 - 기타,화물,남,21세,상해없음,승용,여,34세,경상
2015052300100415,2015년 5월 23일 15시,토요일,경상북도 경주시 산내면,사망사고,1,0,0,0,차대차 - 기타,기타,건조,맑음,교차로 - 교차로안,이륜,남,35세,사망,승용,여,44세,상해없음
2015052300100416,2015년 5월 23일 15시,토요일,경상북도 경주시 서면,경상사고,0,0,2,0,차대차 - 측면직각충돌,안전운전불이행,건조,맑음,단일로 - 기타,승용,남,35세,상해없음,화물,남,36세,경상
2015052300100417,2015년 5월 23일 15시,토요일,경상북도 영천시 고경면,중상사고,0,1,0,0,차대차 - 추돌 - 진행중,안전운전불이행,건조,맑음,단일로 - 기타,건설기계,남,43세,상해없음,농기계,남,51세,중상
2015052300100418,2015년 5월 23일 15시,토요일,경상북도 구미시 고아읍,중상사고,0,2,0,0,차대차 - 기타,신호위반,건조,맑음,교차로 - 교차로안,승용,여,46세,상해없음,화물,남,37세,중상
2015052300100419,2015년 5월 23일 15시,토요일,경상북도 구미시 산동면,중상사고,0,2,0,0,차대차 - 기타,교차로운행방법위반,건조,맑음,교차로 - 교차로안,승용,남,37세,중상,승용,남,40세,중상
2015052300100420,2015년 5월 23일 15시,토요일,경상북도 포항시 남구 장흥동,중상사고,0,1,3,0,차대차 - 측면직각충돌,안전운전불이행,건조,맑음,단일로 - 기타,자전거,남,38세,중상,승용,남,32세,경상
2015052300100461,2015년 5월 23일 16시,토요일,경상북도 경산시 자인면,경상사고,0,0,1,0,차대사람 - 횡단중,안전운전불이행,건조,맑음,단일로 - 기타,승용,남,43세,상해없음,보행자,남,10세,경상
2015052300100462,2015년 5월 23일 16시,토요일,경상북도 예천군 예천읍,중상사고,0,1,0,0,차대차 - 측면직각충돌,안전운전불이행,건조,맑음,교차로 - 교차로안,화물,남,74세,상해없음,자전거,남,53세,중상
2015052300100463,2015년 5월 23일 16시,토요일,경상북도 성주군 대가면,사망사고,1,0,0,0,차량단독 - 기타,안전운전불이행,건조,맑음,기타 - 기타,승용,여,53세,상해없음,,,,
2015052300100464,2015년 5월 23일 16시,토요일,경상북도 영양군 일월면,경상사고,0,0,4,0,차량단독 - 도로외이탈 - 기타,안전운전불이행,건조,맑음,단일로 - 기타,승용,남,44세,경상,,,,
2015052300100505,2015년 5월 23일 17시,토요일,경상북도 경주시 구황동,경상사고,0,0,1,0,차대차 - 측면직각충돌,신호위반,건조,맑음,교차로 - 교차로안,승용,남,24세,상해없음,승용,남,58세,상해없음
2015052300100506,2015년 5월 23일 17시,토요일,경상북도 안동시 송현동,경상사고,0,0,2,0,차대차 - 기타,차로위반,건조,맑음,단일로 - 기타,농기계,남,54세,상해없음,승용,여,58세,경상
2015052300100507,2015년 5월 23일 17시,토요일,경상북도 상주시 중동면,경상사고,0,0,1,1,차대차 - 추돌 - 진행중,교차로운행방법위반,건조,맑음,교차로 - 교차로부근,이륜,여,73세,부상신고,자전거,남,41세,경상
2015052300100508,2015년 5월 23일 17시,토요일,경상북도 경산시 갑제동,중상사고,0,1,0,0,차대사람 - 횡단중,안전운전불이행,건조,맑음,단일로 - 기타,이륜,남,22세,상해없음,보행자,여,65세,중상
2015052300100509,2015년 5월 23일 17시,토요일,경상북도 경산시 사정동,중상사고,0,1,1,0,차대차 - 측면직각충돌,중앙선침범,건조,맑음,단일로 - 기타,승용,여,56세,상해없음,이륜,남,22세,중상
2015052300100549,2015년 5월 23일 18시,토요일,경상북도 경주시 천군동,중상사고,0,1,0,0,차대차 - 기타,안전운전불이행,건조,맑음,단일로 - 기타,승용,여,41세,상해없음,이륜,남,20세,중상
2015052300100550,2015년 5월 23일 18시,토요일,경상북도 안동시 북문동,중상사고,0,1,0,0,차대사람 - 기타,안전운전불이행,건조,맑음,단일로 - 횡단보도부근,승용,남,46세,상해없음,보행자,여,74세,중상
2015052300100551,2015년 5월 23일 18시,토요일,경상북도 영덕군 강구면,중상사고,0,2,0,0,차대차 - 측면직각충돌,차로위반,건조,맑음,단일로 - 기타,승용,남,68세,상해없음,승용,남,56세,중상
2015052300100586,2015년 5월 23일 19시,토요일,경상북도 안동시 남후면,중상사고,0,1,0,0,차대사람 - 기타,안전운전불이행,건조,맑음,단일로 - 기타,승용,남,52세,상해없음,보행자,여,4세,중상
2015052300100587,2015년 5월 23일 19시,토요일,경상북도 김천시 감천면,경상사고,0,0,1,0,차대차 - 측면직각충돌,중앙선침범,건조,맑음,단일로 - 기타,승용,여,56세,상해없음,화물,남,59세,경상
2015052300100607,2015년 5월 23일 20시,토요일,경상북도 경주시 동천동,경상사고,0,0,2,0,차대차 - 기타,안전운전불이행,건조,맑음,교차로 - 교차로부근,승용,남,54세,상해없음,승용,남,41세,경상
2015052300100609,2015년 5월 23일 20시,토요일,경상북도 경주시 탑동,경상사고,0,0,2,0,차대차 - 측면직각충돌,안전운전불이행,건조,맑음,교차로 - 교차로부근,승용,여,41세,상해없음,화물,남,48세,경상
2015052300100610,2015년 5월 23일 20시,토요일,경상북도 포항시 북구 죽도동,중상사고,0,2,0,0,차대차 - 기타,신호위반,건조,맑음,교차로 - 교차로안,원동기,남,30세,중상,승용,남,23세,중상
2015052300100611,2015년 5월 23일 20시,토요일,경상북도 포항시 남구 구룡포읍,사망사고,1,1,0,0,차대사람 - 횡단중,안전운전불이행,건조,맑음,단일로 - 기타,승용,남,72세,상해없음,보행자,여,76세,사망
2015052300100641,2015년 5월 23일 21시,토요일,경상북도 경주시 황남동,부상신고사고,0,0,0,2,차대차 - 기타,교차로운행방법위반,건조,맑음,교차로 - 교차로안,승용,여,60세,상해없음,승용,여,54세,부상신고
2015052300100642,2015년 5월 23일 21시,토요일,경상북도 김천시 감호동,중상사고,0,1,0,0,차대사람 - 횡단중,안전운전불이행,건조,맑음,단일로 - 기타,승용,남,32세,상해없음,보행자,남,47세,중상
2015052300100643,2015년 5월 23일 21시,토요일,경상북도 김천시 삼락동,중상사고,0,1,2,0,차대차 - 측면직각충돌,신호위반,건조,맑음,교차로 - 교차로안,승용,남,38세,상해없음,승용,남,35세,경상
2015052300100644,2015년 5월 23일 21시,토요일,경상북도 영천시 망정동,경상사고,0,0,1,0,차대차 - 정면충돌,신호위반,건조,맑음,교차로 - 교차로안,이륜,남,27세,경상,승용,남,49세,상해없음
2015052300100645,2015년 5월 23일 21시,토요일,경상북도 영천시 금호읍,경상사고,0,0,1,0,차대차 - 측면직각충돌,안전운전불이행,건조,맑음,단일로 - 기타,건설기계,남,38세,기타불명,승용,여,30세,경상
2015052300100646,2015년 5월 23일 21시,토요일,경상북도 포항시 남구 연일읍,중상사고,0,1,0,0,차대차 - 기타,안전운전불이행,건조,맑음,교차로 - 교차로안,승용,여,44세,상해없음,자전거,남,18세,중상
2015052300100670,2015년 5월 23일 22시,토요일,경상북도 김천시 모암동,경상사고,0,0,2,0,차대차 - 측면직각충돌,안전운전불이행,건조,맑음,단일로 - 기타,승용,남,19세,상해없음,특수,남,29세,경상
2015052300100671,2015년 5월 23일 22시,토요일,경상북도 구미시 고아읍,경상사고,0,0,4,0,차대차 - 기타,신호위반,건조,맑음,교차로 - 교차로안,승용,남,30세,상해없음,승용,여,33세,경상
2015052300100699,2015년 5월 23일 23시,토요일,경상북도 포항시 북구 송라면,중상사고,0,1,0,0,차량단독 - 공작물충돌,안전운전불이행,건조,맑음,단일로 - 기타,승용,남,32세,중상,,,,
2015052300100700,2015년 5월 23일 23시,토요일,경상북도 고령군 대가야읍,경상사고,0,0,3,0,차량단독 - 공작물충돌,안전운전불이행,건조,맑음,교차로 - 교차로안,승용,남,18세,경상,,,,
2015052400100008,2015년 5월 24일 00시,일요일,경상북도 경산시 압량면,경상사고,0,0,1,0,차량단독 - 공작물충돌,안전운전불이행,건조,맑음,단일로 - 기타,승용,남,50세,경상,,,,
2015052400100029,2015년 5월 24일 01시,일요일,경상북도 칠곡군 동명면,경상사고,0,0,1,0,차량단독 - 공작물충돌,안전운전불이행,건조,맑음,단일로 - 기타,승용,남,39세,경상,,,,
2015052400100043,2015년 5월 24일 02시,일요일,경상북도 고령군 개진면,중상사고,0,1,0,0,차량단독 - 공작물충돌,안전운전불이행,건조,맑음,단일로 - 기타,화물,남,18세,중상,,,,
2015052400100062,2015년 5월 24일 03시,일요일,경상북도 문경시 영순면,경상사고,0,0,1,0,차량단독 - 공작물충돌,안전운전불이행,건조,맑음,단일로 - 기타,이륜,남,35세,경상,,,,
2015052400100063,2015년 5월 24일 03시,일요일,경상북도 포항시 남구 오천읍,중상사고,0,1,0,0,차대사람 - 기타,안전운전불이행,건조,맑음,단일로 - 기타,승용,남,54세,상해없음,보행자,남,35세,중상
2015052400100078,2015년 5월 24일 04시,일요일,경상북도 경주시 구황동,경상사고,0,0,1,0,차대차 - 기타,안전거리미확보,건조,맑음,교차로 - 교차로부근,승용,여,50세,상해없음,승용,남,42세,경상
2015052400100096,2015년 5월 24일 05시,일요일,경상북도 칠곡군 석적읍,중상사고,0,1,0,0,차대차 - 측면직각충돌,교차로운행방법위반,건조,맑음,교차로 - 교차로안,화물,남,33세,상해없음,승용,남,56세,중상
2015052400100146,2015년 5월 24일 08시,일요일,경상북도 성주군 성주읍,경상사고,0,0,1,0,차대차 - 기타,직진우회전진행방해,건조,맑음,기타 - 기타,승용,여,48세,상해없음,자전거,남,59세,경상
2015052400100169,2015년 5월 24일 09시,일요일,경상북도 경주시 황성동,중상사고,0,1,0,0,차대사람 - 기타,안전운전불이행,건조,맑음,단일로 - 기타,승용,남,48세,상해없음,보행자,여,80세,중상
2015052400100191,2015년 5월 24일 10시,일요일,경상북도 봉화군 소천면,경상사고,0,0,1,0,차대차 - 측면직각충돌,직진우회전진행방해,건조,맑음,교차로 - 교차로안,승용,남,69세,상해없음,승용,여,59세,상해없음
2015052400100216,2015년 5월 24일 11시,일요일,경상북도 경주시 양남면,경상사고,0,0,5,1,차대차 - 추돌 - 진행중,안전운전불이행,건조,맑음,단일로 - 기타,승용,남,58세,상해없음,승용,여,37세,경상
2015052400100217,2015년 5월 24일 11시,일요일,경상북도 경주시 마동,경상사고,0,0,3,1,차대차 - 기타,안전운전불이행,건조,맑음,교차로 - 교차로안,화물,남,73세,상해없음,승용,여,36세,경상
2015052400100218,2015년 5월 24일 11시,일요일,경상북도 군위군 효령면,경상사고,0,0,4,0,차대차 - 추돌 - 진행중,직진우회전진행방해,건조,맑음,교차로 - 교차로부근,승용,남,51세,상해없음,승용,남,50세,경상
2015052400100242,2015년 5월 24일 12시,일요일,경상북도 포항시 북구 송라면,경상사고,0,0,3,0,차대차 - 기타,안전거리미확보,건조,맑음,단일로 - 기타,화물,남,55세,상해없음,승용,여,58세,경상
2015052400100243,2015년 5월 24일 12시,일요일,경상북도 의성군 봉양면,부상신고사고,0,0,0,1,차대차 - 추돌 - 주정차중,안전운전불이행,건조,맑음,단일로 - 기타,승용,남,76세,상해없음,화물,여,54세,기타불명
2015052400100244,2015년 5월 24일 12시,일요일,경상북도 포항시 남구 대도동,경상사고,0,0,1,0,차대차 - 기타,안전운전불이행,건조,맑음,교차로 - 교차로안,승용,남,31세,상해없음,자전거,남,37세,경상
2015052400100267,2015년 5월 24일 13시,일요일,경상북도 포항시 북구 죽도동,경상사고,0,0,1,0,차대차 - 기타,안전거리미확보,건조,맑음,교차로 - 교차로안,승용,남,55세,상해없음,승용,여,28세,경상
2015052400100297,2015년 5월 24일 14시,일요일,경상북도 경주시 구황동,중상사고,0,1,0,0,차량단독 - 공작물충돌,안전운전불이행,건조,맑음,단일로 - 기타,화물,여,57세,중상,,,,
2015052400100298,2015년 5월 24일 14시,일요일,경상북도 안동시 풍산읍,경상사고,0,0,4,0,차대차 - 추돌 - 진행중,안전운전불이행,건조,맑음,단일로 - 기타,승용,남,64세,상해없음,승용,여,43세,경상
2015052400100299,2015년 5월 24일 14시,일요일,경상북도 영주시 상망동,경상사고,0,0,1,0,차대차 - 측면직각충돌,안전운전불이행,건조,맑음,단일로 - 기타,승합,남,39세,상해없음,승용,여,37세,상해없음
2015052400100300,2015년 5월 24일 14시,일요일,경상북도 포항시 남구 장기면,중상사고,0,2,2,0,차대차 - 측면직각충돌,안전운전불이행,건조,맑음,단일로 - 기타,화물,남,50세,상해없음,이륜,남,63세,중상
2015052400100335,2015년 5월 24일 15시,일요일,경상북도 문경시 모전동,경상사고,0,0,4,0,차대차 - 추돌 - 진행중,안전운전불이행,건조,맑음,단일로 - 기타,승용,남,33세,상해없음,승용,남,55세,경상
2015052400100371,2015년 5월 24일 16시,일요일,경상북도 경주시 인왕동,중상사고,0,1,1,0,차대사람 - 기타,보행자보호의무위반,건조,맑음,단일로 - 횡단보도상,승용,여,47세,상해없음,보행자,여,35세,중상
2015052400100372,2015년 5월 24일 16시,일요일,경상북도 영천시 임고면,경상사고,0,0,1,0,차대사람 - 횡단중,안전운전불이행,건조,맑음,단일로 - 기타,승용,남,28세,상해없음,보행자,남,9세,경상
2015052400100373,2015년 5월 24일 16시,일요일,경상북도 구미시 도량동,부상신고사고,0,0,0,1,차대차 - 기타,안전운전불이행,건조,맑음,교차로 - 교차로부근,이륜,남,18세,부상신고,승용,남,41세,상해없음
2015052400100408,2015년 5월 24일 17시,일요일,경상북도 경주시 북군동,중상사고,0,2,0,0,차대차 - 추돌 - 주정차중,안전운전불이행,건조,맑음,단일로 - 기타,승용,남,56세,중상,승용,남,39세,상해없음
2015052400100409,2015년 5월 24일 17시,일요일,경상북도 포항시 북구 장성동,경상사고,0,0,1,0,차대차 - 기타,안전운전불이행,건조,맑음,교차로 - 교차로안,원동기,남,18세,경상,승용,남,28세,상해없음