사고번호,사고일시,요일,시군구,사고내용,사망자수,중상자수,경상자수,부상신고자수,사고유형,법규위반,노면상태,기상상태,도로형태,가해운전자 차종,가해운전자 성별,가해운전자 연령,가해운전자 상해정도,피해운전자 차종,피해운전자 성별,피해운전자 연령,피해운전자 상해정도
2015052400100410,2015년 5월 24일 17시,일요일,경상북도 포항시 북구 장성동,경상사고,0,0,1,0,차대차 - 기타,교차로운행방법위반,건조,맑음,교차로 - 교차로안,승용,남,71세,상해없음,원동기,남,19세,경상
2015052400100411,2015년 5월 24일 17시,일요일,경상북도 김천시 조마면,중상사고,0,1,0,0,차대사람 - 길가장자리구역통행중,안전운전불이행,건조,맑음,단일로 - 기타,이륜,남,35세,상해없음,보행자,여,83세,중상
2015052400100412,2015년 5월 24일 17시,일요일,경상북도 영덕군 축산면,경상사고,0,0,3,1,차대차 - 측면직각충돌,직진우회전진행방해,건조,맑음,교차로 - 교차로안,승용,여,38세,경상,승용,여,44세,상해없음
2015052400100413,2015년 5월 24일 17시,일요일,경상북도 예천군 예천읍,중상사고,0,1,0,0,차량단독 - 전도전복,안전운전불이행,건조,맑음,단일로 - 기타,이륜,남,36세,중상,,,,
2015052400100414,2015년 5월 24일 17시,일요일,경상북도 포항시 남구 오천읍,중상사고,0,1,0,0,차대사람 - 길가장자리구역통행중,안전운전불이행,건조,맑음,단일로 - 기타,승용,남,46세,상해없음,보행자,여,40세,중상
2015052400100415,2015년 5월 24일 17시,일요일,경상북도 포항시 남구 대잠동,부상신고사고,0,0,0,4,차대차 - 기타,안전운전불이행,건조,맑음,단일로 - 기타,승용,남,20세,상해없음,승용,남,27세,부상신고
2015052400100416,2015년 5월 24일 17시,일요일,경상북도 포항시 남구 해도동,중상사고,0,1,0,0,차대차 - 측면직각충돌,직진우회전진행방해,건조,맑음,교차로 - 교차로안,승용,여,36세,상해없음,이륜,남,52세,중상
2015052400100448,2015년 5월 24일 18시,일요일,경상북도 경주시 남산동,부상신고사고,0,0,0,1,차대차 - 측면직각충돌,중앙선침범,건조,맑음,단일로 - 기타,이륜,남,37세,부상신고,승용,남,46세,상해없음
2015052400100470,2015년 5월 24일 19시,일요일,경상북도 경주시 배반동,중상사고,0,1,0,0,차대차 - 기타,중앙선침범,건조,맑음,단일로 - 기타,승용,남,42세,상해없음,이륜,남,31세,중상
2015052400100471,2015년 5월 24일 19시,일요일,경상북도 군위군 효령면,경상사고,0,0,1,0,차대차 - 기타,안전운전불이행,건조,맑음,단일로 - 기타,화물,남,57세,상해없음,원동기,남,74세,경상
2015052400100472,2015년 5월 24일 19시,일요일,경상북도 구미시 상모동,경상사고,0,0,1,0,차대차 - 기타,안전운전불이행,건조,맑음,교차로 - 교차로부근,승용,남,48세,상해없음,자전거,남,8세,경상
2015052400100498,2015년 5월 24일 20시,일요일,경상북도 영천시 금호읍,부상신고사고,0,0,0,1,차대차 - 정면충돌,신호위반,건조,맑음,교차로 - 교차로안,이륜,남,18세,상해없음,승용,남,46세,상해없음
2015052400100499,2015년 5월 24일 20시,일요일,경상북도 성주군 성주읍,중상사고,0,1,0,0,차대사람 - 횡단중,안전운전불이행,건조,맑음,교차로 - 교차로안,승용,여,26세,상해없음,보행자,남,59세,중상
2015052400100500,2015년 5월 24일 20시,일요일,경상북도 포항시 남구 송도동,경상사고,0,0,1,0,차대차 - 기타,중앙선침범,건조,맑음,교차로 - 교차로안,승용,남,30세,상해없음,이륜,남,17세,경상
2015052400100501,2015년 5월 24일 20시,일요일,경상북도 포항시 남구 오천읍,경상사고,0,0,1,0,차대차 - 기타,안전운전불이행,건조,맑음,교차로 - 교차로안,이륜,남,53세,경상,승용,남,40세,상해없음
2015052400100532,2015년 5월 24일 21시,일요일,경상북도 영주시 순흥면,사망사고,1,2,0,0,차대차 - 정면충돌,중앙선침범,건조,맑음,단일로 - 기타,승용,남,58세,중상,승용,남,65세,중상
2015052400100533,2015년 5월 24일 21시,일요일,경상북도 구미시 인의동,경상사고,0,0,1,0,차대차 - 기타,안전운전불이행,건조,맑음,교차로 - 교차로부근,승용,여,33세,상해없음,이륜,남,40세,경상
2015052500100011,2015년 5월 25일 00시,월요일,경상북도 경주시 구황동,경상사고,0,0,2,0,차대차 - 기타,안전운전불이행,건조,맑음,교차로 - 교차로부근,승용,여,35세,상해없음,승용,남,62세,경상
2015052500100012,2015년 5월 25일 00시,월요일,경상북도 포항시 북구 송라면,사망사고,1,0,0,0,차대사람 - 횡단중,안전운전불이행,건조,맑음,교차로 - 교차로안,승용,남,35세,상해없음,보행자,남,51세,사망
2015052500100045,2015년 5월 25일 02시,월요일,경상북도 문경시 점촌동,중상사고,0,1,0,0,차량단독 - 공작물충돌,안전운전불이행,건조,맑음,교차로 - 교차로안,승용,남,57세,상해없음,,,,
2015052500100046,2015년 5월 25일 02시,월요일,경상북도 구미시 원평동,부상신고사고,0,0,0,1,차대차 - 기타,안전운전불이행,건조,맑음,단일로 - 기타,승용,남,26세,부상신고,승용,남,39세,상해없음
2015052500100057,2015년 5월 25일 04시,월요일,경상북도 의성군 안평면,중상사고,0,2,0,0,차량단독 - 공작물충돌,안전운전불이행,건조,맑음,단일로 - 기타,승용,남,47세,중상,,,,
2015052500100073,2015년 5월 25일 05시,월요일,경상북도 경주시 외동읍,경상사고,0,0,2,0,차대차 - 측면직각충돌,신호위반,건조,맑음,교차로 - 교차로안,승용,남,21세,경상,승용,남,48세,경상
2015052500100074,2015년 5월 25일 05시,월요일,경상북도 칠곡군 동명면,중상사고,0,1,0,0,차량단독 - 공작물충돌,안전운전불이행,건조,맑음,단일로 - 횡단보도부근,화물,남,38세,중상,,,,
2015052500100104,2015년 5월 25일 07시,월요일,경상북도 경주시 안강읍,경상사고,0,0,1,0,차대차 - 기타,안전운전불이행,건조,맑음,교차로 - 교차로부근,승용,남,34세,상해없음,승용,여,48세,경상
2015052500100153,2015년 5월 25일 09시,월요일,경상북도 경산시 하양읍,중상사고,0,1,0,0,차량단독 - 기타,안전운전불이행,건조,맑음,단일로 - 기타,이륜,남,71세,중상,,,,
2015052500100154,2015년 5월 25일 09시,월요일,경상북도 청송군 부동면,경상사고,0,0,1,0,차대차 - 측면직각충돌,교차로운행방법위반,건조,맑음,교차로 - 교차로안,승용,남,18세,경상,화물,남,63세,상해없음
2015052500100184,2015년 5월 25일 10시,월요일,경상북도 경주시 배반동,경상사고,0,0,1,0,차대차 - 기타,안전거리미확보,건조,맑음,교차로 - 교차로부근,승용,남,43세,상해없음,승용,여,29세,경상
2015052500100185,2015년 5월 25일 10시,월요일,경상북도 포항시 남구 오천읍,중상사고,0,1,5,0,차대차 - 기타,안전운전불이행,건조,맑음,교차로 - 교차로안,건설기계,남,62세,상해없음,승용,남,49세,경상
2015052500100209,2015년 5월 25일 11시,월요일,경상북도 포항시 북구 상원동,경상사고,0,0,1,0,차대사람 - 횡단중,안전운전불이행,건조,맑음,단일로 - 기타,승용,여,36세,상해없음,보행자,여,90세 이상,경상
2015052500100210,2015년 5월 25일 11시,월요일,경상북도 안동시 서후면,중상사고,0,2,0,0,차대사람 - 기타,안전운전불이행,건조,맑음,단일로 - 기타,승용,남,79세,상해없음,보행자,여,58세,중상
2015052500100211,2015년 5월 25일 11시,월요일,경상북도 영천시 금호읍,중상사고,0,1,0,0,차대차 - 측면직각충돌,교차로운행방법위반,건조,맑음,교차로 - 교차로안,승용,여,53세,상해없음,이륜,남,75세,중상
2015052500100212,2015년 5월 25일 11시,월요일,경상북도 포항시 남구 장기면,중상사고,0,1,0,0,차대사람 - 길가장자리구역통행중,안전운전불이행,건조,맑음,단일로 - 기타,승용,남,48세,상해없음,보행자,여,79세,중상
2015052500100234,2015년 5월 25일 12시,월요일,경상북도 경주시 양북면,중상사고,0,1,1,0,차대차 - 기타,안전운전불이행,건조,맑음,단일로 - 기타,화물,남,71세,상해없음,승용,남,77세,경상
2015052500100235,2015년 5월 25일 12시,월요일,경상북도 포항시 남구 장기면,경상사고,0,0,1,0,차대사람 - 기타,안전운전불이행,건조,맑음,단일로 - 기타,승용,여,58세,상해없음,보행자,여,65세,경상
2015052500100254,2015년 5월 25일 13시,월요일,경상북도 경주시 건천읍,경상사고,0,0,1,0,차대차 - 기타,안전운전불이행,건조,맑음,단일로 - 기타,승용,남,49세,경상,승용,남,28세,상해없음
2015052500100255,2015년 5월 25일 13시,월요일,경상북도 안동시 북후면,경상사고,0,0,2,0,차대차 - 측면직각충돌,안전운전불이행,건조,맑음,단일로 - 기타,화물,남,67세,상해없음,승용,여,60세,경상
2015052500100301,2015년 5월 25일 14시,월요일,경상북도 경주시 동천동,경상사고,0,0,1,0,차대차 - 기타,안전운전불이행,건조,맑음,단일로 - 횡단보도상,기타불명,기타불명,기타불명,기타불명,자전거,남,12세,경상
2015052500100302,2015년 5월 25일 14시,월요일,경상북도 경산시 조영동,중상사고,0,1,0,0,차대차 - 기타,교차로운행방법위반,건조,맑음,교차로 - 교차로안,승용,남,32세,상해없음,이륜,남,34세,중상
2015052500100341,2015년 5월 25일 15시,월요일,경상북도 김천시 대항면,중상사고,0,1,0,0,차대사람 - 횡단중,보행자보호의무위반,건조,맑음,단일로 - 횡단보도상,승용,여,57세,상해없음,보행자,남,6세,중상
2015052500100342,2015년 5월 25일 15시,월요일,경상북도 영덕군 남정면,중상사고,0,2,1,0,차대차 - 추돌 - 주정차중,안전운전불이행,건조,맑음,단일로 - 기타,승용,남,57세,상해없음,승용,여,41세,경상
2015052500100343,2015년 5월 25일 15시,월요일,경상북도 구미시 임수동,경상사고,0,0,1,0,차대차 - 측면직각충돌,안전운전불이행,건조,맑음,기타 - 기타,승용,남,50세,상해없음,승용,여,30세,경상
2015052500100344,2015년 5월 25일 15시,월요일,경상북도 구미시 공단동,중상사고,0,3,1,2,차대차 - 기타,교차로운행방법위반,건조,맑음,교차로 - 교차로안,승합,여,42세,상해없음,승용,남,52세,경상
2015052500100345,2015년 5월 25일 15시,월요일,경상북도 포항시 남구 대도동,경상사고,0,0,1,0,차대차 - 기타,안전운전불이행,건조,맑음,단일로 - 기타,승용,남,41세,상해없음,승용,남,47세,경상
2015052500100346,2015년 5월 25일 15시,월요일,경상북도 포항시 남구 장기면,중상사고,0,2,1,1,차대차 - 기타,중앙선침범,건조,맑음,단일로 - 기타,승용,남,34세,상해없음,승용,남,56세,부상신고
2015052500100347,2015년 5월 25일 15시,월요일,경상북도 포항시 남구 동해면,중상사고,0,2,1,0,차대차 - 기타,안전운전불이행,건조,맑음,단일로 - 기타,승용,여,30세,경상,승용,여,48세,중상
2015052500100382,2015년 5월 25일 16시,월요일,경상북도 포항시 북구 창포동,경상사고,0,0,1,0,차대차 - 기타,안전운전불이행,건조,맑음,단일로 - 기타,자전거,여,9세,경상,승용,남,35세,상해없음
2015052500100383,2015년 5월 25일 16시,월요일,경상북도 포항시 북구 송라면,경상사고,0,0,2,4,차대차 - 기타,안전거리미확보,건조,맑음,단일로 - 기타,화물,남,83세,상해없음,승용,남,33세,경상
2015052500100384,2015년 5월 25일 16시,월요일,경상북도 안동시 천리동,경상사고,0,0,3,0,차대차 - 기타,안전운전불이행,건조,맑음,단일로 - 기타,승용,여,58세,상해없음,승용,남,35세,경상
2015052500100385,2015년 5월 25일 16시,월요일,경상북도 포항시 남구 연일읍,경상사고,0,0,1,0,차대차 - 기타,안전운전불이행,건조,맑음,교차로 - 교차로부근,자전거,남,61세,경상,원동기,남,66세,상해없음
2015052500100425,2015년 5월 25일 17시,월요일,경상북도 경주시 구황동,중상사고,0,2,16,0,차대차 - 기타,안전운전불이행,건조,맑음,단일로 - 기타,승용,여,52세,경상,승용,남,43세,경상
2015052500100426,2015년 5월 25일 17시,월요일,경상북도 김천시 구성면,중상사고,0,1,3,0,차대차 - 측면직각충돌,안전거리미확보,건조,맑음,단일로 - 기타,화물,남,50세,상해없음,승용,여,41세,경상
2015052500100427,2015년 5월 25일 17시,월요일,경상북도 성주군 선남면,경상사고,0,0,1,0,차대차 - 기타,안전운전불이행,건조,맑음,교차로 - 교차로부근,승용,여,41세,상해없음,승용,남,38세,경상
2015052500100485,2015년 5월 25일 19시,월요일,경상북도 안동시 옥동,경상사고,0,0,1,0,차대차 - 측면직각충돌,안전운전불이행,건조,맑음,교차로 - 교차로안,승용,여,52세,상해없음,승용,남,26세,경상
2015052500100486,2015년 5월 25일 19시,월요일,경상북도 영주시 가흥동,중상사고,0,1,1,0,차대차 - 측면직각충돌,신호위반,건조,맑음,교차로 - 교차로안,화물,남,60세,중상,승용,남,21세,경상
2015052500100487,2015년 5월 25일 19시,월요일,경상북도 울진군 울진읍,중상사고,0,1,3,0,차대차 - 측면직각충돌,직진우회전진행방해,건조,맑음,교차로 - 교차로안,승용,여,24세,경상,승용,남,45세,경상
2015052500100516,2015년 5월 25일 20시,월요일,경상북도 경주시 황오동,경상사고,0,0,1,0,차대차 - 기타,안전운전불이행,건조,맑음,단일로 - 기타,승용,남,22세,상해없음,승용,여,43세,경상
2015052500100543,2015년 5월 25일 21시,월요일,경상북도 영천시 신령면,사망사고,1,0,0,0,차량단독 - 공작물충돌,안전운전불이행,건조,맑음,교차로 - 교차로부근,화물,남,48세,사망,,,,
2015052500100544,2015년 5월 25일 21시,월요일,경상북도 경산시 대정동,중상사고,0,1,1,0,차대차 - 기타,안전운전불이행,건조,맑음,교차로 - 교차로부근,승용,남,27세,상해없음,승용,남,61세,경상
2015052500100573,2015년 5월 25일 22시,월요일,경상북도 포항시 북구 죽도동,중상사고,0,1,0,0,차대사람 - 기타,안전운전불이행,건조,맑음,단일로 - 기타,승용,남,32세,상해없음,보행자,남,52세,중상
2015052500100574,2015년 5월 25일 22시,월요일,경상북도 청송군 진보면,경상사고,0,0,1,0,차대차 - 추돌 - 주정차중,안전운전불이행,건조,맑음,단일로 - 기타,승용,남,54세,상해없음,화물,남,52세,경상
2015052600100008,2015년 5월 26일 00시,화요일,경상북도 구미시 사곡동,중상사고,0,1,0,0,차대사람 - 기타,안전운전불이행,건조,맑음,교차로 - 교차로안,승용,남,30세,상해없음,보행자,여,48세,중상
2015052600100009,2015년 5월 26일 00시,화요일,경상북도 포항시 남구 오천읍,경상사고,0,0,1,0,차대차 - 추돌 - 진행중,안전운전불이행,건조,맑음,단일로 - 기타,승용,남,66세,상해없음,승용,남,56세,경상
2015052600100047,2015년 5월 26일 05시,화요일,경상북도 김천시 백옥동,사망사고,1,0,0,0,차량단독 - 전도전복,안전운전불이행,건조,맑음,단일로 - 기타,승용,남,22세,사망,,,,
2015052600100048,2015년 5월 26일 05시,화요일,경상북도 구미시 사곡동,경상사고,0,0,1,0,차대차 - 측면직각충돌,안전운전불이행,건조,맑음,단일로 - 기타,승용,남,34세,상해없음,승용,남,23세,경상
2015052600100061,2015년 5월 26일 06시,화요일,경상북도 고령군 덕곡면,중상사고,0,2,1,0,차대차 - 측면직각충돌,안전운전불이행,건조,맑음,단일로 - 기타,농기계,남,72세,중상,화물,남,64세,경상
2015052600100096,2015년 5월 26일 07시,화요일,경상북도 포항시 북구 죽도동,경상사고,0,0,1,0,차대사람 - 기타,안전운전불이행,건조,맑음,단일로 - 기타,승용,여,38세,상해없음,보행자,여,52세,경상
2015052600100097,2015년 5월 26일 07시,화요일,경상북도 상주시 가장동,경상사고,0,0,1,0,차대사람 - 길가장자리구역통행중,안전운전불이행,건조,맑음,단일로 - 기타,승합,남,45세,상해없음,보행자,남,18세,경상
2015052600100098,2015년 5월 26일 07시,화요일,경상북도 고령군 개진면,중상사고,0,1,0,0,차대차 - 측면직각충돌,안전운전불이행,건조,맑음,단일로 - 기타,승용,남,47세,상해없음,자전거,여,55세,중상
2015052600100129,2015년 5월 26일 08시,화요일,경상북도 안동시 와룡면,중상사고,0,1,1,0,차대차 - 기타,안전운전불이행,건조,맑음,교차로 - 교차로안,승용,여,36세,경상,승용,여,42세,중상
2015052600100130,2015년 5월 26일 08시,화요일,경상북도 구미시 지산동,중상사고,0,1,1,0,차대차 - 기타,안전운전불이행,건조,맑음,단일로 - 기타,승합,남,54세,상해없음,승용,남,61세,중상
2015052600100169,2015년 5월 26일 09시,화요일,경상북도 영천시 신령면,중상사고,0,1,0,0,차대사람 - 횡단중,안전운전불이행,건조,맑음,단일로 - 기타,화물,남,66세,상해없음,보행자,여,79세,중상
2015052600100170,2015년 5월 26일 09시,화요일,경상북도 청도군 청도읍,중상사고,0,1,1,0,차대차 - 측면직각충돌,안전운전불이행,건조,맑음,단일로 - 기타,이륜,남,45세,경상,승용,여,64세,상해없음
2015052600100171,2015년 5월 26일 09시,화요일,경상북도 구미시 형곡동,경상사고,0,0,2,0,차대차 - 기타,안전운전불이행,건조,맑음,단일로 - 기타,화물,남,29세,상해없음,승용,여,41세,경상
2015052600100172,2015년 5월 26일 09시,화요일,경상북도 구미시 원평동,경상사고,0,0,1,0,차대사람 - 기타,보행자보호의무위반,건조,맑음,단일로 - 횡단보도상,승용,남,67세,상해없음,보행자,남,39세,경상
2015052600100208,2015년 5월 26일 10시,화요일,경상북도 상주시 남성동,중상사고,0,1,0,0,차대사람 - 길가장자리구역통행중,안전운전불이행,건조,맑음,교차로 - 교차로안,화물,기타불명,기타불명,기타불명,보행자,여,66세,중상
2015052600100209,2015년 5월 26일 10시,화요일,경상북도 문경시 영순면,경상사고,0,0,1,0,차량단독 - 전도전복,안전운전불이행,건조,흐림,단일로 - 기타,화물,남,62세,상해없음,,,,
2015052600100210,2015년 5월 26일 10시,화요일,경상북도 고령군 개진면,중상사고,0,1,0,0,차량단독 - 도로외이탈 - 기타,안전운전불이행,건조,맑음,단일로 - 기타,원동기,남,52세,중상,,,,
2015052600100211,2015년 5월 26일 10시,화요일,경상북도 구미시 공단동,경상사고,0,0,1,0,차대차 - 기타,안전운전불이행,건조,맑음,교차로 - 교차로부근,승용,남,75세,상해없음,승합,남,24세,경상
2015052600100241,2015년 5월 26일 11시,화요일,경상북도 경주시 강동면,중상사고,0,1,0,0,차대차 - 기타,안전운전불이행,건조,맑음,단일로 - 기타,기타불명,기타불명,기타불명,기타불명,승용,여,52세,중상
2015052600100243,2015년 5월 26일 11시,화요일,경상북도 문경시 모전동,중상사고,0,1,0,0,차대차 - 측면직각충돌,신호위반,건조,맑음,교차로 - 교차로안,원동기,남,65세,중상,승용,남,62세,상해없음
2015052600100244,2015년 5월 26일 11시,화요일,경상북도 영덕군 병곡면,경상사고,0,0,1,0,차량단독 - 기타,안전운전불이행,건조,맑음,단일로 - 기타,화물,남,32세,상해없음,,,,
2015052600100273,2015년 5월 26일 12시,화요일,경상북도 안동시 안막동,경상사고,0,0,1,0,차량단독 - 공작물충돌,안전운전불이행,건조,맑음,단일로 - 횡단보도부근,승용,남,75세,경상,,,,
2015052600100274,2015년 5월 26일 12시,화요일,경상북도 경산시 와촌면,중상사고,0,1,2,0,차대차 - 기타,안전운전불이행,건조,맑음,단일로 - 기타,화물,남,47세,상해없음,승용,남,47세,경상
2015052600100275,2015년 5월 26일 12시,화요일,경상북도 구미시 선산읍,중상사고,0,1,0,0,차대차 - 기타,신호위반,건조,맑음,교차로 - 교차로안,승용,남,49세,상해없음,승용,여,44세,중상
2015052600100276,2015년 5월 26일 12시,화요일,경상북도 포항시 남구 오천읍,경상사고,0,0,4,1,차대차 - 기타,교차로운행방법위반,건조,맑음,교차로 - 교차로안,승용,남,45세,상해없음,승용,남,34세,경상
2015052600100313,2015년 5월 26일 13시,화요일,경상북도 경주시 진현동,중상사고,0,1,0,0,차대차 - 기타,중앙선침범,건조,맑음,단일로 - 기타,승합,남,59세,상해없음,자전거,남,22세,중상
2015052600100314,2015년 5월 26일 13시,화요일,경상북도 구미시 원평동,경상사고,0,0,1,0,차대사람 - 기타,안전운전불이행,건조,맑음,기타 - 기타,승용,남,73세,상해없음,보행자,여,61세,경상
2015052600100356,2015년 5월 26일 14시,화요일,경상북도 포항시 북구 남빈동,경상사고,0,0,2,0,차대차 - 기타,신호위반,건조,맑음,교차로 - 교차로안,승용,남,58세,상해없음,승용,남,58세,경상
2015052600100357,2015년 5월 26일 14시,화요일,경상북도 칠곡군 북삼읍,경상사고,0,0,1,1,차대차 - 측면직각충돌,안전거리미확보,건조,맑음,단일로 - 기타,승용,여,32세,부상신고,승용,남,49세,경상
2015052600100358,2015년 5월 26일 14시,화요일,경상북도 경산시 와촌면,중상사고,0,1,0,0,차대차 - 기타,안전운전불이행,건조,맑음,교차로 - 교차로부근,원동기,남,68세,중상,승용,여,50세,상해없음
2015052600100383,2015년 5월 26일 15시,화요일,경상북도 포항시 북구 우현동,경상사고,0,0,1,0,차대사람 - 차도통행중,안전운전불이행,건조,맑음,단일로 - 기타,승용,여,49세,상해없음,보행자,여,78세,경상
2015052600100384,2015년 5월 26일 15시,화요일,경상북도 포항시 북구 죽도동,경상사고,0,0,2,0,차대차 - 측면직각충돌,안전거리미확보,건조,맑음,단일로 - 기타,승용,여,54세,상해없음,원동기,남,33세,경상
2015052600100385,2015년 5월 26일 15시,화요일,경상북도 영덕군 강구면,경상사고,0,0,3,0,차대차 - 추돌 - 진행중,안전거리미확보,건조,맑음,교차로 - 교차로부근,화물,남,63세,상해없음,화물,남,48세,경상
2015052600100438,2015년 5월 26일 16시,화요일,경상북도 포항시 북구 기계면,경상사고,0,0,1,0,차대사람 - 기타,안전운전불이행,건조,맑음,단일로 - 기타,승용,남,30세,상해없음,보행자,남,77세,경상
2015052600100439,2015년 5월 26일 16시,화요일,경상북도 안동시 송천동,경상사고,0,0,2,0,차대차 - 추돌 - 진행중,안전운전불이행,건조,맑음,단일로 - 기타,승합,남,50세,상해없음,승용,여,47세,경상
2015052600100440,2015년 5월 26일 16시,화요일,경상북도 김천시 평화동,중상사고,0,1,0,0,차대차 - 측면직각충돌,중앙선침범,건조,맑음,단일로 - 기타,승용,남,84세,상해없음,이륜,남,32세,중상
2015052600100441,2015년 5월 26일 16시,화요일,경상북도 칠곡군 동명면,중상사고,0,1,3,1,차량단독 - 전도전복,안전운전불이행,건조,맑음,단일로 - 기타,화물,남,62세,부상신고,,,,
2015052600100500,2015년 5월 26일 17시,화요일,경상북도 상주시 인평동,중상사고,0,1,0,0,차대사람 - 길가장자리구역통행중,안전운전불이행,건조,맑음,단일로 - 기타,화물,남,77세,상해없음,보행자,여,79세,중상
2015052600100501,2015년 5월 26일 17시,화요일,경상북도 문경시 호계면,중상사고,0,1,0,0,차대차 - 기타,안전운전불이행,건조,맑음,단일로 - 기타,화물,남,44세,상해없음,건설기계,남,59세,중상
2015052600100502,2015년 5월 26일 17시,화요일,경상북도 포항시 남구 오천읍,경상사고,0,0,2,0,차대차 - 측면직각충돌,직진우회전진행방해,건조,맑음,교차로 - 교차로안,승용,남,55세,경상,승용,남,31세,경상
2015052600100562,2015년 5월 26일 18시,화요일,경상북도 안동시 운흥동,중상사고,0,1,0,0,차대차 - 측면직각충돌,직진우회전진행방해,건조,맑음,교차로 - 교차로부근,자전거,남,75세,중상,승용,남,55세,상해없음
2015052600100563,2015년 5월 26일 18시,화요일,경상북도 안동시 정하동,중상사고,0,2,2,0,차대차 - 측면직각충돌,신호위반,건조,맑음,교차로 - 교차로안,승용,남,61세,상해없음,승용,여,37세,경상
2015052600100564,2015년 5월 26일 18시,화요일,경상북도 안동시 임동면,부상신고사고,0,0,0,1,차량단독 - 기타,안전운전불이행,건조,맑음,단일로 - 기타,화물,남,61세,부상신고,,,,
2015052600100565,2015년 5월 26일 18시,화요일,경상북도 김천시 어모면,사망사고,1,0,0,0,차량단독 - 공작물충돌,안전운전불이행,건조,맑음,단일로 - 기타,농기계,여,68세,사망,,,,
2015052600100566,2015년 5월 26일 18시,화요일,경상북도 영천시 금호읍,경상사고,0,0,1,0,차대차 - 추돌 - 진행중,안전운전불이행,건조,맑음,단일로 - 기타,승용,남,43세,상해없음,승용,여,54세,경상
2015052600100567,2015년 5월 26일 18시,화요일,경상북도 성주군 성주읍,경상사고,0,0,2,0,차대차 - 기타,안전운전불이행,건조,맑음,기타 - 기타,승용,남,33세,상해없음,승용,남,57세,경상
2015052600100568,2015년 5월 26일 18시,화요일,경상북도 구미시 임은동,경상사고,0,0,1,0,차대차 - 기타,안전거리미확보,건조,맑음,단일로 - 기타,승용,남,26세,상해없음,승합,남,53세,경상
2015052600100599,2015년 5월 26일 19시,화요일,경상북도 포항시 북구 득량동,중상사고,0,1,0,0,차대차 - 기타,안전운전불이행,건조,맑음,교차로 - 교차로안,승용,남,29세,상해없음,원동기,남,71세,중상
2015052600100600,2015년 5월 26일 19시,화요일,경상북도 경산시 중방동,중상사고,0,1,0,0,차대사람 - 기타,안전운전불이행,건조,맑음,단일로 - 기타,승용,여,31세,상해없음,보행자,남,66세,중상
2015052600100601,2015년 5월 26일 19시,화요일,경상북도 구미시 도량동,경상사고,0,0,1,0,차대차 - 측면직각충돌,교차로운행방법위반,건조,맑음,교차로 - 교차로안,승용,남,44세,상해없음,자전거,남,13세,경상
2015052600100602,2015년 5월 26일 19시,화요일,경상북도 포항시 남구 오천읍,경상사고,0,0,2,0,차대차 - 측면직각충돌,안전운전불이행,건조,맑음,교차로 - 교차로부근,승용,남,58세,상해없음,화물,남,55세,기타불명
2015052600100700,2015년 5월 26일 22시,화요일,경상북도 구미시 형곡동,중상사고,0,1,0,0,차대차 - 기타,안전운전불이행,건조,맑음,단일로 - 기타,승용,남,31세,상해없음,이륜,남,43세,중상
2015052700100017,2015년 5월 27일 00시,수요일,경상북도 경주시 황남동,중상사고,0,1,1,1,차대차 - 기타,안전거리미확보,건조,맑음,교차로 - 교차로부근,화물,남,44세,부상신고,승용,남,55세,경상
2015052700100018,2015년 5월 27일 00시,수요일,경상북도 구미시 고아읍,부상신고사고,0,0,0,1,차량단독 - 전도전복,안전운전불이행,건조,맑음,단일로 - 기타,이륜,남,64세,부상신고,,,,
2015052700100037,2015년 5월 27일 02시,수요일,경상북도 영주시 영주동,경상사고,0,0,1,0,차대사람 - 횡단중,보행자보호의무위반,건조,맑음,단일로 - 횡단보도상,승용,남,28세,상해없음,보행자,남,48세,경상
2015052700100054,2015년 5월 27일 04시,수요일,경상북도 영주시 가흥동,중상사고,0,1,0,0,차대차 - 측면직각충돌,교차로운행방법위반,건조,맑음,교차로 - 교차로안,화물,남,34세,상해없음,승용,남,80세,중상
2015052700100099,2015년 5월 27일 07시,수요일,경상북도 상주시 무양동,중상사고,0,1,1,0,차대차 - 측면직각충돌,교차로운행방법위반,건조,맑음,교차로 - 교차로안,승용,남,46세,경상,승용,남,48세,중상
2015052700100100,2015년 5월 27일 07시,수요일,경상북도 칠곡군 약목면,중상사고,0,1,0,0,차대사람 - 기타,안전운전불이행,건조,맑음,단일로 - 기타,화물,남,65세,상해없음,보행자,여,76세,중상
2015052700100101,2015년 5월 27일 07시,수요일,경상북도 구미시 선산읍,중상사고,0,1,0,0,차대차 - 추돌 - 진행중,안전거리미확보,건조,맑음,기타 - 기타,건설기계,남,34세,상해없음,건설기계,남,62세,상해없음
2015052700100102,2015년 5월 27일 07시,수요일,경상북도 포항시 남구 해도동,중상사고,0,1,0,0,차대차 - 기타,안전운전불이행,건조,맑음,교차로 - 교차로안,승용,남,54세,상해없음,자전거,남,55세,중상
2015052700100137,2015년 5월 27일 08시,수요일,경상북도 상주시 내서면,경상사고,0,0,1,0,차대차 - 기타,안전운전불이행,건조,맑음,단일로 - 기타,화물,남,81세,상해없음,자전거,남,77세,경상
2015052700100138,2015년 5월 27일 08시,수요일,경상북도 구미시 선산읍,중상사고,0,1,0,0,차대차 - 측면직각충돌,교차로운행방법위반,건조,맑음,교차로 - 교차로안,이륜,여,68세,중상,승용,여,35세,상해없음