사고번호,사고일시,요일,시군구,사고내용,사망자수,중상자수,경상자수,부상신고자수,사고유형,법규위반,노면상태,기상상태,도로형태,가해운전자 차종,가해운전자 성별,가해운전자 연령,가해운전자 상해정도,피해운전자 차종,피해운전자 성별,피해운전자 연령,피해운전자 상해정도
2015052700100182,2015년 5월 27일 09시,수요일,경상북도 칠곡군 가산면,중상사고,0,1,0,0,차대차 - 기타,안전운전불이행,건조,맑음,단일로 - 기타,승용,남,46세,상해없음,이륜,남,78세,중상
2015052700100183,2015년 5월 27일 09시,수요일,경상북도 군위군 군위읍,중상사고,0,1,0,0,차대사람 - 길가장자리구역통행중,안전운전불이행,건조,맑음,단일로 - 기타,화물,남,50세,상해없음,보행자,여,80세,중상
2015052700100184,2015년 5월 27일 09시,수요일,경상북도 구미시 인의동,경상사고,0,0,1,0,차대차 - 측면직각충돌,안전운전불이행,건조,맑음,교차로 - 교차로안,자전거,남,22세,경상,화물,남,44세,상해없음
2015052700100185,2015년 5월 27일 09시,수요일,경상북도 포항시 남구 대잠동,중상사고,0,1,0,0,차대차 - 측면직각충돌,신호위반,건조,맑음,단일로 - 기타,승용,남,41세,상해없음,승용,남,32세,중상
2015052700100204,2015년 5월 27일 10시,수요일,경상북도 포항시 남구 연일읍,중상사고,0,2,1,0,차대차 - 추돌 - 진행중,안전운전불이행,건조,맑음,단일로 - 기타,화물,남,61세,경상,승용,여,41세,중상
2015052700100205,2015년 5월 27일 10시,수요일,경상북도 포항시 남구 해도동,경상사고,0,0,1,0,차대차 - 측면직각충돌,불법유턴,건조,맑음,단일로 - 기타,자전거,남,72세,경상,승용,여,50세,상해없음
2015052700100233,2015년 5월 27일 11시,수요일,경상북도 경주시 성동동,중상사고,0,1,0,0,차대차 - 기타,안전운전불이행,건조,맑음,교차로 - 교차로안,자전거,남,59세,중상,승용,남,49세,상해없음
2015052700100261,2015년 5월 27일 12시,수요일,경상북도 안동시 운흥동,중상사고,0,2,0,0,차대차 - 기타,안전운전불이행,건조,맑음,교차로 - 교차로안,승용,여,55세,중상,승용,여,60세,중상
2015052700100262,2015년 5월 27일 12시,수요일,경상북도 문경시 영순면,경상사고,0,0,1,0,차량단독 - 전도전복,안전운전불이행,건조,맑음,단일로 - 기타,원동기,여,69세,경상,,,,
2015052700100263,2015년 5월 27일 12시,수요일,경상북도 영덕군 영덕읍,경상사고,0,0,1,0,차대차 - 측면직각충돌,안전운전불이행,건조,맑음,교차로 - 교차로부근,화물,남,39세,상해없음,농기계,남,59세,경상
2015052700100299,2015년 5월 27일 13시,수요일,경상북도 안동시 금곡동,중상사고,0,1,0,0,차대사람 - 횡단중,신호위반,건조,맑음,단일로 - 기타,승용,남,72세,상해없음,보행자,남,12세,중상
2015052700100300,2015년 5월 27일 13시,수요일,경상북도 예천군 풍양면,중상사고,0,2,0,0,차대차 - 추돌 - 진행중,안전운전불이행,건조,맑음,교차로 - 교차로부근,승용,남,51세,상해없음,화물,여,55세,중상
2015052700100338,2015년 5월 27일 14시,수요일,경상북도 상주시 낙동면,중상사고,0,3,0,1,차대차 - 측면직각충돌,교차로운행방법위반,건조,맑음,교차로 - 교차로안,승용,남,59세,중상,승용,남,59세,부상신고
2015052700100339,2015년 5월 27일 14시,수요일,경상북도 영주시 안정면,중상사고,0,1,1,0,차대차 - 측면직각충돌,교차로운행방법위반,건조,맑음,교차로 - 교차로안,승용,남,52세,경상,승용,남,42세,중상
2015052700100340,2015년 5월 27일 14시,수요일,경상북도 경산시 압량면,경상사고,0,0,2,0,차대차 - 기타,차로위반,건조,맑음,교차로 - 교차로부근,이륜,남,33세,상해없음,승용,여,26세,경상
2015052700100341,2015년 5월 27일 14시,수요일,경상북도 고령군 성산면,중상사고,0,1,1,0,차량단독 - 공작물충돌,안전운전불이행,건조,맑음,단일로 - 기타,승용,남,56세,경상,,,,
2015052700100342,2015년 5월 27일 14시,수요일,경상북도 구미시 사곡동,경상사고,0,0,1,0,차대차 - 추돌 - 진행중,차로위반,건조,맑음,단일로 - 기타,승합,남,62세,상해없음,이륜,남,47세,경상
2015052700100343,2015년 5월 27일 14시,수요일,경상북도 구미시 지산동,경상사고,0,0,2,0,차대차 - 추돌 - 진행중,안전운전불이행,건조,맑음,단일로 - 기타,승합,남,52세,상해없음,화물,남,66세,경상
2015052700100344,2015년 5월 27일 14시,수요일,경상북도 구미시 상모동,경상사고,0,0,2,0,차대차 - 측면직각충돌,안전운전불이행,건조,맑음,교차로 - 교차로안,승용,남,45세,상해없음,승용,남,61세,기타불명
2015052700100345,2015년 5월 27일 14시,수요일,경상북도 구미시 장천면,중상사고,0,1,0,0,차량단독 - 전도전복,안전운전불이행,건조,맑음,단일로 - 기타,이륜,남,49세,중상,,,,
2015052700100381,2015년 5월 27일 15시,수요일,경상북도 김천시 덕곡동,중상사고,0,1,0,0,차대사람 - 횡단중,안전운전불이행,건조,맑음,단일로 - 기타,승용,여,41세,상해없음,보행자,남,6세,중상
2015052700100382,2015년 5월 27일 15시,수요일,경상북도 경산시 옥산동,경상사고,0,0,1,0,차대사람 - 기타,안전운전불이행,건조,맑음,단일로 - 횡단보도상,승용,남,62세,상해없음,보행자,여,7세,경상
2015052700100383,2015년 5월 27일 15시,수요일,경상북도 포항시 남구 오천읍,경상사고,0,0,1,0,차대차 - 측면직각충돌,신호위반,건조,맑음,교차로 - 교차로안,승용,여,51세,상해없음,승용,남,59세,경상
2015052700100422,2015년 5월 27일 16시,수요일,경상북도 김천시 신음동,중상사고,0,1,0,0,차대차 - 측면직각충돌,안전운전불이행,건조,맑음,교차로 - 교차로안,화물,남,44세,상해없음,자전거,여,54세,중상
2015052700100423,2015년 5월 27일 16시,수요일,경상북도 영천시 도동,중상사고,0,1,1,0,차대차 - 측면직각충돌,중앙선침범,건조,맑음,단일로 - 기타,승용,여,56세,상해없음,승용,남,38세,경상
2015052700100424,2015년 5월 27일 16시,수요일,경상북도 경산시 옥곡동,경상사고,0,0,1,0,차대사람 - 기타,보행자보호의무위반,건조,맑음,단일로 - 횡단보도상,승용,남,59세,상해없음,보행자,여,11세,경상
2015052700100425,2015년 5월 27일 16시,수요일,경상북도 포항시 남구 오천읍,경상사고,0,0,1,0,차대차 - 측면직각충돌,교차로운행방법위반,건조,맑음,교차로 - 교차로안,특수,남,43세,상해없음,승용,남,65세,경상
2015052700100469,2015년 5월 27일 17시,수요일,경상북도 경주시 충효동,경상사고,0,0,1,0,차대차 - 기타,안전운전불이행,건조,맑음,단일로 - 기타,승용,남,75세,상해없음,승용,여,66세,경상
2015052700100470,2015년 5월 27일 17시,수요일,경상북도 경주시 구정동,경상사고,0,0,1,0,차대차 - 측면직각충돌,안전운전불이행,건조,맑음,교차로 - 교차로부근,화물,남,50세,상해없음,승용,남,45세,경상
2015052700100471,2015년 5월 27일 17시,수요일,경상북도 포항시 북구 죽도동,경상사고,0,0,1,0,차대차 - 기타,안전운전불이행,건조,맑음,단일로 - 기타,승용,여,24세,상해없음,자전거,남,77세,경상
2015052700100473,2015년 5월 27일 17시,수요일,경상북도 영주시 부석면,중상사고,0,1,2,0,차대차 - 측면직각충돌,교차로운행방법위반,건조,맑음,교차로 - 교차로안,승용,여,47세,경상,승용,남,62세,중상
2015052700100474,2015년 5월 27일 17시,수요일,경상북도 문경시 가은읍,중상사고,0,1,0,0,차대사람 - 기타,안전운전불이행,건조,맑음,단일로 - 기타,승용,여,51세,상해없음,보행자,여,8세,중상
2015052700100475,2015년 5월 27일 17시,수요일,경상북도 경산시 용성면,중상사고,0,2,0,0,차대차 - 기타,안전운전불이행,건조,맑음,단일로 - 기타,승용,남,57세,상해없음,농기계,남,51세,중상
2015052700100476,2015년 5월 27일 17시,수요일,경상북도 구미시 원평동,중상사고,0,1,0,0,차대사람 - 기타,중앙선침범,건조,맑음,단일로 - 기타,승용,여,24세,상해없음,보행자,여,68세,중상
2015052700100477,2015년 5월 27일 17시,수요일,경상북도 구미시 원평동,부상신고사고,0,0,0,1,차량단독 - 기타,안전운전불이행,기타,맑음,교차로 - 교차로부근,원동기,남,36세,부상신고,,,,
2015052700100530,2015년 5월 27일 18시,수요일,경상북도 경주시 천북면,경상사고,0,0,1,0,차대차 - 기타,안전운전불이행,건조,맑음,단일로 - 기타,승용,남,73세,상해없음,승용,여,54세,경상
2015052700100531,2015년 5월 27일 18시,수요일,경상북도 상주시 화서면,중상사고,0,2,0,0,차량단독 - 공작물충돌,안전운전불이행,건조,맑음,단일로 - 기타,화물,남,72세,중상,,,,
2015052700100532,2015년 5월 27일 18시,수요일,경상북도 상주시 낙양동,경상사고,0,0,1,0,차대차 - 측면직각충돌,안전운전불이행,건조,맑음,단일로 - 기타,승용,여,46세,상해없음,자전거,남,10세,경상
2015052700100565,2015년 5월 27일 19시,수요일,경상북도 경주시 충효동,경상사고,0,0,1,0,차대차 - 측면직각충돌,신호위반,건조,맑음,교차로 - 교차로안,화물,남,66세,상해없음,승용,남,38세,경상
2015052700100566,2015년 5월 27일 19시,수요일,경상북도 상주시 낙동면,경상사고,0,0,1,0,차대차 - 기타,안전운전불이행,건조,맑음,교차로 - 교차로안,화물,남,47세,상해없음,이륜,남,72세,경상
2015052700100567,2015년 5월 27일 19시,수요일,경상북도 성주군 가천면,경상사고,0,0,1,0,차대차 - 추돌 - 주정차중,안전운전불이행,건조,맑음,기타 - 기타,이륜,남,65세,경상,승용,남,38세,상해없음
2015052700100591,2015년 5월 27일 20시,수요일,경상북도 경주시 천북면,중상사고,0,1,0,1,차대차 - 기타,안전운전불이행,습기,맑음,단일로 - 기타,화물,남,57세,부상신고,화물,남,60세,중상
2015052700100592,2015년 5월 27일 20시,수요일,경상북도 경주시 황성동,경상사고,0,0,1,0,차대차 - 측면직각충돌,보행자보호의무위반,건조,맑음,단일로 - 기타,화물,남,54세,상해없음,자전거,남,14세,경상
2015052700100593,2015년 5월 27일 20시,수요일,경상북도 포항시 북구 장성동,경상사고,0,0,1,0,차량단독 - 공작물충돌,안전운전불이행,건조,맑음,단일로 - 기타,승용,여,65세,상해없음,,,,
2015052700100594,2015년 5월 27일 20시,수요일,경상북도 경산시 사동,경상사고,0,0,1,0,차량단독 - 기타,안전운전불이행,건조,맑음,단일로 - 기타,자전거,남,51세,경상,,,,
2015052700100595,2015년 5월 27일 20시,수요일,경상북도 구미시 인의동,중상사고,0,1,0,0,차량단독 - 기타,기타,건조,맑음,단일로 - 기타,승용,남,41세,상해없음,,,,
2015052700100656,2015년 5월 27일 22시,수요일,경상북도 김천시 부곡동,중상사고,0,1,1,0,차대차 - 측면직각충돌,안전운전불이행,건조,맑음,단일로 - 기타,승용,남,37세,상해없음,승용,여,34세,경상
2015052700100657,2015년 5월 27일 22시,수요일,경상북도 경산시 진량읍,중상사고,0,1,0,0,차대차 - 기타,안전운전불이행,건조,맑음,교차로 - 교차로안,승용,여,23세,상해없음,이륜,남,21세,중상
2015052700100658,2015년 5월 27일 22시,수요일,경상북도 구미시 고아읍,경상사고,0,0,1,0,차량단독 - 공작물충돌,안전운전불이행,건조,맑음,단일로 - 기타,승용,남,22세,상해없음,,,,
2015052800100021,2015년 5월 28일 01시,목요일,경상북도 포항시 북구 동빈1가,경상사고,0,0,1,0,차대차 - 기타,안전운전불이행,건조,맑음,교차로 - 교차로안,승용,남,46세,상해없음,승용,여,25세,상해없음
2015052800100022,2015년 5월 28일 01시,목요일,경상북도 경산시 압량면,경상사고,0,0,1,0,차대차 - 기타,안전운전불이행,건조,맑음,단일로 - 기타,이륜,남,27세,상해없음,승용,남,36세,경상
2015052800100051,2015년 5월 28일 05시,목요일,경상북도 구미시 선산읍,부상신고사고,0,0,0,1,차대차 - 측면직각충돌,교차로운행방법위반,건조,맑음,교차로 - 교차로안,자전거,여,78세,부상신고,승용,남,51세,상해없음
2015052800100062,2015년 5월 28일 06시,목요일,경상북도 문경시 문경읍,경상사고,0,0,1,0,차량단독 - 공작물충돌,안전운전불이행,건조,맑음,단일로 - 기타,화물,남,60세,경상,,,,
2015052800100131,2015년 5월 28일 08시,목요일,경상북도 포항시 북구 장성동,중상사고,0,1,1,0,차대차 - 기타,안전거리미확보,건조,맑음,단일로 - 기타,승용,여,30세,상해없음,승용,여,43세,경상
2015052800100132,2015년 5월 28일 08시,목요일,경상북도 영천시 임고면,중상사고,0,1,0,0,차대차 - 측면직각충돌,교차로운행방법위반,건조,흐림,교차로 - 교차로안,승합,남,50세,상해없음,승용,여,27세,중상
2015052800100176,2015년 5월 28일 09시,목요일,경상북도 칠곡군 약목면,중상사고,0,1,0,0,차대차 - 측면직각충돌,안전운전불이행,건조,맑음,단일로 - 기타,승용,남,66세,상해없음,이륜,남,75세,중상
2015052800100200,2015년 5월 28일 10시,목요일,경상북도 경산시 옥산동,경상사고,0,0,1,0,차대차 - 측면직각충돌,안전운전불이행,건조,맑음,단일로 - 기타,화물,남,21세,상해없음,승용,여,45세,경상
2015052800100226,2015년 5월 28일 11시,목요일,경상북도 경산시 백천동,경상사고,0,0,1,0,차대차 - 기타,차로위반,건조,맑음,단일로 - 기타,화물,남,54세,경상,화물,남,59세,상해없음
2015052800100270,2015년 5월 28일 12시,목요일,경상북도 안동시 송천동,중상사고,0,1,1,1,차대차 - 기타,안전운전불이행,건조,맑음,기타 - 기타,승용,남,60세,상해없음,화물,남,54세,경상
2015052800100271,2015년 5월 28일 12시,목요일,경상북도 영주시 풍기읍,중상사고,0,1,0,0,차대차 - 측면직각충돌,교차로운행방법위반,건조,맑음,단일로 - 기타,이륜,남,51세,상해없음,이륜,남,49세,중상
2015052800100294,2015년 5월 28일 13시,목요일,경상북도 봉화군 봉화읍,중상사고,0,1,0,0,차대사람 - 길가장자리구역통행중,안전운전불이행,건조,맑음,단일로 - 교량,건설기계,남,58세,상해없음,보행자,남,63세,중상
2015052800100295,2015년 5월 28일 13시,목요일,경상북도 포항시 남구 해도동,경상사고,0,0,2,0,차대차 - 추돌 - 진행중,안전운전불이행,건조,맑음,단일로 - 기타,화물,여,67세,상해없음,승용,남,30세,경상
2015052800100324,2015년 5월 28일 14시,목요일,경상북도 경주시 천북면,경상사고,0,0,1,0,차대차 - 추돌 - 주정차중,안전운전불이행,건조,맑음,단일로 - 기타,승용,남,42세,상해없음,승용,남,77세,기타불명
2015052800100325,2015년 5월 28일 14시,목요일,경상북도 경주시 탑동,중상사고,0,2,1,0,차대차 - 기타,안전거리미확보,건조,맑음,단일로 - 기타,승용,남,76세,상해없음,승합,남,41세,상해없음
2015052800100326,2015년 5월 28일 14시,목요일,경상북도 상주시 성동동,중상사고,0,1,0,0,차대차 - 측면직각충돌,안전운전불이행,건조,맑음,교차로 - 교차로안,화물,남,70세,상해없음,이륜,남,77세,중상
2015052800100327,2015년 5월 28일 14시,목요일,경상북도 구미시 원평동,중상사고,0,1,0,0,차대사람 - 기타,안전운전불이행,건조,맑음,단일로 - 기타,승용,여,48세,상해없음,보행자,여,86세,중상
2015052800100328,2015년 5월 28일 14시,목요일,경상북도 포항시 남구 오천읍,경상사고,0,0,2,0,차대차 - 기타,교차로운행방법위반,건조,맑음,교차로 - 교차로안,승용,남,46세,상해없음,이륜,남,71세,경상
2015052800100368,2015년 5월 28일 15시,목요일,경상북도 구미시 인의동,경상사고,0,0,1,0,차대차 - 기타,안전운전불이행,건조,맑음,교차로 - 교차로안,승용,여,45세,상해없음,승용,여,38세,경상
2015052800100401,2015년 5월 28일 16시,목요일,경상북도 구미시 신평동,중상사고,0,1,0,0,차대사람 - 횡단중,안전운전불이행,건조,맑음,교차로 - 교차로부근,승합,남,45세,기타불명,보행자,남,14세,중상
2015052800100446,2015년 5월 28일 17시,목요일,경상북도 문경시 점촌동,경상사고,0,0,1,0,차대차 - 측면직각충돌,교차로운행방법위반,건조,맑음,교차로 - 교차로안,자전거,남,63세,경상,승용,여,44세,상해없음
2015052800100447,2015년 5월 28일 17시,목요일,경상북도 구미시 인의동,경상사고,0,0,1,0,차대차 - 기타,교차로운행방법위반,건조,맑음,교차로 - 교차로부근,화물,남,67세,상해없음,이륜,남,41세,경상
2015052800100490,2015년 5월 28일 18시,목요일,경상북도 영천시 금호읍,경상사고,0,0,3,0,차대차 - 추돌 - 주정차중,안전운전불이행,건조,맑음,교차로 - 교차로안,승용,남,54세,경상,승용,여,36세,경상
2015052800100491,2015년 5월 28일 18시,목요일,경상북도 경산시 옥산동,경상사고,0,0,1,0,차대사람 - 기타,안전운전불이행,건조,맑음,단일로 - 기타,승용,여,32세,상해없음,보행자,여,10세,경상
2015052800100526,2015년 5월 28일 19시,목요일,경상북도 영덕군 영덕읍,경상사고,0,0,1,0,차대차 - 측면직각충돌,신호위반,건조,맑음,교차로 - 교차로안,승용,여,67세,상해없음,승용,여,43세,경상
2015052800100564,2015년 5월 28일 20시,목요일,경상북도 포항시 북구 양덕동,경상사고,0,0,1,0,차대차 - 기타,안전운전불이행,건조,맑음,교차로 - 교차로안,승용,여,46세,상해없음,원동기,남,18세,경상
2015052800100565,2015년 5월 28일 20시,목요일,경상북도 영덕군 영덕읍,경상사고,0,0,1,0,차대차 - 측면직각충돌,안전운전불이행,건조,맑음,교차로 - 교차로안,승용,남,31세,상해없음,자전거,남,15세,경상
2015052800100596,2015년 5월 28일 21시,목요일,경상북도 경주시 외동읍,경상사고,0,0,1,0,차대사람 - 기타,안전운전불이행,건조,맑음,단일로 - 기타,승용,남,39세,상해없음,보행자,남,40세,경상
2015052800100597,2015년 5월 28일 21시,목요일,경상북도 상주시 중동면,중상사고,0,1,0,0,차대사람 - 길가장자리구역통행중,안전운전불이행,건조,맑음,단일로 - 교량,원동기,남,50세,상해없음,보행자,여,81세,중상
2015052800100616,2015년 5월 28일 22시,목요일,경상북도 영주시 영주동,경상사고,0,0,1,0,차대차 - 측면직각충돌,신호위반,건조,맑음,교차로 - 교차로안,승용,여,44세,상해없음,이륜,남,42세,경상
2015052800100617,2015년 5월 28일 22시,목요일,경상북도 경산시 진량읍,경상사고,0,0,1,0,차대차 - 기타,신호위반,건조,맑음,교차로 - 교차로안,승용,여,48세,상해없음,승용,남,27세,경상
2015052800100618,2015년 5월 28일 22시,목요일,경상북도 경산시 중방동,중상사고,0,1,0,0,차대차 - 기타,안전운전불이행,건조,맑음,단일로 - 기타,승용,남,65세,상해없음,자전거,남,16세,중상
2015052800100650,2015년 5월 28일 23시,목요일,경상북도 안동시 서후면,중상사고,0,1,2,0,차량단독 - 공작물충돌,안전운전불이행,건조,맑음,단일로 - 기타,승용,남,61세,경상,,,,
2015052800100651,2015년 5월 28일 23시,목요일,경상북도 구미시 진평동,경상사고,0,0,2,0,차대차 - 기타,안전운전불이행,건조,맑음,교차로 - 교차로부근,승용,남,33세,상해없음,승용,남,22세,경상
2015052900100036,2015년 5월 29일 01시,금요일,경상북도 경산시 와촌면,중상사고,0,1,2,0,차대차 - 측면직각충돌,안전운전불이행,건조,맑음,단일로 - 기타,승용,남,63세,중상,승용,남,29세,경상
2015052900100037,2015년 5월 29일 01시,금요일,경상북도 영덕군 지품면,중상사고,0,1,0,0,차량단독 - 전도전복,안전운전불이행,건조,맑음,단일로 - 기타,화물,남,45세,상해없음,,,,
2015052900100038,2015년 5월 29일 01시,금요일,경상북도 울진군 울진읍,중상사고,0,1,1,0,차량단독 - 공작물충돌,안전운전불이행,건조,맑음,교차로 - 교차로부근,승용,남,73세,경상,,,,
2015052900100052,2015년 5월 29일 02시,금요일,경상북도 구미시 구평동,부상신고사고,0,0,0,1,차대차 - 측면직각충돌,교차로운행방법위반,건조,맑음,교차로 - 교차로안,원동기,여,57세,부상신고,승용,남,48세,상해없음
2015052900100087,2015년 5월 29일 06시,금요일,경상북도 포항시 북구 동빈1가,경상사고,0,0,1,0,차대차 - 측면직각충돌,안전운전불이행,건조,맑음,교차로 - 교차로안,승용,남,65세,상해없음,승용,남,54세,경상
2015052900100088,2015년 5월 29일 06시,금요일,경상북도 안동시 태화동,경상사고,0,0,1,0,차대차 - 추돌 - 진행중,안전운전불이행,건조,맑음,단일로 - 기타,화물,남,47세,상해없음,승용,남,56세,경상
2015052900100089,2015년 5월 29일 06시,금요일,경상북도 구미시 인의동,중상사고,0,1,0,0,차대차 - 기타,안전운전불이행,건조,맑음,교차로 - 교차로부근,승용,여,34세,상해없음,승용,남,46세,중상
2015052900100112,2015년 5월 29일 07시,금요일,경상북도 안동시 용상동,중상사고,0,1,0,0,차대사람 - 기타,신호위반,건조,맑음,단일로 - 기타,화물,남,48세,상해없음,보행자,여,58세,중상
2015052900100113,2015년 5월 29일 07시,금요일,경상북도 구미시 비산동,경상사고,0,0,1,0,차대차 - 기타,안전운전불이행,건조,맑음,교차로 - 교차로부근,화물,남,44세,상해없음,승용,남,50세,경상
2015052900100156,2015년 5월 29일 08시,금요일,경상북도 경주시 성건동,경상사고,0,0,1,0,차대차 - 추돌 - 주정차중,안전운전불이행,건조,맑음,교차로 - 교차로부근,승용,남,35세,상해없음,승용,여,42세,경상
2015052900100208,2015년 5월 29일 09시,금요일,경상북도 칠곡군 가산면,부상신고사고,0,0,0,1,차량단독 - 도로외이탈 - 추락,안전운전불이행,건조,맑음,교차로 - 교차로부근,화물,남,45세,부상신고,,,,
2015052900100263,2015년 5월 29일 11시,금요일,경상북도 영덕군 영덕읍,중상사고,0,1,0,0,차대사람 - 기타,안전운전불이행,건조,맑음,단일로 - 기타,승용,남,69세,상해없음,보행자,여,61세,중상
2015052900100264,2015년 5월 29일 11시,금요일,경상북도 영천시 청통면,중상사고,0,2,0,0,차대차 - 측면직각충돌,안전운전불이행,건조,맑음,단일로 - 기타,승용,여,44세,상해없음,승용,남,29세,중상
2015052900100296,2015년 5월 29일 12시,금요일,경상북도 경주시 노서동,경상사고,0,0,1,0,차대차 - 기타,안전운전불이행,건조,맑음,교차로 - 교차로부근,승용,남,57세,상해없음,이륜,남,52세,경상
2015052900100297,2015년 5월 29일 12시,금요일,경상북도 포항시 북구 두호동,경상사고,0,0,1,0,차대차 - 기타,안전운전불이행,건조,맑음,단일로 - 기타,승용,여,40세,상해없음,승용,여,45세,경상
2015052900100298,2015년 5월 29일 12시,금요일,경상북도 상주시 서문동,중상사고,0,1,0,0,차량단독 - 전도전복,안전운전불이행,건조,맑음,단일로 - 기타,자전거,여,75세,중상,,,,
2015052900100299,2015년 5월 29일 12시,금요일,경상북도 울진군 울진읍,중상사고,0,1,2,0,차량단독 - 공작물충돌,안전운전불이행,건조,맑음,단일로 - 기타,승용,여,54세,상해없음,,,,
2015052900100330,2015년 5월 29일 13시,금요일,경상북도 포항시 남구 송도동,경상사고,0,0,1,0,차대차 - 기타,신호위반,건조,맑음,교차로 - 교차로안,승용,남,33세,상해없음,승용,남,61세,경상
2015052900100355,2015년 5월 29일 14시,금요일,경상북도 경주시 양북면,중상사고,0,1,0,0,차대차 - 기타,안전운전불이행,건조,맑음,단일로 - 기타,승용,남,34세,상해없음,농기계,남,71세,중상
2015052900100356,2015년 5월 29일 14시,금요일,경상북도 영양군 입암면,부상신고사고,0,0,0,1,차대차 - 측면직각충돌,안전운전불이행,건조,맑음,교차로 - 교차로부근,농기계,남,80세,부상신고,건설기계,남,59세,상해없음
2015052900100357,2015년 5월 29일 14시,금요일,경상북도 구미시 구평동,경상사고,0,0,1,0,차대차 - 기타,중앙선침범,건조,맑음,교차로 - 교차로부근,승용,여,38세,상해없음,승용,남,57세,경상
2015052900100395,2015년 5월 29일 15시,금요일,경상북도 포항시 남구 연일읍,중상사고,0,1,0,0,차대차 - 측면직각충돌,직진우회전진행방해,건조,맑음,교차로 - 교차로안,이륜,남,74세,중상,승합,여,43세,상해없음
2015052900100428,2015년 5월 29일 16시,금요일,경상북도 경주시 천군동,경상사고,0,0,2,0,차대차 - 기타,신호위반,건조,맑음,교차로 - 교차로안,승용,남,81세,상해없음,승용,남,77세,경상
2015052900100429,2015년 5월 29일 16시,금요일,경상북도 영천시 완산동,중상사고,0,1,0,0,차대차 - 측면직각충돌,안전운전불이행,건조,맑음,단일로 - 기타,자전거,남,46세,중상,화물,남,56세,상해없음
2015052900100430,2015년 5월 29일 16시,금요일,경상북도 경산시 하양읍,중상사고,0,1,1,0,차대차 - 기타,안전운전불이행,건조,맑음,단일로 - 기타,승용,남,47세,상해없음,화물,남,49세,경상
2015052900100456,2015년 5월 29일 17시,금요일,경상북도 경주시 서면,중상사고,0,1,0,0,차량단독 - 전도전복,안전운전불이행,건조,맑음,단일로 - 기타,농기계,남,61세,중상,,,,
2015052900100457,2015년 5월 29일 17시,금요일,경상북도 포항시 북구 죽도동,경상사고,0,0,1,0,차대차 - 기타,직진우회전진행방해,건조,맑음,교차로 - 교차로안,승용,여,57세,상해없음,원동기,남,34세,경상
2015052900100458,2015년 5월 29일 17시,금요일,경상북도 예천군 예천읍,중상사고,0,1,0,0,차대차 - 측면직각충돌,안전운전불이행,건조,맑음,교차로 - 교차로안,승용,남,58세,상해없음,자전거,여,69세,중상
2015052900100459,2015년 5월 29일 17시,금요일,경상북도 구미시 구포동,중상사고,0,1,0,0,차량단독 - 기타,안전운전불이행,건조,맑음,단일로 - 기타,자전거,남,21세,중상,,,,
2015052900100500,2015년 5월 29일 18시,금요일,경상북도 의성군 사곡면,경상사고,0,0,1,0,차량단독 - 전도전복,안전운전불이행,건조,맑음,단일로 - 기타,원동기,남,37세,경상,,,,
2015052900100501,2015년 5월 29일 18시,금요일,경상북도 경산시 옥산동,중상사고,0,1,1,0,차대차 - 기타,안전운전불이행,건조,맑음,단일로 - 기타,승용,남,60세,상해없음,승용,여,55세,경상
2015052900100502,2015년 5월 29일 18시,금요일,경상북도 고령군 대가야읍,중상사고,0,2,0,0,차대차 - 측면직각충돌,교차로운행방법위반,건조,맑음,교차로 - 교차로안,승용,남,65세,중상,원동기,남,55세,중상
2015052900100503,2015년 5월 29일 18시,금요일,경상북도 고령군 운수면,중상사고,0,1,0,0,차대사람 - 길가장자리구역통행중,안전운전불이행,건조,맑음,단일로 - 기타,승용,남,58세,상해없음,보행자,여,86세,중상
2015052900100504,2015년 5월 29일 18시,금요일,경상북도 구미시 지산동,중상사고,0,1,4,0,차대차 - 기타,안전운전불이행,건조,맑음,단일로 - 기타,승용,여,52세,경상,승용,남,56세,상해없음
2015052900100505,2015년 5월 29일 18시,금요일,경상북도 구미시 고아읍,경상사고,0,0,1,0,차량단독 - 기타,안전운전불이행,건조,맑음,기타 - 기타,자전거,남,58세,경상,,,,
2015052900100506,2015년 5월 29일 18시,금요일,경상북도 포항시 남구 해도동,중상사고,0,1,0,0,차대차 - 기타,직진우회전진행방해,건조,맑음,교차로 - 교차로안,승용,여,57세,상해없음,자전거,여,61세,중상
2015052900100539,2015년 5월 29일 19시,금요일,경상북도 상주시 낙양동,경상사고,0,0,1,0,차대차 - 측면직각충돌,교차로운행방법위반,건조,맑음,교차로 - 교차로안,승용,여,60세,상해없음,이륜,남,72세,경상
2015052900100540,2015년 5월 29일 19시,금요일,경상북도 영주시 상망동,경상사고,0,0,1,0,차대사람 - 횡단중,안전운전불이행,건조,맑음,교차로 - 교차로안,원동기,남,45세,상해없음,보행자,여,9세,경상
2015052900100541,2015년 5월 29일 19시,금요일,경상북도 경산시 옥곡동,경상사고,0,0,1,0,차대사람 - 기타,안전운전불이행,건조,맑음,단일로 - 기타,승용,남,36세,상해없음,보행자,남,1세,경상
2015052900100583,2015년 5월 29일 20시,금요일,경상북도 경주시 용강동,중상사고,0,1,0,0,차대사람 - 기타,안전운전불이행,건조,맑음,단일로 - 기타,승용,남,50세,상해없음,보행자,여,69세,중상
2015052900100584,2015년 5월 29일 20시,금요일,경상북도 안동시 태화동,중상사고,0,1,0,0,차대차 - 기타,교차로운행방법위반,건조,맑음,교차로 - 교차로안,승용,남,50세,상해없음,이륜,남,39세,중상