사고번호,사고일시,요일,시군구,사고내용,사망자수,중상자수,경상자수,부상신고자수,사고유형,법규위반,노면상태,기상상태,도로형태,가해운전자 차종,가해운전자 성별,가해운전자 연령,가해운전자 상해정도,피해운전자 차종,피해운전자 성별,피해운전자 연령,피해운전자 상해정도
2015060400100149,2015년 6월 4일 08시,목요일,경상북도 예천군 지보면,중상사고,0,1,0,0,차대차 - 정면충돌,안전운전불이행,건조,맑음,단일로 - 기타,화물,남,39세,상해없음,이륜,남,57세,중상
2015060400100150,2015년 6월 4일 08시,목요일,경상북도 청도군 각남면,중상사고,0,2,0,0,차대차 - 측면직각충돌,신호위반,건조,맑음,교차로 - 교차로안,원동기,남,72세,중상,승용,여,44세,상해없음
2015060400100186,2015년 6월 4일 09시,목요일,경상북도 김천시 평화동,경상사고,0,0,1,0,차대사람 - 횡단중,보행자보호의무위반,건조,맑음,단일로 - 횡단보도상,승합,남,47세,상해없음,보행자,남,83세,경상
2015060400100187,2015년 6월 4일 09시,목요일,경상북도 영천시 화북면,중상사고,0,1,0,0,차대차 - 측면직각충돌,기타,건조,맑음,교차로 - 교차로안,승합,남,31세,상해없음,원동기,남,76세,중상
2015060400100188,2015년 6월 4일 09시,목요일,경상북도 울진군 죽변면,경상사고,0,0,2,0,차대차 - 추돌 - 진행중,안전운전불이행,건조,맑음,단일로 - 기타,승용,남,49세,상해없음,화물,남,50세,상해없음
2015060400100189,2015년 6월 4일 09시,목요일,경상북도 포항시 남구 대송면,경상사고,0,0,1,0,차대차 - 기타,신호위반,건조,맑음,교차로 - 교차로안,건설기계,남,46세,상해없음,화물,남,59세,경상
2015060400100216,2015년 6월 4일 10시,목요일,경상북도 상주시 냉림동,경상사고,0,0,1,0,차대사람 - 기타,교차로운행방법위반,건조,맑음,교차로 - 교차로안,승용,남,43세,상해없음,보행자,여,76세,경상
2015060400100217,2015년 6월 4일 10시,목요일,경상북도 청도군 각북면,경상사고,0,0,1,0,차대차 - 측면직각충돌,교차로운행방법위반,건조,맑음,교차로 - 교차로안,화물,남,54세,상해없음,승용,여,58세,경상
2015060400100218,2015년 6월 4일 10시,목요일,경상북도 구미시 인의동,경상사고,0,0,1,0,차대차 - 기타,교차로운행방법위반,건조,맑음,교차로 - 교차로부근,승합,남,32세,상해없음,이륜,남,19세,경상
2015060400100243,2015년 6월 4일 11시,목요일,경상북도 구미시 원평동,중상사고,0,1,0,1,차대차 - 추돌 - 주정차중,안전거리미확보,건조,맑음,단일로 - 기타,승용,여,20세,상해없음,승용,여,52세,상해없음
2015060400100244,2015년 6월 4일 11시,목요일,경상북도 고령군 쌍림면,경상사고,0,0,3,0,차대차 - 추돌 - 주정차중,안전거리미확보,건조,맑음,단일로 - 기타,화물,남,55세,경상,화물,남,45세,경상
2015060400100279,2015년 6월 4일 12시,목요일,경상북도 고령군 대가야읍,경상사고,0,0,2,0,차대차 - 측면직각충돌,안전거리미확보,건조,맑음,단일로 - 기타,화물,남,33세,상해없음,화물,남,45세,경상
2015060400100280,2015년 6월 4일 12시,목요일,경상북도 청송군 진보면,중상사고,0,1,0,0,차대차 - 측면직각충돌,안전운전불이행,건조,맑음,단일로 - 기타,화물,남,55세,상해없음,원동기,남,50세,중상
2015060400100319,2015년 6월 4일 13시,목요일,경상북도 영덕군 영덕읍,중상사고,0,1,1,0,차대차 - 측면직각충돌,신호위반,건조,맑음,교차로 - 교차로안,화물,남,64세,경상,승용,남,67세,중상
2015060400100346,2015년 6월 4일 14시,목요일,경상북도 칠곡군 석적읍,중상사고,0,1,0,0,차대차 - 측면직각충돌,신호위반,건조,맑음,교차로 - 교차로안,승용,여,64세,상해없음,이륜,남,44세,중상
2015060400100347,2015년 6월 4일 14시,목요일,경상북도 예천군 예천읍,중상사고,0,1,0,0,차대차 - 측면직각충돌,중앙선침범,건조,맑음,단일로 - 기타,승용,남,81세,상해없음,승용,남,52세,중상
2015060400100382,2015년 6월 4일 15시,목요일,경상북도 청도군 화양읍,경상사고,0,0,1,0,차대차 - 추돌 - 주정차중,안전운전불이행,건조,맑음,단일로 - 기타,자전거,남,18세,경상,건설기계,남,56세,기타불명
2015060400100383,2015년 6월 4일 15시,목요일,경상북도 포항시 남구 대도동,경상사고,0,0,2,0,차대차 - 측면직각충돌,안전운전불이행,건조,맑음,교차로 - 교차로부근,건설기계,남,33세,상해없음,승용,남,28세,경상
2015060400100426,2015년 6월 4일 16시,목요일,경상북도 경주시 서면,중상사고,0,1,0,0,차대차 - 측면직각충돌,신호위반,건조,맑음,교차로 - 교차로안,승용,여,38세,상해없음,원동기,남,74세,중상
2015060400100427,2015년 6월 4일 16시,목요일,경상북도 영주시 안정면,경상사고,0,0,1,0,차대차 - 측면직각충돌,안전운전불이행,건조,맑음,교차로 - 교차로안,승용,남,65세,상해없음,이륜,남,81세,경상
2015060400100428,2015년 6월 4일 16시,목요일,경상북도 포항시 남구 이동,중상사고,0,1,0,0,차대사람 - 횡단중,안전운전불이행,건조,맑음,교차로 - 교차로부근,승용,남,50세,상해없음,보행자,남,7세,중상
2015060400100466,2015년 6월 4일 17시,목요일,경상북도 의성군 춘산면,중상사고,0,1,0,0,차대차 - 측면직각충돌,교차로운행방법위반,건조,맑음,교차로 - 교차로안,건설기계,남,49세,상해없음,농기계,남,68세,중상
2015060400100467,2015년 6월 4일 17시,목요일,경상북도 영주시 봉현면,중상사고,0,1,4,0,차대차 - 측면직각충돌,교차로운행방법위반,건조,맑음,교차로 - 교차로안,승용,여,27세,경상,승합,남,67세,경상
2015060400100468,2015년 6월 4일 17시,목요일,경상북도 문경시 모전동,경상사고,0,0,2,0,차대차 - 기타,신호위반,건조,맑음,교차로 - 교차로안,원동기,여,72세,경상,자전거,여,53세,경상
2015060400100469,2015년 6월 4일 17시,목요일,경상북도 청도군 청도읍,중상사고,0,1,0,0,차대사람 - 횡단중,불법유턴,건조,맑음,단일로 - 횡단보도상,승용,남,38세,상해없음,보행자,여,17세,중상
2015060400100507,2015년 6월 4일 18시,목요일,경상북도 경주시 외동읍,경상사고,0,0,1,0,차대차 - 기타,안전운전불이행,건조,맑음,교차로 - 교차로안,원동기,남,50세,상해없음,원동기,남,30세,경상
2015060400100508,2015년 6월 4일 18시,목요일,경상북도 경산시 와촌면,경상사고,0,0,2,0,차대차 - 기타,안전운전불이행,건조,맑음,단일로 - 기타,승용,남,61세,상해없음,승용,남,62세,경상
2015060400100509,2015년 6월 4일 18시,목요일,경상북도 경산시 중방동,경상사고,0,0,1,0,차대차 - 기타,안전운전불이행,건조,맑음,단일로 - 기타,화물,남,57세,상해없음,이륜,남,19세,경상
2015060400100510,2015년 6월 4일 18시,목요일,경상북도 예천군 유천면,중상사고,0,1,0,0,차대차 - 측면직각충돌,과속,건조,맑음,교차로 - 교차로안,화물,남,70세,상해없음,승용,여,30세,중상
2015060400100575,2015년 6월 4일 20시,목요일,경상북도 영주시 가흥동,중상사고,0,1,0,0,차대사람 - 보도통행중,신호위반,건조,맑음,단일로 - 횡단보도상,승용,남,61세,상해없음,보행자,여,53세,중상
2015060400100576,2015년 6월 4일 20시,목요일,경상북도 구미시 고아읍,경상사고,0,0,1,0,차대차 - 기타,안전운전불이행,건조,맑음,교차로 - 교차로부근,승용,남,66세,상해없음,이륜,남,19세,경상
2015060400100577,2015년 6월 4일 20시,목요일,경상북도 구미시 오태동,중상사고,0,1,1,0,차대차 - 기타,안전운전불이행,건조,맑음,단일로 - 기타,승용,여,35세,상해없음,승용,남,55세,경상
2015060400100578,2015년 6월 4일 20시,목요일,경상북도 구미시 고아읍,중상사고,0,1,0,0,차대차 - 기타,안전운전불이행,건조,맑음,교차로 - 교차로부근,승용,남,71세,상해없음,승합,남,51세,상해없음
2015060400100599,2015년 6월 4일 21시,목요일,경상북도 경주시 광명동,중상사고,0,1,0,0,차대차 - 추돌 - 주정차중,안전운전불이행,건조,맑음,단일로 - 기타,승용,여,56세,상해없음,승용,여,53세,중상
2015060400100600,2015년 6월 4일 21시,목요일,경상북도 안동시 옥동,중상사고,0,1,0,0,차대사람 - 기타,안전운전불이행,건조,맑음,단일로 - 기타,승용,여,43세,상해없음,보행자,여,57세,중상
2015060400100601,2015년 6월 4일 21시,목요일,경상북도 안동시 송현동,사망사고,1,0,0,0,차대사람 - 보도통행중,기타,건조,흐림,단일로 - 기타,화물,남,22세,상해없음,보행자,남,62세,사망
2015060400100602,2015년 6월 4일 21시,목요일,경상북도 칠곡군 동명면,중상사고,0,1,0,0,차대차 - 측면직각충돌,신호위반,건조,맑음,교차로 - 교차로안,승합,남,45세,상해없음,이륜,여,31세,중상
2015060400100603,2015년 6월 4일 21시,목요일,경상북도 영천시 금호읍,사망사고,1,0,0,0,차대사람 - 길가장자리구역통행중,안전운전불이행,건조,맑음,단일로 - 기타,승용,남,46세,상해없음,보행자,여,64세,사망
2015060400100642,2015년 6월 4일 22시,목요일,경상북도 경산시 자인면,경상사고,0,0,3,0,차대차 - 기타,신호위반,건조,맑음,교차로 - 교차로안,승용,남,34세,상해없음,승용,남,58세,경상
2015060400100662,2015년 6월 4일 23시,목요일,경상북도 구미시 진평동,경상사고,0,0,1,0,차대차 - 기타,안전운전불이행,건조,맑음,단일로 - 기타,승용,남,61세,상해없음,승용,남,27세,경상
2015060500100015,2015년 6월 5일 00시,금요일,경상북도 경주시 안강읍,중상사고,0,1,0,0,차대사람 - 횡단중,보행자보호의무위반,건조,맑음,교차로 - 교차로부근,승용,남,38세,상해없음,보행자,남,53세,중상
2015060500100016,2015년 6월 5일 00시,금요일,경상북도 구미시 송정동,경상사고,0,0,2,0,차대차 - 기타,안전운전불이행,건조,맑음,교차로 - 교차로부근,승용,남,42세,상해없음,승용,남,27세,경상
2015060500100047,2015년 6월 5일 02시,금요일,경상북도 경산시 자인면,중상사고,0,2,2,0,차대차 - 기타,신호위반,건조,맑음,교차로 - 교차로안,화물,남,34세,중상,승용,남,40세,경상
2015060500100048,2015년 6월 5일 02시,금요일,경상북도 구미시 거의동,중상사고,0,1,1,0,차대차 - 기타,안전운전불이행,건조,맑음,교차로 - 교차로부근,승용,남,23세,상해없음,원동기,남,22세,경상
2015060500100066,2015년 6월 5일 04시,금요일,경상북도 포항시 북구 용흥동,경상사고,0,0,1,0,차대차 - 기타,안전운전불이행,건조,맑음,단일로 - 기타,승용,남,39세,상해없음,승용,남,60세,경상
2015060500100098,2015년 6월 5일 06시,금요일,경상북도 예천군 지보면,경상사고,0,0,3,0,차대차 - 측면직각충돌,안전운전불이행,건조,맑음,교차로 - 교차로안,화물,남,56세,상해없음,화물,남,47세,경상
2015060500100128,2015년 6월 5일 07시,금요일,경상북도 경주시 현곡면,경상사고,0,0,1,0,차량단독 - 기타,안전운전불이행,습기,비,단일로 - 기타,승용,남,35세,경상,,,,
2015060500100129,2015년 6월 5일 07시,금요일,경상북도 청도군 청도읍,중상사고,0,1,0,0,차대차 - 추돌 - 진행중,안전운전불이행,습기,비,단일로 - 기타,승용,남,28세,상해없음,농기계,남,83세,중상
2015060500100130,2015년 6월 5일 07시,금요일,경상북도 구미시 구평동,경상사고,0,0,4,0,차대차 - 추돌 - 진행중,안전거리미확보,건조,맑음,단일로 - 기타,화물,남,44세,상해없음,승용,남,43세,경상
2015060500100169,2015년 6월 5일 08시,금요일,경상북도 경주시 내남면,부상신고사고,0,0,0,1,차대차 - 추돌 - 진행중,안전운전불이행,습기,비,단일로 - 기타,승합,남,50세,상해없음,자전거,남,49세,부상신고
2015060500100170,2015년 6월 5일 08시,금요일,경상북도 포항시 북구 두호동,경상사고,0,0,1,0,차대차 - 기타,안전운전불이행,습기,비,단일로 - 기타,승용,여,28세,상해없음,승용,여,30세,경상
2015060500100171,2015년 6월 5일 08시,금요일,경상북도 영주시 상망동,중상사고,0,1,0,0,차대차 - 측면직각충돌,안전운전불이행,건조,흐림,교차로 - 교차로안,이륜,남,78세,중상,승용,남,50세,상해없음
2015060500100172,2015년 6월 5일 08시,금요일,경상북도 구미시 도량동,중상사고,0,1,1,0,차대차 - 기타,안전운전불이행,습기,비,교차로 - 교차로부근,승용,남,43세,상해없음,승용,여,45세,중상
2015060500100173,2015년 6월 5일 08시,금요일,경상북도 포항시 남구 오천읍,사망사고,1,0,1,0,차량단독 - 기타,안전운전불이행,습기,비,단일로 - 기타,이륜,남,81세,사망,,,,
2015060500100218,2015년 6월 5일 09시,금요일,경상북도 의성군 단촌면,중상사고,0,1,0,0,차대사람 - 횡단중,보행자보호의무위반,습기,비,교차로 - 교차로부근,승용,남,48세,상해없음,보행자,남,56세,중상
2015060500100219,2015년 6월 5일 09시,금요일,경상북도 칠곡군 가산면,부상신고사고,0,0,0,1,차대차 - 측면직각충돌,안전운전불이행,습기,비,단일로 - 기타,농기계,남,58세,부상신고,화물,남,59세,상해없음
2015060500100248,2015년 6월 5일 10시,금요일,경상북도 경주시 천북면,경상사고,0,0,1,0,차량단독 - 공작물충돌,안전운전불이행,습기,비,단일로 - 기타,승용,남,41세,경상,,,,
2015060500100249,2015년 6월 5일 10시,금요일,경상북도 상주시 낙양동,중상사고,0,1,0,0,차대차 - 측면직각충돌,신호위반,습기,비,교차로 - 교차로안,자전거,남,84세,중상,승용,여,47세,상해없음
2015060500100250,2015년 6월 5일 10시,금요일,경상북도 칠곡군 기산면,중상사고,0,1,0,0,차대사람 - 기타,안전운전불이행,건조,맑음,단일로 - 기타,승합,남,35세,상해없음,보행자,여,80세,중상
2015060500100251,2015년 6월 5일 10시,금요일,경상북도 영천시 금호읍,경상사고,0,0,1,0,차대차 - 추돌 - 주정차중,안전운전불이행,습기,맑음,단일로 - 기타,화물,남,65세,상해없음,승용,남,38세,경상
2015060500100281,2015년 6월 5일 11시,금요일,경상북도 경주시 외동읍,경상사고,0,0,1,0,차대차 - 기타,안전운전불이행,습기,비,단일로 - 기타,화물,남,52세,상해없음,승용,남,51세,경상
2015060500100282,2015년 6월 5일 11시,금요일,경상북도 안동시 용상동,경상사고,0,0,1,0,차대차 - 기타,안전운전불이행,건조,맑음,기타 - 기타,승용,남,53세,상해없음,승용,남,58세,경상
2015060500100283,2015년 6월 5일 11시,금요일,경상북도 고령군 다산면,중상사고,0,1,0,0,차대차 - 추돌 - 주정차중,안전운전불이행,습기,비,교차로 - 교차로부근,화물,남,42세,상해없음,승용,여,57세,중상
2015060500100284,2015년 6월 5일 11시,금요일,경상북도 구미시 송정동,중상사고,0,1,0,0,차대차 - 기타,안전운전불이행,습기,비,교차로 - 교차로안,승용,남,34세,상해없음,승용,남,61세,중상
2015060500100285,2015년 6월 5일 11시,금요일,경상북도 포항시 남구 해도동,경상사고,0,0,2,0,차대차 - 추돌 - 진행중,안전운전불이행,건조,맑음,교차로 - 교차로부근,승용,여,37세,상해없음,승용,남,46세,경상
2015060500100309,2015년 6월 5일 12시,금요일,경상북도 안동시 정하동,사망사고,1,1,0,0,차대사람 - 기타,안전운전불이행,습기,비,교차로 - 교차로부근,승용,남,68세,상해없음,보행자,여,74세,사망
2015060500100310,2015년 6월 5일 12시,금요일,경상북도 문경시 마성면,중상사고,0,1,0,0,차량단독 - 전도전복,안전운전불이행,건조,맑음,단일로 - 기타,원동기,여,68세,중상,,,,
2015060500100311,2015년 6월 5일 12시,금요일,경상북도 경산시 진량읍,경상사고,0,0,1,0,차대사람 - 기타,기타,습기,비,교차로 - 교차로부근,승용,여,36세,상해없음,보행자,여,62세,경상
2015060500100362,2015년 6월 5일 14시,금요일,경상북도 구미시 송정동,경상사고,0,0,1,0,차대차 - 기타,안전운전불이행,건조,맑음,단일로 - 기타,승용,남,41세,기타불명,승용,남,52세,경상
2015060500100420,2015년 6월 5일 16시,금요일,경상북도 경주시 배반동,중상사고,0,1,0,0,차대차 - 추돌 - 주정차중,안전운전불이행,습기,비,교차로 - 교차로부근,특수,남,38세,상해없음,승용,남,71세,중상
2015060500100421,2015년 6월 5일 16시,금요일,경상북도 포항시 북구 용흥동,중상사고,0,1,0,0,차대차 - 기타,중앙선침범,습기,비,단일로 - 기타,승용,남,28세,상해없음,승용,여,37세,중상
2015060500100422,2015년 6월 5일 16시,금요일,경상북도 김천시 개령면,중상사고,0,1,0,0,차대차 - 측면직각충돌,안전운전불이행,건조,맑음,교차로 - 교차로부근,승용,남,30세,상해없음,이륜,남,65세,중상
2015060500100464,2015년 6월 5일 17시,금요일,경상북도 경주시 안강읍,경상사고,0,0,4,0,차대차 - 기타,안전운전불이행,습기,비,교차로 - 교차로안,화물,남,67세,경상,승용,남,40세,경상
2015060500100465,2015년 6월 5일 17시,금요일,경상북도 영주시 영주동,중상사고,0,1,0,0,차대사람 - 횡단중,안전운전불이행,건조,맑음,단일로 - 기타,이륜,남,63세,상해없음,보행자,여,52세,중상
2015060500100466,2015년 6월 5일 17시,금요일,경상북도 영양군 영양읍,부상신고사고,0,0,0,1,차량단독 - 공작물충돌,안전운전불이행,습기,비,단일로 - 기타,승용,남,50세,부상신고,,,,
2015060500100467,2015년 6월 5일 17시,금요일,경상북도 영양군 영양읍,경상사고,0,0,1,0,차대사람 - 횡단중,안전운전불이행,습기,흐림,단일로 - 기타,승용,여,31세,상해없음,보행자,여,8세,경상
2015060500100468,2015년 6월 5일 17시,금요일,경상북도 구미시 거의동,중상사고,0,1,2,0,차대차 - 추돌 - 주정차중,중앙선침범,건조,맑음,교차로 - 교차로부근,승용,남,44세,상해없음,승용,여,34세,중상
2015060500100505,2015년 6월 5일 18시,금요일,경상북도 경주시 천북면,경상사고,0,0,1,0,차대차 - 기타,안전운전불이행,습기,비,단일로 - 기타,승합,남,55세,상해없음,승용,여,36세,경상
2015060500100541,2015년 6월 5일 19시,금요일,경상북도 상주시 신봉동,중상사고,0,1,0,0,차대차 - 추돌 - 진행중,안전운전불이행,건조,맑음,단일로 - 기타,화물,남,70세,상해없음,자전거,여,81세,중상
2015060500100575,2015년 6월 5일 20시,금요일,경상북도 안동시 용상동,경상사고,0,0,1,0,차대차 - 기타,안전운전불이행,건조,맑음,단일로 - 기타,자전거,남,45세,경상,승용,남,30세,상해없음
2015060500100576,2015년 6월 5일 20시,금요일,경상북도 포항시 남구 연일읍,경상사고,0,0,1,0,차대차 - 기타,안전운전불이행,습기,비,교차로 - 교차로안,승합,남,53세,상해없음,이륜,남,16세,경상
2015060500100614,2015년 6월 5일 21시,금요일,경상북도 경산시 하양읍,중상사고,0,2,1,0,차대차 - 기타,안전운전불이행,건조,맑음,단일로 - 기타,승용,남,23세,상해없음,승용,남,28세,경상
2015060500100615,2015년 6월 5일 21시,금요일,경상북도 구미시 인의동,경상사고,0,0,1,0,차대차 - 기타,교차로운행방법위반,건조,맑음,교차로 - 교차로안,승용,남,32세,상해없음,이륜,남,21세,경상
2015060500100649,2015년 6월 5일 22시,금요일,경상북도 칠곡군 북삼읍,부상신고사고,0,0,0,1,차대차 - 정면충돌,안전운전불이행,건조,맑음,교차로 - 교차로부근,승용,남,47세,부상신고,승용,남,49세,상해없음
2015060500100650,2015년 6월 5일 22시,금요일,경상북도 포항시 남구 오천읍,경상사고,0,0,1,0,차대차 - 측면직각충돌,안전운전불이행,습기,비,교차로 - 교차로부근,승용,여,36세,상해없음,승용,남,69세,경상
2015060600100018,2015년 6월 6일 00시,토요일,경상북도 김천시 평화동,중상사고,0,1,0,0,차대사람 - 길가장자리구역통행중,안전운전불이행,건조,맑음,단일로 - 기타,승용,여,40세,상해없음,보행자,남,52세,중상
2015060600100019,2015년 6월 6일 00시,토요일,경상북도 포항시 남구 오천읍,경상사고,0,0,2,0,차대차 - 추돌 - 진행중,안전운전불이행,습기,비,교차로 - 교차로부근,승용,남,63세,상해없음,승용,여,41세,경상
2015060600100051,2015년 6월 6일 01시,토요일,경상북도 문경시 점촌동,경상사고,0,0,4,0,차대차 - 측면직각충돌,안전운전불이행,건조,맑음,단일로 - 기타,승용,남,26세,상해없음,승용,남,60세,경상
2015060600100076,2015년 6월 6일 02시,토요일,경상북도 구미시 원평동,중상사고,0,1,1,0,차대차 - 추돌 - 진행중,안전운전불이행,건조,맑음,교차로 - 교차로부근,승용,남,47세,상해없음,화물,남,25세,경상
2015060600100089,2015년 6월 6일 03시,토요일,경상북도 경주시 동천동,중상사고,0,1,1,0,차대차 - 기타,안전운전불이행,건조,맑음,교차로 - 교차로안,승용,남,59세,상해없음,승용,남,27세,경상
2015060600100090,2015년 6월 6일 03시,토요일,경상북도 칠곡군 왜관읍,경상사고,0,0,4,0,차대차 - 추돌 - 주정차중,안전운전불이행,건조,맑음,교차로 - 교차로안,승용,남,34세,경상,승용,남,53세,경상
2015060600100091,2015년 6월 6일 03시,토요일,경상북도 경산시 자인면,경상사고,0,0,1,0,차량단독 - 기타,안전운전불이행,건조,맑음,단일로 - 기타,원동기,남,16세,경상,,,,
2015060600100104,2015년 6월 6일 04시,토요일,경상북도 경주시 안강읍,경상사고,0,0,1,0,차량단독 - 전도전복,안전운전불이행,건조,흐림,단일로 - 기타,승용,남,18세,상해없음,,,,
2015060600100105,2015년 6월 6일 04시,토요일,경상북도 경주시 노서동,경상사고,0,0,1,0,차대차 - 기타,안전운전불이행,건조,맑음,기타 - 기타,화물,남,43세,상해없음,승용,남,31세,상해없음
2015060600100106,2015년 6월 6일 04시,토요일,경상북도 구미시 원평동,경상사고,0,0,1,0,차대차 - 추돌 - 주정차중,안전운전불이행,건조,맑음,단일로 - 기타,승용,여,28세,상해없음,승용,남,61세,경상
2015060600100123,2015년 6월 6일 06시,토요일,경상북도 포항시 북구 흥해읍,경상사고,0,0,1,0,차대차 - 기타,교차로운행방법위반,건조,맑음,교차로 - 교차로안,승용,여,45세,상해없음,승용,남,51세,경상
2015060600100124,2015년 6월 6일 06시,토요일,경상북도 김천시 신음동,경상사고,0,0,1,0,차대차 - 측면직각충돌,직진우회전진행방해,건조,맑음,교차로 - 교차로부근,화물,남,68세,상해없음,승용,남,55세,경상
2015060600100125,2015년 6월 6일 06시,토요일,경상북도 영천시 고경면,사망사고,1,7,0,0,차대차 - 추돌 - 주정차중,안전운전불이행,건조,맑음,단일로 - 기타,화물,여,54세,사망,화물,남,58세,중상
2015060600100157,2015년 6월 6일 08시,토요일,경상북도 구미시 원평동,중상사고,0,1,0,0,차대차 - 기타,안전운전불이행,건조,맑음,교차로 - 교차로안,승용,남,39세,상해없음,자전거,남,87세,중상
2015060600100182,2015년 6월 6일 09시,토요일,경상북도 경주시 산내면,중상사고,0,1,0,0,차대차 - 정면충돌,중앙선침범,건조,맑음,단일로 - 기타,승용,남,63세,상해없음,화물,남,76세,중상
2015060600100183,2015년 6월 6일 09시,토요일,경상북도 영천시 금호읍,중상사고,0,1,2,0,차대차 - 추돌 - 진행중,안전운전불이행,건조,맑음,단일로 - 기타,승용,여,53세,중상,화물,여,37세,경상
2015060600100235,2015년 6월 6일 11시,토요일,경상북도 문경시 신기동,중상사고,0,1,0,0,차대사람 - 차도통행중,안전운전불이행,건조,맑음,단일로 - 기타,승용,여,47세,상해없음,보행자,여,14세,중상
2015060600100236,2015년 6월 6일 11시,토요일,경상북도 영덕군 병곡면,중상사고,0,1,0,0,차대차 - 측면직각충돌,교차로운행방법위반,건조,맑음,교차로 - 교차로안,승용,여,50세,상해없음,원동기,남,78세,중상
2015060600100237,2015년 6월 6일 11시,토요일,경상북도 고령군 쌍림면,경상사고,0,0,1,0,차량단독 - 공작물충돌,안전운전불이행,건조,맑음,단일로 - 기타,승용,여,49세,경상,,,,
2015060600100238,2015년 6월 6일 11시,토요일,경상북도 포항시 남구 오천읍,경상사고,0,0,8,0,차대차 - 측면직각충돌,직진우회전진행방해,건조,맑음,교차로 - 교차로안,승용,여,67세,경상,승용,남,37세,경상
2015060600100278,2015년 6월 6일 12시,토요일,경상북도 안동시 풍산읍,중상사고,0,2,1,0,차대차 - 추돌 - 주정차중,안전운전불이행,건조,맑음,교차로 - 교차로부근,화물,남,45세,상해없음,승합,남,72세,중상
2015060600100279,2015년 6월 6일 12시,토요일,경상북도 고령군 다산면,경상사고,0,0,1,0,차대차 - 기타,안전운전불이행,건조,맑음,단일로 - 기타,자전거,남,18세,경상,농기계,남,41세,기타불명
2015060600100302,2015년 6월 6일 13시,토요일,경상북도 구미시 송정동,경상사고,0,0,1,0,차대차 - 기타,안전운전불이행,건조,맑음,단일로 - 기타,승용,여,46세,상해없음,승용,남,42세,상해없음
2015060600100377,2015년 6월 6일 15시,토요일,경상북도 경주시 건천읍,중상사고,0,1,0,0,차량단독 - 기타,기타,건조,맑음,단일로 - 기타,승합,남,48세,상해없음,,,,
2015060600100378,2015년 6월 6일 15시,토요일,경상북도 경주시 인왕동,경상사고,0,0,4,0,차대차 - 추돌 - 주정차중,안전운전불이행,건조,맑음,단일로 - 기타,승용,여,21세,상해없음,승용,남,63세,경상
2015060600100379,2015년 6월 6일 15시,토요일,경상북도 영주시 상망동,중상사고,0,2,0,0,차대차 - 측면직각충돌,신호위반,건조,맑음,교차로 - 교차로안,승용,남,51세,중상,화물,남,71세,중상
2015060600100380,2015년 6월 6일 15시,토요일,경상북도 칠곡군 석적읍,부상신고사고,0,0,0,1,차대사람 - 기타,안전운전불이행,건조,맑음,단일로 - 기타,승용,여,31세,상해없음,보행자,남,31세,부상신고
2015060600100381,2015년 6월 6일 15시,토요일,경상북도 영천시 고경면,경상사고,0,0,1,0,차대사람 - 보도통행중,안전운전불이행,건조,맑음,단일로 - 기타,승용,남,27세,상해없음,보행자,여,42세,경상
2015060600100382,2015년 6월 6일 15시,토요일,경상북도 영양군 석보면,중상사고,0,1,2,1,차대차 - 측면직각충돌,교차로운행방법위반,건조,맑음,단일로 - 기타,화물,남,61세,부상신고,화물,남,58세,경상
2015060600100415,2015년 6월 6일 16시,토요일,경상북도 안동시 풍산읍,중상사고,0,1,0,0,차대차 - 기타,안전운전불이행,건조,맑음,단일로 - 기타,화물,남,31세,상해없음,승용,여,67세,중상
2015060600100416,2015년 6월 6일 16시,토요일,경상북도 칠곡군 지천면,경상사고,0,0,3,0,차대차 - 측면직각충돌,안전운전불이행,건조,맑음,단일로 - 기타,승용,남,73세,상해없음,승용,여,43세,경상
2015060600100417,2015년 6월 6일 16시,토요일,경상북도 포항시 남구 대도동,중상사고,0,1,0,0,차대차 - 기타,직진우회전진행방해,건조,맑음,교차로 - 교차로안,승용,여,49세,상해없음,원동기,남,39세,중상
2015060600100466,2015년 6월 6일 17시,토요일,경상북도 포항시 북구 두호동,중상사고,0,1,0,0,차대차 - 측면직각충돌,안전거리미확보,건조,맑음,교차로 - 교차로부근,승용,남,66세,상해없음,원동기,남,42세,중상
2015060600100467,2015년 6월 6일 17시,토요일,경상북도 영덕군 영해면,경상사고,0,0,1,0,차대차 - 측면직각충돌,중앙선침범,건조,맑음,단일로 - 기타,이륜,남,75세,경상,화물,남,47세,상해없음
2015060600100468,2015년 6월 6일 17시,토요일,경상북도 구미시 원평동,경상사고,0,0,2,0,차대차 - 기타,신호위반,건조,맑음,교차로 - 교차로안,원동기,남,23세,상해없음,승용,남,28세,경상
2015060600100499,2015년 6월 6일 18시,토요일,경상북도 의성군 금성면,중상사고,0,1,0,0,차대차 - 측면직각충돌,교차로운행방법위반,건조,맑음,교차로 - 교차로안,승용,남,59세,상해없음,자전거,남,68세,중상
2015060600100500,2015년 6월 6일 18시,토요일,경상북도 문경시 문경읍,중상사고,0,4,7,0,차대차 - 측면직각충돌,교차로운행방법위반,건조,맑음,교차로 - 교차로안,승용,남,57세,경상,승합,남,50세,상해없음
2015060600100501,2015년 6월 6일 18시,토요일,경상북도 문경시 산양면,경상사고,0,0,2,0,차대차 - 추돌 - 진행중,안전운전불이행,건조,맑음,단일로 - 기타,화물,남,34세,상해없음,승용,남,70세,상해없음
2015060600100502,2015년 6월 6일 18시,토요일,경상북도 경산시 옥산동,경상사고,0,0,1,0,차대차 - 측면직각충돌,안전운전불이행,건조,맑음,교차로 - 교차로안,승용,여,39세,상해없음,원동기,남,33세,경상