사고번호,사고일시,요일,시군구,사고내용,사망자수,중상자수,경상자수,부상신고자수,사고유형,법규위반,노면상태,기상상태,도로형태,가해운전자 차종,가해운전자 성별,가해운전자 연령,가해운전자 상해정도,피해운전자 차종,피해운전자 성별,피해운전자 연령,피해운전자 상해정도
2015060600100503,2015년 6월 6일 18시,토요일,경상북도 포항시 남구 오천읍,중상사고,0,1,0,0,차대차 - 기타,안전운전불이행,건조,맑음,교차로 - 교차로안,승용,남,61세,상해없음,원동기,여,49세,중상
2015060600100531,2015년 6월 6일 19시,토요일,경상북도 칠곡군 가산면,중상사고,0,1,0,0,차대차 - 추돌 - 진행중,중앙선침범,건조,맑음,단일로 - 기타,화물,남,49세,상해없음,화물,남,52세,중상
2015060600100532,2015년 6월 6일 19시,토요일,경상북도 성주군 성주읍,경상사고,0,0,1,0,차대사람 - 차도통행중,안전운전불이행,건조,맑음,단일로 - 기타,승용,여,42세,상해없음,보행자,남,7세,경상
2015060600100533,2015년 6월 6일 19시,토요일,경상북도 포항시 남구 대도동,경상사고,0,0,1,0,차대차 - 측면직각충돌,안전운전불이행,건조,맑음,교차로 - 교차로부근,원동기,남,23세,경상,승용,여,30세,상해없음
2015060600100559,2015년 6월 6일 20시,토요일,경상북도 김천시 아포읍,중상사고,0,3,0,0,차대차 - 측면직각충돌,안전운전불이행,건조,맑음,단일로 - 기타,승용,남,53세,상해없음,농기계,남,45세,중상
2015060700100012,2015년 6월 7일 00시,일요일,경상북도 포항시 북구 학산동,중상사고,0,1,0,0,차대차 - 기타,안전운전불이행,건조,맑음,교차로 - 교차로안,승용,남,63세,상해없음,자전거,남,28세,중상
2015060700100013,2015년 6월 7일 00시,일요일,경상북도 포항시 남구 대잠동,경상사고,0,0,1,1,차대차 - 추돌 - 주정차중,안전운전불이행,건조,맑음,교차로 - 교차로부근,승용,남,25세,상해없음,승용,남,44세,부상신고
2015060700100014,2015년 6월 7일 00시,일요일,경상북도 포항시 남구 구룡포읍,중상사고,0,1,0,0,차량단독 - 공작물충돌,안전운전불이행,건조,맑음,단일로 - 기타,승용,남,54세,상해없음,,,,
2015060700100045,2015년 6월 7일 02시,일요일,경상북도 포항시 북구 흥해읍,중상사고,0,1,0,0,차량단독 - 공작물충돌,안전운전불이행,건조,맑음,단일로 - 기타,승용,남,49세,중상,,,,
2015060700100060,2015년 6월 7일 03시,일요일,경상북도 김천시 지좌동,경상사고,0,0,1,0,차량단독 - 공작물충돌,안전운전불이행,건조,맑음,단일로 - 기타,승용,남,21세,상해없음,,,,
2015060700100094,2015년 6월 7일 07시,일요일,경상북도 경주시 안강읍,중상사고,0,1,0,0,차대사람 - 기타,안전운전불이행,건조,맑음,단일로 - 기타,승용,남,25세,상해없음,보행자,여,64세,중상
2015060700100095,2015년 6월 7일 07시,일요일,경상북도 영천시 오수동,경상사고,0,0,2,0,차대차 - 측면직각충돌,안전운전불이행,건조,맑음,단일로 - 기타,승합,남,58세,상해없음,화물,여,67세,경상
2015060700100096,2015년 6월 7일 07시,일요일,경상북도 경주시 내남면,중상사고,0,2,0,0,차량단독 - 전도전복,안전운전불이행,건조,맑음,단일로 - 기타,화물,남,63세,중상,,,,
2015060700100108,2015년 6월 7일 08시,일요일,경상북도 안동시 임하면,경상사고,0,0,1,0,차대차 - 기타,안전거리미확보,건조,맑음,기타 - 기타,기타불명,기타불명,기타불명,기타불명,승용,여,42세,경상
2015060700100140,2015년 6월 7일 10시,일요일,경상북도 경주시 용강동,경상사고,0,0,2,0,차대차 - 기타,안전운전불이행,건조,맑음,단일로 - 기타,승용,여,56세,상해없음,승용,남,36세,경상
2015060700100141,2015년 6월 7일 10시,일요일,경상북도 경주시 구황동,중상사고,0,1,0,0,차대차 - 기타,안전운전불이행,건조,맑음,단일로 - 기타,승용,남,48세,상해없음,승용,여,27세,중상
2015060700100161,2015년 6월 7일 11시,일요일,경상북도 포항시 북구 덕산동,중상사고,0,1,0,0,차대차 - 기타,안전거리미확보,건조,맑음,단일로 - 기타,승용,남,56세,상해없음,자전거,남,78세,중상
2015060700100162,2015년 6월 7일 11시,일요일,경상북도 구미시 남통동,경상사고,0,0,1,1,차대차 - 측면직각충돌,안전운전불이행,건조,맑음,교차로 - 교차로안,원동기,남,45세,부상신고,승용,남,48세,경상
2015060700100163,2015년 6월 7일 11시,일요일,경상북도 구미시 인의동,경상사고,0,0,1,0,차대차 - 기타,안전운전불이행,건조,맑음,교차로 - 교차로안,승용,여,42세,상해없음,승용,남,28세,경상
2015060700100164,2015년 6월 7일 11시,일요일,경상북도 포항시 남구 오천읍,중상사고,0,1,0,0,차대차 - 추돌 - 진행중,안전운전불이행,건조,맑음,단일로 - 기타,이륜,남,52세,중상,승용,남,39세,상해없음
2015060700100189,2015년 6월 7일 12시,일요일,경상북도 문경시 점촌동,중상사고,0,1,0,0,차대차 - 기타,직진우회전진행방해,건조,맑음,교차로 - 교차로안,승용,남,65세,상해없음,원동기,남,46세,중상
2015060700100218,2015년 6월 7일 13시,일요일,경상북도 경주시 양남면,경상사고,0,0,2,0,차대차 - 측면직각충돌,안전운전불이행,건조,맑음,단일로 - 기타,승용,남,37세,상해없음,승용,남,53세,경상
2015060700100247,2015년 6월 7일 14시,일요일,경상북도 경주시 양남면,경상사고,0,0,2,0,차량단독 - 전도전복,안전운전불이행,건조,맑음,단일로 - 기타,승용,여,23세,경상,,,,
2015060700100248,2015년 6월 7일 14시,일요일,경상북도 경주시 황오동,중상사고,0,1,0,0,차대차 - 기타,안전운전불이행,건조,맑음,단일로 - 기타,승용,여,47세,상해없음,원동기,남,18세,중상
2015060700100249,2015년 6월 7일 14시,일요일,경상북도 영천시 화룡동,중상사고,0,1,0,0,차대차 - 추돌 - 진행중,안전운전불이행,건조,맑음,단일로 - 기타,승용,남,56세,상해없음,이륜,남,78세,중상
2015060700100250,2015년 6월 7일 14시,일요일,경상북도 성주군 대가면,경상사고,0,0,2,0,차대차 - 추돌 - 진행중,안전운전불이행,건조,맑음,기타 - 기타,화물,여,49세,상해없음,승용,남,69세,경상
2015060700100251,2015년 6월 7일 14시,일요일,경상북도 구미시 신평동,경상사고,0,0,2,0,차대차 - 기타,안전운전불이행,건조,맑음,교차로 - 교차로부근,승용,남,50세,상해없음,승용,남,33세,경상
2015060700100313,2015년 6월 7일 16시,일요일,경상북도 경주시 천군동,중상사고,0,1,1,0,차대차 - 기타,차로위반,건조,맑음,단일로 - 기타,승용,남,33세,중상,승용,남,35세,경상
2015060700100314,2015년 6월 7일 16시,일요일,경상북도 경주시 보문동,중상사고,0,2,3,0,차대차 - 추돌 - 진행중,안전운전불이행,건조,맑음,교차로 - 교차로부근,승용,남,39세,상해없음,승용,남,82세,경상
2015060700100315,2015년 6월 7일 16시,일요일,경상북도 포항시 북구 용흥동,경상사고,0,0,1,0,차대차 - 기타,기타,건조,맑음,단일로 - 기타,승용,여,56세,상해없음,원동기,남,47세,경상
2015060700100316,2015년 6월 7일 16시,일요일,경상북도 김천시 성내동,중상사고,0,1,1,0,차대차 - 측면직각충돌,안전운전불이행,건조,맑음,교차로 - 교차로부근,승합,남,62세,상해없음,승용,남,38세,경상
2015060700100317,2015년 6월 7일 16시,일요일,경상북도 상주시 냉림동,경상사고,0,0,1,0,차대차 - 측면직각충돌,안전운전불이행,건조,맑음,단일로 - 기타,승용,여,31세,상해없음,자전거,남,8세,경상
2015060700100318,2015년 6월 7일 16시,일요일,경상북도 구미시 신동,중상사고,0,1,0,0,차량단독 - 공작물충돌,안전운전불이행,건조,맑음,단일로 - 기타,승용,여,28세,상해없음,,,,
2015060700100345,2015년 6월 7일 17시,일요일,경상북도 안동시 당북동,중상사고,0,1,1,0,차대차 - 추돌 - 진행중,안전거리미확보,건조,맑음,단일로 - 기타,승용,남,58세,상해없음,승용,여,32세,중상
2015060700100346,2015년 6월 7일 17시,일요일,경상북도 구미시 구포동,사망사고,1,0,0,0,차량단독 - 공작물충돌,안전운전불이행,건조,맑음,단일로 - 기타,이륜,남,50세,사망,,,,
2015060700100381,2015년 6월 7일 18시,일요일,경상북도 경주시 외동읍,중상사고,0,1,0,0,차대사람 - 횡단중,안전운전불이행,건조,맑음,교차로 - 교차로부근,승용,남,57세,상해없음,보행자,남,19세,중상
2015060700100382,2015년 6월 7일 18시,일요일,경상북도 경주시 충효동,중상사고,0,1,0,0,차대차 - 추돌 - 주정차중,안전운전불이행,건조,맑음,단일로 - 기타,승용,남,45세,상해없음,승용,여,40세,중상
2015060700100383,2015년 6월 7일 18시,일요일,경상북도 포항시 북구 용흥동,경상사고,0,0,1,0,차대차 - 기타,차로위반,건조,맑음,단일로 - 기타,승용,남,44세,상해없음,원동기,남,41세,경상
2015060700100384,2015년 6월 7일 18시,일요일,경상북도 안동시 태화동,중상사고,0,1,0,0,차대차 - 기타,안전운전불이행,습기,맑음,교차로 - 교차로안,승용,남,34세,상해없음,이륜,남,18세,중상
2015060700100385,2015년 6월 7일 18시,일요일,경상북도 경산시 자인면,경상사고,0,0,5,0,차대차 - 기타,교차로운행방법위반,건조,맑음,교차로 - 교차로안,승용,남,73세,상해없음,화물,남,18세,경상
2015060700100436,2015년 6월 7일 20시,일요일,경상북도 상주시 헌신동,경상사고,0,0,3,0,차대차 - 기타,안전운전불이행,건조,맑음,교차로 - 교차로안,승용,여,36세,경상,화물,남,73세,경상
2015060700100437,2015년 6월 7일 20시,일요일,경상북도 경산시 사정동,중상사고,0,1,0,0,차대사람 - 기타,안전운전불이행,건조,맑음,교차로 - 교차로부근,승용,남,57세,상해없음,보행자,여,82세,중상
2015060700100438,2015년 6월 7일 20시,일요일,경상북도 예천군 개포면,사망사고,1,0,0,0,차대차 - 측면직각충돌,안전운전불이행,건조,맑음,단일로 - 기타,승용,남,23세,상해없음,이륜,남,66세,사망
2015060700100469,2015년 6월 7일 21시,일요일,경상북도 경산시 중방동,사망사고,1,0,0,0,차대사람 - 횡단중,안전운전불이행,건조,맑음,단일로 - 기타,화물,남,63세,상해없음,보행자,여,73세,사망
2015060700100498,2015년 6월 7일 22시,일요일,경상북도 김천시 부곡동,중상사고,0,1,0,0,차대차 - 측면직각충돌,차로위반,건조,맑음,단일로 - 기타,승용,여,43세,상해없음,이륜,남,16세,중상
2015060800100042,2015년 6월 8일 05시,월요일,경상북도 안동시 와룡면,경상사고,0,0,1,0,차량단독 - 공작물충돌,안전운전불이행,건조,맑음,단일로 - 기타,승용,남,67세,경상,,,,
2015060800100072,2015년 6월 8일 07시,월요일,경상북도 구미시 오태동,부상신고사고,0,0,0,5,차대차 - 기타,안전운전불이행,건조,맑음,교차로 - 교차로부근,화물,남,43세,상해없음,화물,남,56세,부상신고
2015060800100073,2015년 6월 8일 07시,월요일,경상북도 포항시 남구 인덕동,경상사고,0,0,3,0,차대차 - 추돌 - 진행중,안전운전불이행,건조,맑음,단일로 - 기타,승용,남,32세,상해없음,승용,남,62세,경상
2015060800100112,2015년 6월 8일 08시,월요일,경상북도 포항시 북구 흥해읍,경상사고,0,0,3,0,차대차 - 기타,안전거리미확보,건조,맑음,단일로 - 기타,화물,남,48세,상해없음,승용,남,50세,경상
2015060800100113,2015년 6월 8일 08시,월요일,경상북도 영천시 대창면,경상사고,0,0,1,0,차대차 - 측면직각충돌,안전운전불이행,건조,맑음,단일로 - 기타,이륜,남,47세,경상,이륜,남,70세,상해없음
2015060800100114,2015년 6월 8일 08시,월요일,경상북도 울진군 울진읍,중상사고,0,1,0,0,차대차 - 측면직각충돌,안전운전불이행,건조,맑음,단일로 - 기타,원동기,남,86세,중상,화물,남,52세,기타불명
2015060800100149,2015년 6월 8일 09시,월요일,경상북도 포항시 남구 해도동,경상사고,0,0,1,0,차대차 - 추돌 - 진행중,안전운전불이행,건조,맑음,교차로 - 교차로안,승용,남,62세,상해없음,자전거,남,80세,경상
2015060800100237,2015년 6월 8일 12시,월요일,경상북도 경주시 외동읍,중상사고,0,1,1,0,차대차 - 기타,안전운전불이행,건조,맑음,교차로 - 교차로안,화물,여,48세,경상,화물,남,41세,중상
2015060800100238,2015년 6월 8일 12시,월요일,경상북도 문경시 공평동,경상사고,0,0,1,0,차대차 - 측면직각충돌,안전운전불이행,건조,맑음,교차로 - 교차로부근,승용,남,54세,상해없음,승용,남,58세,상해없음
2015060800100269,2015년 6월 8일 13시,월요일,경상북도 구미시 옥계동,중상사고,0,1,0,0,차대차 - 기타,안전운전불이행,건조,맑음,교차로 - 교차로부근,승용,여,29세,상해없음,자전거,남,15세,중상
2015060800100301,2015년 6월 8일 14시,월요일,경상북도 성주군 성주읍,중상사고,0,1,0,0,차대차 - 기타,안전운전불이행,건조,맑음,기타 - 기타,화물,남,59세,상해없음,이륜,남,70세,중상
2015060800100337,2015년 6월 8일 15시,월요일,경상북도 포항시 남구 상도동,경상사고,0,0,2,0,차대차 - 기타,안전운전불이행,건조,맑음,교차로 - 교차로부근,승용,여,61세,상해없음,승용,남,39세,경상
2015060800100367,2015년 6월 8일 16시,월요일,경상북도 안동시 옥야동,중상사고,0,1,0,0,차대차 - 기타,안전거리미확보,건조,맑음,단일로 - 기타,승용,남,50세,상해없음,승용,남,37세,중상
2015060800100368,2015년 6월 8일 16시,월요일,경상북도 영천시 금호읍,경상사고,0,0,1,0,차량단독 - 공작물충돌,안전운전불이행,건조,맑음,단일로 - 기타,승용,여,38세,경상,,,,
2015060800100410,2015년 6월 8일 17시,월요일,경상북도 칠곡군 석적읍,경상사고,0,0,1,0,차대차 - 기타,안전운전불이행,습기,흐림,단일로 - 기타,승용,남,66세,상해없음,이륜,남,49세,경상
2015060800100411,2015년 6월 8일 17시,월요일,경상북도 구미시 원평동,경상사고,0,0,1,0,차대차 - 기타,안전운전불이행,적설,흐림,교차로 - 교차로안,이륜,남,69세,경상,승용,남,62세,상해없음
2015060800100412,2015년 6월 8일 17시,월요일,경상북도 포항시 남구 동해면,중상사고,0,1,0,0,차대차 - 측면직각충돌,안전운전불이행,습기,비,단일로 - 기타,승용,남,24세,상해없음,자전거,남,14세,중상
2015060800100449,2015년 6월 8일 18시,월요일,경상북도 경주시 황성동,중상사고,0,1,0,0,차대차 - 추돌 - 진행중,안전운전불이행,습기,비,교차로 - 교차로안,화물,남,53세,상해없음,자전거,남,62세,중상
2015060800100450,2015년 6월 8일 18시,월요일,경상북도 영주시 가흥동,중상사고,0,1,0,0,차대차 - 정면충돌,안전운전불이행,건조,맑음,교차로 - 교차로안,승용,남,43세,상해없음,자전거,남,77세,중상
2015060800100451,2015년 6월 8일 18시,월요일,경상북도 경산시 남산면,중상사고,0,2,0,0,차대차 - 기타,중앙선침범,습기,비,단일로 - 기타,승용,남,54세,상해없음,승용,남,80세,중상
2015060800100452,2015년 6월 8일 18시,월요일,경상북도 구미시 사곡동,중상사고,0,1,0,0,차대사람 - 길가장자리구역통행중,안전운전불이행,건조,맑음,기타 - 기타,승용,남,49세,상해없음,보행자,여,54세,중상
2015060800100483,2015년 6월 8일 19시,월요일,경상북도 경주시 성건동,경상사고,0,0,1,0,차대차 - 기타,안전운전불이행,건조,맑음,단일로 - 기타,승용,남,25세,상해없음,원동기,남,55세,경상
2015060800100509,2015년 6월 8일 20시,월요일,경상북도 안동시 신안동,경상사고,0,0,1,0,차대차 - 기타,안전운전불이행,건조,맑음,단일로 - 기타,승용,남,65세,상해없음,자전거,남,35세,경상
2015060800100510,2015년 6월 8일 20시,월요일,경상북도 영주시 조와동,중상사고,0,1,1,0,차대차 - 측면직각충돌,안전운전불이행,건조,맑음,교차로 - 교차로안,승용,여,51세,중상,승용,남,30세,경상
2015060800100511,2015년 6월 8일 20시,월요일,경상북도 경산시 진량읍,사망사고,1,0,0,0,차대사람 - 차도통행중,안전운전불이행,습기,흐림,단일로 - 기타,승용,남,53세,상해없음,보행자,여,78세,사망
2015060800100559,2015년 6월 8일 22시,월요일,경상북도 경산시 진량읍,경상사고,0,0,1,0,차대차 - 기타,안전운전불이행,건조,흐림,단일로 - 기타,승용,남,41세,상해없음,이륜,남,19세,경상
2015060800100575,2015년 6월 8일 23시,월요일,경상북도 안동시 당북동,경상사고,0,0,3,0,차대차 - 기타,신호위반,건조,맑음,교차로 - 교차로안,승용,남,22세,상해없음,승용,여,61세,경상
2015060800100576,2015년 6월 8일 23시,월요일,경상북도 안동시 평화동,경상사고,0,0,2,0,차대차 - 기타,안전운전불이행,건조,맑음,교차로 - 교차로안,승용,남,53세,상해없음,승용,남,35세,경상
2015060800100577,2015년 6월 8일 23시,월요일,경상북도 영주시 풍기읍,경상사고,0,0,2,0,차대사람 - 기타,안전운전불이행,건조,맑음,단일로 - 기타,원동기,여,21세,경상,보행자,남,19세,경상
2015060900100013,2015년 6월 9일 00시,화요일,경상북도 경주시 용강동,중상사고,0,1,0,0,차대사람 - 기타,안전운전불이행,건조,맑음,단일로 - 기타,승용,남,41세,상해없음,보행자,여,46세,중상
2015060900100014,2015년 6월 9일 00시,화요일,경상북도 문경시 모전동,중상사고,0,1,3,0,차대차 - 측면직각충돌,직진우회전진행방해,건조,맑음,교차로 - 교차로안,승용,여,28세,경상,승용,남,59세,경상
2015060900100089,2015년 6월 9일 07시,화요일,경상북도 경산시 사동,중상사고,0,1,1,16,차대차 - 기타,안전운전불이행,건조,맑음,교차로 - 교차로부근,승용,남,55세,기타불명,승합,남,44세,상해없음
2015060900100125,2015년 6월 9일 08시,화요일,경상북도 포항시 남구 괴동동,경상사고,0,0,1,0,차대차 - 측면직각충돌,안전운전불이행,건조,맑음,교차로 - 교차로안,화물,남,48세,상해없음,승용,남,42세,경상
2015060900100145,2015년 6월 9일 09시,화요일,경상북도 김천시 평화동,중상사고,0,1,0,0,차대차 - 측면직각충돌,교차로운행방법위반,건조,맑음,교차로 - 교차로안,승합,남,33세,상해없음,이륜,남,70세,중상
2015060900100146,2015년 6월 9일 09시,화요일,경상북도 상주시 화서면,경상사고,0,0,1,0,차대차 - 측면직각충돌,교차로운행방법위반,건조,맑음,교차로 - 교차로안,승용,여,30세,상해없음,이륜,남,23세,경상
2015060900100147,2015년 6월 9일 09시,화요일,경상북도 경산시 계양동,중상사고,0,3,2,0,차대차 - 기타,안전운전불이행,건조,맑음,단일로 - 기타,승합,남,37세,상해없음,승용,여,52세,중상
2015060900100148,2015년 6월 9일 09시,화요일,경상북도 구미시 해평면,부상신고사고,0,0,0,1,차대차 - 기타,중앙선침범,건조,맑음,교차로 - 교차로안,이륜,여,65세,부상신고,승용,남,37세,상해없음
2015060900100173,2015년 6월 9일 10시,화요일,경상북도 안동시 당북동,중상사고,0,1,0,0,차대차 - 기타,안전거리미확보,건조,맑음,단일로 - 기타,원동기,남,66세,중상,승용,여,49세,상해없음
2015060900100197,2015년 6월 9일 11시,화요일,경상북도 경주시 건천읍,사망사고,1,0,1,0,차대차 - 기타,안전운전불이행,건조,맑음,단일로 - 기타,화물,남,49세,사망,화물,남,49세,경상
2015060900100199,2015년 6월 9일 11시,화요일,경상북도 포항시 남구 오천읍,경상사고,0,0,1,0,차량단독 - 공작물충돌,안전운전불이행,건조,맑음,단일로 - 기타,화물,여,53세,경상,,,,
2015060900100228,2015년 6월 9일 12시,화요일,경상북도 영천시 대창면,중상사고,0,1,0,0,차대차 - 추돌 - 주정차중,안전운전불이행,건조,맑음,단일로 - 기타,화물,남,27세,중상,화물,남,53세,기타불명
2015060900100229,2015년 6월 9일 12시,화요일,경상북도 포항시 남구 오천읍,중상사고,0,1,1,0,차대차 - 측면직각충돌,안전운전불이행,건조,맑음,단일로 - 기타,이륜,남,55세,경상,화물,남,69세,상해없음
2015060900100260,2015년 6월 9일 13시,화요일,경상북도 칠곡군 왜관읍,부상신고사고,0,0,0,1,차대차 - 기타,교차로운행방법위반,건조,맑음,교차로 - 교차로안,승용,여,25세,부상신고,건설기계,남,47세,상해없음
2015060900100261,2015년 6월 9일 13시,화요일,경상북도 구미시 구평동,부상신고사고,0,0,0,1,차대차 - 기타,안전운전불이행,건조,맑음,교차로 - 교차로부근,자전거,여,20세,부상신고,승용,남,34세,상해없음
2015060900100293,2015년 6월 9일 14시,화요일,경상북도 포항시 남구 청림동,경상사고,0,0,1,0,차대차 - 추돌 - 주정차중,안전운전불이행,건조,맑음,단일로 - 기타,승용,여,27세,상해없음,승용,여,23세,경상
2015060900100342,2015년 6월 9일 16시,화요일,경상북도 청도군 각북면,중상사고,0,1,1,0,차대차 - 측면직각충돌,기타,건조,맑음,단일로 - 기타,원동기,남,79세,중상,승용,남,64세,경상
2015060900100385,2015년 6월 9일 17시,화요일,경상북도 포항시 북구 장성동,경상사고,0,0,1,0,차대차 - 기타,차로위반,건조,맑음,교차로 - 교차로부근,승용,남,56세,상해없음,승합,남,46세,상해없음
2015060900100427,2015년 6월 9일 18시,화요일,경상북도 안동시 태화동,경상사고,0,0,4,0,차대차 - 기타,안전운전불이행,건조,맑음,단일로 - 기타,승용,남,42세,상해없음,승용,여,39세,경상
2015060900100428,2015년 6월 9일 18시,화요일,경상북도 안동시 태화동,중상사고,0,2,0,0,차대차 - 측면직각충돌,안전운전불이행,건조,맑음,교차로 - 교차로안,승용,남,50세,상해없음,승용,남,18세,중상
2015060900100429,2015년 6월 9일 18시,화요일,경상북도 문경시 흥덕동,중상사고,0,1,0,0,차대사람 - 횡단중,안전운전불이행,건조,맑음,단일로 - 기타,승용,여,44세,상해없음,보행자,남,8세,중상
2015060900100453,2015년 6월 9일 19시,화요일,경상북도 영천시 신령면,중상사고,0,1,0,0,차대사람 - 길가장자리구역통행중,안전운전불이행,건조,맑음,단일로 - 기타,승용,남,31세,상해없음,보행자,여,75세,중상
2015060900100454,2015년 6월 9일 19시,화요일,경상북도 경산시 중방동,경상사고,0,0,2,0,차대사람 - 기타,보행자보호의무위반,건조,맑음,단일로 - 횡단보도상,승용,여,43세,상해없음,보행자,여,14세,경상
2015060900100472,2015년 6월 9일 20시,화요일,경상북도 포항시 북구 덕산동,중상사고,0,1,0,0,차대차 - 기타,차로위반,건조,맑음,단일로 - 기타,승용,남,51세,상해없음,원동기,남,45세,중상
2015060900100473,2015년 6월 9일 20시,화요일,경상북도 구미시 고아읍,경상사고,0,0,1,0,차대차 - 측면직각충돌,안전운전불이행,건조,맑음,교차로 - 교차로안,농기계,남,65세,경상,승용,여,42세,상해없음
2015060900100474,2015년 6월 9일 20시,화요일,경상북도 포항시 남구 호동,경상사고,0,0,1,0,차대차 - 기타,안전운전불이행,건조,맑음,단일로 - 기타,승용,여,61세,경상,화물,남,40세,상해없음
2015060900100499,2015년 6월 9일 21시,화요일,경상북도 경주시 안강읍,경상사고,0,0,1,0,차대사람 - 길가장자리구역통행중,안전운전불이행,건조,맑음,단일로 - 기타,승용,여,39세,상해없음,보행자,남,53세,경상
2015060900100500,2015년 6월 9일 21시,화요일,경상북도 포항시 북구 환호동,중상사고,0,1,0,0,차대차 - 측면직각충돌,안전운전불이행,건조,맑음,교차로 - 교차로안,승용,남,50세,상해없음,원동기,남,36세,중상
2015060900100501,2015년 6월 9일 21시,화요일,경상북도 안동시 용상동,중상사고,0,1,3,0,차대차 - 기타,안전운전불이행,건조,맑음,교차로 - 교차로부근,화물,남,58세,중상,화물,남,58세,경상
2015060900100529,2015년 6월 9일 22시,화요일,경상북도 경산시 중방동,경상사고,0,0,3,0,차대차 - 기타,교차로운행방법위반,건조,맑음,교차로 - 교차로안,승용,남,19세,상해없음,승용,남,25세,경상
2015060900100530,2015년 6월 9일 22시,화요일,경상북도 예천군 예천읍,사망사고,1,1,0,0,차대차 - 측면직각충돌,안전운전불이행,건조,맑음,단일로 - 기타,승용,남,27세,상해없음,승용,남,32세,사망
2015060900100531,2015년 6월 9일 22시,화요일,경상북도 포항시 남구 대도동,경상사고,0,0,1,0,차대차 - 기타,안전운전불이행,건조,맑음,교차로 - 교차로부근,승용,남,33세,상해없음,승용,남,32세,경상
2015060900100565,2015년 6월 9일 23시,화요일,경상북도 상주시 낙동면,중상사고,0,1,1,0,차대사람 - 기타,기타,건조,맑음,단일로 - 기타,승용,남,53세,상해없음,보행자,남,27세,경상
2015060900100566,2015년 6월 9일 23시,화요일,경상북도 구미시 형곡동,중상사고,0,1,0,0,차대차 - 기타,안전운전불이행,건조,맑음,교차로 - 교차로안,승합,남,58세,상해없음,원동기,남,59세,중상
2015061000100013,2015년 6월 10일 00시,수요일,경상북도 상주시 외서면,부상신고사고,0,0,0,1,차대차 - 측면직각충돌,안전운전불이행,건조,맑음,단일로 - 기타,승용,남,29세,부상신고,화물,남,41세,상해없음
2015061000100096,2015년 6월 10일 07시,수요일,경상북도 의성군 안계면,중상사고,0,1,0,0,차대차 - 측면직각충돌,안전운전불이행,건조,맑음,단일로 - 기타,화물,남,52세,상해없음,원동기,남,78세,중상
2015061000100097,2015년 6월 10일 07시,수요일,경상북도 영천시 망정동,경상사고,0,0,1,0,차대차 - 측면직각충돌,신호위반,건조,맑음,교차로 - 교차로안,승합,남,64세,상해없음,승용,남,28세,경상
2015061000100166,2015년 6월 10일 09시,수요일,경상북도 경주시 탑동,경상사고,0,0,1,0,차량단독 - 공작물충돌,안전운전불이행,건조,맑음,단일로 - 기타,화물,남,40세,경상,,,,
2015061000100167,2015년 6월 10일 09시,수요일,경상북도 포항시 북구 죽도동,경상사고,0,0,1,0,차대사람 - 차도통행중,안전운전불이행,건조,맑음,단일로 - 기타,화물,여,36세,상해없음,보행자,여,62세,경상
2015061000100168,2015년 6월 10일 09시,수요일,경상북도 경산시 하양읍,중상사고,0,1,0,0,차대사람 - 기타,중앙선침범,건조,맑음,단일로 - 기타,승용,여,38세,상해없음,보행자,남,53세,중상
2015061000100169,2015년 6월 10일 09시,수요일,경상북도 포항시 남구 상도동,중상사고,0,1,0,0,차대사람 - 횡단중,안전운전불이행,건조,맑음,단일로 - 횡단보도상,승용,남,63세,상해없음,보행자,남,62세,중상
2015061000100197,2015년 6월 10일 10시,수요일,경상북도 경주시 성동동,경상사고,0,0,1,0,차대차 - 측면직각충돌,중앙선침범,건조,맑음,단일로 - 기타,승용,남,47세,상해없음,원동기,남,24세,경상
2015061000100198,2015년 6월 10일 10시,수요일,경상북도 의성군 의성읍,경상사고,0,0,2,0,차대차 - 측면직각충돌,안전운전불이행,건조,맑음,단일로 - 기타,승용,남,57세,상해없음,승용,여,53세,경상
2015061000100199,2015년 6월 10일 10시,수요일,경상북도 경산시 중방동,중상사고,0,1,0,0,차대차 - 기타,안전운전불이행,건조,맑음,교차로 - 교차로안,승용,여,41세,상해없음,승용,여,59세,중상
2015061000100200,2015년 6월 10일 10시,수요일,경상북도 구미시 공단동,경상사고,0,0,1,0,차대차 - 기타,교차로운행방법위반,건조,맑음,교차로 - 교차로부근,승용,여,48세,상해없음,이륜,여,64세,경상
2015061000100201,2015년 6월 10일 10시,수요일,경상북도 포항시 남구 해도동,중상사고,0,1,0,0,차대차 - 추돌 - 진행중,안전운전불이행,건조,맑음,교차로 - 교차로부근,특수,남,57세,상해없음,승용,남,69세,상해없음
2015061000100223,2015년 6월 10일 11시,수요일,경상북도 포항시 북구 우현동,경상사고,0,0,3,0,차대차 - 기타,안전거리미확보,건조,맑음,단일로 - 기타,승용,여,36세,상해없음,승용,여,58세,경상
2015061000100224,2015년 6월 10일 11시,수요일,경상북도 문경시 가은읍,중상사고,0,1,2,0,차대차 - 측면직각충돌,안전운전불이행,건조,맑음,교차로 - 교차로안,승용,여,39세,경상,승용,남,50세,경상
2015061000100225,2015년 6월 10일 11시,수요일,경상북도 경산시 점촌동,경상사고,0,0,3,0,차대차 - 기타,안전운전불이행,건조,맑음,단일로 - 기타,승용,여,46세,기타불명,승용,여,49세,경상
2015061000100226,2015년 6월 10일 11시,수요일,경상북도 포항시 남구 대송면,중상사고,0,1,2,0,차대차 - 기타,기타,건조,맑음,교차로 - 교차로안,승용,남,57세,중상,승용,여,31세,경상