사고번호,사고일시,요일,시군구,사고내용,사망자수,중상자수,경상자수,부상신고자수,사고유형,법규위반,노면상태,기상상태,도로형태,가해운전자 차종,가해운전자 성별,가해운전자 연령,가해운전자 상해정도,피해운전자 차종,피해운전자 성별,피해운전자 연령,피해운전자 상해정도
2015061000100227,2015년 6월 10일 11시,수요일,경상북도 포항시 남구 해도동,경상사고,0,0,1,0,차량단독 - 전도전복,안전운전불이행,건조,맑음,교차로 - 교차로부근,이륜,남,20세,경상,,,,
2015061000100282,2015년 6월 10일 13시,수요일,경상북도 포항시 북구 양덕동,경상사고,0,0,1,0,차대차 - 기타,안전운전불이행,건조,맑음,단일로 - 기타,자전거,남,11세,경상,승용,여,28세,상해없음
2015061000100340,2015년 6월 10일 15시,수요일,경상북도 경주시 시래동,중상사고,0,1,0,0,차대차 - 기타,안전운전불이행,건조,맑음,단일로 - 기타,승용,여,41세,상해없음,원동기,남,60세,중상
2015061000100341,2015년 6월 10일 15시,수요일,경상북도 경주시 건천읍,중상사고,0,1,0,0,차대차 - 기타,안전운전불이행,건조,맑음,교차로 - 교차로안,화물,남,48세,상해없음,승용,남,37세,중상
2015061000100342,2015년 6월 10일 15시,수요일,경상북도 문경시 모전동,경상사고,0,0,1,0,차대차 - 추돌 - 진행중,안전운전불이행,건조,맑음,교차로 - 교차로부근,승용,남,64세,상해없음,화물,남,64세,상해없음
2015061000100372,2015년 6월 10일 16시,수요일,경상북도 경산시 하양읍,경상사고,0,0,1,0,차대사람 - 기타,안전운전불이행,건조,맑음,단일로 - 기타,승용,남,51세,상해없음,보행자,여,21세,경상
2015061000100373,2015년 6월 10일 16시,수요일,경상북도 경산시 중방동,경상사고,0,0,1,0,차대차 - 기타,기타,건조,맑음,교차로 - 교차로안,자전거,남,13세,경상,승용,남,61세,상해없음
2015061000100404,2015년 6월 10일 17시,수요일,경상북도 경주시 성건동,경상사고,0,0,1,0,차대차 - 기타,안전운전불이행,건조,맑음,단일로 - 기타,승용,남,62세,상해없음,원동기,남,23세,경상
2015061000100405,2015년 6월 10일 17시,수요일,경상북도 김천시 지례면,경상사고,0,0,1,0,차대사람 - 횡단중,안전운전불이행,건조,맑음,단일로 - 기타,화물,여,68세,상해없음,보행자,여,57세,경상
2015061000100406,2015년 6월 10일 17시,수요일,경상북도 김천시 응명동,경상사고,0,0,1,0,차대차 - 측면직각충돌,직진우회전진행방해,건조,맑음,교차로 - 교차로안,화물,남,51세,상해없음,승용,여,39세,경상
2015061000100407,2015년 6월 10일 17시,수요일,경상북도 경산시 대동,경상사고,0,0,1,0,차대차 - 기타,안전운전불이행,건조,맑음,교차로 - 교차로안,승용,여,51세,상해없음,자전거,남,9세,경상
2015061000100455,2015년 6월 10일 18시,수요일,경상북도 경주시 황성동,경상사고,0,0,1,0,차대차 - 기타,안전운전불이행,건조,맑음,교차로 - 교차로부근,승용,남,45세,상해없음,승용,남,42세,경상
2015061000100456,2015년 6월 10일 18시,수요일,경상북도 포항시 북구 죽도동,경상사고,0,0,1,0,차대차 - 기타,차로위반,건조,맑음,단일로 - 기타,승용,남,23세,상해없음,승용,남,38세,경상
2015061000100457,2015년 6월 10일 18시,수요일,경상북도 안동시 태화동,중상사고,0,1,3,0,차대차 - 기타,직진우회전진행방해,건조,맑음,교차로 - 교차로안,화물,남,61세,상해없음,승용,남,32세,중상
2015061000100458,2015년 6월 10일 18시,수요일,경상북도 김천시 개령면,중상사고,0,1,0,0,차대차 - 측면직각충돌,직진우회전진행방해,건조,맑음,교차로 - 교차로안,화물,남,45세,중상,화물,남,50세,상해없음
2015061000100459,2015년 6월 10일 18시,수요일,경상북도 구미시 산동면,경상사고,0,0,1,0,차대차 - 기타,안전운전불이행,건조,맑음,단일로 - 기타,승용,여,29세,상해없음,승용,여,25세,경상
2015061000100460,2015년 6월 10일 18시,수요일,경상북도 포항시 남구 연일읍,경상사고,0,0,1,0,차대차 - 측면직각충돌,교차로운행방법위반,건조,맑음,교차로 - 교차로안,승용,여,37세,상해없음,자전거,남,13세,경상
2015061000100461,2015년 6월 10일 18시,수요일,경상북도 포항시 남구 효자동,경상사고,0,0,1,0,차대차 - 기타,안전운전불이행,건조,맑음,교차로 - 교차로부근,승용,남,34세,상해없음,자전거,남,45세,경상
2015061000100493,2015년 6월 10일 19시,수요일,경상북도 경주시 안강읍,부상신고사고,0,0,0,1,차대사람 - 길가장자리구역통행중,안전운전불이행,건조,맑음,단일로 - 기타,승용,여,46세,상해없음,보행자,남,3세,부상신고
2015061000100494,2015년 6월 10일 19시,수요일,경상북도 경산시 서상동,경상사고,0,0,1,0,차대사람 - 기타,안전운전불이행,건조,맑음,단일로 - 기타,승용,여,51세,기타불명,보행자,여,42세,경상
2015061000100526,2015년 6월 10일 20시,수요일,경상북도 영주시 영주동,중상사고,0,1,0,0,차대사람 - 횡단중,중앙선침범,건조,맑음,단일로 - 기타,원동기,남,20세,상해없음,보행자,여,81세,중상
2015061000100552,2015년 6월 10일 21시,수요일,경상북도 구미시 상모동,중상사고,0,1,0,0,차대차 - 기타,안전운전불이행,건조,맑음,단일로 - 기타,승용,여,32세,상해없음,자전거,남,17세,중상
2015061000100553,2015년 6월 10일 21시,수요일,경상북도 포항시 남구 오천읍,중상사고,0,1,0,0,차대차 - 기타,안전운전불이행,건조,맑음,단일로 - 기타,승용,남,60세,상해없음,이륜,남,22세,중상
2015061000100590,2015년 6월 10일 22시,수요일,경상북도 영천시 완산동,중상사고,0,1,0,0,차대차 - 추돌 - 진행중,안전운전불이행,건조,맑음,단일로 - 기타,화물,남,37세,상해없음,원동기,남,18세,중상
2015061000100612,2015년 6월 10일 23시,수요일,경상북도 구미시 진평동,경상사고,0,0,2,0,차대사람 - 기타,안전운전불이행,건조,맑음,교차로 - 교차로안,승용,남,46세,상해없음,보행자,여,23세,경상
2015061100100016,2015년 6월 11일 00시,목요일,경상북도 경산시 남천면,중상사고,0,1,0,0,차량단독 - 기타,안전운전불이행,건조,맑음,단일로 - 기타,이륜,남,27세,중상,,,,
2015061100100017,2015년 6월 11일 00시,목요일,경상북도 구미시 산동면,경상사고,0,0,2,0,차대차 - 기타,안전운전불이행,건조,맑음,기타 - 기타,승용,남,33세,경상,승용,기타불명,기타불명,기타불명
2015061100100031,2015년 6월 11일 01시,목요일,경상북도 칠곡군 석적읍,중상사고,0,2,0,0,차대차 - 기타,신호위반,건조,맑음,교차로 - 교차로안,승용,여,55세,중상,승용,여,33세,중상
2015061100100086,2015년 6월 11일 06시,목요일,경상북도 경주시 현곡면,경상사고,0,0,2,0,차대차 - 추돌 - 진행중,안전운전불이행,건조,맑음,단일로 - 기타,승용,남,49세,경상,승용,여,39세,경상
2015061100100087,2015년 6월 11일 06시,목요일,경상북도 김천시 구성면,경상사고,0,0,3,0,차대차 - 측면직각충돌,안전운전불이행,건조,맑음,교차로 - 교차로안,화물,남,55세,상해없음,화물,남,69세,경상
2015061100100088,2015년 6월 11일 06시,목요일,경상북도 경산시 진량읍,경상사고,0,0,1,0,차대차 - 기타,안전운전불이행,건조,맑음,단일로 - 기타,승용,여,56세,경상,화물,남,53세,상해없음
2015061100100140,2015년 6월 11일 08시,목요일,경상북도 포항시 북구 두호동,경상사고,0,0,1,0,차대사람 - 기타,안전운전불이행,건조,맑음,단일로 - 횡단보도상,화물,남,44세,상해없음,보행자,남,76세,경상
2015061100100141,2015년 6월 11일 08시,목요일,경상북도 상주시 복룡동,경상사고,0,0,1,0,차대차 - 기타,안전운전불이행,건조,맑음,단일로 - 기타,승용,남,47세,상해없음,자전거,여,63세,경상
2015061100100142,2015년 6월 11일 08시,목요일,경상북도 구미시 송정동,경상사고,0,0,1,0,차대차 - 기타,안전운전불이행,건조,맑음,단일로 - 기타,승용,남,55세,기타불명,승용,여,44세,경상
2015061100100179,2015년 6월 11일 09시,목요일,경상북도 경주시 서면,경상사고,0,0,1,0,차대사람 - 기타,안전운전불이행,건조,맑음,교차로 - 교차로안,화물,남,49세,상해없음,보행자,남,70세,경상
2015061100100233,2015년 6월 11일 11시,목요일,경상북도 구미시 인의동,경상사고,0,0,1,0,차대사람 - 기타,안전운전불이행,건조,맑음,기타 - 기타,승용,여,29세,상해없음,보행자,여,39세,경상
2015061100100284,2015년 6월 11일 13시,목요일,경상북도 포항시 북구 대흥동,경상사고,0,0,1,0,차대차 - 기타,안전운전불이행,건조,맑음,단일로 - 기타,원동기,남,77세,경상,승용,남,33세,상해없음
2015061100100309,2015년 6월 11일 14시,목요일,경상북도 안동시 천리동,경상사고,0,0,1,0,차량단독 - 기타,안전운전불이행,건조,맑음,기타 - 기타,승합,남,47세,상해없음,,,,
2015061100100310,2015년 6월 11일 14시,목요일,경상북도 안동시 안기동,중상사고,0,1,0,0,차대차 - 추돌 - 주정차중,안전운전불이행,건조,맑음,교차로 - 교차로부근,승용,여,46세,상해없음,화물,남,72세,상해없음
2015061100100311,2015년 6월 11일 14시,목요일,경상북도 의성군 금성면,중상사고,0,1,1,0,차대차 - 기타,안전운전불이행,건조,맑음,단일로 - 기타,화물,남,81세,상해없음,원동기,남,66세,경상
2015061100100339,2015년 6월 11일 15시,목요일,경상북도 김천시 부항면,사망사고,1,0,0,0,차량단독 - 공작물충돌,안전운전불이행,건조,맑음,단일로 - 기타,이륜,남,74세,사망,,,,
2015061100100340,2015년 6월 11일 15시,목요일,경상북도 경산시 자인면,경상사고,0,0,1,0,차대차 - 기타,교차로운행방법위반,건조,맑음,교차로 - 교차로안,화물,남,26세,경상,화물,남,41세,상해없음
2015061100100341,2015년 6월 11일 15시,목요일,경상북도 경산시 백천동,경상사고,0,0,1,0,차대차 - 기타,안전운전불이행,건조,맑음,교차로 - 교차로부근,승합,남,55세,상해없음,승용,여,52세,경상
2015061100100342,2015년 6월 11일 15시,목요일,경상북도 구미시 남통동,경상사고,0,0,2,0,차대차 - 기타,안전운전불이행,건조,맑음,교차로 - 교차로부근,승용,남,57세,기타불명,승용,남,49세,경상
2015061100100373,2015년 6월 11일 16시,목요일,경상북도 칠곡군 가산면,중상사고,0,2,1,0,차대차 - 기타,신호위반,건조,맑음,교차로 - 교차로안,승용,남,37세,중상,화물,남,43세,경상
2015061100100374,2015년 6월 11일 16시,목요일,경상북도 경산시 옥산동,경상사고,0,0,1,0,차대차 - 기타,안전운전불이행,건조,맑음,교차로 - 교차로부근,승용,남,70세,상해없음,승용,여,52세,경상
2015061100100408,2015년 6월 11일 17시,목요일,경상북도 안동시 옥동,경상사고,0,0,1,0,차대차 - 기타,안전운전불이행,건조,맑음,교차로 - 교차로부근,승용,남,23세,상해없음,승용,여,51세,경상
2015061100100440,2015년 6월 11일 18시,목요일,경상북도 경주시 충효동,경상사고,0,0,1,0,차대사람 - 기타,안전운전불이행,건조,맑음,단일로 - 기타,승합,남,55세,상해없음,보행자,여,19세,경상
2015061100100441,2015년 6월 11일 18시,목요일,경상북도 경산시 유곡동,중상사고,0,1,0,0,차대차 - 기타,중앙선침범,건조,맑음,교차로 - 교차로부근,승합,남,45세,상해없음,자전거,남,24세,중상
2015061100100473,2015년 6월 11일 19시,목요일,경상북도 포항시 북구 양덕동,경상사고,0,0,1,0,차대차 - 기타,교차로운행방법위반,습기,흐림,교차로 - 교차로안,승용,여,27세,상해없음,승용,남,33세,경상
2015061100100474,2015년 6월 11일 19시,목요일,경상북도 경산시 사동,중상사고,0,1,0,0,차대차 - 기타,안전운전불이행,건조,맑음,교차로 - 교차로부근,자전거,남,62세,중상,승용,여,52세,상해없음
2015061100100515,2015년 6월 11일 20시,목요일,경상북도 경산시 평산동,경상사고,0,0,1,0,차대차 - 기타,안전운전불이행,건조,맑음,교차로 - 교차로안,이륜,기타불명,기타불명,기타불명,승용,여,49세,경상
2015061100100516,2015년 6월 11일 20시,목요일,경상북도 구미시 신평동,중상사고,0,1,0,0,차대사람 - 기타,교차로운행방법위반,건조,맑음,교차로 - 교차로안,승용,남,36세,상해없음,보행자,남,58세,중상
2015061100100553,2015년 6월 11일 21시,목요일,경상북도 안동시 옥동,중상사고,0,1,0,0,차대사람 - 횡단중,안전운전불이행,건조,맑음,교차로 - 교차로부근,승용,남,65세,상해없음,보행자,남,34세,중상
2015061100100554,2015년 6월 11일 21시,목요일,경상북도 칠곡군 왜관읍,중상사고,0,1,0,1,차대차 - 측면직각충돌,신호위반,건조,맑음,단일로 - 기타,승용,여,49세,부상신고,승용,남,37세,중상
2015061100100588,2015년 6월 11일 22시,목요일,경상북도 포항시 북구 흥해읍,중상사고,0,1,2,0,차대차 - 추돌 - 주정차중,안전운전불이행,건조,맑음,교차로 - 교차로부근,화물,남,52세,상해없음,승용,여,57세,경상
2015061100100589,2015년 6월 11일 22시,목요일,경상북도 영천시 야사동,경상사고,0,0,2,0,차대차 - 측면직각충돌,안전운전불이행,건조,맑음,단일로 - 기타,승용,여,49세,경상,승용,남,61세,경상
2015061100100626,2015년 6월 11일 23시,목요일,경상북도 영덕군 영해면,경상사고,0,0,1,0,차량단독 - 공작물충돌,안전운전불이행,건조,맑음,교차로 - 교차로안,승용,남,27세,경상,,,,
2015061200100020,2015년 6월 12일 00시,금요일,경상북도 경산시 진량읍,경상사고,0,0,2,0,차대차 - 기타,안전운전불이행,건조,맑음,단일로 - 기타,승용,남,45세,상해없음,승용,남,25세,경상
2015061200100046,2015년 6월 12일 02시,금요일,경상북도 포항시 북구 덕수동,중상사고,0,1,0,0,차대사람 - 기타,신호위반,건조,맑음,교차로 - 교차로안,승용,남,32세,상해없음,보행자,남,50세,중상
2015061200100055,2015년 6월 12일 03시,금요일,경상북도 김천시 감호동,중상사고,0,2,1,0,차대차 - 측면직각충돌,신호위반,건조,맑음,교차로 - 교차로안,승용,남,55세,상해없음,승용,남,52세,경상
2015061200100063,2015년 6월 12일 04시,금요일,경상북도 구미시 공단동,사망사고,1,2,0,0,차대차 - 기타,신호위반,건조,맑음,교차로 - 교차로안,이륜,남,27세,중상,승용,남,51세,중상
2015061200100109,2015년 6월 12일 07시,금요일,경상북도 경산시 자인면,경상사고,0,0,1,0,차대차 - 기타,안전운전불이행,건조,맑음,단일로 - 기타,승용,남,26세,상해없음,승용,남,27세,경상
2015061200100146,2015년 6월 12일 08시,금요일,경상북도 경주시 동천동,중상사고,0,1,0,0,차대차 - 기타,직진우회전진행방해,건조,맑음,단일로 - 기타,승용,남,66세,상해없음,자전거,남,9세,중상
2015061200100147,2015년 6월 12일 08시,금요일,경상북도 포항시 북구 흥해읍,중상사고,0,1,0,0,차대차 - 기타,안전거리미확보,건조,맑음,단일로 - 기타,승용,남,52세,상해없음,화물,남,62세,중상
2015061200100148,2015년 6월 12일 08시,금요일,경상북도 안동시 옥동,중상사고,0,1,0,0,차대사람 - 기타,보행자보호의무위반,건조,맑음,단일로 - 기타,승합,남,49세,상해없음,보행자,남,15세,중상
2015061200100171,2015년 6월 12일 09시,금요일,경상북도 경산시 자인면,경상사고,0,0,1,0,차량단독 - 전도전복,안전운전불이행,건조,맑음,단일로 - 기타,승용,여,54세,경상,,,,
2015061200100216,2015년 6월 12일 11시,금요일,경상북도 고령군 대가야읍,중상사고,0,1,0,0,차대차 - 정면충돌,중앙선침범,건조,맑음,단일로 - 기타,승용,남,63세,상해없음,원동기,남,49세,중상
2015061200100217,2015년 6월 12일 11시,금요일,경상북도 경주시 강동면,사망사고,1,0,0,0,차량단독 - 전도전복,안전운전불이행,건조,맑음,단일로 - 기타,승용,남,60세,사망,,,,
2015061200100234,2015년 6월 12일 12시,금요일,경상북도 경주시 양북면,중상사고,0,2,0,0,차대차 - 기타,안전운전불이행,건조,맑음,교차로 - 교차로부근,승용,여,27세,상해없음,승용,여,41세,중상
2015061200100235,2015년 6월 12일 12시,금요일,경상북도 고령군 다산면,경상사고,0,0,4,0,차대차 - 추돌 - 주정차중,안전운전불이행,건조,맑음,교차로 - 교차로부근,승용,남,40세,상해없음,승용,남,50세,경상
2015061200100236,2015년 6월 12일 12시,금요일,경상북도 포항시 남구 오천읍,경상사고,0,0,2,0,차대차 - 측면직각충돌,교차로운행방법위반,건조,맑음,교차로 - 교차로안,승용,남,33세,상해없음,승합,남,38세,경상
2015061200100262,2015년 6월 12일 13시,금요일,경상북도 칠곡군 북삼읍,경상사고,0,0,2,0,차대차 - 추돌 - 진행중,안전운전불이행,건조,맑음,단일로 - 기타,승합,남,23세,상해없음,승합,남,30세,경상
2015061200100287,2015년 6월 12일 14시,금요일,경상북도 영주시 순흥면,경상사고,0,0,3,0,차대차 - 측면직각충돌,안전운전불이행,건조,맑음,교차로 - 교차로안,승용,여,50세,경상,승용,여,56세,상해없음
2015061200100288,2015년 6월 12일 14시,금요일,경상북도 영천시 신령면,중상사고,0,1,0,0,차대차 - 측면직각충돌,중앙선침범,건조,맑음,단일로 - 기타,승용,남,56세,중상,건설기계,남,51세,기타불명
2015061200100320,2015년 6월 12일 15시,금요일,경상북도 예천군 예천읍,경상사고,0,0,1,0,차대차 - 추돌 - 진행중,안전운전불이행,건조,맑음,단일로 - 기타,승용,남,44세,상해없음,승용,남,36세,경상
2015061200100355,2015년 6월 12일 16시,금요일,경상북도 영주시 풍기읍,경상사고,0,0,1,0,차대차 - 측면직각충돌,안전운전불이행,건조,맑음,단일로 - 기타,화물,남,62세,상해없음,자전거,남,10세,경상
2015061200100356,2015년 6월 12일 16시,금요일,경상북도 고령군 다산면,부상신고사고,0,0,0,3,차대차 - 추돌 - 주정차중,안전운전불이행,건조,맑음,교차로 - 교차로부근,기타불명,기타불명,기타불명,기타불명,승합,남,62세,상해없음
2015061200100357,2015년 6월 12일 16시,금요일,경상북도 구미시 공단동,경상사고,0,0,1,0,차대사람 - 기타,안전운전불이행,건조,맑음,기타 - 기타,승용,남,31세,상해없음,보행자,남,44세,경상
2015061200100358,2015년 6월 12일 16시,금요일,경상북도 구미시 고아읍,경상사고,0,0,1,0,차대사람 - 기타,안전운전불이행,건조,맑음,기타 - 기타,승용,여,46세,상해없음,보행자,여,57세,경상
2015061200100359,2015년 6월 12일 16시,금요일,경상북도 포항시 남구 대잠동,경상사고,0,0,1,0,차대차 - 추돌 - 진행중,안전운전불이행,건조,맑음,교차로 - 교차로부근,승용,남,73세,상해없음,화물,여,23세,경상
2015061200100395,2015년 6월 12일 17시,금요일,경상북도 울진군 후포면,경상사고,0,0,1,0,차대차 - 기타,중앙선침범,건조,맑음,단일로 - 기타,자전거,남,53세,경상,승용,남,67세,상해없음
2015061200100396,2015년 6월 12일 17시,금요일,경상북도 구미시 공단동,경상사고,0,0,1,0,차대차 - 기타,안전운전불이행,건조,맑음,교차로 - 교차로부근,승용,남,29세,상해없음,승용,남,29세,경상
2015061200100397,2015년 6월 12일 17시,금요일,경상북도 포항시 남구 상도동,경상사고,0,0,1,0,차대차 - 추돌 - 진행중,안전운전불이행,건조,맑음,교차로 - 교차로부근,승용,남,19세,상해없음,승용,여,60세,경상
2015061200100442,2015년 6월 12일 18시,금요일,경상북도 경주시 안강읍,중상사고,0,1,0,0,차대차 - 기타,기타,건조,맑음,교차로 - 교차로안,이륜,남,56세,중상,농기계,남,72세,상해없음
2015061200100443,2015년 6월 12일 18시,금요일,경상북도 영주시 영주동,경상사고,0,0,3,0,차대차 - 측면직각충돌,안전운전불이행,건조,맑음,단일로 - 기타,승용,여,59세,상해없음,승합,남,42세,상해없음
2015061200100444,2015년 6월 12일 18시,금요일,경상북도 문경시 흥덕동,경상사고,0,0,2,0,차대차 - 측면직각충돌,안전운전불이행,건조,맑음,교차로 - 교차로안,승용,남,71세,경상,화물,남,63세,경상
2015061200100445,2015년 6월 12일 18시,금요일,경상북도 영덕군 병곡면,중상사고,0,1,0,0,차대차 - 기타,안전거리미확보,건조,맑음,단일로 - 기타,화물,남,54세,상해없음,승용,남,28세,중상
2015061200100481,2015년 6월 12일 19시,금요일,경상북도 경주시 동천동,경상사고,0,0,1,0,차대사람 - 기타,안전운전불이행,건조,맑음,단일로 - 기타,승용,남,24세,상해없음,보행자,여,33세,경상
2015061200100482,2015년 6월 12일 19시,금요일,경상북도 포항시 북구 두호동,부상신고사고,0,0,0,1,차대사람 - 기타,안전운전불이행,건조,맑음,단일로 - 기타,승용,여,64세,상해없음,보행자,남,20세,부상신고
2015061200100483,2015년 6월 12일 19시,금요일,경상북도 상주시 남성동,중상사고,0,1,0,0,차대사람 - 횡단중,안전운전불이행,건조,맑음,기타 - 기타,자전거,남,13세,상해없음,보행자,여,51세,중상
2015061200100528,2015년 6월 12일 20시,금요일,경상북도 경주시 황성동,경상사고,0,0,1,0,차대차 - 기타,신호위반,건조,흐림,교차로 - 교차로부근,화물,남,59세,상해없음,원동기,남,45세,경상
2015061200100529,2015년 6월 12일 20시,금요일,경상북도 포항시 남구 대도동,부상신고사고,0,0,0,1,차대차 - 기타,안전운전불이행,건조,맑음,교차로 - 교차로부근,자전거,남,63세,부상신고,승용,남,48세,상해없음
2015061200100558,2015년 6월 12일 21시,금요일,경상북도 상주시 낙양동,경상사고,0,0,1,0,차대사람 - 횡단중,안전운전불이행,건조,맑음,단일로 - 기타,승용,남,29세,상해없음,보행자,여,85세,경상
2015061200100559,2015년 6월 12일 21시,금요일,경상북도 상주시 함창읍,경상사고,0,0,1,0,차대차 - 측면직각충돌,신호위반,건조,맑음,교차로 - 교차로안,화물,남,59세,상해없음,승용,남,54세,경상
2015061200100560,2015년 6월 12일 21시,금요일,경상북도 경산시 하양읍,중상사고,0,1,0,0,차대차 - 기타,안전운전불이행,건조,맑음,교차로 - 교차로부근,승용,남,37세,상해없음,원동기,남,18세,중상
2015061200100586,2015년 6월 12일 22시,금요일,경상북도 성주군 성주읍,경상사고,0,0,1,0,차대차 - 기타,안전운전불이행,건조,맑음,기타 - 기타,승용,남,34세,상해없음,승용,남,27세,경상
2015061200100629,2015년 6월 12일 23시,금요일,경상북도 포항시 북구 두호동,경상사고,0,0,1,0,차대차 - 기타,차로위반,건조,맑음,교차로 - 교차로안,승용,남,58세,상해없음,원동기,남,17세,경상
2015061200100630,2015년 6월 12일 23시,금요일,경상북도 포항시 북구 죽도동,경상사고,0,0,2,0,차대차 - 기타,안전운전불이행,건조,맑음,교차로 - 교차로부근,승용,남,31세,상해없음,승용,남,25세,경상
2015061200100631,2015년 6월 12일 23시,금요일,경상북도 안동시 당북동,중상사고,0,1,0,0,차대차 - 측면직각충돌,신호위반,건조,맑음,교차로 - 교차로안,승용,남,27세,상해없음,승용,남,39세,중상
2015061300100015,2015년 6월 13일 00시,토요일,경상북도 경주시 성건동,경상사고,0,0,1,0,차대차 - 측면직각충돌,안전운전불이행,건조,맑음,교차로 - 교차로안,승용,남,34세,경상,승용,남,49세,상해없음
2015061300100016,2015년 6월 13일 00시,토요일,경상북도 포항시 북구 장성동,경상사고,0,0,2,0,차대차 - 기타,안전거리미확보,건조,맑음,교차로 - 교차로안,승용,남,51세,상해없음,승용,여,58세,경상
2015061300100017,2015년 6월 13일 00시,토요일,경상북도 예천군 예천읍,경상사고,0,0,2,0,차대차 - 측면직각충돌,안전운전불이행,건조,맑음,단일로 - 기타,승용,남,35세,경상,승용,여,52세,경상
2015061300100018,2015년 6월 13일 00시,토요일,경상북도 포항시 남구 대도동,중상사고,0,1,0,0,차대사람 - 횡단중,안전운전불이행,건조,맑음,단일로 - 기타,승용,남,52세,상해없음,보행자,여,32세,중상
2015061300100094,2015년 6월 13일 03시,토요일,경상북도 칠곡군 왜관읍,경상사고,0,0,1,0,차량단독 - 전도전복,안전운전불이행,건조,맑음,단일로 - 기타,이륜,남,17세,상해없음,,,,
2015061300100111,2015년 6월 13일 05시,토요일,경상북도 경주시 보문동,경상사고,0,0,4,0,차량단독 - 공작물충돌,안전운전불이행,건조,맑음,단일로 - 기타,승용,남,19세,상해없음,,,,
2015061300100130,2015년 6월 13일 06시,토요일,경상북도 울진군 매화면,중상사고,0,2,0,0,차량단독 - 공작물충돌,안전운전불이행,건조,맑음,단일로 - 기타,승용,여,31세,중상,,,,
2015061300100187,2015년 6월 13일 09시,토요일,경상북도 경주시 양북면,중상사고,0,2,0,0,차대차 - 기타,안전운전불이행,건조,맑음,단일로 - 기타,화물,남,46세,상해없음,승용,남,59세,중상
2015061300100188,2015년 6월 13일 09시,토요일,경상북도 포항시 북구 장성동,중상사고,0,1,0,0,차대사람 - 기타,안전운전불이행,건조,맑음,단일로 - 기타,승용,남,37세,상해없음,보행자,여,54세,중상
2015061300100189,2015년 6월 13일 09시,토요일,경상북도 경산시 자인면,경상사고,0,0,1,0,차대차 - 추돌 - 진행중,안전운전불이행,건조,맑음,단일로 - 기타,승용,남,54세,상해없음,원동기,남,32세,경상
2015061300100212,2015년 6월 13일 10시,토요일,경상북도 포항시 북구 장성동,경상사고,0,0,2,0,차대차 - 기타,직진우회전진행방해,건조,맑음,교차로 - 교차로안,승용,여,27세,경상,승용,남,35세,경상
2015061300100213,2015년 6월 13일 10시,토요일,경상북도 칠곡군 약목면,경상사고,0,0,1,0,차대차 - 측면직각충돌,직진우회전진행방해,건조,맑음,교차로 - 교차로안,승용,남,38세,상해없음,승용,여,41세,경상
2015061300100239,2015년 6월 13일 11시,토요일,경상북도 김천시 부곡동,중상사고,0,1,0,0,차대차 - 측면직각충돌,안전운전불이행,건조,맑음,단일로 - 기타,승용,여,55세,상해없음,이륜,남,77세,중상
2015061300100240,2015년 6월 13일 11시,토요일,경상북도 영천시 화남면,경상사고,0,0,1,0,차대차 - 측면직각충돌,교차로운행방법위반,건조,흐림,교차로 - 교차로안,화물,남,45세,상해없음,원동기,남,87세,경상
2015061300100241,2015년 6월 13일 11시,토요일,경상북도 영천시 임고면,경상사고,0,0,1,0,차대차 - 측면직각충돌,중앙선침범,건조,맑음,단일로 - 기타,승용,여,57세,상해없음,승용,남,36세,경상
2015061300100242,2015년 6월 13일 11시,토요일,경상북도 구미시 고아읍,경상사고,0,0,1,0,차대차 - 기타,안전운전불이행,건조,맑음,단일로 - 기타,승용,남,51세,상해없음,승용,여,33세,경상
2015061300100329,2015년 6월 13일 14시,토요일,경상북도 의성군 의성읍,중상사고,0,1,0,0,차대차 - 측면직각충돌,안전운전불이행,건조,맑음,단일로 - 기타,농기계,남,53세,상해없음,원동기,남,73세,중상
2015061300100330,2015년 6월 13일 14시,토요일,경상북도 칠곡군 석적읍,중상사고,0,1,0,1,차대차 - 측면직각충돌,안전운전불이행,건조,맑음,단일로 - 기타,승용,남,67세,부상신고,승용,남,45세,기타불명
2015061300100331,2015년 6월 13일 14시,토요일,경상북도 예천군 호명면,사망사고,1,0,0,0,차대차 - 추돌 - 진행중,안전운전불이행,건조,맑음,단일로 - 기타,화물,남,48세,사망,원동기,남,72세,기타불명
2015061300100332,2015년 6월 13일 14시,토요일,경상북도 봉화군 물야면,중상사고,0,6,0,0,차대차 - 정면충돌,과속,건조,맑음,단일로 - 기타,승용,남,42세,중상,승용,여,49세,중상
2015061300100333,2015년 6월 13일 14시,토요일,경상북도 군위군 부계면,경상사고,0,0,1,0,차대차 - 기타,안전운전불이행,건조,맑음,단일로 - 기타,이륜,남,39세,경상,승용,남,50세,상해없음
2015061300100334,2015년 6월 13일 14시,토요일,경상북도 포항시 남구 대잠동,경상사고,0,0,1,0,차대차 - 측면직각충돌,안전운전불이행,건조,맑음,교차로 - 교차로안,승용,남,64세,상해없음,이륜,남,48세,경상
2015061300100361,2015년 6월 13일 15시,토요일,경상북도 문경시 흥덕동,경상사고,0,0,2,0,차대차 - 측면직각충돌,교차로운행방법위반,건조,맑음,교차로 - 교차로안,승용,남,26세,경상,승용,남,54세,경상