사고번호,사고일시,요일,시군구,사고내용,사망자수,중상자수,경상자수,부상신고자수,사고유형,법규위반,노면상태,기상상태,도로형태,가해운전자 차종,가해운전자 성별,가해운전자 연령,가해운전자 상해정도,피해운전자 차종,피해운전자 성별,피해운전자 연령,피해운전자 상해정도
2015061300100362,2015년 6월 13일 15시,토요일,경상북도 봉화군 소천면,부상신고사고,0,0,0,1,차대차 - 측면직각충돌,안전운전불이행,건조,맑음,단일로 - 기타,승용,남,57세,상해없음,화물,남,55세,부상신고
2015061300100363,2015년 6월 13일 15시,토요일,경상북도 울진군 북면,사망사고,1,0,0,0,차대차 - 기타,안전운전불이행,건조,맑음,교차로 - 교차로안,승용,남,43세,상해없음,이륜,남,52세,사망
2015061300100401,2015년 6월 13일 16시,토요일,경상북도 상주시 무양동,경상사고,0,0,1,0,차대차 - 측면직각충돌,안전운전불이행,건조,맑음,단일로 - 기타,자전거,남,66세,경상,승합,남,35세,상해없음
2015061300100455,2015년 6월 13일 17시,토요일,경상북도 포항시 북구 우현동,경상사고,0,0,1,0,차대차 - 측면직각충돌,안전운전불이행,건조,맑음,교차로 - 교차로안,승용,남,31세,상해없음,승용,여,42세,경상
2015061300100456,2015년 6월 13일 17시,토요일,경상북도 포항시 북구 죽도동,경상사고,0,0,1,0,차대차 - 정면충돌,안전운전불이행,건조,맑음,단일로 - 기타,승용,남,75세,상해없음,원동기,남,43세,경상
2015061300100457,2015년 6월 13일 17시,토요일,경상북도 영덕군 영해면,중상사고,0,1,0,0,차대차 - 측면직각충돌,교차로운행방법위반,건조,맑음,교차로 - 교차로안,원동기,남,63세,상해없음,원동기,여,59세,중상
2015061300100458,2015년 6월 13일 17시,토요일,경상북도 포항시 남구 구룡포읍,중상사고,0,1,0,0,차량단독 - 기타,안전운전불이행,건조,맑음,단일로 - 기타,승용,남,53세,상해없음,,,,
2015061300100492,2015년 6월 13일 18시,토요일,경상북도 영주시 풍기읍,중상사고,0,2,0,0,차대차 - 측면직각충돌,안전운전불이행,습기,비,단일로 - 기타,화물,남,31세,중상,화물,남,65세,중상
2015061300100493,2015년 6월 13일 18시,토요일,경상북도 성주군 선남면,중상사고,0,1,0,0,차량단독 - 도로외이탈 - 기타,안전운전불이행,건조,맑음,기타 - 기타,이륜,남,16세,중상,,,,
2015061300100494,2015년 6월 13일 18시,토요일,경상북도 구미시 송정동,중상사고,0,1,0,0,차대차 - 정면충돌,안전운전불이행,건조,맑음,교차로 - 교차로부근,화물,남,57세,상해없음,이륜,남,16세,중상
2015061300100495,2015년 6월 13일 18시,토요일,경상북도 구미시 광평동,부상신고사고,0,0,0,1,차대차 - 기타,안전운전불이행,건조,맑음,교차로 - 교차로부근,자전거,남,14세,부상신고,승용,남,36세,상해없음
2015061300100524,2015년 6월 13일 19시,토요일,경상북도 안동시 운흥동,경상사고,0,0,1,0,차대차 - 기타,직진우회전진행방해,건조,맑음,교차로 - 교차로안,승용,남,28세,상해없음,화물,남,46세,경상
2015061300100525,2015년 6월 13일 19시,토요일,경상북도 안동시 태화동,중상사고,0,1,0,0,차대차 - 기타,안전거리미확보,건조,맑음,교차로 - 교차로부근,승용,남,47세,상해없음,원동기,남,49세,중상
2015061300100526,2015년 6월 13일 19시,토요일,경상북도 칠곡군 약목면,중상사고,0,1,0,0,차대차 - 측면직각충돌,교차로운행방법위반,건조,맑음,교차로 - 교차로부근,승용,남,54세,상해없음,이륜,남,31세,중상
2015061300100552,2015년 6월 13일 20시,토요일,경상북도 포항시 북구 두호동,경상사고,0,0,1,0,차대사람 - 기타,안전운전불이행,건조,맑음,단일로 - 기타,자전거,남,60세,상해없음,보행자,남,53세,경상
2015061300100553,2015년 6월 13일 20시,토요일,경상북도 영천시 망정동,경상사고,0,0,1,0,차대사람 - 횡단중,안전운전불이행,건조,맑음,단일로 - 기타,승용,남,70세,상해없음,보행자,남,6세,경상
2015061300100581,2015년 6월 13일 21시,토요일,경상북도 김천시 지례면,중상사고,0,1,0,0,차대사람 - 차도통행중,안전운전불이행,건조,맑음,단일로 - 기타,승용,남,43세,상해없음,보행자,여,84세,중상
2015061300100625,2015년 6월 13일 22시,토요일,경상북도 의성군 금성면,중상사고,0,1,2,0,차대차 - 측면직각충돌,중앙선침범,건조,맑음,단일로 - 기타,승용,남,46세,상해없음,승용,남,68세,상해없음
2015061300100626,2015년 6월 13일 22시,토요일,경상북도 문경시 점촌동,경상사고,0,0,1,0,차대차 - 측면직각충돌,불법유턴,건조,맑음,교차로 - 교차로안,승용,여,43세,상해없음,이륜,남,32세,경상
2015061300100656,2015년 6월 13일 23시,토요일,경상북도 구미시 진평동,경상사고,0,0,1,0,차대차 - 기타,안전운전불이행,건조,맑음,교차로 - 교차로안,승용,남,40세,상해없음,이륜,남,24세,경상
2015061300100657,2015년 6월 13일 23시,토요일,경상북도 포항시 남구 대도동,경상사고,0,0,1,0,차대차 - 기타,안전운전불이행,건조,맑음,단일로 - 기타,승용,남,56세,상해없음,이륜,남,18세,경상
2015061400100015,2015년 6월 14일 00시,일요일,경상북도 상주시 무양동,경상사고,0,0,4,0,차대차 - 추돌 - 주정차중,안전운전불이행,습기,비,단일로 - 기타,화물,남,54세,상해없음,승용,남,24세,경상
2015061400100058,2015년 6월 14일 02시,일요일,경상북도 구미시 송정동,중상사고,0,1,0,0,차대차 - 기타,안전운전불이행,건조,맑음,교차로 - 교차로안,승용,남,21세,상해없음,승용,남,24세,상해없음
2015061400100112,2015년 6월 14일 05시,일요일,경상북도 안동시 태화동,경상사고,0,0,2,0,차대차 - 기타,직진우회전진행방해,건조,맑음,교차로 - 교차로안,화물,남,63세,경상,화물,남,34세,경상
2015061400100113,2015년 6월 14일 05시,일요일,경상북도 칠곡군 왜관읍,부상신고사고,0,0,0,1,차량단독 - 공작물충돌,안전운전불이행,건조,맑음,교차로 - 교차로부근,승용,남,32세,부상신고,,,,
2015061400100114,2015년 6월 14일 05시,일요일,경상북도 구미시 고아읍,부상신고사고,0,0,0,1,차대차 - 기타,안전운전불이행,건조,맑음,단일로 - 기타,승합,남,38세,상해없음,승용,여,34세,부상신고
2015061400100129,2015년 6월 14일 06시,일요일,경상북도 칠곡군 왜관읍,부상신고사고,0,0,0,1,차대차 - 기타,안전운전불이행,건조,맑음,단일로 - 기타,승용,남,25세,부상신고,승용,남,40세,기타불명
2015061400100149,2015년 6월 14일 08시,일요일,경상북도 경주시 동천동,경상사고,0,0,1,0,차대차 - 기타,안전운전불이행,건조,맑음,교차로 - 교차로안,승용,남,45세,상해없음,승용,남,22세,경상
2015061400100207,2015년 6월 14일 11시,일요일,경상북도 경주시 외동읍,경상사고,0,0,1,0,차대차 - 추돌 - 주정차중,안전운전불이행,건조,맑음,교차로 - 교차로안,승용,여,58세,상해없음,원동기,남,36세,경상
2015061400100229,2015년 6월 14일 12시,일요일,경상북도 경산시 하양읍,중상사고,0,1,0,0,차대사람 - 차도통행중,안전운전불이행,건조,맑음,교차로 - 교차로부근,승용,남,47세,상해없음,보행자,남,53세,중상
2015061400100254,2015년 6월 14일 13시,일요일,경상북도 포항시 북구 장성동,경상사고,0,0,2,0,차대차 - 기타,안전거리미확보,건조,맑음,단일로 - 기타,이륜,남,19세,경상,승용,남,47세,경상
2015061400100255,2015년 6월 14일 13시,일요일,경상북도 영주시 하망동,경상사고,0,0,1,0,차대차 - 측면직각충돌,안전운전불이행,건조,맑음,교차로 - 교차로안,승용,남,51세,상해없음,이륜,남,19세,경상
2015061400100256,2015년 6월 14일 13시,일요일,경상북도 포항시 남구 동해면,경상사고,0,0,8,0,차대차 - 측면직각충돌,직진우회전진행방해,건조,맑음,교차로 - 교차로안,승용,남,48세,경상,승용,여,58세,경상
2015061400100280,2015년 6월 14일 14시,일요일,경상북도 포항시 북구 죽도동,경상사고,0,0,1,0,차대차 - 기타,안전운전불이행,건조,흐림,단일로 - 기타,승용,남,66세,상해없음,승용,남,30세,경상
2015061400100281,2015년 6월 14일 14시,일요일,경상북도 안동시 녹전면,중상사고,0,1,3,0,차대차 - 정면충돌,안전운전불이행,건조,맑음,단일로 - 기타,화물,남,70세,상해없음,승용,여,62세,경상
2015061400100282,2015년 6월 14일 14시,일요일,경상북도 경산시 조영동,경상사고,0,0,1,0,차대차 - 기타,안전운전불이행,건조,맑음,교차로 - 교차로부근,원동기,남,21세,경상,승용,여,43세,상해없음
2015061400100283,2015년 6월 14일 14시,일요일,경상북도 울진군 기성면,중상사고,0,1,0,0,차량단독 - 전도전복,안전운전불이행,건조,맑음,단일로 - 기타,이륜,남,26세,중상,,,,
2015061400100302,2015년 6월 14일 15시,일요일,경상북도 안동시 길안면,경상사고,0,0,3,1,차대차 - 정면충돌,안전운전불이행,건조,맑음,기타 - 기타,승용,여,33세,상해없음,승용,남,48세,부상신고
2015061400100303,2015년 6월 14일 15시,일요일,경상북도 김천시 감문면,중상사고,0,1,0,0,차대차 - 측면직각충돌,교차로운행방법위반,건조,맑음,교차로 - 교차로안,승용,남,65세,상해없음,이륜,남,62세,중상
2015061400100363,2015년 6월 14일 17시,일요일,경상북도 안동시 옥동,경상사고,0,0,1,0,차대차 - 측면직각충돌,안전운전불이행,건조,맑음,교차로 - 교차로부근,승용,여,33세,상해없음,승용,남,40세,경상
2015061400100364,2015년 6월 14일 17시,일요일,경상북도 구미시 도량동,부상신고사고,0,0,0,1,차대차 - 기타,안전운전불이행,건조,맑음,단일로 - 기타,원동기,남,17세,부상신고,승용,남,59세,상해없음
2015061400100459,2015년 6월 14일 20시,일요일,경상북도 경주시 내남면,중상사고,0,1,0,0,차대차 - 추돌 - 진행중,안전운전불이행,건조,맑음,교차로 - 교차로부근,승용,남,39세,상해없음,승용,남,27세,중상
2015061400100494,2015년 6월 14일 21시,일요일,경상북도 군위군 우보면,중상사고,0,1,0,0,차대사람 - 길가장자리구역통행중,안전운전불이행,건조,맑음,단일로 - 기타,승용,남,46세,상해없음,보행자,여,81세,중상
2015061400100495,2015년 6월 14일 21시,일요일,경상북도 구미시 인의동,경상사고,0,0,4,0,차대차 - 추돌 - 주정차중,안전운전불이행,건조,흐림,단일로 - 기타,승용,남,31세,상해없음,승용,여,35세,경상
2015061400100522,2015년 6월 14일 22시,일요일,경상북도 영천시 망정동,경상사고,0,0,1,0,차대차 - 측면직각충돌,안전운전불이행,건조,맑음,단일로 - 기타,승용,여,43세,상해없음,승용,여,59세,상해없음
2015061400100523,2015년 6월 14일 22시,일요일,경상북도 구미시 도량동,중상사고,0,1,0,0,차대차 - 기타,안전운전불이행,건조,맑음,단일로 - 기타,승용,여,55세,상해없음,이륜,남,17세,중상
2015061400100542,2015년 6월 14일 23시,일요일,경상북도 구미시 임은동,부상신고사고,0,0,0,1,차대차 - 기타,안전운전불이행,건조,맑음,교차로 - 교차로안,원동기,여,42세,부상신고,승용,남,36세,상해없음
2015061500100033,2015년 6월 15일 04시,월요일,경상북도 안동시 임하면,중상사고,0,1,1,0,차량단독 - 공작물충돌,안전운전불이행,건조,맑음,단일로 - 기타,화물,남,53세,경상,,,,
2015061500100051,2015년 6월 15일 06시,월요일,경상북도 경산시 중방동,경상사고,0,0,1,0,차대차 - 기타,교차로운행방법위반,건조,맑음,교차로 - 교차로부근,승용,여,61세,상해없음,이륜,남,20세,경상
2015061500100070,2015년 6월 15일 07시,월요일,경상북도 경주시 안강읍,경상사고,0,0,1,0,차대차 - 추돌 - 진행중,안전운전불이행,건조,맑음,단일로 - 기타,승용,여,37세,상해없음,자전거,남,60세,경상
2015061500100071,2015년 6월 15일 07시,월요일,경상북도 경주시 강동면,중상사고,0,1,0,0,차대차 - 측면직각충돌,안전운전불이행,건조,맑음,교차로 - 교차로안,승용,남,58세,상해없음,원동기,남,57세,중상
2015061500100072,2015년 6월 15일 07시,월요일,경상북도 포항시 북구 동빈1가,경상사고,0,0,1,0,차대사람 - 길가장자리구역통행중,안전운전불이행,건조,맑음,교차로 - 교차로안,승용,남,42세,상해없음,보행자,여,77세,경상
2015061500100073,2015년 6월 15일 07시,월요일,경상북도 포항시 남구 오천읍,경상사고,0,0,1,0,차대차 - 기타,직진우회전진행방해,건조,맑음,교차로 - 교차로부근,승용,여,21세,상해없음,승용,남,31세,경상
2015061500100128,2015년 6월 15일 08시,월요일,경상북도 포항시 북구 두호동,중상사고,0,1,0,0,차대차 - 기타,직진우회전진행방해,건조,맑음,단일로 - 기타,승용,남,57세,상해없음,자전거,남,14세,중상
2015061500100129,2015년 6월 15일 08시,월요일,경상북도 김천시 개령면,경상사고,0,0,1,0,차대차 - 측면직각충돌,직진우회전진행방해,건조,맑음,교차로 - 교차로안,승용,여,46세,상해없음,승용,여,32세,경상
2015061500100131,2015년 6월 15일 08시,월요일,경상북도 영덕군 강구면,중상사고,0,1,0,0,차대차 - 정면충돌,안전운전불이행,건조,맑음,단일로 - 기타,화물,남,53세,상해없음,이륜,남,74세,중상
2015061500100132,2015년 6월 15일 08시,월요일,경상북도 구미시 구평동,부상신고사고,0,0,0,1,차대차 - 기타,안전운전불이행,건조,맑음,교차로 - 교차로부근,승용,남,45세,상해없음,승용,남,41세,부상신고
2015061500100158,2015년 6월 15일 09시,월요일,경상북도 김천시 신음동,경상사고,0,0,1,0,차대차 - 측면직각충돌,안전운전불이행,건조,맑음,교차로 - 교차로부근,승용,남,51세,상해없음,이륜,여,53세,경상
2015061500100159,2015년 6월 15일 09시,월요일,경상북도 상주시 공성면,중상사고,0,1,1,0,차량단독 - 전도전복,안전운전불이행,건조,맑음,단일로 - 기타,화물,남,18세,경상,,,,
2015061500100160,2015년 6월 15일 09시,월요일,경상북도 구미시 원평동,중상사고,0,1,0,0,차대사람 - 기타,보행자보호의무위반,건조,맑음,단일로 - 횡단보도상,승용,남,61세,상해없음,보행자,여,25세,중상
2015061500100181,2015년 6월 15일 10시,월요일,경상북도 구미시 산동면,경상사고,0,0,1,0,차대차 - 기타,교차로운행방법위반,건조,맑음,기타 - 기타,화물,남,54세,상해없음,이륜,남,22세,경상
2015061500100211,2015년 6월 15일 11시,월요일,경상북도 경산시 압량면,경상사고,0,0,4,0,차대차 - 기타,안전운전불이행,건조,맑음,단일로 - 기타,화물,남,55세,상해없음,승용,남,47세,경상
2015061500100238,2015년 6월 15일 12시,월요일,경상북도 포항시 북구 죽도동,경상사고,0,0,1,0,차대차 - 기타,교차로운행방법위반,건조,맑음,교차로 - 교차로안,화물,남,51세,상해없음,승용,남,29세,경상
2015061500100255,2015년 6월 15일 13시,월요일,경상북도 포항시 북구 죽도동,경상사고,0,0,1,0,차대차 - 기타,안전운전불이행,건조,맑음,교차로 - 교차로부근,승합,남,26세,상해없음,승용,남,39세,경상
2015061500100256,2015년 6월 15일 13시,월요일,경상북도 김천시 율곡동,중상사고,0,1,2,0,차대차 - 측면직각충돌,교차로운행방법위반,건조,맑음,교차로 - 교차로안,승용,남,47세,경상,승용,남,46세,중상
2015061500100257,2015년 6월 15일 13시,월요일,경상북도 경산시 와촌면,중상사고,0,2,2,0,차대차 - 기타,안전운전불이행,건조,맑음,교차로 - 교차로안,승용,남,27세,경상,화물,남,46세,중상
2015061500100258,2015년 6월 15일 13시,월요일,경상북도 구미시 구평동,경상사고,0,0,2,0,차대차 - 기타,교차로운행방법위반,건조,맑음,교차로 - 교차로안,승용,여,34세,상해없음,승용,남,29세,경상
2015061500100290,2015년 6월 15일 14시,월요일,경상북도 성주군 성주읍,중상사고,0,1,1,0,차대차 - 측면직각충돌,안전운전불이행,건조,맑음,교차로 - 교차로안,승용,여,55세,경상,승용,남,39세,중상
2015061500100323,2015년 6월 15일 15시,월요일,경상북도 칠곡군 왜관읍,부상신고사고,0,0,0,1,차대차 - 측면직각충돌,안전운전불이행,건조,맑음,교차로 - 교차로안,이륜,여,48세,부상신고,승용,여,46세,상해없음
2015061500100324,2015년 6월 15일 15시,월요일,경상북도 예천군 지보면,중상사고,0,1,0,0,차대차 - 정면충돌,중앙선침범,건조,맑음,단일로 - 기타,승용,여,51세,기타불명,이륜,남,79세,중상
2015061500100325,2015년 6월 15일 15시,월요일,경상북도 구미시 구평동,경상사고,0,0,1,0,차대차 - 기타,교차로운행방법위반,건조,맑음,교차로 - 교차로부근,승용,여,37세,상해없음,승용,남,27세,경상
2015061500100326,2015년 6월 15일 15시,월요일,경상북도 포항시 남구 연일읍,중상사고,0,1,1,0,차대차 - 측면직각충돌,직진우회전진행방해,건조,맑음,교차로 - 교차로안,화물,남,67세,경상,승용,남,55세,중상
2015061500100358,2015년 6월 15일 16시,월요일,경상북도 안동시 용상동,경상사고,0,0,1,0,차대차 - 측면직각충돌,안전거리미확보,건조,맑음,단일로 - 횡단보도부근,화물,남,52세,상해없음,이륜,남,51세,경상
2015061500100392,2015년 6월 15일 17시,월요일,경상북도 경주시 외동읍,경상사고,0,0,1,0,차대차 - 측면직각충돌,안전운전불이행,건조,맑음,교차로 - 교차로안,승용,남,39세,상해없음,승용,남,52세,경상
2015061500100393,2015년 6월 15일 17시,월요일,경상북도 칠곡군 석적읍,중상사고,0,1,0,0,차대차 - 측면직각충돌,교차로운행방법위반,건조,흐림,단일로 - 기타,승용,남,44세,상해없음,원동기,남,44세,중상
2015061500100394,2015년 6월 15일 17시,월요일,경상북도 청도군 청도읍,중상사고,0,1,0,0,차대차 - 추돌 - 진행중,안전운전불이행,건조,맑음,단일로 - 기타,승용,여,47세,상해없음,승용,남,51세,중상
2015061500100423,2015년 6월 15일 18시,월요일,경상북도 영주시 조암동,경상사고,0,0,1,0,차대차 - 측면직각충돌,신호위반,건조,맑음,교차로 - 교차로안,화물,남,58세,상해없음,승용,여,26세,경상
2015061500100424,2015년 6월 15일 18시,월요일,경상북도 경산시 중방동,중상사고,0,1,0,0,차대사람 - 기타,안전운전불이행,건조,맑음,교차로 - 교차로안,이륜,남,17세,상해없음,보행자,여,15세,중상
2015061500100480,2015년 6월 15일 20시,월요일,경상북도 안동시 운흥동,중상사고,0,1,0,0,차대사람 - 횡단중,안전운전불이행,건조,맑음,기타 - 기타,화물,남,49세,상해없음,보행자,남,78세,중상
2015061500100481,2015년 6월 15일 20시,월요일,경상북도 영천시 과전동,중상사고,0,1,1,0,차량단독 - 공작물충돌,안전운전불이행,건조,흐림,단일로 - 기타,화물,남,70세,경상,,,,
2015061500100482,2015년 6월 15일 20시,월요일,경상북도 경산시 중방동,중상사고,0,1,0,0,차대사람 - 기타,안전운전불이행,건조,맑음,교차로 - 교차로안,승용,남,51세,상해없음,보행자,남,69세,중상
2015061500100523,2015년 6월 15일 21시,월요일,경상북도 경산시 중방동,경상사고,0,0,1,0,차대사람 - 기타,안전운전불이행,건조,맑음,단일로 - 기타,승용,남,50세,기타불명,보행자,여,23세,경상
2015061500100524,2015년 6월 15일 21시,월요일,경상북도 구미시 봉곡동,중상사고,0,1,0,0,차대차 - 기타,신호위반,건조,맑음,교차로 - 교차로부근,승용,남,55세,기타불명,자전거,여,19세,중상
2015061500100525,2015년 6월 15일 21시,월요일,경상북도 구미시 도량동,부상신고사고,0,0,0,1,차대차 - 기타,안전운전불이행,건조,맑음,단일로 - 기타,이륜,남,50세,부상신고,승용,남,46세,상해없음
2015061500100554,2015년 6월 15일 22시,월요일,경상북도 안동시 용상동,경상사고,0,0,1,0,차대차 - 측면직각충돌,안전운전불이행,건조,맑음,교차로 - 교차로부근,승용,남,25세,상해없음,이륜,남,31세,경상
2015061600100026,2015년 6월 16일 01시,화요일,경상북도 구미시 구평동,경상사고,0,0,1,0,차대차 - 기타,교차로운행방법위반,건조,맑음,교차로 - 교차로안,승용,남,50세,상해없음,이륜,남,52세,경상
2015061600100037,2015년 6월 16일 03시,화요일,경상북도 상주시 냉림동,중상사고,0,1,0,1,차대차 - 측면직각충돌,신호위반,건조,맑음,교차로 - 교차로안,승용,남,39세,부상신고,승용,여,60세,중상
2015061600100044,2015년 6월 16일 04시,화요일,경상북도 포항시 북구 죽도동,경상사고,0,0,3,0,차대차 - 측면직각충돌,신호위반,건조,맑음,교차로 - 교차로안,승용,남,41세,상해없음,승용,남,62세,경상
2015061600100063,2015년 6월 16일 06시,화요일,경상북도 안동시 송현동,중상사고,0,1,1,0,차대차 - 기타,신호위반,건조,맑음,교차로 - 교차로안,화물,남,26세,상해없음,승용,남,46세,경상
2015061600100089,2015년 6월 16일 07시,화요일,경상북도 경주시 석장동,중상사고,0,1,0,0,차량단독 - 공작물충돌,안전운전불이행,습기,비,단일로 - 기타,승용,남,24세,중상,,,,
2015061600100090,2015년 6월 16일 07시,화요일,경상북도 경산시 진량읍,경상사고,0,0,1,0,차대차 - 기타,중앙선침범,건조,맑음,단일로 - 기타,승용,남,35세,상해없음,화물,남,35세,경상
2015061600100091,2015년 6월 16일 07시,화요일,경상북도 경산시 압량면,경상사고,0,0,2,0,차대차 - 기타,안전운전불이행,건조,맑음,단일로 - 기타,이륜,남,20세,경상,승용,여,46세,경상
2015061600100116,2015년 6월 16일 08시,화요일,경상북도 영천시 화남면,경상사고,0,0,1,0,차대차 - 측면직각충돌,안전운전불이행,건조,맑음,교차로 - 교차로안,승용,남,80세,상해없음,승용,남,46세,경상
2015061600100117,2015년 6월 16일 08시,화요일,경상북도 청도군 각남면,중상사고,0,1,0,0,차대차 - 측면직각충돌,신호위반,건조,맑음,교차로 - 교차로안,승용,여,33세,상해없음,승용,남,43세,중상
2015061600100118,2015년 6월 16일 08시,화요일,경상북도 포항시 남구 이동,경상사고,0,0,1,0,차량단독 - 전도전복,안전운전불이행,기타,맑음,단일로 - 기타,화물,남,54세,경상,,,,
2015061600100142,2015년 6월 16일 09시,화요일,경상북도 안동시 태화동,경상사고,0,0,1,0,차대차 - 기타,안전운전불이행,건조,맑음,기타 - 기타,자전거,여,73세,경상,화물,남,63세,상해없음
2015061600100170,2015년 6월 16일 10시,화요일,경상북도 상주시 남성동,중상사고,0,1,0,0,차대사람 - 기타,안전운전불이행,건조,맑음,단일로 - 기타,승용,여,24세,상해없음,보행자,여,70세,중상
2015061600100171,2015년 6월 16일 10시,화요일,경상북도 구미시 원평동,중상사고,0,1,0,0,차대사람 - 기타,보행자보호의무위반,건조,맑음,단일로 - 횡단보도상,승용,남,69세,상해없음,보행자,여,70세,중상
2015061600100198,2015년 6월 16일 11시,화요일,경상북도 안동시 풍산읍,사망사고,1,0,0,0,차대사람 - 차도통행중,과속,건조,맑음,단일로 - 기타,승용,남,56세,상해없음,보행자,여,79세,사망
2015061600100199,2015년 6월 16일 11시,화요일,경상북도 의성군 봉양면,경상사고,0,0,2,0,차대차 - 측면직각충돌,교차로운행방법위반,건조,맑음,교차로 - 교차로안,승용,여,55세,경상,화물,남,71세,상해없음
2015061600100230,2015년 6월 16일 12시,화요일,경상북도 포항시 남구 지곡동,경상사고,0,0,1,0,차대차 - 측면직각충돌,차로위반,건조,맑음,교차로 - 교차로안,승용,여,49세,상해없음,승용,여,29세,경상
2015061600100253,2015년 6월 16일 13시,화요일,경상북도 칠곡군 지천면,사망사고,1,0,0,0,차대사람 - 횡단중,안전운전불이행,건조,맑음,단일로 - 기타,승용,남,67세,상해없음,보행자,남,82세,사망
2015061600100281,2015년 6월 16일 14시,화요일,경상북도 포항시 북구 우현동,중상사고,0,1,0,0,차대차 - 기타,신호위반,건조,맑음,교차로 - 교차로부근,승용,남,48세,상해없음,승용,여,60세,중상
2015061600100282,2015년 6월 16일 14시,화요일,경상북도 포항시 북구 죽도동,경상사고,0,0,1,0,차대차 - 기타,차로위반,건조,맑음,단일로 - 기타,승합,남,48세,상해없음,화물,여,67세,경상
2015061600100283,2015년 6월 16일 14시,화요일,경상북도 영주시 이산면,중상사고,0,1,1,0,차대차 - 정면충돌,중앙선침범,습기,비,단일로 - 기타,화물,남,39세,중상,화물,남,53세,경상
2015061600100284,2015년 6월 16일 14시,화요일,경상북도 칠곡군 석적읍,경상사고,0,0,1,0,차대차 - 측면직각충돌,안전운전불이행,건조,맑음,단일로 - 기타,화물,남,62세,상해없음,이륜,남,27세,경상
2015061600100285,2015년 6월 16일 14시,화요일,경상북도 칠곡군 왜관읍,경상사고,0,0,1,0,차대차 - 기타,교차로운행방법위반,건조,맑음,교차로 - 교차로안,승용,여,31세,상해없음,자전거,남,83세,경상
2015061600100286,2015년 6월 16일 14시,화요일,경상북도 경산시 중방동,경상사고,0,0,1,0,차대차 - 기타,안전운전불이행,건조,맑음,단일로 - 기타,승용,남,29세,상해없음,자전거,남,50세,경상
2015061600100287,2015년 6월 16일 14시,화요일,경상북도 청도군 각남면,중상사고,0,1,1,0,차대차 - 측면직각충돌,직진우회전진행방해,건조,맑음,교차로 - 교차로안,승용,여,54세,경상,승용,여,51세,중상
2015061600100315,2015년 6월 16일 15시,화요일,경상북도 경산시 압량면,경상사고,0,0,3,0,차대차 - 기타,안전운전불이행,건조,맑음,교차로 - 교차로안,이륜,남,21세,경상,승용,남,36세,경상
2015061600100316,2015년 6월 16일 15시,화요일,경상북도 경산시 사동,경상사고,0,0,1,0,차대차 - 기타,안전운전불이행,건조,맑음,단일로 - 기타,승용,남,60세,상해없음,화물,남,61세,경상
2015061600100362,2015년 6월 16일 16시,화요일,경상북도 경주시 건천읍,중상사고,0,1,0,0,차대사람 - 기타,안전운전불이행,건조,맑음,단일로 - 기타,화물,남,51세,상해없음,보행자,남,9세,중상
2015061600100363,2015년 6월 16일 16시,화요일,경상북도 영덕군 영해면,중상사고,0,1,1,0,차대차 - 측면직각충돌,안전운전불이행,건조,맑음,단일로 - 기타,이륜,남,73세,중상,이륜,남,73세,상해없음
2015061600100364,2015년 6월 16일 16시,화요일,경상북도 울릉군 서면,중상사고,0,1,1,0,차량단독 - 전도전복,안전운전불이행,건조,맑음,단일로 - 기타,승용,남,53세,상해없음,,,,
2015061600100402,2015년 6월 16일 17시,화요일,경상북도 구미시 임은동,중상사고,0,1,0,0,차대사람 - 기타,신호위반,습기,비,교차로 - 교차로부근,승용,여,50세,상해없음,보행자,남,8세,중상
2015061600100445,2015년 6월 16일 18시,화요일,경상북도 포항시 북구 우현동,경상사고,0,0,1,0,차대사람 - 기타,보행자보호의무위반,건조,맑음,교차로 - 교차로안,승용,남,54세,상해없음,보행자,여,8세,경상
2015061600100446,2015년 6월 16일 18시,화요일,경상북도 의성군 다인면,경상사고,0,0,1,0,차대차 - 측면직각충돌,안전운전불이행,건조,맑음,교차로 - 교차로안,농기계,남,88세,경상,승합,남,58세,상해없음
2015061600100447,2015년 6월 16일 18시,화요일,경상북도 구미시 오태동,경상사고,0,0,1,0,차대사람 - 기타,안전운전불이행,건조,맑음,단일로 - 기타,승용,남,48세,상해없음,보행자,남,23세,경상
2015061600100448,2015년 6월 16일 18시,화요일,경상북도 칠곡군 왜관읍,경상사고,0,0,1,0,차대차 - 정면충돌,중앙선침범,습기,비,단일로 - 기타,화물,남,44세,상해없음,승용,남,57세,경상
2015061600100486,2015년 6월 16일 19시,화요일,경상북도 상주시 남성동,경상사고,0,0,1,0,차대사람 - 기타,안전운전불이행,건조,맑음,기타 - 기타,화물,남,52세,상해없음,보행자,남,5세,경상
2015061600100487,2015년 6월 16일 19시,화요일,경상북도 포항시 남구 대도동,경상사고,0,0,3,0,차대차 - 추돌 - 진행중,안전운전불이행,건조,맑음,교차로 - 교차로부근,승용,남,55세,상해없음,승용,남,46세,경상
2015061600100517,2015년 6월 16일 20시,화요일,경상북도 안동시 송현동,중상사고,0,1,0,0,차대차 - 기타,교차로운행방법위반,건조,맑음,교차로 - 교차로안,자전거,남,17세,중상,승용,남,41세,상해없음
2015061600100580,2015년 6월 16일 22시,화요일,경상북도 영천시 북안면,경상사고,0,0,3,0,차대차 - 측면직각충돌,안전거리미확보,건조,맑음,단일로 - 기타,특수,남,36세,상해없음,승용,남,35세,경상