사고번호,사고일시,요일,시군구,사고내용,사망자수,중상자수,경상자수,부상신고자수,사고유형,법규위반,노면상태,기상상태,도로형태,가해운전자 차종,가해운전자 성별,가해운전자 연령,가해운전자 상해정도,피해운전자 차종,피해운전자 성별,피해운전자 연령,피해운전자 상해정도
2015062000100131,2015년 6월 20일 06시,토요일,경상북도 칠곡군 석적읍,경상사고,0,0,1,0,차대차 - 측면직각충돌,안전운전불이행,건조,맑음,단일로 - 기타,화물,남,45세,상해없음,자전거,남,60세,경상
2015062000100142,2015년 6월 20일 07시,토요일,경상북도 상주시 개운동,중상사고,0,1,0,0,차대사람 - 횡단중,안전운전불이행,건조,맑음,단일로 - 기타,승용,남,74세,상해없음,보행자,여,71세,중상
2015062000100143,2015년 6월 20일 07시,토요일,경상북도 구미시 공단동,부상신고사고,0,0,0,1,차대차 - 측면직각충돌,안전운전불이행,건조,흐림,단일로 - 기타,승용,남,55세,상해없음,승용,남,50세,부상신고
2015062000100153,2015년 6월 20일 08시,토요일,경상북도 영주시 영주동,중상사고,0,1,0,0,차대사람 - 횡단중,안전운전불이행,건조,맑음,단일로 - 기타,승용,남,62세,상해없음,보행자,여,76세,중상
2015062000100172,2015년 6월 20일 09시,토요일,경상북도 구미시 진평동,중상사고,0,1,0,0,차대차 - 기타,안전운전불이행,건조,맑음,단일로 - 기타,승용,남,55세,상해없음,자전거,남,37세,중상
2015062000100196,2015년 6월 20일 10시,토요일,경상북도 경주시 외동읍,중상사고,0,4,2,0,차대차 - 기타,안전운전불이행,건조,맑음,단일로 - 기타,승용,남,64세,상해없음,승합,남,57세,상해없음
2015062000100197,2015년 6월 20일 10시,토요일,경상북도 김천시 지좌동,중상사고,0,1,0,0,차대사람 - 길가장자리구역통행중,기타,건조,맑음,교차로 - 교차로안,승합,남,52세,상해없음,보행자,여,78세,중상
2015062000100223,2015년 6월 20일 11시,토요일,경상북도 경주시 양남면,중상사고,0,1,0,0,차대차 - 기타,안전운전불이행,건조,맑음,교차로 - 교차로부근,승용,남,28세,상해없음,이륜,남,63세,중상
2015062000100224,2015년 6월 20일 11시,토요일,경상북도 포항시 북구 우현동,경상사고,0,0,2,0,차대차 - 기타,차로위반,건조,흐림,단일로 - 기타,화물,남,57세,경상,승용,남,43세,상해없음
2015062000100226,2015년 6월 20일 11시,토요일,경상북도 경산시 와촌면,경상사고,0,0,1,0,차대차 - 기타,안전운전불이행,건조,맑음,단일로 - 기타,화물,남,57세,상해없음,화물,남,44세,경상
2015062000100267,2015년 6월 20일 12시,토요일,경상북도 문경시 모전동,중상사고,0,1,0,0,차대차 - 측면직각충돌,안전운전불이행,건조,맑음,교차로 - 교차로안,승용,남,30세,상해없음,이륜,남,73세,중상
2015062000100268,2015년 6월 20일 12시,토요일,경상북도 경산시 자인면,중상사고,0,1,0,0,차대차 - 기타,안전운전불이행,건조,맑음,단일로 - 기타,승용,남,28세,상해없음,이륜,남,63세,중상
2015062000100269,2015년 6월 20일 12시,토요일,경상북도 경산시 정평동,경상사고,0,0,1,0,차대차 - 기타,안전운전불이행,건조,맑음,단일로 - 기타,화물,남,41세,상해없음,승용,남,25세,경상
2015062000100291,2015년 6월 20일 13시,토요일,경상북도 경주시 양북면,중상사고,0,1,0,0,차대차 - 기타,안전운전불이행,습기,비,단일로 - 기타,건설기계,남,37세,중상,건설기계,남,43세,기타불명
2015062000100292,2015년 6월 20일 13시,토요일,경상북도 포항시 북구 죽도동,경상사고,0,0,1,0,차대차 - 기타,안전운전불이행,습기,비,단일로 - 기타,승용,남,34세,상해없음,원동기,남,48세,경상
2015062000100293,2015년 6월 20일 13시,토요일,경상북도 문경시 가은읍,경상사고,0,0,1,0,차대차 - 측면직각충돌,직진우회전진행방해,건조,흐림,교차로 - 교차로안,승용,남,70세,상해없음,화물,남,39세,경상
2015062000100328,2015년 6월 20일 14시,토요일,경상북도 상주시 복룡동,경상사고,0,0,1,0,차대차 - 기타,안전운전불이행,건조,맑음,단일로 - 기타,기타불명,기타불명,기타불명,기타불명,원동기,남,18세,경상
2015062000100329,2015년 6월 20일 14시,토요일,경상북도 영천시 화산면,경상사고,0,0,2,0,차대차 - 측면직각충돌,교차로운행방법위반,습기,비,교차로 - 교차로안,승용,여,60세,경상,승용,남,48세,경상
2015062000100330,2015년 6월 20일 14시,토요일,경상북도 문경시 점촌동,경상사고,0,0,1,0,차대차 - 기타,안전운전불이행,건조,맑음,교차로 - 교차로안,승용,여,37세,상해없음,화물,남,62세,경상
2015062000100373,2015년 6월 20일 15시,토요일,경상북도 경산시 남천면,경상사고,0,0,1,0,차대사람 - 기타,안전운전불이행,습기,비,기타 - 기타,승용,남,51세,상해없음,보행자,남,56세,경상
2015062000100374,2015년 6월 20일 15시,토요일,경상북도 청도군 각남면,경상사고,0,0,4,0,차대차 - 추돌 - 진행중,안전거리미확보,건조,맑음,교차로 - 교차로부근,승합,여,60세,상해없음,승용,여,35세,경상
2015062000100375,2015년 6월 20일 15시,토요일,경상북도 청도군 화양읍,중상사고,0,1,0,0,차대차 - 정면충돌,안전운전불이행,습기,흐림,단일로 - 기타,승용,남,26세,상해없음,원동기,남,43세,중상
2015062000100412,2015년 6월 20일 16시,토요일,경상북도 경주시 강동면,중상사고,0,1,2,0,차대차 - 기타,안전운전불이행,습기,비,단일로 - 기타,승용,여,31세,경상,승용,여,55세,경상
2015062000100413,2015년 6월 20일 16시,토요일,경상북도 안동시 안막동,중상사고,0,1,0,0,차대차 - 측면직각충돌,안전운전불이행,습기,비,교차로 - 교차로부근,승용,남,33세,상해없음,승용,남,62세,상해없음
2015062000100414,2015년 6월 20일 16시,토요일,경상북도 김천시 신음동,중상사고,0,1,0,0,차량단독 - 전도전복,안전운전불이행,습기,흐림,단일로 - 기타,화물,남,40세,중상,,,,
2015062000100415,2015년 6월 20일 16시,토요일,경상북도 구미시 봉곡동,중상사고,0,1,0,0,차대차 - 측면직각충돌,안전운전불이행,습기,비,단일로 - 기타,승용,여,43세,상해없음,원동기,남,44세,중상
2015062000100416,2015년 6월 20일 16시,토요일,경상북도 구미시 공단동,중상사고,0,1,0,0,차대차 - 측면직각충돌,안전운전불이행,습기,비,단일로 - 기타,승용,여,52세,상해없음,승용,남,46세,중상
2015062000100452,2015년 6월 20일 17시,토요일,경상북도 영주시 부석면,경상사고,0,0,1,0,차량단독 - 도로외이탈 - 추락,안전운전불이행,습기,비,단일로 - 기타,화물,남,71세,경상,,,,
2015062000100453,2015년 6월 20일 17시,토요일,경상북도 문경시 모전동,경상사고,0,0,1,0,차대차 - 측면직각충돌,안전운전불이행,습기,비,단일로 - 기타,승용,여,43세,상해없음,이륜,남,29세,경상
2015062000100454,2015년 6월 20일 17시,토요일,경상북도 경산시 옥산동,경상사고,0,0,1,0,차대차 - 기타,신호위반,습기,비,교차로 - 교차로안,이륜,여,54세,상해없음,승용,남,58세,경상
2015062000100456,2015년 6월 20일 17시,토요일,경상북도 구미시 도량동,중상사고,0,1,0,0,차대차 - 측면직각충돌,안전운전불이행,적설,흐림,교차로 - 교차로안,승용,남,42세,기타불명,원동기,남,54세,중상
2015062000100457,2015년 6월 20일 17시,토요일,경상북도 포항시 남구 오천읍,경상사고,0,0,1,0,차대사람 - 횡단중,안전운전불이행,습기,비,단일로 - 기타,승용,여,27세,상해없음,보행자,남,5세,경상
2015062000100458,2015년 6월 20일 17시,토요일,경상북도 포항시 남구 해도동,중상사고,0,1,0,0,차대사람 - 횡단중,보행자보호의무위반,습기,비,교차로 - 교차로안,승용,남,25세,상해없음,보행자,남,37세,중상
2015062000100500,2015년 6월 20일 18시,토요일,경상북도 안동시 정상동,경상사고,0,0,1,0,차량단독 - 공작물충돌,안전운전불이행,건조,맑음,기타 - 기타,승용,여,60세,상해없음,,,,
2015062000100501,2015년 6월 20일 18시,토요일,경상북도 안동시 풍산읍,중상사고,0,1,3,0,차대차 - 추돌 - 진행중,안전거리미확보,습기,비,단일로 - 기타,승합,남,47세,상해없음,승용,여,53세,경상
2015062000100502,2015년 6월 20일 18시,토요일,경상북도 경산시 압량면,경상사고,0,0,2,0,차대사람 - 기타,안전운전불이행,습기,비,단일로 - 기타,화물,남,32세,상해없음,보행자,남,23세,경상
2015062000100503,2015년 6월 20일 18시,토요일,경상북도 구미시 남통동,중상사고,0,1,2,0,차대차 - 기타,안전운전불이행,건조,맑음,단일로 - 기타,승용,남,52세,상해없음,승용,남,49세,경상
2015062000100529,2015년 6월 20일 19시,토요일,경상북도 경주시 외동읍,경상사고,0,0,1,0,차대차 - 추돌 - 진행중,안전거리미확보,습기,흐림,교차로 - 교차로부근,화물,남,53세,상해없음,승용,남,29세,경상
2015062000100530,2015년 6월 20일 19시,토요일,경상북도 안동시 풍산읍,부상신고사고,0,0,0,1,차량단독 - 전도전복,안전운전불이행,습기,비,단일로 - 기타,승용,남,51세,부상신고,,,,
2015062000100555,2015년 6월 20일 20시,토요일,경상북도 영주시 가흥동,경상사고,0,0,1,0,차대차 - 측면직각충돌,안전운전불이행,건조,맑음,교차로 - 교차로안,승용,여,37세,상해없음,승용,남,60세,경상
2015062000100556,2015년 6월 20일 20시,토요일,경상북도 봉화군 소천면,경상사고,0,0,1,0,차량단독 - 도로외이탈 - 기타,안전운전불이행,습기,비,단일로 - 기타,승용,남,22세,상해없음,,,,
2015062000100557,2015년 6월 20일 20시,토요일,경상북도 울진군 후포면,경상사고,0,0,1,0,차대차 - 추돌 - 진행중,안전운전불이행,습기,비,교차로 - 교차로안,원동기,남,17세,경상,승용,남,77세,상해없음
2015062000100586,2015년 6월 20일 21시,토요일,경상북도 김천시 평화동,경상사고,0,0,1,0,차대차 - 추돌 - 진행중,안전거리미확보,습기,비,교차로 - 교차로부근,화물,남,32세,상해없음,이륜,남,27세,경상
2015062000100587,2015년 6월 20일 21시,토요일,경상북도 구미시 진평동,중상사고,0,2,0,0,차대차 - 측면직각충돌,안전운전불이행,건조,맑음,교차로 - 교차로부근,승용,남,32세,상해없음,승용,남,29세,중상
2015062000100610,2015년 6월 20일 22시,토요일,경상북도 포항시 남구 해도동,중상사고,0,1,1,0,차대사람 - 횡단중,안전운전불이행,습기,비,교차로 - 교차로안,승용,여,51세,상해없음,보행자,여,59세,중상
2015062100100013,2015년 6월 21일 00시,일요일,경상북도 안동시 옥동,중상사고,0,1,1,0,차대차 - 추돌 - 진행중,안전운전불이행,건조,흐림,단일로 - 기타,승용,남,31세,상해없음,승용,남,27세,경상
2015062100100037,2015년 6월 21일 01시,일요일,경상북도 경주시 노동동,중상사고,0,1,0,0,차대사람 - 길가장자리구역통행중,안전운전불이행,습기,비,단일로 - 기타,승용,남,51세,상해없음,보행자,남,73세,중상
2015062100100056,2015년 6월 21일 02시,일요일,경상북도 구미시 도량동,중상사고,0,1,0,0,차대사람 - 기타,안전운전불이행,습기,비,단일로 - 기타,승용,남,31세,기타불명,보행자,여,73세,중상
2015062100100066,2015년 6월 21일 03시,일요일,경상북도 경주시 성건동,경상사고,0,0,2,0,차대차 - 기타,안전운전불이행,건조,흐림,단일로 - 기타,승용,남,26세,상해없음,승용,여,43세,경상
2015062100100080,2015년 6월 21일 04시,일요일,경상북도 포항시 북구 대흥동,경상사고,0,0,2,0,차대차 - 기타,직진우회전진행방해,건조,맑음,교차로 - 교차로안,승용,남,63세,상해없음,승용,남,47세,경상
2015062100100097,2015년 6월 21일 05시,일요일,경상북도 포항시 남구 연일읍,중상사고,0,2,0,0,차량단독 - 공작물충돌,안전운전불이행,습기,비,단일로 - 기타,승용,남,29세,중상,,,,
2015062100100114,2015년 6월 21일 07시,일요일,경상북도 청도군 청도읍,중상사고,0,1,0,0,차대사람 - 길가장자리구역통행중,교차로운행방법위반,건조,흐림,교차로 - 교차로부근,승용,남,26세,상해없음,보행자,여,64세,중상
2015062100100160,2015년 6월 21일 10시,일요일,경상북도 포항시 북구 덕산동,경상사고,0,0,4,0,차대차 - 기타,교차로운행방법위반,건조,맑음,교차로 - 교차로안,승용,남,36세,상해없음,승용,여,56세,경상
2015062100100180,2015년 6월 21일 11시,일요일,경상북도 포항시 남구 오천읍,중상사고,0,1,0,0,차대사람 - 기타,교차로운행방법위반,건조,맑음,교차로 - 교차로부근,승용,남,65세,상해없음,보행자,여,15세,중상
2015062100100209,2015년 6월 21일 12시,일요일,경상북도 청도군 금천면,경상사고,0,0,4,0,차대차 - 추돌 - 주정차중,안전운전불이행,건조,맑음,교차로 - 교차로부근,승용,남,63세,상해없음,승용,남,39세,경상
2015062100100210,2015년 6월 21일 12시,일요일,경상북도 구미시 도개면,중상사고,0,1,0,0,차량단독 - 공작물충돌,안전운전불이행,건조,맑음,단일로 - 기타,화물,남,64세,중상,,,,
2015062100100243,2015년 6월 21일 13시,일요일,경상북도 상주시 낙동면,경상사고,0,0,1,0,차대사람 - 횡단중,불법유턴,건조,맑음,교차로 - 교차로부근,승용,남,44세,상해없음,보행자,남,46세,경상
2015062100100244,2015년 6월 21일 13시,일요일,경상북도 영주시 휴천동,경상사고,0,0,1,0,차대사람 - 횡단중,보행자보호의무위반,건조,맑음,교차로 - 교차로부근,이륜,남,58세,상해없음,보행자,남,48세,경상
2015062100100271,2015년 6월 21일 14시,일요일,경상북도 영천시 청통면,중상사고,0,1,0,0,차대차 - 측면직각충돌,중앙선침범,건조,맑음,단일로 - 기타,화물,남,58세,상해없음,승용,남,43세,중상
2015062100100272,2015년 6월 21일 14시,일요일,경상북도 경산시 남산면,사망사고,1,1,1,0,차대차 - 기타,중앙선침범,건조,맑음,단일로 - 기타,이륜,남,55세,사망,승용,남,49세,경상
2015062100100273,2015년 6월 21일 14시,일요일,경상북도 봉화군 석포면,중상사고,0,1,4,0,차대차 - 정면충돌,중앙선침범,건조,맑음,단일로 - 기타,화물,남,72세,상해없음,화물,남,60세,상해없음
2015062100100274,2015년 6월 21일 14시,일요일,경상북도 성주군 가천면,경상사고,0,0,2,0,차대차 - 정면충돌,안전운전불이행,건조,맑음,교차로 - 교차로안,승용,남,32세,상해없음,승합,남,75세,경상
2015062100100306,2015년 6월 21일 15시,일요일,경상북도 경주시 외동읍,중상사고,0,1,1,0,차대차 - 기타,신호위반,건조,맑음,단일로 - 기타,승용,남,28세,상해없음,승용,남,48세,중상
2015062100100307,2015년 6월 21일 15시,일요일,경상북도 안동시 동부동,경상사고,0,0,1,0,차대사람 - 기타,안전운전불이행,건조,맑음,교차로 - 교차로부근,기타불명,기타불명,기타불명,기타불명,보행자,남,53세,경상
2015062100100336,2015년 6월 21일 16시,일요일,경상북도 포항시 북구 흥해읍,중상사고,0,1,0,0,차대사람 - 기타,안전운전불이행,건조,맑음,단일로 - 기타,승용,남,37세,상해없음,보행자,여,70세,중상
2015062100100337,2015년 6월 21일 16시,일요일,경상북도 안동시 태화동,중상사고,0,1,0,0,차대차 - 기타,안전운전불이행,건조,맑음,기타 - 기타,승용,여,38세,상해없음,자전거,남,14세,중상
2015062100100338,2015년 6월 21일 16시,일요일,경상북도 경산시 옥산동,중상사고,0,1,0,0,차대사람 - 기타,보행자보호의무위반,건조,맑음,교차로 - 교차로안,승용,남,25세,상해없음,보행자,여,51세,중상
2015062100100362,2015년 6월 21일 17시,일요일,경상북도 경주시 내남면,중상사고,0,1,0,0,차대차 - 기타,안전운전불이행,건조,맑음,단일로 - 기타,승용,남,51세,상해없음,승용,남,54세,중상
2015062100100363,2015년 6월 21일 17시,일요일,경상북도 포항시 북구 죽도동,경상사고,0,0,1,0,차대차 - 기타,안전거리미확보,건조,맑음,단일로 - 기타,승용,남,55세,상해없음,승용,남,34세,경상
2015062100100364,2015년 6월 21일 17시,일요일,경상북도 안동시 정하동,경상사고,0,0,1,0,차대차 - 기타,안전운전불이행,건조,맑음,교차로 - 교차로안,승용,남,37세,상해없음,승용,남,37세,상해없음
2015062100100365,2015년 6월 21일 17시,일요일,경상북도 문경시 불정동,경상사고,0,0,4,0,차대차 - 추돌 - 진행중,안전운전불이행,건조,맑음,단일로 - 기타,화물,남,73세,상해없음,승용,남,43세,경상
2015062100100366,2015년 6월 21일 17시,일요일,경상북도 경산시 하양읍,중상사고,0,1,1,0,차대차 - 기타,직진우회전진행방해,건조,맑음,교차로 - 교차로안,승용,남,53세,중상,승용,남,61세,경상
2015062100100367,2015년 6월 21일 17시,일요일,경상북도 구미시 신평동,부상신고사고,0,0,0,1,차대차 - 기타,안전운전불이행,건조,맑음,기타 - 기타,이륜,남,72세,부상신고,승용,남,53세,상해없음
2015062100100400,2015년 6월 21일 18시,일요일,경상북도 경주시 외동읍,사망사고,1,1,0,1,차대차 - 기타,과속,건조,맑음,교차로 - 교차로안,승용,남,39세,부상신고,승용,여,49세,사망
2015062100100401,2015년 6월 21일 18시,일요일,경상북도 경산시 하양읍,경상사고,0,0,1,0,차대차 - 기타,안전운전불이행,건조,맑음,단일로 - 기타,자전거,남,47세,경상,승용,여,43세,상해없음
2015062100100402,2015년 6월 21일 18시,일요일,경상북도 울진군 죽변면,경상사고,0,0,1,0,차량단독 - 전도전복,안전운전불이행,건조,맑음,단일로 - 기타,원동기,남,76세,경상,,,,
2015062100100427,2015년 6월 21일 19시,일요일,경상북도 경산시 와촌면,중상사고,0,1,1,0,차대차 - 기타,과속,건조,맑음,단일로 - 기타,승용,남,24세,경상,이륜,남,66세,중상
2015062100100504,2015년 6월 21일 22시,일요일,경상북도 구미시 시미동,중상사고,0,1,0,0,차대차 - 기타,안전운전불이행,건조,맑음,단일로 - 기타,승용,여,33세,상해없음,화물,남,33세,상해없음
2015062100100518,2015년 6월 21일 23시,일요일,경상북도 포항시 북구 흥해읍,경상사고,0,0,1,0,차대차 - 기타,안전거리미확보,건조,맑음,단일로 - 기타,승용,남,31세,상해없음,건설기계,남,46세,경상
2015062100100519,2015년 6월 21일 23시,일요일,경상북도 포항시 북구 용흥동,중상사고,0,3,1,0,차대차 - 기타,신호위반,건조,맑음,교차로 - 교차로안,승용,남,44세,상해없음,승용,남,22세,중상
2015062200100036,2015년 6월 22일 02시,월요일,경상북도 안동시 남후면,부상신고사고,0,0,0,1,차량단독 - 기타,안전운전불이행,건조,맑음,단일로 - 기타,승용,남,38세,부상신고,,,,
2015062200100037,2015년 6월 22일 02시,월요일,경상북도 청도군 각북면,경상사고,0,0,1,0,차량단독 - 공작물충돌,안전운전불이행,건조,맑음,교차로 - 교차로안,승용,남,18세,경상,,,,
2015062200100038,2015년 6월 22일 02시,월요일,경상북도 포항시 남구 구룡포읍,중상사고,0,1,0,0,차대사람 - 길가장자리구역통행중,안전운전불이행,건조,맑음,단일로 - 기타,승용,남,45세,상해없음,보행자,남,65세,중상
2015062200100043,2015년 6월 22일 03시,월요일,경상북도 구미시 도개면,사망사고,1,0,0,0,차대사람 - 기타,안전운전불이행,건조,맑음,교차로 - 교차로부근,승용,남,47세,상해없음,보행자,남,41세,사망
2015062200100052,2015년 6월 22일 04시,월요일,경상북도 안동시 송현동,중상사고,0,1,0,0,차량단독 - 공작물충돌,안전운전불이행,건조,맑음,교차로 - 교차로부근,승용,여,15세,상해없음,,,,
2015062200100060,2015년 6월 22일 05시,월요일,경상북도 영천시 야사동,부상신고사고,0,0,0,1,차량단독 - 전도전복,안전운전불이행,건조,맑음,교차로 - 교차로안,원동기,남,20세,부상신고,,,,
2015062200100102,2015년 6월 22일 07시,월요일,경상북도 문경시 가은읍,경상사고,0,0,1,0,차대차 - 측면직각충돌,교차로운행방법위반,건조,맑음,교차로 - 교차로안,승용,여,44세,경상,승합,남,39세,상해없음
2015062200100144,2015년 6월 22일 08시,월요일,경상북도 포항시 북구 신광면,중상사고,0,1,0,0,차대차 - 기타,직진우회전진행방해,건조,맑음,교차로 - 교차로안,승용,남,33세,상해없음,농기계,남,72세,중상
2015062200100145,2015년 6월 22일 08시,월요일,경상북도 경산시 남산면,경상사고,0,0,1,0,차대차 - 기타,안전운전불이행,건조,맑음,단일로 - 기타,자전거,남,22세,경상,승용,남,43세,상해없음
2015062200100172,2015년 6월 22일 09시,월요일,경상북도 경주시 서부동,중상사고,0,1,0,0,차대사람 - 기타,안전운전불이행,건조,맑음,교차로 - 교차로부근,승용,여,64세,상해없음,보행자,남,79세,중상
2015062200100173,2015년 6월 22일 09시,월요일,경상북도 상주시 모서면,중상사고,0,1,0,0,차대차 - 정면충돌,안전운전불이행,건조,맑음,단일로 - 기타,화물,남,68세,상해없음,이륜,남,83세,중상
2015062200100174,2015년 6월 22일 09시,월요일,경상북도 포항시 남구 오천읍,경상사고,0,0,1,0,차대차 - 측면직각충돌,안전운전불이행,건조,맑음,교차로 - 교차로부근,이륜,남,80세,경상,승용,여,50세,상해없음
2015062200100197,2015년 6월 22일 10시,월요일,경상북도 칠곡군 약목면,경상사고,0,0,1,1,차대차 - 기타,기타,건조,맑음,단일로 - 기타,화물,남,45세,상해없음,화물,남,28세,경상
2015062200100226,2015년 6월 22일 11시,월요일,경상북도 경산시 남천면,경상사고,0,0,1,0,차량단독 - 기타,안전운전불이행,건조,맑음,단일로 - 기타,승용,남,61세,경상,,,,
2015062200100227,2015년 6월 22일 11시,월요일,경상북도 구미시 해평면,중상사고,0,1,1,0,차대차 - 기타,안전운전불이행,건조,맑음,단일로 - 기타,승용,남,33세,상해없음,화물,남,46세,상해없음
2015062200100255,2015년 6월 22일 12시,월요일,경상북도 포항시 북구 흥해읍,경상사고,0,0,2,0,차대차 - 기타,교차로운행방법위반,건조,맑음,교차로 - 교차로안,승용,남,64세,상해없음,승용,남,21세,경상
2015062200100257,2015년 6월 22일 12시,월요일,경상북도 문경시 문경읍,중상사고,0,1,0,0,차량단독 - 공작물충돌,안전운전불이행,건조,맑음,단일로 - 교량,이륜,남,71세,중상,,,,
2015062200100258,2015년 6월 22일 12시,월요일,경상북도 울진군 후포면,경상사고,0,0,1,0,차량단독 - 전도전복,안전운전불이행,건조,맑음,단일로 - 기타,원동기,남,61세,경상,,,,
2015062200100285,2015년 6월 22일 13시,월요일,경상북도 경주시 천북면,경상사고,0,0,2,0,차대차 - 측면직각충돌,안전운전불이행,건조,맑음,교차로 - 교차로안,승용,남,33세,상해없음,승용,남,61세,경상
2015062200100286,2015년 6월 22일 13시,월요일,경상북도 경주시 용강동,경상사고,0,0,1,0,차대차 - 기타,안전운전불이행,건조,맑음,교차로 - 교차로안,화물,남,49세,상해없음,승용,남,32세,경상
2015062200100287,2015년 6월 22일 13시,월요일,경상북도 문경시 흥덕동,부상신고사고,0,0,0,1,차대차 - 정면충돌,중앙선침범,건조,맑음,단일로 - 기타,승용,여,34세,부상신고,승용,남,57세,상해없음
2015062200100321,2015년 6월 22일 14시,월요일,경상북도 경주시 성동동,경상사고,0,0,1,0,차대차 - 측면직각충돌,안전운전불이행,건조,맑음,교차로 - 교차로부근,화물,남,55세,상해없음,승용,남,53세,경상
2015062200100322,2015년 6월 22일 14시,월요일,경상북도 구미시 공단동,경상사고,0,0,1,0,차대차 - 기타,신호위반,건조,맑음,교차로 - 교차로안,승합,남,53세,상해없음,승용,남,58세,경상
2015062200100323,2015년 6월 22일 14시,월요일,경상북도 포항시 남구 동촌동,중상사고,0,1,3,0,차대차 - 측면직각충돌,안전운전불이행,건조,맑음,단일로 - 기타,승용,여,58세,경상,승용,남,35세,중상
2015062200100362,2015년 6월 22일 15시,월요일,경상북도 포항시 북구 흥해읍,경상사고,0,0,3,0,차대차 - 기타,안전거리미확보,건조,맑음,교차로 - 교차로부근,승용,남,32세,상해없음,화물,남,54세,경상
2015062200100363,2015년 6월 22일 15시,월요일,경상북도 군위군 소보면,경상사고,0,0,1,0,차대차 - 추돌 - 주정차중,안전운전불이행,건조,맑음,단일로 - 기타,원동기,남,75세,경상,승용,여,53세,상해없음
2015062200100402,2015년 6월 22일 16시,월요일,경상북도 경산시 하양읍,중상사고,0,2,0,0,차대차 - 기타,안전운전불이행,건조,맑음,단일로 - 기타,화물,남,48세,상해없음,이륜,남,79세,중상
2015062200100403,2015년 6월 22일 16시,월요일,경상북도 구미시 형곡동,중상사고,0,1,0,0,차대차 - 측면직각충돌,안전운전불이행,건조,맑음,교차로 - 교차로부근,승용,남,43세,상해없음,이륜,남,29세,중상
2015062200100445,2015년 6월 22일 17시,월요일,경상북도 문경시 산양면,경상사고,0,0,4,0,차대차 - 추돌 - 진행중,안전운전불이행,건조,맑음,교차로 - 교차로부근,승용,여,61세,상해없음,화물,남,28세,경상
2015062200100446,2015년 6월 22일 17시,월요일,경상북도 경산시 사동,경상사고,0,0,1,0,차대차 - 기타,안전운전불이행,건조,맑음,교차로 - 교차로부근,자전거,남,20세,경상,승용,남,56세,상해없음
2015062200100447,2015년 6월 22일 17시,월요일,경상북도 구미시 송정동,중상사고,0,1,0,0,차대차 - 기타,교차로운행방법위반,건조,맑음,교차로 - 교차로부근,승합,남,50세,상해없음,승용,남,29세,중상
2015062200100494,2015년 6월 22일 18시,월요일,경상북도 경주시 황남동,경상사고,0,0,3,0,차대사람 - 기타,안전운전불이행,건조,맑음,교차로 - 교차로부근,승용,남,74세,상해없음,보행자,남,62세,경상
2015062200100495,2015년 6월 22일 18시,월요일,경상북도 경주시 내남면,중상사고,0,1,0,0,차대차 - 기타,안전운전불이행,건조,맑음,단일로 - 기타,화물,남,59세,상해없음,원동기,남,55세,중상
2015062200100496,2015년 6월 22일 18시,월요일,경상북도 포항시 북구 대흥동,중상사고,0,1,0,0,차대차 - 기타,차로위반,건조,맑음,단일로 - 기타,승용,남,50세,상해없음,승용,남,39세,중상
2015062200100497,2015년 6월 22일 18시,월요일,경상북도 안동시 와룡면,경상사고,0,0,1,0,차대차 - 기타,안전운전불이행,습기,비,단일로 - 기타,승용,여,47세,상해없음,농기계,남,73세,상해없음
2015062200100531,2015년 6월 22일 19시,월요일,경상북도 김천시 황금동,중상사고,0,2,0,0,차대차 - 측면직각충돌,교차로운행방법위반,건조,맑음,단일로 - 기타,승용,남,52세,상해없음,승용,남,30세,중상
2015062200100532,2015년 6월 22일 19시,월요일,경상북도 고령군 대가야읍,경상사고,0,0,1,0,차대차 - 측면직각충돌,교차로운행방법위반,건조,맑음,교차로 - 교차로안,승용,남,32세,상해없음,승용,여,43세,경상
2015062200100560,2015년 6월 22일 20시,월요일,경상북도 의성군 단촌면,경상사고,0,0,1,0,차대차 - 기타,직진우회전진행방해,건조,맑음,교차로 - 교차로안,화물,남,25세,상해없음,자전거,여,57세,경상
2015062200100584,2015년 6월 22일 21시,월요일,경상북도 포항시 남구 상도동,부상신고사고,0,0,0,1,차대차 - 기타,안전운전불이행,건조,맑음,단일로 - 기타,이륜,남,23세,부상신고,승용,남,59세,상해없음
2015062200100606,2015년 6월 22일 22시,월요일,경상북도 김천시 남산동,중상사고,0,1,0,0,차대차 - 측면직각충돌,직진우회전진행방해,습기,비,교차로 - 교차로안,승용,남,79세,상해없음,자전거,남,17세,중상
2015062200100607,2015년 6월 22일 22시,월요일,경상북도 영천시 야사동,경상사고,0,0,1,0,차대차 - 측면직각충돌,교차로운행방법위반,건조,맑음,교차로 - 교차로안,화물,남,35세,상해없음,승용,남,30세,경상
2015062200100637,2015년 6월 22일 23시,월요일,경상북도 상주시 낙동면,부상신고사고,0,0,0,1,차량단독 - 공작물충돌,안전운전불이행,건조,흐림,단일로 - 교량,승용,남,40세,부상신고,,,,
2015062300100011,2015년 6월 23일 00시,화요일,경상북도 김천시 덕곡동,경상사고,0,0,1,0,차대사람 - 길가장자리구역통행중,안전운전불이행,건조,맑음,단일로 - 기타,승용,여,52세,상해없음,보행자,남,34세,경상
2015062300100043,2015년 6월 23일 02시,화요일,경상북도 포항시 남구 효자동,중상사고,0,2,3,0,차대차 - 추돌 - 주정차중,안전운전불이행,건조,맑음,단일로 - 기타,승용,남,52세,상해없음,승용,남,27세,중상