사고번호,사고일시,요일,시군구,사고내용,사망자수,중상자수,경상자수,부상신고자수,사고유형,법규위반,노면상태,기상상태,도로형태,가해운전자 차종,가해운전자 성별,가해운전자 연령,가해운전자 상해정도,피해운전자 차종,피해운전자 성별,피해운전자 연령,피해운전자 상해정도
2015062300100051,2015년 6월 23일 03시,화요일,경상북도 상주시 신봉동,중상사고,0,1,0,0,차량단독 - 기타,기타,건조,맑음,단일로 - 기타,이륜,남,20세,중상,,,,
2015062300100059,2015년 6월 23일 04시,화요일,경상북도 경주시 내남면,중상사고,0,1,0,0,차량단독 - 공작물충돌,안전운전불이행,건조,맑음,단일로 - 기타,승용,남,25세,중상,,,,
2015062300100105,2015년 6월 23일 07시,화요일,경상북도 포항시 남구 효자동,경상사고,0,0,1,0,차대차 - 기타,안전운전불이행,건조,맑음,단일로 - 기타,승용,남,21세,상해없음,자전거,남,32세,경상
2015062300100141,2015년 6월 23일 08시,화요일,경상북도 고령군 대가야읍,경상사고,0,0,1,0,차대차 - 측면직각충돌,안전운전불이행,건조,맑음,단일로 - 기타,화물,남,57세,상해없음,원동기,남,78세,경상
2015062300100142,2015년 6월 23일 08시,화요일,경상북도 구미시 신평동,중상사고,0,1,1,0,차대차 - 기타,신호위반,건조,맑음,교차로 - 교차로안,건설기계,남,45세,상해없음,화물,남,55세,중상
2015062300100165,2015년 6월 23일 09시,화요일,경상북도 경주시 천군동,중상사고,0,1,0,0,차량단독 - 기타,안전운전불이행,건조,맑음,단일로 - 기타,이륜,남,16세,중상,,,,
2015062300100166,2015년 6월 23일 09시,화요일,경상북도 안동시 운흥동,경상사고,0,0,2,0,차대차 - 기타,안전거리미확보,건조,맑음,교차로 - 교차로안,화물,남,51세,상해없음,승합,여,31세,경상
2015062300100192,2015년 6월 23일 10시,화요일,경상북도 포항시 북구 항구동,경상사고,0,0,1,0,차대차 - 기타,직진우회전진행방해,건조,맑음,교차로 - 교차로안,승용,여,55세,상해없음,승용,여,38세,경상
2015062300100193,2015년 6월 23일 10시,화요일,경상북도 영천시 완산동,중상사고,0,1,0,0,차대사람 - 보도통행중,안전운전불이행,건조,맑음,단일로 - 기타,승용,남,65세,상해없음,보행자,남,78세,중상
2015062300100194,2015년 6월 23일 10시,화요일,경상북도 경산시 중방동,경상사고,0,0,1,0,차대사람 - 기타,안전운전불이행,건조,맑음,단일로 - 기타,승용,여,59세,기타불명,보행자,남,42세,경상
2015062300100216,2015년 6월 23일 11시,화요일,경상북도 포항시 북구 환호동,경상사고,0,0,1,0,차대차 - 기타,교차로운행방법위반,건조,맑음,교차로 - 교차로안,승용,남,83세,상해없음,승용,남,54세,경상
2015062300100217,2015년 6월 23일 11시,화요일,경상북도 칠곡군 왜관읍,경상사고,0,0,1,0,차대차 - 기타,안전운전불이행,건조,맑음,단일로 - 기타,승용,여,27세,상해없음,자전거,여,62세,경상
2015062300100218,2015년 6월 23일 11시,화요일,경상북도 경산시 삼풍동,중상사고,0,1,2,0,차대차 - 기타,안전운전불이행,건조,맑음,교차로 - 교차로부근,건설기계,남,56세,상해없음,화물,남,55세,경상
2015062300100219,2015년 6월 23일 11시,화요일,경상북도 칠곡군 왜관읍,경상사고,0,0,2,0,차대차 - 측면직각충돌,안전운전불이행,건조,맑음,기타 - 기타,승용,여,63세,경상,승용,남,46세,상해없음
2015062300100243,2015년 6월 23일 12시,화요일,경상북도 포항시 북구 대흥동,중상사고,0,1,0,0,차대사람 - 횡단중,안전운전불이행,건조,맑음,교차로 - 교차로부근,화물,남,63세,상해없음,보행자,여,34세,중상
2015062300100244,2015년 6월 23일 12시,화요일,경상북도 김천시 교동,경상사고,0,0,1,0,차대차 - 측면직각충돌,안전운전불이행,건조,맑음,단일로 - 기타,승용,남,50세,상해없음,승용,남,64세,경상
2015062300100265,2015년 6월 23일 13시,화요일,경상북도 구미시 광평동,부상신고사고,0,0,0,1,차대차 - 기타,안전운전불이행,건조,맑음,교차로 - 교차로부근,원동기,남,51세,부상신고,승용,여,20세,상해없음
2015062300100287,2015년 6월 23일 14시,화요일,경상북도 포항시 북구 학잠동,경상사고,0,0,1,0,차대차 - 기타,안전거리미확보,건조,맑음,단일로 - 기타,승용,남,37세,상해없음,자전거,남,15세,경상
2015062300100288,2015년 6월 23일 14시,화요일,경상북도 영천시 금호읍,경상사고,0,0,1,0,차대사람 - 차도통행중,안전운전불이행,건조,맑음,단일로 - 기타,승용,기타불명,기타불명,기타불명,보행자,남,18세,경상
2015062300100289,2015년 6월 23일 14시,화요일,경상북도 예천군 감천면,중상사고,0,1,0,0,차대차 - 측면직각충돌,안전운전불이행,건조,맑음,교차로 - 교차로안,화물,남,72세,상해없음,이륜,남,72세,중상
2015062300100290,2015년 6월 23일 14시,화요일,경상북도 구미시 구평동,경상사고,0,0,1,0,차대차 - 기타,안전운전불이행,건조,맑음,단일로 - 기타,승용,남,59세,상해없음,자전거,남,19세,경상
2015062300100324,2015년 6월 23일 15시,화요일,경상북도 포항시 북구 죽도동,경상사고,0,0,1,0,차대차 - 기타,안전운전불이행,건조,맑음,단일로 - 기타,화물,남,68세,상해없음,승합,남,46세,경상
2015062300100325,2015년 6월 23일 15시,화요일,경상북도 김천시 어모면,경상사고,0,0,2,0,차대사람 - 기타,기타,건조,맑음,단일로 - 기타,이륜,남,72세,경상,보행자,여,67세,경상
2015062300100326,2015년 6월 23일 15시,화요일,경상북도 청도군 각북면,중상사고,0,1,4,0,차대차 - 정면충돌,중앙선침범,건조,맑음,단일로 - 기타,승용,여,46세,경상,승용,남,54세,중상
2015062300100353,2015년 6월 23일 16시,화요일,경상북도 포항시 북구 두호동,경상사고,0,0,1,0,차대사람 - 기타,보행자보호의무위반,건조,맑음,교차로 - 교차로안,화물,남,63세,상해없음,보행자,남,10세,경상
2015062300100354,2015년 6월 23일 16시,화요일,경상북도 안동시 옥동,경상사고,0,0,1,0,차대차 - 기타,안전운전불이행,건조,맑음,교차로 - 교차로안,승용,남,59세,상해없음,승용,여,38세,경상
2015062300100355,2015년 6월 23일 16시,화요일,경상북도 영천시 괴연동,경상사고,0,0,2,0,차대차 - 정면충돌,안전운전불이행,건조,맑음,단일로 - 기타,승합,남,66세,경상,화물,남,43세,경상
2015062300100356,2015년 6월 23일 16시,화요일,경상북도 청송군 부남면,중상사고,0,1,1,0,차대차 - 추돌 - 진행중,안전거리미확보,건조,맑음,단일로 - 기타,화물,남,38세,경상,화물,남,47세,중상
2015062300100395,2015년 6월 23일 17시,화요일,경상북도 영주시 풍기읍,경상사고,0,0,2,0,차대차 - 측면직각충돌,안전운전불이행,건조,맑음,단일로 - 기타,화물,남,59세,경상,승용,남,64세,경상
2015062300100396,2015년 6월 23일 17시,화요일,경상북도 경산시 하양읍,중상사고,0,1,0,0,차대사람 - 기타,안전운전불이행,건조,맑음,단일로 - 기타,승용,남,56세,상해없음,보행자,여,13세,중상
2015062300100397,2015년 6월 23일 17시,화요일,경상북도 포항시 남구 상도동,경상사고,0,0,1,0,차대차 - 기타,중앙선침범,건조,맑음,단일로 - 기타,승용,여,34세,기타불명,원동기,남,22세,경상
2015062300100398,2015년 6월 23일 17시,화요일,경상북도 포항시 남구 오천읍,중상사고,0,2,0,0,차대차 - 측면직각충돌,직진우회전진행방해,건조,맑음,교차로 - 교차로안,승용,남,31세,중상,승용,남,40세,중상
2015062300100443,2015년 6월 23일 18시,화요일,경상북도 경주시 현곡면,경상사고,0,0,1,0,차대차 - 측면직각충돌,중앙선침범,건조,맑음,단일로 - 기타,원동기,남,23세,경상,승용,남,57세,상해없음
2015062300100444,2015년 6월 23일 18시,화요일,경상북도 성주군 월항면,경상사고,0,0,1,0,차대차 - 기타,안전운전불이행,건조,맑음,기타 - 기타,이륜,남,67세,경상,화물,남,40세,상해없음
2015062300100445,2015년 6월 23일 18시,화요일,경상북도 구미시 인의동,경상사고,0,0,1,0,차대사람 - 기타,안전운전불이행,건조,맑음,교차로 - 교차로부근,원동기,남,24세,상해없음,보행자,남,17세,경상
2015062300100471,2015년 6월 23일 19시,화요일,경상북도 구미시 임은동,경상사고,0,0,1,0,차대차 - 기타,교차로운행방법위반,건조,맑음,교차로 - 교차로안,승용,남,40세,상해없음,원동기,남,32세,경상
2015062300100498,2015년 6월 23일 20시,화요일,경상북도 의성군 의성읍,경상사고,0,0,1,0,차대차 - 기타,안전운전불이행,건조,맑음,교차로 - 교차로안,승용,남,56세,상해없음,자전거,여,58세,경상
2015062300100499,2015년 6월 23일 20시,화요일,경상북도 고령군 성산면,중상사고,0,1,3,0,차대차 - 추돌 - 진행중,안전운전불이행,건조,기타,단일로 - 교량,화물,남,50세,상해없음,승용,여,47세,경상
2015062300100530,2015년 6월 23일 21시,화요일,경상북도 포항시 북구 항구동,경상사고,0,0,2,0,차대차 - 기타,안전거리미확보,건조,맑음,교차로 - 교차로부근,승용,남,21세,상해없음,승용,남,40세,경상
2015062300100531,2015년 6월 23일 21시,화요일,경상북도 문경시 동로면,중상사고,0,1,1,0,차대차 - 측면직각충돌,중앙선침범,건조,맑음,단일로 - 기타,화물,남,49세,경상,승용,여,49세,중상
2015062300100562,2015년 6월 23일 22시,화요일,경상북도 경주시 교동,경상사고,0,0,5,0,차대차 - 추돌 - 진행중,안전운전불이행,건조,맑음,단일로 - 기타,이륜,남,47세,경상,승용,남,20세,경상
2015062300100563,2015년 6월 23일 22시,화요일,경상북도 상주시 무양동,경상사고,0,0,1,0,차대차 - 측면직각충돌,안전운전불이행,건조,맑음,단일로 - 기타,승용,남,58세,상해없음,자전거,여,18세,경상
2015062300100591,2015년 6월 23일 23시,화요일,경상북도 포항시 북구 흥해읍,중상사고,0,1,0,0,차대차 - 기타,안전운전불이행,건조,맑음,교차로 - 교차로안,자전거,여,59세,중상,승용,남,63세,상해없음
2015062300100592,2015년 6월 23일 23시,화요일,경상북도 포항시 북구 죽도동,경상사고,0,0,1,0,차대차 - 측면직각충돌,안전운전불이행,건조,맑음,교차로 - 교차로안,승용,기타불명,기타불명,기타불명,자전거,남,21세,경상
2015062300100593,2015년 6월 23일 23시,화요일,경상북도 포항시 남구 오천읍,사망사고,1,0,0,0,차대사람 - 횡단중,보행자보호의무위반,건조,맑음,단일로 - 횡단보도상,승용,남,23세,상해없음,보행자,여,6세,사망
2015062400100036,2015년 6월 24일 01시,수요일,경상북도 구미시 옥계동,중상사고,0,1,0,0,차대사람 - 차도통행중,안전운전불이행,건조,맑음,교차로 - 교차로부근,승용,여,30세,상해없음,보행자,여,19세,중상
2015062400100037,2015년 6월 24일 01시,수요일,경상북도 구미시 양호동,중상사고,0,1,2,0,차대차 - 기타,과속,건조,맑음,단일로 - 기타,승용,남,43세,상해없음,자전거,남,15세,경상
2015062400100047,2015년 6월 24일 02시,수요일,경상북도 경산시 압량면,경상사고,0,0,1,0,차대차 - 기타,교차로운행방법위반,건조,맑음,교차로 - 교차로안,승용,남,38세,상해없음,승용,여,29세,경상
2015062400100097,2015년 6월 24일 07시,수요일,경상북도 경산시 진량읍,중상사고,0,1,0,0,차대차 - 기타,안전운전불이행,건조,맑음,단일로 - 기타,승용,남,56세,상해없음,승용,남,33세,중상
2015062400100098,2015년 6월 24일 07시,수요일,경상북도 구미시 지산동,중상사고,0,1,0,0,차대사람 - 길가장자리구역통행중,안전운전불이행,건조,맑음,단일로 - 기타,승용,남,31세,상해없음,보행자,여,80세,중상
2015062400100146,2015년 6월 24일 08시,수요일,경상북도 경주시 동부동,경상사고,0,0,1,0,차대차 - 기타,안전운전불이행,건조,맑음,교차로 - 교차로부근,자전거,남,88세,경상,승용,남,63세,상해없음
2015062400100147,2015년 6월 24일 08시,수요일,경상북도 안동시 정하동,중상사고,0,1,2,0,차대차 - 기타,안전거리미확보,건조,맑음,단일로 - 기타,건설기계,남,48세,상해없음,승용,여,27세,경상
2015062400100184,2015년 6월 24일 09시,수요일,경상북도 경주시 강동면,경상사고,0,0,2,1,차대차 - 기타,안전운전불이행,건조,맑음,기타 - 기타,화물,남,45세,상해없음,승용,남,24세,경상
2015062400100185,2015년 6월 24일 09시,수요일,경상북도 예천군 예천읍,중상사고,0,1,0,0,차대차 - 측면직각충돌,안전운전불이행,건조,맑음,교차로 - 교차로안,승용,남,26세,상해없음,자전거,남,82세,중상
2015062400100216,2015년 6월 24일 10시,수요일,경상북도 경산시 상방동,경상사고,0,0,1,0,차대차 - 기타,신호위반,건조,맑음,교차로 - 교차로안,승용,여,50세,상해없음,화물,여,49세,경상
2015062400100217,2015년 6월 24일 10시,수요일,경상북도 구미시 옥계동,중상사고,0,1,2,0,차대차 - 기타,중앙선침범,건조,맑음,교차로 - 교차로부근,승용,남,20세,상해없음,승용,여,33세,경상
2015062400100234,2015년 6월 24일 11시,수요일,경상북도 포항시 북구 득량동,경상사고,0,0,1,0,차대차 - 기타,차로위반,건조,맑음,단일로 - 기타,승용,여,68세,상해없음,승합,남,45세,상해없음
2015062400100235,2015년 6월 24일 11시,수요일,경상북도 포항시 남구 지곡동,경상사고,0,0,1,0,차대차 - 측면직각충돌,안전운전불이행,건조,맑음,단일로 - 기타,승용,여,32세,상해없음,승용,여,42세,경상
2015062400100265,2015년 6월 24일 12시,수요일,경상북도 경주시 서면,경상사고,0,0,1,0,차대차 - 기타,안전운전불이행,건조,맑음,단일로 - 기타,화물,남,61세,상해없음,승합,남,55세,상해없음
2015062400100266,2015년 6월 24일 12시,수요일,경상북도 상주시 함창읍,경상사고,0,0,1,0,차대차 - 측면직각충돌,교차로운행방법위반,건조,맑음,교차로 - 교차로안,승용,여,42세,상해없음,승용,남,70세,경상
2015062400100267,2015년 6월 24일 12시,수요일,경상북도 청송군 안덕면,중상사고,0,1,0,0,차대차 - 측면직각충돌,중앙선침범,건조,맑음,단일로 - 기타,승용,남,57세,상해없음,승용,여,49세,중상
2015062400100285,2015년 6월 24일 13시,수요일,경상북도 상주시 청리면,경상사고,0,0,1,0,차대차 - 측면직각충돌,안전운전불이행,건조,맑음,교차로 - 교차로안,화물,남,75세,상해없음,승용,여,29세,경상
2015062400100325,2015년 6월 24일 14시,수요일,경상북도 포항시 북구 흥해읍,경상사고,0,0,1,0,차대차 - 기타,안전운전불이행,건조,맑음,교차로 - 교차로안,승용,여,34세,상해없음,승합,남,38세,경상
2015062400100326,2015년 6월 24일 14시,수요일,경상북도 영천시 녹전동,경상사고,0,0,1,0,차대차 - 측면직각충돌,안전운전불이행,건조,맑음,단일로 - 기타,화물,남,72세,경상,승합,남,55세,상해없음
2015062400100327,2015년 6월 24일 14시,수요일,경상북도 경산시 진량읍,중상사고,0,1,0,0,차대차 - 기타,안전운전불이행,건조,맑음,단일로 - 기타,화물,남,67세,상해없음,승용,남,31세,중상
2015062400100328,2015년 6월 24일 14시,수요일,경상북도 포항시 남구 대송면,경상사고,0,0,1,0,차대차 - 기타,안전운전불이행,건조,맑음,단일로 - 기타,자전거,남,21세,경상,승용,남,32세,상해없음
2015062400100354,2015년 6월 24일 15시,수요일,경상북도 칠곡군 왜관읍,경상사고,0,0,1,0,차대차 - 측면직각충돌,교차로운행방법위반,건조,맑음,교차로 - 교차로안,승용,남,57세,상해없음,승용,남,59세,경상
2015062400100355,2015년 6월 24일 15시,수요일,경상북도 경산시 옥산동,중상사고,0,1,0,0,차대차 - 기타,교차로운행방법위반,건조,맑음,교차로 - 교차로안,승용,남,23세,상해없음,이륜,남,69세,중상
2015062400100356,2015년 6월 24일 15시,수요일,경상북도 구미시 도량동,부상신고사고,0,0,0,1,차대차 - 기타,안전운전불이행,건조,맑음,단일로 - 기타,이륜,남,72세,부상신고,화물,남,55세,상해없음
2015062400100390,2015년 6월 24일 16시,수요일,경상북도 상주시 무양동,중상사고,0,1,0,0,차대차 - 측면직각충돌,교차로운행방법위반,건조,맑음,교차로 - 교차로안,승용,여,31세,상해없음,이륜,남,22세,중상
2015062400100391,2015년 6월 24일 16시,수요일,경상북도 영덕군 영덕읍,경상사고,0,0,2,0,차대차 - 측면직각충돌,중앙선침범,건조,맑음,단일로 - 기타,승용,여,34세,상해없음,승용,남,38세,경상
2015062400100392,2015년 6월 24일 16시,수요일,경상북도 군위군 군위읍,중상사고,0,4,0,0,차량단독 - 기타,교차로운행방법위반,건조,맑음,교차로 - 교차로안,화물,남,62세,상해없음,,,,
2015062400100465,2015년 6월 24일 18시,수요일,경상북도 영주시 영주동,경상사고,0,0,1,0,차대차 - 측면직각충돌,안전운전불이행,건조,맑음,교차로 - 교차로부근,원동기,남,58세,상해없음,자전거,남,16세,경상
2015062400100466,2015년 6월 24일 18시,수요일,경상북도 고령군 다산면,경상사고,0,0,1,0,차대차 - 측면직각충돌,교차로운행방법위반,건조,맑음,교차로 - 교차로안,화물,남,44세,상해없음,승용,여,48세,경상
2015062400100496,2015년 6월 24일 19시,수요일,경상북도 경산시 진량읍,경상사고,0,0,1,0,차대차 - 기타,안전운전불이행,건조,맑음,단일로 - 기타,원동기,남,32세,상해없음,승용,여,57세,상해없음
2015062400100526,2015년 6월 24일 20시,수요일,경상북도 포항시 북구 죽도동,중상사고,0,1,0,0,차대사람 - 기타,안전운전불이행,건조,맑음,교차로 - 교차로안,승용,남,33세,상해없음,보행자,여,15세,중상
2015062400100527,2015년 6월 24일 20시,수요일,경상북도 안동시 용상동,경상사고,0,0,1,0,차대차 - 기타,기타,건조,맑음,기타 - 기타,승용,남,27세,상해없음,원동기,남,17세,경상
2015062400100528,2015년 6월 24일 20시,수요일,경상북도 의성군 춘산면,부상신고사고,0,0,0,1,차량단독 - 공작물충돌,안전운전불이행,건조,맑음,단일로 - 기타,화물,남,53세,부상신고,,,,
2015062400100592,2015년 6월 24일 22시,수요일,경상북도 영주시 휴천동,경상사고,0,0,1,0,차대차 - 측면직각충돌,안전운전불이행,건조,맑음,교차로 - 교차로부근,승용,여,55세,상해없음,승용,남,32세,경상
2015062400100593,2015년 6월 24일 22시,수요일,경상북도 경산시 옥산동,경상사고,0,0,2,0,차대차 - 기타,중앙선침범,건조,맑음,단일로 - 기타,승용,남,55세,상해없음,이륜,남,17세,경상
2015062400100594,2015년 6월 24일 22시,수요일,경상북도 구미시 원평동,경상사고,0,0,2,0,차대차 - 기타,안전운전불이행,건조,맑음,기타 - 기타,승용,남,45세,상해없음,승용,남,31세,경상
2015062400100624,2015년 6월 24일 23시,수요일,경상북도 포항시 북구 상원동,경상사고,0,0,4,0,차대차 - 기타,안전거리미확보,건조,맑음,단일로 - 기타,승용,남,33세,상해없음,승용,남,62세,경상
2015062500100013,2015년 6월 25일 00시,목요일,경상북도 김천시 아포읍,사망사고,1,0,1,0,차대차 - 추돌 - 진행중,안전운전불이행,건조,맑음,단일로 - 기타,화물,남,52세,사망,화물,남,44세,경상
2015062500100086,2015년 6월 25일 06시,목요일,경상북도 경주시 서면,경상사고,0,0,1,0,차대차 - 정면충돌,신호위반,건조,맑음,교차로 - 교차로안,승용,남,38세,상해없음,승용,남,77세,경상
2015062500100087,2015년 6월 25일 06시,목요일,경상북도 경산시 압량면,경상사고,0,0,1,0,차대차 - 기타,안전운전불이행,건조,맑음,단일로 - 기타,승용,여,29세,상해없음,자전거,남,70세,경상
2015062500100099,2015년 6월 25일 07시,목요일,경상북도 경주시 성동동,중상사고,0,1,0,0,차량단독 - 전도전복,기타,건조,맑음,단일로 - 기타,승합,남,44세,상해없음,,,,
2015062500100100,2015년 6월 25일 07시,목요일,경상북도 영주시 영주동,중상사고,0,1,0,0,차대차 - 측면직각충돌,안전운전불이행,건조,맑음,교차로 - 교차로안,승용,남,55세,상해없음,자전거,남,67세,중상
2015062500100101,2015년 6월 25일 07시,목요일,경상북도 성주군 성주읍,중상사고,0,1,0,0,차대차 - 기타,기타,건조,맑음,단일로 - 기타,승용,남,32세,상해없음,원동기,남,60세,중상
2015062500100128,2015년 6월 25일 08시,목요일,경상북도 안동시 송현동,경상사고,0,0,1,0,차대차 - 기타,안전운전불이행,건조,맑음,기타 - 기타,화물,남,46세,상해없음,승용,남,45세,상해없음
2015062500100155,2015년 6월 25일 09시,목요일,경상북도 포항시 북구 죽도동,경상사고,0,0,1,0,차대차 - 기타,안전운전불이행,건조,맑음,단일로 - 기타,원동기,남,73세,상해없음,자전거,남,57세,경상
2015062500100156,2015년 6월 25일 09시,목요일,경상북도 안동시 태화동,경상사고,0,0,2,0,차대차 - 기타,안전거리미확보,건조,맑음,단일로 - 기타,건설기계,남,51세,상해없음,승용,남,37세,경상
2015062500100157,2015년 6월 25일 09시,목요일,경상북도 김천시 부곡동,중상사고,0,1,0,0,차대사람 - 길가장자리구역통행중,안전운전불이행,건조,맑음,단일로 - 기타,승용,남,27세,상해없음,보행자,여,50세,중상
2015062500100177,2015년 6월 25일 10시,목요일,경상북도 포항시 북구 흥해읍,중상사고,0,1,0,0,차대차 - 기타,안전운전불이행,건조,맑음,기타 - 기타,승용,남,58세,상해없음,승용,남,46세,중상
2015062500100178,2015년 6월 25일 10시,목요일,경상북도 김천시 지좌동,경상사고,0,0,1,0,차대차 - 측면직각충돌,중앙선침범,건조,맑음,단일로 - 기타,화물,남,41세,상해없음,승용,여,50세,경상
2015062500100203,2015년 6월 25일 11시,목요일,경상북도 구미시 도량동,경상사고,0,0,2,0,차대차 - 기타,중앙선침범,건조,맑음,단일로 - 기타,승용,여,57세,상해없음,승용,여,36세,경상
2015062500100224,2015년 6월 25일 12시,목요일,경상북도 경주시 외동읍,경상사고,0,0,2,0,차대차 - 기타,안전운전불이행,건조,맑음,교차로 - 교차로안,승용,남,46세,경상,승용,남,55세,경상
2015062500100225,2015년 6월 25일 12시,목요일,경상북도 안동시 북후면,경상사고,0,0,1,0,차대차 - 기타,안전운전불이행,건조,맑음,단일로 - 기타,화물,남,33세,상해없음,화물,남,72세,상해없음
2015062500100226,2015년 6월 25일 12시,목요일,경상북도 칠곡군 북삼읍,중상사고,0,1,0,0,차대사람 - 기타,안전운전불이행,건조,맑음,단일로 - 기타,승합,남,59세,상해없음,보행자,여,72세,중상
2015062500100227,2015년 6월 25일 12시,목요일,경상북도 포항시 남구 오천읍,경상사고,0,0,1,0,차대차 - 기타,직진우회전진행방해,건조,맑음,교차로 - 교차로안,승용,여,40세,상해없음,자전거,남,69세,경상
2015062500100289,2015년 6월 25일 14시,목요일,경상북도 경주시 성동동,경상사고,0,0,2,0,차대차 - 기타,안전운전불이행,건조,맑음,교차로 - 교차로부근,승용,여,54세,기타불명,이륜,여,42세,경상
2015062500100290,2015년 6월 25일 14시,목요일,경상북도 안동시 용상동,중상사고,0,1,0,0,차대차 - 기타,안전운전불이행,건조,맑음,단일로 - 기타,화물,남,50세,상해없음,원동기,남,31세,중상
2015062500100291,2015년 6월 25일 14시,목요일,경상북도 성주군 초전면,사망사고,2,0,0,0,차대차 - 기타,과속,건조,맑음,기타 - 기타,화물,남,20세,상해없음,이륜,남,74세,사망
2015062500100331,2015년 6월 25일 15시,목요일,경상북도 안동시 당북동,중상사고,0,1,0,0,차대차 - 기타,안전운전불이행,건조,맑음,교차로 - 교차로안,승용,여,58세,상해없음,원동기,남,72세,중상
2015062500100332,2015년 6월 25일 15시,목요일,경상북도 상주시 청리면,중상사고,0,1,0,0,차량단독 - 전도전복,안전운전불이행,건조,맑음,단일로 - 기타,이륜,여,57세,중상,,,,
2015062500100333,2015년 6월 25일 15시,목요일,경상북도 고령군 대가야읍,부상신고사고,0,0,0,1,차대사람 - 차도통행중,안전운전불이행,건조,맑음,단일로 - 기타,승용,여,39세,상해없음,보행자,여,37세,부상신고
2015062500100334,2015년 6월 25일 15시,목요일,경상북도 고령군 성산면,경상사고,0,0,1,0,차대차 - 측면직각충돌,안전운전불이행,건조,맑음,단일로 - 기타,이륜,남,62세,경상,승용,여,45세,상해없음
2015062500100335,2015년 6월 25일 15시,목요일,경상북도 구미시 오태동,경상사고,0,0,1,0,차대차 - 기타,신호위반,습기,비,교차로 - 교차로안,화물,남,40세,상해없음,승용,여,36세,경상
2015062500100368,2015년 6월 25일 16시,목요일,경상북도 경주시 양북면,경상사고,0,0,2,1,차대차 - 정면충돌,중앙선침범,건조,흐림,단일로 - 기타,승용,남,51세,부상신고,승용,여,56세,경상
2015062500100369,2015년 6월 25일 16시,목요일,경상북도 김천시 황금동,중상사고,0,1,0,0,차대사람 - 차도통행중,안전운전불이행,건조,맑음,교차로 - 교차로부근,승용,여,51세,상해없음,보행자,남,84세,중상
2015062500100370,2015년 6월 25일 16시,목요일,경상북도 문경시 호계면,경상사고,0,0,2,0,차대차 - 추돌 - 진행중,안전운전불이행,건조,맑음,단일로 - 기타,승용,여,51세,상해없음,원동기,남,73세,경상
2015062500100371,2015년 6월 25일 16시,목요일,경상북도 성주군 월항면,중상사고,0,1,0,0,차대사람 - 기타,안전운전불이행,건조,맑음,단일로 - 기타,승용,남,52세,상해없음,보행자,여,57세,중상
2015062500100412,2015년 6월 25일 17시,목요일,경상북도 경산시 남천면,경상사고,0,0,2,0,차대차 - 기타,안전운전불이행,습기,비,단일로 - 기타,승용,남,54세,경상,원동기,남,52세,경상
2015062500100413,2015년 6월 25일 17시,목요일,경상북도 구미시 산동면,중상사고,0,1,1,0,차대차 - 기타,직진우회전진행방해,습기,비,교차로 - 교차로안,승용,남,27세,상해없음,승합,남,43세,경상
2015062500100444,2015년 6월 25일 18시,목요일,경상북도 경주시 성동동,경상사고,0,0,1,0,차대사람 - 기타,안전운전불이행,습기,비,단일로 - 기타,화물,남,56세,상해없음,보행자,남,24세,경상
2015062500100445,2015년 6월 25일 18시,목요일,경상북도 포항시 북구 두호동,경상사고,0,0,2,0,차대차 - 기타,직진우회전진행방해,건조,흐림,교차로 - 교차로안,승용,남,63세,상해없음,승용,남,30세,경상
2015062500100446,2015년 6월 25일 18시,목요일,경상북도 구미시 신평동,경상사고,0,0,1,0,차대차 - 기타,안전운전불이행,건조,맑음,교차로 - 교차로부근,승용,남,39세,상해없음,승용,여,29세,경상
2015062500100495,2015년 6월 25일 19시,목요일,경상북도 경주시 양남면,중상사고,0,3,3,0,차대차 - 기타,신호위반,습기,흐림,교차로 - 교차로안,승용,남,29세,상해없음,승용,남,43세,경상
2015062500100496,2015년 6월 25일 19시,목요일,경상북도 안동시 송현동,경상사고,0,0,1,0,차대차 - 기타,차로위반,습기,흐림,교차로 - 교차로부근,승용,여,52세,상해없음,원동기,남,18세,경상
2015062500100497,2015년 6월 25일 19시,목요일,경상북도 경산시 진량읍,경상사고,0,0,2,0,차대차 - 기타,안전운전불이행,건조,맑음,단일로 - 기타,승용,남,18세,경상,화물,남,36세,경상
2015062500100541,2015년 6월 25일 20시,목요일,경상북도 상주시 서성동,중상사고,0,1,1,0,차대차 - 추돌 - 진행중,안전운전불이행,습기,비,단일로 - 기타,승용,남,19세,상해없음,승용,남,43세,중상
2015062500100542,2015년 6월 25일 20시,목요일,경상북도 칠곡군 왜관읍,중상사고,0,1,1,0,차대차 - 추돌 - 진행중,안전운전불이행,습기,비,교차로 - 교차로부근,승용,남,54세,상해없음,승용,남,46세,중상
2015062500100543,2015년 6월 25일 20시,목요일,경상북도 청송군 현동면,부상신고사고,0,0,0,1,차대사람 - 보도통행중,기타,건조,맑음,단일로 - 기타,화물,기타불명,기타불명,기타불명,보행자,여,23세,부상신고
2015062500100544,2015년 6월 25일 20시,목요일,경상북도 구미시 인의동,부상신고사고,0,0,0,1,차대사람 - 기타,안전운전불이행,습기,비,단일로 - 기타,원동기,남,41세,부상신고,보행자,여,66세,상해없음