사고번호,사고일시,요일,시군구,사고내용,사망자수,중상자수,경상자수,부상신고자수,사고유형,법규위반,노면상태,기상상태,도로형태,가해운전자 차종,가해운전자 성별,가해운전자 연령,가해운전자 상해정도,피해운전자 차종,피해운전자 성별,피해운전자 연령,피해운전자 상해정도
2015070400100030,2015년 7월 4일 00시,토요일,경상북도 성주군 성주읍,경상사고,0,0,1,0,차대차 - 추돌 - 진행중,안전운전불이행,건조,맑음,단일로 - 기타,승용,여,24세,상해없음,자전거,남,15세,경상
2015070400100060,2015년 7월 4일 01시,토요일,경상북도 예천군 예천읍,중상사고,0,1,0,0,차량단독 - 공작물충돌,안전운전불이행,건조,맑음,교차로 - 교차로부근,승용,남,52세,중상,,,,
2015070400100078,2015년 7월 4일 02시,토요일,경상북도 칠곡군 석적읍,부상신고사고,0,0,0,1,차량단독 - 기타,안전운전불이행,건조,맑음,교차로 - 교차로안,원동기,남,17세,부상신고,,,,
2015070400100167,2015년 7월 4일 07시,토요일,경상북도 영천시 금호읍,중상사고,0,2,7,0,차량단독 - 공작물충돌,교차로운행방법위반,건조,맑음,교차로 - 교차로안,승합,남,64세,상해없음,,,,
2015070400100168,2015년 7월 4일 07시,토요일,경상북도 구미시 황상동,경상사고,0,0,1,0,차대사람 - 기타,안전운전불이행,건조,맑음,단일로 - 기타,승용,여,41세,상해없음,보행자,여,43세,경상
2015070400100190,2015년 7월 4일 08시,토요일,경상북도 구미시 진평동,경상사고,0,0,1,0,차대사람 - 기타,안전운전불이행,건조,맑음,단일로 - 기타,승용,남,34세,상해없음,보행자,남,31세,경상
2015070400100191,2015년 7월 4일 08시,토요일,경상북도 포항시 남구 해도동,중상사고,0,1,0,0,차대차 - 기타,안전운전불이행,건조,맑음,단일로 - 기타,화물,남,25세,상해없음,자전거,남,65세,중상
2015070400100224,2015년 7월 4일 09시,토요일,경상북도 경산시 중방동,경상사고,0,0,1,0,차대차 - 기타,안전운전불이행,건조,맑음,단일로 - 기타,화물,남,47세,상해없음,자전거,남,64세,경상
2015070400100247,2015년 7월 4일 10시,토요일,경상북도 경산시 사동,경상사고,0,0,1,0,차대차 - 측면직각충돌,중앙선침범,건조,맑음,단일로 - 기타,승용,남,64세,상해없음,승용,남,27세,경상
2015070400100285,2015년 7월 4일 11시,토요일,경상북도 포항시 남구 연일읍,경상사고,0,0,1,0,차대차 - 기타,안전운전불이행,건조,맑음,단일로 - 기타,화물,남,60세,상해없음,승합,남,53세,상해없음
2015070400100337,2015년 7월 4일 13시,토요일,경상북도 포항시 북구 죽도동,경상사고,0,0,3,0,차대차 - 기타,차로위반,건조,맑음,단일로 - 기타,승용,남,37세,경상,승용,남,50세,경상
2015070400100338,2015년 7월 4일 13시,토요일,경상북도 상주시 모동면,경상사고,0,0,1,0,차대차 - 기타,중앙선침범,건조,맑음,단일로 - 기타,화물,남,42세,상해없음,자전거,여,63세,경상
2015070400100339,2015년 7월 4일 13시,토요일,경상북도 문경시 점촌동,경상사고,0,0,2,0,차대차 - 측면직각충돌,안전운전불이행,건조,맑음,교차로 - 교차로안,화물,남,46세,상해없음,승용,여,53세,경상
2015070400100404,2015년 7월 4일 15시,토요일,경상북도 안동시 금곡동,중상사고,0,1,1,0,차대차 - 기타,중앙선침범,건조,맑음,단일로 - 기타,승용,기타불명,48세,기타불명,승용,여,49세,중상
2015070400100405,2015년 7월 4일 15시,토요일,경상북도 영주시 봉현면,중상사고,0,1,2,0,차대차 - 측면직각충돌,안전운전불이행,건조,맑음,단일로 - 기타,승용,남,58세,중상,화물,남,37세,경상
2015070400100406,2015년 7월 4일 15시,토요일,경상북도 구미시 인의동,경상사고,0,0,1,0,차대차 - 기타,안전운전불이행,건조,맑음,기타 - 기타,기타불명,기타불명,기타불명,기타불명,자전거,남,14세,경상
2015070400100407,2015년 7월 4일 15시,토요일,경상북도 구미시 공단동,경상사고,0,0,1,0,차대차 - 기타,안전운전불이행,건조,맑음,단일로 - 기타,승합,남,55세,상해없음,승용,남,52세,상해없음
2015070400100453,2015년 7월 4일 16시,토요일,경상북도 김천시 남면,경상사고,0,0,4,0,차대차 - 측면직각충돌,직진우회전진행방해,건조,맑음,교차로 - 교차로안,승용,여,28세,상해없음,승용,남,41세,경상
2015070400100454,2015년 7월 4일 16시,토요일,경상북도 구미시 남통동,중상사고,0,1,0,0,차량단독 - 공작물충돌,안전운전불이행,건조,맑음,교차로 - 교차로부근,승용,남,28세,중상,,,,
2015070400100496,2015년 7월 4일 17시,토요일,경상북도 구미시 원평동,경상사고,0,0,1,0,차대차 - 기타,안전운전불이행,건조,맑음,교차로 - 교차로부근,승용,남,58세,기타불명,승용,남,61세,경상
2015070400100497,2015년 7월 4일 17시,토요일,경상북도 포항시 남구 오천읍,사망사고,1,0,0,0,차대사람 - 길가장자리구역통행중,안전운전불이행,건조,맑음,단일로 - 기타,승용,남,50세,상해없음,보행자,남,2세,사망
2015070400100564,2015년 7월 4일 19시,토요일,경상북도 상주시 화북면,경상사고,0,0,1,0,차량단독 - 전도전복,안전운전불이행,건조,맑음,단일로 - 기타,원동기,여,67세,경상,,,,
2015070400100565,2015년 7월 4일 19시,토요일,경상북도 울진군 죽변면,경상사고,0,0,1,0,차대사람 - 기타,안전운전불이행,건조,맑음,단일로 - 기타,승용,여,52세,상해없음,보행자,남,38세,경상
2015070400100591,2015년 7월 4일 20시,토요일,경상북도 경주시 구정동,중상사고,0,1,0,0,차대사람 - 길가장자리구역통행중,안전운전불이행,건조,맑음,교차로 - 교차로안,이륜,남,44세,상해없음,보행자,남,84세,중상
2015070400100621,2015년 7월 4일 21시,토요일,경상북도 안동시 태화동,경상사고,0,0,1,0,차대차 - 기타,안전운전불이행,건조,맑음,단일로 - 기타,승용,남,54세,상해없음,자전거,남,21세,경상
2015070400100622,2015년 7월 4일 21시,토요일,경상북도 안동시 옥동,경상사고,0,0,2,0,차대차 - 측면직각충돌,안전운전불이행,건조,맑음,단일로 - 횡단보도부근,승용,남,64세,경상,승용,남,21세,경상
2015070400100623,2015년 7월 4일 21시,토요일,경상북도 경산시 정평동,경상사고,0,0,1,0,차대차 - 기타,신호위반,습기,비,교차로 - 교차로안,화물,여,59세,상해없음,승용,남,64세,경상
2015070400100674,2015년 7월 4일 23시,토요일,경상북도 구미시 진평동,경상사고,0,0,1,0,차대차 - 기타,교차로운행방법위반,건조,맑음,교차로 - 교차로안,승용,남,55세,상해없음,자전거,남,24세,경상
2015070500100014,2015년 7월 5일 00시,일요일,경상북도 경주시 외동읍,중상사고,0,1,3,0,차대차 - 측면직각충돌,과속,건조,맑음,단일로 - 기타,승용,남,30세,경상,승용,여,39세,중상
2015070500100029,2015년 7월 5일 01시,일요일,경상북도 경주시 구황동,중상사고,0,2,3,0,차대차 - 기타,안전운전불이행,건조,맑음,기타 - 기타,승용,남,46세,상해없음,승용,남,27세,중상
2015070500100030,2015년 7월 5일 01시,일요일,경상북도 칠곡군 기산면,중상사고,0,1,0,0,차대사람 - 기타,안전운전불이행,건조,맑음,단일로 - 기타,승용,남,41세,상해없음,보행자,남,55세,중상
2015070500100082,2015년 7월 5일 06시,일요일,경상북도 구미시 옥계동,경상사고,0,0,1,0,차대차 - 기타,신호위반,건조,맑음,교차로 - 교차로안,승용,남,29세,상해없음,승용,남,51세,경상
2015070500100096,2015년 7월 5일 07시,일요일,경상북도 경주시 동천동,경상사고,0,0,1,1,차대차 - 기타,안전운전불이행,건조,맑음,교차로 - 교차로안,승용,남,62세,부상신고,승용,남,50세,경상
2015070500100110,2015년 7월 5일 08시,일요일,경상북도 칠곡군 약목면,중상사고,0,3,0,0,차대차 - 기타,안전거리미확보,건조,맑음,교차로 - 교차로부근,승용,남,18세,상해없음,화물,남,68세,중상
2015070500100111,2015년 7월 5일 08시,일요일,경상북도 칠곡군 동명면,경상사고,0,0,1,0,차대차 - 기타,기타,건조,맑음,기타 - 기타,화물,남,58세,상해없음,승용,여,38세,경상
2015070500100122,2015년 7월 5일 09시,일요일,경상북도 안동시 당북동,경상사고,0,0,1,0,차대사람 - 기타,안전운전불이행,건조,맑음,교차로 - 교차로안,자전거,남,74세,상해없음,보행자,여,87세,경상
2015070500100145,2015년 7월 5일 10시,일요일,경상북도 의성군 안계면,경상사고,0,0,2,0,차대차 - 측면직각충돌,안전운전불이행,건조,맑음,교차로 - 교차로부근,건설기계,남,41세,상해없음,승용,남,52세,경상
2015070500100167,2015년 7월 5일 11시,일요일,경상북도 안동시 임하면,중상사고,0,1,0,0,차량단독 - 공작물충돌,안전운전불이행,건조,맑음,단일로 - 기타,승용,남,52세,상해없음,,,,
2015070500100189,2015년 7월 5일 12시,일요일,경상북도 경산시 서상동,경상사고,0,0,1,0,차대차 - 기타,안전운전불이행,건조,맑음,교차로 - 교차로안,승용,남,22세,상해없음,승용,여,47세,경상
2015070500100190,2015년 7월 5일 12시,일요일,경상북도 청도군 이서면,부상신고사고,0,0,0,1,차대차 - 측면직각충돌,안전운전불이행,건조,맑음,단일로 - 기타,승용,남,43세,부상신고,화물,남,51세,상해없음
2015070500100191,2015년 7월 5일 12시,일요일,경상북도 고령군 쌍림면,중상사고,0,1,0,0,차대차 - 측면직각충돌,차로위반,건조,맑음,단일로 - 기타,승용,남,46세,상해없음,화물,여,58세,중상
2015070500100192,2015년 7월 5일 12시,일요일,경상북도 구미시 선산읍,중상사고,0,2,1,0,차대차 - 기타,안전운전불이행,건조,맑음,단일로 - 기타,기타불명,기타불명,기타불명,기타불명,승용,남,49세,중상
2015070500100230,2015년 7월 5일 13시,일요일,경상북도 포항시 북구 장성동,중상사고,0,1,0,0,차대차 - 기타,중앙선침범,건조,맑음,교차로 - 교차로안,승용,여,44세,상해없음,원동기,남,54세,중상
2015070500100231,2015년 7월 5일 13시,일요일,경상북도 영천시 북안면,경상사고,0,0,1,0,차량단독 - 공작물충돌,안전운전불이행,건조,맑음,단일로 - 기타,승용,여,48세,경상,,,,
2015070500100264,2015년 7월 5일 14시,일요일,경상북도 경주시 안강읍,경상사고,0,0,1,0,차대차 - 기타,안전운전불이행,건조,맑음,교차로 - 교차로안,승용,남,57세,상해없음,승용,남,38세,경상
2015070500100265,2015년 7월 5일 14시,일요일,경상북도 영주시 하망동,중상사고,0,1,1,0,차대차 - 측면직각충돌,안전운전불이행,건조,맑음,단일로 - 기타,원동기,남,67세,경상,승용,남,44세,상해없음
2015070500100266,2015년 7월 5일 14시,일요일,경상북도 봉화군 명호면,사망사고,1,0,0,0,차량단독 - 도로외이탈 - 기타,안전운전불이행,건조,맑음,단일로 - 기타,농기계,남,79세,사망,,,,
2015070500100290,2015년 7월 5일 15시,일요일,경상북도 포항시 북구 동빈2가,경상사고,0,0,1,0,차대차 - 추돌 - 주정차중,안전운전불이행,건조,맑음,단일로 - 기타,승용,남,31세,상해없음,승용,남,45세,경상
2015070500100291,2015년 7월 5일 15시,일요일,경상북도 안동시 정하동,중상사고,0,1,0,0,차대차 - 기타,신호위반,건조,맑음,교차로 - 교차로안,승용,남,48세,상해없음,자전거,여,15세,중상
2015070500100292,2015년 7월 5일 15시,일요일,경상북도 칠곡군 동명면,경상사고,0,0,1,0,차대차 - 기타,안전거리미확보,건조,맑음,단일로 - 기타,승용,남,54세,상해없음,승용,남,45세,경상
2015070500100293,2015년 7월 5일 15시,일요일,경상북도 영덕군 영덕읍,사망사고,1,0,0,0,차대차 - 측면직각충돌,안전운전불이행,건조,맑음,교차로 - 교차로안,승용,남,67세,상해없음,이륜,남,77세,사망
2015070500100328,2015년 7월 5일 16시,일요일,경상북도 칠곡군 북삼읍,중상사고,0,2,0,0,차대차 - 기타,안전운전불이행,건조,맑음,교차로 - 교차로부근,화물,남,70세,상해없음,승용,남,49세,중상
2015070500100329,2015년 7월 5일 16시,일요일,경상북도 예천군 예천읍,중상사고,0,2,0,0,차대사람 - 횡단중,안전운전불이행,건조,맑음,교차로 - 교차로안,승용,여,38세,상해없음,보행자,여,23세,중상
2015070500100330,2015년 7월 5일 16시,일요일,경상북도 고령군 다산면,중상사고,0,1,0,0,차대차 - 정면충돌,안전운전불이행,건조,맑음,기타 - 기타,자전거,남,9세,상해없음,자전거,여,58세,중상
2015070500100362,2015년 7월 5일 17시,일요일,경상북도 영천시 고경면,경상사고,0,0,2,0,차대차 - 추돌 - 진행중,안전운전불이행,건조,맑음,단일로 - 기타,승용,기타불명,기타불명,기타불명,승용,여,53세,경상
2015070500100363,2015년 7월 5일 17시,일요일,경상북도 문경시 마성면,경상사고,0,0,1,0,차대차 - 측면직각충돌,안전운전불이행,건조,맑음,단일로 - 기타,농기계,남,70세,상해없음,승용,여,60세,경상
2015070500100398,2015년 7월 5일 18시,일요일,경상북도 칠곡군 가산면,경상사고,0,0,1,0,차대차 - 측면직각충돌,안전운전불이행,건조,맑음,단일로 - 기타,화물,남,61세,상해없음,승용,남,34세,상해없음
2015070500100399,2015년 7월 5일 18시,일요일,경상북도 경산시 압량면,경상사고,0,0,4,0,차대차 - 기타,안전운전불이행,건조,맑음,교차로 - 교차로부근,승용,여,47세,상해없음,승용,남,30세,경상
2015070500100453,2015년 7월 5일 20시,일요일,경상북도 상주시 남성동,경상사고,0,0,1,1,차대차 - 측면직각충돌,직진우회전진행방해,습기,흐림,교차로 - 교차로안,이륜,남,46세,부상신고,이륜,남,41세,경상
2015070500100454,2015년 7월 5일 20시,일요일,경상북도 경산시 옥곡동,경상사고,0,0,1,0,차대사람 - 기타,안전운전불이행,건조,맑음,단일로 - 기타,기타불명,기타불명,기타불명,기타불명,보행자,남,59세,경상
2015070500100455,2015년 7월 5일 20시,일요일,경상북도 포항시 남구 송도동,경상사고,0,0,1,0,차대차 - 측면직각충돌,안전운전불이행,건조,맑음,단일로 - 기타,자전거,남,17세,경상,승용,남,50세,상해없음
2015070500100480,2015년 7월 5일 21시,일요일,경상북도 경주시 외동읍,중상사고,0,1,0,0,차대차 - 기타,안전운전불이행,건조,맑음,단일로 - 기타,승용,남,23세,상해없음,승용,남,28세,상해없음
2015070500100481,2015년 7월 5일 21시,일요일,경상북도 경산시 자인면,경상사고,0,0,5,0,차대차 - 기타,중앙선침범,건조,맑음,단일로 - 기타,승용,여,51세,상해없음,승합,남,56세,상해없음
2015070500100482,2015년 7월 5일 21시,일요일,경상북도 경산시 갑제동,중상사고,0,1,0,0,차대차 - 기타,중앙선침범,건조,맑음,단일로 - 기타,승용,남,22세,상해없음,이륜,남,31세,중상
2015070500100504,2015년 7월 5일 22시,일요일,경상북도 포항시 북구 장성동,경상사고,0,0,2,0,차대차 - 기타,교차로운행방법위반,건조,맑음,교차로 - 교차로안,승용,남,61세,상해없음,승용,여,31세,경상
2015070500100505,2015년 7월 5일 22시,일요일,경상북도 안동시 안기동,경상사고,0,0,1,0,차대차 - 기타,안전운전불이행,건조,맑음,단일로 - 기타,승용,남,52세,상해없음,승용,여,51세,경상
2015070500100506,2015년 7월 5일 22시,일요일,경상북도 문경시 마성면,경상사고,0,0,2,0,차대차 - 측면직각충돌,안전운전불이행,건조,맑음,단일로 - 기타,승용,남,33세,상해없음,승용,남,26세,경상
2015070500100507,2015년 7월 5일 22시,일요일,경상북도 포항시 남구 오천읍,경상사고,0,0,3,0,차대차 - 측면직각충돌,신호위반,건조,맑음,교차로 - 교차로안,승용,여,27세,경상,승용,남,29세,경상
2015070500100523,2015년 7월 5일 23시,일요일,경상북도 경산시 옥산동,경상사고,0,0,1,0,차대차 - 기타,안전운전불이행,건조,맑음,단일로 - 기타,승용,남,38세,상해없음,자전거,남,45세,경상
2015070500100524,2015년 7월 5일 23시,일요일,경상북도 포항시 남구 송내동,중상사고,0,1,0,0,차대차 - 측면직각충돌,교차로운행방법위반,건조,맑음,교차로 - 교차로안,승용,여,51세,상해없음,승용,여,48세,중상
2015070600100012,2015년 7월 6일 00시,월요일,경상북도 김천시 농소면,중상사고,0,1,0,0,차대차 - 측면직각충돌,안전운전불이행,건조,맑음,단일로 - 기타,승용,남,29세,상해없음,자전거,남,21세,중상
2015070600100013,2015년 7월 6일 00시,월요일,경상북도 칠곡군 왜관읍,경상사고,0,0,1,0,차대차 - 측면직각충돌,안전운전불이행,습기,비,단일로 - 기타,승용,남,25세,상해없음,승용,여,52세,경상
2015070600100022,2015년 7월 6일 01시,월요일,경상북도 경주시 서면,사망사고,1,0,1,0,차량단독 - 기타,안전운전불이행,건조,맑음,단일로 - 기타,원동기,남,28세,사망,,,,
2015070600100062,2015년 7월 6일 06시,월요일,경상북도 안동시 운흥동,사망사고,1,0,0,0,차대사람 - 기타,안전운전불이행,건조,맑음,단일로 - 기타,승용,여,63세,상해없음,보행자,여,64세,사망
2015070600100093,2015년 7월 6일 07시,월요일,경상북도 경주시 동방동,중상사고,0,1,0,0,차대차 - 측면직각충돌,신호위반,건조,맑음,교차로 - 교차로안,승용,남,33세,상해없음,승용,여,68세,중상
2015070600100094,2015년 7월 6일 07시,월요일,경상북도 김천시 지좌동,중상사고,0,1,0,0,차량단독 - 공작물충돌,안전운전불이행,건조,맑음,단일로 - 기타,승용,남,19세,중상,,,,
2015070600100095,2015년 7월 6일 07시,월요일,경상북도 영주시 영주동,중상사고,0,1,0,0,차대차 - 추돌 - 주정차중,안전운전불이행,습기,흐림,단일로 - 기타,화물,남,58세,상해없음,승용,남,81세,기타불명
2015070600100096,2015년 7월 6일 07시,월요일,경상북도 구미시 비산동,경상사고,0,0,1,0,차대차 - 기타,안전운전불이행,건조,맑음,교차로 - 교차로부근,승용,남,25세,상해없음,승용,남,34세,경상
2015070600100097,2015년 7월 6일 07시,월요일,경상북도 포항시 남구 오천읍,중상사고,0,1,0,0,차대차 - 기타,안전운전불이행,건조,맑음,교차로 - 교차로부근,승용,남,28세,상해없음,자전거,남,62세,중상
2015070600100144,2015년 7월 6일 08시,월요일,경상북도 경주시 현곡면,중상사고,0,1,1,0,차대차 - 기타,안전운전불이행,건조,맑음,단일로 - 기타,승용,여,41세,상해없음,승용,여,38세,중상
2015070600100145,2015년 7월 6일 08시,월요일,경상북도 경주시 황성동,중상사고,0,1,0,0,차대차 - 기타,중앙선침범,건조,맑음,단일로 - 기타,승용,남,45세,상해없음,승용,여,57세,중상
2015070600100146,2015년 7월 6일 08시,월요일,경상북도 안동시 금곡동,경상사고,0,0,1,0,차대차 - 기타,안전거리미확보,건조,맑음,단일로 - 기타,승용,남,38세,상해없음,승용,남,60세,경상
2015070600100147,2015년 7월 6일 08시,월요일,경상북도 상주시 신봉동,중상사고,0,1,0,0,차대사람 - 횡단중,보행자보호의무위반,건조,맑음,단일로 - 횡단보도상,화물,남,34세,상해없음,보행자,여,78세,중상
2015070600100148,2015년 7월 6일 08시,월요일,경상북도 경산시 하양읍,중상사고,0,1,0,0,차대사람 - 기타,안전운전불이행,건조,맑음,교차로 - 교차로부근,승용,남,50세,상해없음,보행자,여,69세,중상
2015070600100149,2015년 7월 6일 08시,월요일,경상북도 영덕군 창수면,경상사고,0,0,3,0,차대차 - 정면충돌,중앙선침범,건조,맑음,단일로 - 기타,승용,남,67세,경상,승용,남,63세,경상
2015070600100150,2015년 7월 6일 08시,월요일,경상북도 구미시 오태동,중상사고,0,1,0,0,차대차 - 기타,안전운전불이행,건조,맑음,교차로 - 교차로부근,화물,기타불명,기타불명,기타불명,승용,남,37세,중상
2015070600100151,2015년 7월 6일 08시,월요일,경상북도 구미시 고아읍,경상사고,0,0,1,0,차대차 - 기타,교차로운행방법위반,건조,맑음,교차로 - 교차로안,승용,남,59세,상해없음,승용,남,25세,경상
2015070600100152,2015년 7월 6일 08시,월요일,경상북도 포항시 남구 동해면,경상사고,0,0,2,0,차대차 - 기타,신호위반,건조,맑음,교차로 - 교차로안,승용,남,73세,상해없음,승합,남,52세,경상
2015070600100153,2015년 7월 6일 08시,월요일,경상북도 포항시 남구 오천읍,경상사고,0,0,1,0,차대차 - 기타,안전운전불이행,건조,맑음,단일로 - 기타,승용,남,50세,경상,승합,여,50세,상해없음
2015070600100227,2015년 7월 6일 10시,월요일,경상북도 경주시 동부동,중상사고,0,1,0,0,차대차 - 측면직각충돌,안전운전불이행,건조,맑음,교차로 - 교차로안,승용,여,25세,상해없음,이륜,남,40세,중상
2015070600100228,2015년 7월 6일 10시,월요일,경상북도 경주시 외동읍,중상사고,0,1,0,0,차대차 - 기타,중앙선침범,건조,맑음,단일로 - 기타,승용,남,31세,상해없음,승용,여,51세,중상
2015070600100273,2015년 7월 6일 12시,월요일,경상북도 경주시 노동동,중상사고,0,1,0,0,차대사람 - 기타,보행자보호의무위반,건조,맑음,단일로 - 기타,승용,여,40세,상해없음,보행자,여,73세,중상
2015070600100274,2015년 7월 6일 12시,월요일,경상북도 안동시 노하동,중상사고,0,1,0,0,차대차 - 기타,안전운전불이행,건조,맑음,단일로 - 기타,자전거,남,72세,중상,화물,남,64세,기타불명
2015070600100275,2015년 7월 6일 12시,월요일,경상북도 의성군 금성면,경상사고,0,0,1,0,차대차 - 측면직각충돌,직진우회전진행방해,건조,맑음,교차로 - 교차로안,이륜,남,82세,경상,승용,여,52세,상해없음
2015070600100305,2015년 7월 6일 13시,월요일,경상북도 경주시 안강읍,중상사고,0,1,0,0,차대차 - 측면직각충돌,안전운전불이행,건조,맑음,단일로 - 기타,자전거,여,68세,중상,승용,남,62세,상해없음
2015070600100306,2015년 7월 6일 13시,월요일,경상북도 영양군 입암면,중상사고,0,2,1,0,차대차 - 정면충돌,중앙선침범,건조,맑음,단일로 - 기타,승용,남,50세,중상,승용,남,49세,중상
2015070600100330,2015년 7월 6일 14시,월요일,경상북도 포항시 북구 우현동,경상사고,0,0,1,0,차대차 - 기타,교차로운행방법위반,건조,맑음,단일로 - 기타,승용,여,45세,상해없음,원동기,여,62세,경상
2015070600100331,2015년 7월 6일 14시,월요일,경상북도 상주시 이안면,부상신고사고,0,0,0,1,차대차 - 정면충돌,안전운전불이행,건조,맑음,단일로 - 교량,이륜,남,68세,부상신고,승용,남,73세,상해없음
2015070600100332,2015년 7월 6일 14시,월요일,경상북도 영천시 고경면,경상사고,0,0,1,0,차대차 - 측면직각충돌,안전운전불이행,건조,맑음,교차로 - 교차로안,화물,남,57세,상해없음,승용,여,61세,경상
2015070600100358,2015년 7월 6일 15시,월요일,경상북도 영주시 봉현면,중상사고,0,1,2,0,차대차 - 측면직각충돌,안전운전불이행,건조,맑음,교차로 - 교차로안,승용,남,71세,경상,화물,남,40세,중상
2015070600100359,2015년 7월 6일 15시,월요일,경상북도 경산시 진량읍,경상사고,0,0,1,0,차대차 - 기타,안전운전불이행,건조,맑음,교차로 - 교차로안,화물,남,51세,상해없음,자전거,남,17세,경상
2015070600100360,2015년 7월 6일 15시,월요일,경상북도 경산시 백천동,중상사고,0,1,0,0,차대차 - 기타,중앙선침범,건조,맑음,교차로 - 교차로안,자전거,여,70세,중상,승용,여,48세,상해없음
2015070600100397,2015년 7월 6일 16시,월요일,경상북도 경주시 양북면,중상사고,0,1,0,0,차대사람 - 기타,안전운전불이행,건조,맑음,단일로 - 기타,승용,남,67세,상해없음,보행자,여,56세,중상
2015070600100398,2015년 7월 6일 16시,월요일,경상북도 포항시 북구 신흥동,경상사고,0,0,1,0,차대차 - 기타,차로위반,건조,맑음,단일로 - 기타,승용,남,78세,상해없음,승용,여,58세,경상
2015070600100399,2015년 7월 6일 16시,월요일,경상북도 영천시 금노동,경상사고,0,0,4,0,차대차 - 측면직각충돌,안전운전불이행,건조,맑음,단일로 - 기타,승용,남,71세,상해없음,승용,여,32세,경상
2015070600100435,2015년 7월 6일 17시,월요일,경상북도 포항시 남구 일월동,중상사고,0,1,0,0,차대차 - 측면직각충돌,안전운전불이행,건조,맑음,단일로 - 기타,화물,남,42세,상해없음,자전거,남,45세,중상
2015070600100464,2015년 7월 6일 18시,월요일,경상북도 구미시 도량동,중상사고,0,1,1,0,차대차 - 기타,교차로운행방법위반,건조,맑음,교차로 - 교차로안,승용,남,44세,상해없음,승용,남,59세,경상
2015070600100465,2015년 7월 6일 18시,월요일,경상북도 구미시 선산읍,중상사고,0,1,0,0,차대차 - 측면직각충돌,안전운전불이행,건조,맑음,교차로 - 교차로안,승용,여,63세,상해없음,이륜,남,70세,중상
2015070600100466,2015년 7월 6일 18시,월요일,경상북도 포항시 남구 효자동,경상사고,0,0,1,0,차대차 - 측면직각충돌,차로위반,건조,맑음,단일로 - 기타,승용,남,71세,상해없음,승용,여,62세,경상
2015070600100491,2015년 7월 6일 19시,월요일,경상북도 포항시 남구 이동,경상사고,0,0,2,0,차대사람 - 기타,보행자보호의무위반,기타,맑음,교차로 - 교차로안,자전거,남,14세,경상,보행자,여,44세,경상
2015070600100517,2015년 7월 6일 20시,월요일,경상북도 포항시 북구 장성동,경상사고,0,0,1,0,차대사람 - 기타,안전운전불이행,건조,맑음,교차로 - 교차로안,승합,남,61세,상해없음,보행자,여,57세,경상
2015070600100518,2015년 7월 6일 20시,월요일,경상북도 상주시 신봉동,중상사고,0,1,0,0,차대차 - 기타,안전운전불이행,건조,맑음,교차로 - 교차로안,승용,남,35세,상해없음,승용,남,33세,중상
2015070600100520,2015년 7월 6일 20시,월요일,경상북도 군위군 효령면,경상사고,0,0,1,0,차대차 - 측면직각충돌,안전운전불이행,건조,맑음,교차로 - 교차로안,화물,남,68세,상해없음,승용,남,39세,상해없음
2015070600100550,2015년 7월 6일 21시,월요일,경상북도 경주시 동천동,경상사고,0,0,1,0,차대사람 - 기타,안전운전불이행,건조,맑음,단일로 - 기타,승용,남,55세,상해없음,보행자,남,40세,경상
2015070600100551,2015년 7월 6일 21시,월요일,경상북도 영주시 휴천동,경상사고,0,0,1,0,차대사람 - 보도통행중,보행자보호의무위반,건조,맑음,단일로 - 횡단보도상,화물,남,52세,상해없음,보행자,남,79세,경상
2015070600100575,2015년 7월 6일 22시,월요일,경상북도 경산시 사동,중상사고,0,1,0,0,차대차 - 기타,신호위반,건조,맑음,교차로 - 교차로안,승용,남,64세,상해없음,자전거,남,15세,중상
2015070600100576,2015년 7월 6일 22시,월요일,경상북도 경산시 자인면,경상사고,0,0,1,0,차대차 - 기타,안전운전불이행,건조,맑음,교차로 - 교차로안,자전거,여,48세,경상,승용,여,51세,기타불명
2015070600100577,2015년 7월 6일 22시,월요일,경상북도 포항시 남구 해도동,경상사고,0,0,2,0,차대차 - 정면충돌,중앙선침범,건조,맑음,교차로 - 교차로부근,승용,남,28세,상해없음,승용,남,34세,경상
2015070600100598,2015년 7월 6일 23시,월요일,경상북도 안동시 용상동,사망사고,1,1,0,0,차대차 - 기타,신호위반,건조,맑음,교차로 - 교차로안,이륜,남,17세,사망,승용,남,28세,중상
2015070600100599,2015년 7월 6일 23시,월요일,경상북도 포항시 남구 상도동,중상사고,0,1,1,0,차대사람 - 기타,안전운전불이행,건조,맑음,단일로 - 기타,화물,남,29세,상해없음,보행자,여,36세,경상
2015070700100018,2015년 7월 7일 00시,화요일,경상북도 경주시 외동읍,사망사고,1,0,0,0,차대차 - 측면직각충돌,안전운전불이행,건조,맑음,교차로 - 교차로안,화물,남,49세,상해없음,승용,남,33세,사망
2015070700100019,2015년 7월 7일 00시,화요일,경상북도 구미시 고아읍,중상사고,0,1,0,0,차대차 - 기타,안전운전불이행,건조,맑음,교차로 - 교차로부근,승용,남,27세,상해없음,승용,여,20세,중상
2015070700100108,2015년 7월 7일 07시,화요일,경상북도 안동시 금곡동,경상사고,0,0,1,0,차대차 - 기타,신호위반,건조,맑음,교차로 - 교차로안,승용,남,81세,상해없음,이륜,남,74세,경상
2015070700100171,2015년 7월 7일 09시,화요일,경상북도 경주시 노동동,중상사고,0,1,0,0,차대차 - 기타,안전운전불이행,건조,맑음,교차로 - 교차로부근,승용,남,50세,상해없음,승합,남,54세,상해없음
2015070700100172,2015년 7월 7일 09시,화요일,경상북도 청도군 화양읍,중상사고,0,7,2,4,차대차 - 측면직각충돌,중앙선침범,건조,맑음,단일로 - 기타,화물,남,29세,중상,승합,남,60세,중상