사고번호,사고일시,요일,시군구,사고내용,사망자수,중상자수,경상자수,부상신고자수,사고유형,법규위반,노면상태,기상상태,도로형태,가해운전자 차종,가해운전자 성별,가해운전자 연령,가해운전자 상해정도,피해운전자 차종,피해운전자 성별,피해운전자 연령,피해운전자 상해정도
2015071800100612,2015년 7월 18일 22시,토요일,경상북도 포항시 남구 대도동,경상사고,0,0,3,0,차대차 - 측면직각충돌,교차로운행방법위반,건조,맑음,교차로 - 교차로안,승용,남,68세,상해없음,승용,남,50세,경상
2015071900100060,2015년 7월 19일 03시,일요일,경상북도 경주시 사정동,경상사고,0,0,1,0,차대차 - 추돌 - 주정차중,안전운전불이행,건조,맑음,단일로 - 기타,승용,남,24세,경상,승용,남,39세,상해없음
2015071900100061,2015년 7월 19일 03시,일요일,경상북도 김천시 성내동,경상사고,0,0,2,0,차대차 - 측면직각충돌,신호위반,건조,맑음,교차로 - 교차로안,승용,남,20세,상해없음,승용,남,19세,경상
2015071900100062,2015년 7월 19일 03시,일요일,경상북도 구미시 송정동,중상사고,0,1,0,1,차대차 - 기타,중앙선침범,건조,맑음,교차로 - 교차로부근,승용,여,20세,상해없음,승용,남,47세,부상신고
2015071900100097,2015년 7월 19일 05시,일요일,경상북도 구미시 구평동,경상사고,0,0,1,1,차대차 - 기타,안전운전불이행,건조,맑음,기타 - 기타,승용,남,25세,상해없음,승용,남,39세,경상
2015071900100155,2015년 7월 19일 09시,일요일,경상북도 포항시 북구 장성동,중상사고,0,1,0,0,차대차 - 측면직각충돌,안전운전불이행,건조,맑음,교차로 - 교차로안,승용,남,63세,상해없음,자전거,남,49세,중상
2015071900100156,2015년 7월 19일 09시,일요일,경상북도 영천시 금노동,경상사고,0,0,1,0,차대차 - 측면직각충돌,신호위반,건조,맑음,교차로 - 교차로안,화물,남,30세,상해없음,승용,남,62세,경상
2015071900100197,2015년 7월 19일 11시,일요일,경상북도 군위군 효령면,부상신고사고,0,0,0,1,차대차 - 추돌 - 진행중,안전운전불이행,건조,맑음,단일로 - 횡단보도부근,승용,남,42세,상해없음,승용,남,37세,부상신고
2015071900100221,2015년 7월 19일 12시,일요일,경상북도 경주시 외동읍,경상사고,0,0,3,0,차대차 - 기타,안전운전불이행,건조,맑음,단일로 - 기타,승용,남,22세,경상,승용,남,59세,경상
2015071900100222,2015년 7월 19일 12시,일요일,경상북도 청도군 청도읍,중상사고,0,1,0,0,차대차 - 기타,중앙선침범,건조,맑음,단일로 - 기타,승용,여,31세,상해없음,원동기,여,72세,중상
2015071900100223,2015년 7월 19일 12시,일요일,경상북도 포항시 남구 연일읍,경상사고,0,0,1,0,차대차 - 측면직각충돌,안전운전불이행,건조,흐림,단일로 - 기타,자전거,남,30세,경상,승용,여,53세,상해없음
2015071900100247,2015년 7월 19일 13시,일요일,경상북도 포항시 북구 용흥동,경상사고,0,0,3,0,차대차 - 기타,중앙선침범,건조,맑음,단일로 - 기타,승용,남,68세,상해없음,승용,여,44세,경상
2015071900100248,2015년 7월 19일 13시,일요일,경상북도 의성군 의성읍,중상사고,0,1,0,0,차대사람 - 길가장자리구역통행중,안전운전불이행,건조,맑음,단일로 - 기타,승용,남,29세,상해없음,보행자,남,55세,중상
2015071900100249,2015년 7월 19일 13시,일요일,경상북도 경산시 진량읍,경상사고,0,0,1,0,차대차 - 기타,중앙선침범,건조,맑음,교차로 - 교차로안,이륜,남,54세,경상,승용,남,50세,상해없음
2015071900100250,2015년 7월 19일 13시,일요일,경상북도 포항시 남구 연일읍,중상사고,0,1,0,0,차대차 - 측면직각충돌,직진우회전진행방해,습기,비,교차로 - 교차로안,승용,여,41세,상해없음,이륜,여,49세,중상
2015071900100282,2015년 7월 19일 14시,일요일,경상북도 영주시 부석면,경상사고,0,0,2,0,차대차 - 추돌 - 진행중,안전운전불이행,건조,맑음,기타 - 기타,승용,남,23세,경상,승용,여,47세,경상
2015071900100283,2015년 7월 19일 14시,일요일,경상북도 영천시 북안면,경상사고,0,0,1,0,차대차 - 측면직각충돌,안전운전불이행,건조,흐림,단일로 - 기타,원동기,여,57세,경상,승합,남,51세,상해없음
2015071900100321,2015년 7월 19일 15시,일요일,경상북도 영천시 임고면,중상사고,0,1,3,0,차대차 - 추돌 - 진행중,안전운전불이행,건조,맑음,단일로 - 기타,이륜,남,45세,상해없음,승용,남,41세,경상
2015071900100322,2015년 7월 19일 15시,일요일,경상북도 청도군 화양읍,중상사고,0,1,0,0,차대차 - 측면직각충돌,직진우회전진행방해,건조,맑음,교차로 - 교차로안,승용,여,50세,상해없음,자전거,남,8세,중상
2015071900100358,2015년 7월 19일 16시,일요일,경상북도 포항시 북구 죽도동,경상사고,0,0,1,0,차대사람 - 기타,안전운전불이행,건조,맑음,단일로 - 기타,기타불명,남,71세,상해없음,보행자,남,58세,경상
2015071900100359,2015년 7월 19일 16시,일요일,경상북도 경산시 자인면,중상사고,0,1,0,0,차대차 - 기타,안전운전불이행,건조,맑음,단일로 - 기타,승용,여,52세,상해없음,승용,여,50세,상해없음
2015071900100360,2015년 7월 19일 16시,일요일,경상북도 구미시 봉곡동,중상사고,0,1,0,0,차대차 - 기타,안전운전불이행,건조,맑음,단일로 - 기타,이륜,남,21세,중상,승용,남,34세,상해없음
2015071900100392,2015년 7월 19일 17시,일요일,경상북도 경주시 성건동,경상사고,0,0,1,0,차대차 - 추돌 - 주정차중,안전운전불이행,건조,맑음,단일로 - 기타,승용,남,33세,상해없음,승용,여,42세,경상
2015071900100393,2015년 7월 19일 17시,일요일,경상북도 포항시 북구 환호동,경상사고,0,0,1,0,차대사람 - 기타,안전운전불이행,건조,맑음,교차로 - 교차로안,승용,여,58세,상해없음,보행자,여,29세,경상
2015071900100394,2015년 7월 19일 17시,일요일,경상북도 구미시 봉곡동,중상사고,0,1,3,0,차대차 - 기타,신호위반,건조,맑음,교차로 - 교차로안,승용,여,41세,상해없음,승용,여,21세,경상
2015071900100426,2015년 7월 19일 18시,일요일,경상북도 영주시 가흥동,중상사고,0,1,0,0,차대차 - 측면직각충돌,안전운전불이행,건조,맑음,교차로 - 교차로부근,이륜,남,18세,중상,화물,남,51세,상해없음
2015071900100427,2015년 7월 19일 18시,일요일,경상북도 칠곡군 약목면,중상사고,0,1,0,0,차대차 - 기타,교차로운행방법위반,건조,맑음,교차로 - 교차로안,승용,여,44세,상해없음,원동기,남,80세,중상
2015071900100428,2015년 7월 19일 18시,일요일,경상북도 구미시 선기동,경상사고,0,0,2,0,차대차 - 기타,안전운전불이행,건조,맑음,교차로 - 교차로부근,승용,남,57세,경상,승용,남,66세,상해없음
2015071900100478,2015년 7월 19일 20시,일요일,경상북도 안동시 법흥동,사망사고,1,0,0,0,차대사람 - 횡단중,안전운전불이행,건조,맑음,단일로 - 기타,승용,남,25세,상해없음,보행자,여,62세,사망
2015071900100479,2015년 7월 19일 20시,일요일,경상북도 구미시 임수동,경상사고,0,0,2,0,차대차 - 기타,중앙선침범,건조,맑음,교차로 - 교차로부근,화물,남,46세,상해없음,승합,남,57세,경상
2015071900100500,2015년 7월 19일 21시,일요일,경상북도 경주시 천북면,중상사고,0,1,0,0,차대차 - 기타,안전거리미확보,습기,흐림,단일로 - 기타,화물,여,60세,상해없음,승용,남,67세,상해없음
2015072000100026,2015년 7월 20일 01시,월요일,경상북도 칠곡군 왜관읍,사망사고,1,0,0,0,차대사람 - 기타,안전운전불이행,습기,흐림,단일로 - 기타,승용,남,23세,상해없음,보행자,남,47세,사망
2015072000100042,2015년 7월 20일 03시,월요일,경상북도 김천시 아포읍,경상사고,0,0,1,0,차대차 - 측면직각충돌,안전운전불이행,건조,맑음,단일로 - 터널,기타불명,기타불명,기타불명,기타불명,화물,남,53세,경상
2015072000100050,2015년 7월 20일 04시,월요일,경상북도 구미시 원평동,사망사고,1,0,0,0,차대차 - 기타,안전운전불이행,건조,기타,단일로 - 기타,승합,남,37세,기타불명,자전거,남,80세,사망
2015072000100085,2015년 7월 20일 07시,월요일,경상북도 군위군 군위읍,경상사고,0,0,3,0,차대차 - 측면직각충돌,중앙선침범,건조,맑음,교차로 - 교차로부근,화물,여,58세,경상,승용,여,47세,경상
2015072000100086,2015년 7월 20일 07시,월요일,경상북도 구미시 공단동,중상사고,0,1,0,0,차대차 - 기타,안전운전불이행,건조,맑음,교차로 - 교차로부근,이륜,남,37세,중상,승용,남,70세,상해없음
2015072000100087,2015년 7월 20일 07시,월요일,경상북도 포항시 남구 연일읍,중상사고,0,1,1,0,차대차 - 추돌 - 진행중,안전거리미확보,건조,맑음,단일로 - 기타,승용,남,33세,중상,승용,남,59세,상해없음
2015072000100128,2015년 7월 20일 08시,월요일,경상북도 칠곡군 동명면,경상사고,0,0,1,0,차대차 - 기타,안전거리미확보,건조,흐림,단일로 - 기타,화물,남,42세,상해없음,승용,남,28세,경상
2015072000100129,2015년 7월 20일 08시,월요일,경상북도 봉화군 석포면,경상사고,0,0,1,0,차대차 - 측면직각충돌,중앙선침범,습기,비,단일로 - 기타,승용,남,48세,상해없음,승용,남,39세,경상
2015072000100130,2015년 7월 20일 08시,월요일,경상북도 포항시 남구 효자동,경상사고,0,0,1,0,차대차 - 기타,안전운전불이행,건조,맑음,단일로 - 기타,기타불명,기타불명,기타불명,기타불명,자전거,남,15세,경상
2015072000100161,2015년 7월 20일 09시,월요일,경상북도 상주시 남성동,중상사고,0,1,0,0,차대사람 - 횡단중,안전운전불이행,건조,맑음,기타 - 기타,승용,남,37세,상해없음,보행자,여,56세,중상
2015072000100162,2015년 7월 20일 09시,월요일,경상북도 경산시 대동,경상사고,0,0,2,0,차대차 - 추돌 - 주정차중,안전운전불이행,건조,맑음,단일로 - 기타,승용,여,35세,상해없음,승용,남,40세,경상
2015072000100163,2015년 7월 20일 09시,월요일,경상북도 구미시 임은동,경상사고,0,0,1,0,차대차 - 기타,안전운전불이행,건조,맑음,교차로 - 교차로부근,승용,남,29세,상해없음,승용,남,66세,경상
2015072000100197,2015년 7월 20일 10시,월요일,경상북도 영주시 영주동,경상사고,0,0,1,0,차대차 - 기타,교차로운행방법위반,건조,맑음,교차로 - 교차로안,승용,여,65세,상해없음,승용,남,55세,상해없음
2015072000100198,2015년 7월 20일 10시,월요일,경상북도 성주군 용암면,사망사고,1,0,0,0,차량단독 - 공작물충돌,안전운전불이행,습기,흐림,단일로 - 기타,승용,여,52세,사망,,,,
2015072000100233,2015년 7월 20일 11시,월요일,경상북도 포항시 북구 장성동,경상사고,0,0,1,0,차대차 - 기타,직진우회전진행방해,습기,비,교차로 - 교차로안,승용,남,38세,상해없음,승용,남,29세,경상
2015072000100234,2015년 7월 20일 11시,월요일,경상북도 포항시 북구 용흥동,경상사고,0,0,2,0,차대차 - 측면직각충돌,안전운전불이행,건조,맑음,교차로 - 교차로부근,승용,남,68세,경상,승용,여,37세,상해없음
2015072000100235,2015년 7월 20일 11시,월요일,경상북도 구미시 고아읍,사망사고,1,0,0,0,차량단독 - 전도전복,안전운전불이행,건조,맑음,단일로 - 기타,자전거,여,80세,사망,,,,
2015072000100236,2015년 7월 20일 11시,월요일,경상북도 구미시 원평동,경상사고,0,0,1,0,차대차 - 기타,안전운전불이행,건조,맑음,기타 - 기타,승용,남,61세,기타불명,승용,여,40세,경상
2015072000100237,2015년 7월 20일 11시,월요일,경상북도 포항시 남구 괴동동,경상사고,0,0,6,0,차대차 - 측면직각충돌,안전운전불이행,습기,비,교차로 - 교차로안,승용,여,28세,경상,승합,남,33세,경상
2015072000100276,2015년 7월 20일 12시,월요일,경상북도 경주시 황성동,중상사고,0,1,0,0,차대차 - 기타,중앙선침범,건조,맑음,교차로 - 교차로부근,승용,여,50세,상해없음,원동기,남,56세,중상
2015072000100277,2015년 7월 20일 12시,월요일,경상북도 상주시 서문동,중상사고,0,1,0,0,차대사람 - 기타,중앙선침범,건조,맑음,교차로 - 교차로부근,승용,여,44세,상해없음,보행자,여,33세,중상
2015072000100278,2015년 7월 20일 12시,월요일,경상북도 영주시 영주동,경상사고,0,0,1,0,차대차 - 측면직각충돌,안전운전불이행,건조,맑음,교차로 - 교차로안,화물,남,44세,상해없음,화물,남,64세,경상
2015072000100306,2015년 7월 20일 13시,월요일,경상북도 의성군 안계면,경상사고,0,0,2,0,차대차 - 측면직각충돌,교차로운행방법위반,건조,맑음,교차로 - 교차로안,승용,여,53세,상해없음,화물,남,65세,경상
2015072000100307,2015년 7월 20일 13시,월요일,경상북도 칠곡군 왜관읍,중상사고,0,1,0,0,차대차 - 측면직각충돌,안전운전불이행,건조,맑음,단일로 - 기타,이륜,남,62세,중상,승용,여,46세,상해없음
2015072000100308,2015년 7월 20일 13시,월요일,경상북도 포항시 남구 오천읍,경상사고,0,0,3,0,차대차 - 기타,안전운전불이행,습기,비,교차로 - 교차로안,승용,남,63세,경상,승용,여,44세,경상
2015072000100387,2015년 7월 20일 15시,월요일,경상북도 경주시 내남면,중상사고,0,2,2,0,차대차 - 기타,안전운전불이행,습기,비,교차로 - 교차로안,승용,남,32세,상해없음,승용,여,43세,중상
2015072000100388,2015년 7월 20일 15시,월요일,경상북도 안동시 옥동,경상사고,0,0,1,0,차대차 - 기타,안전운전불이행,건조,맑음,기타 - 기타,승용,남,57세,상해없음,승용,여,48세,경상
2015072000100389,2015년 7월 20일 15시,월요일,경상북도 예천군 예천읍,중상사고,0,1,0,0,차대사람 - 횡단중,보행자보호의무위반,건조,맑음,교차로 - 교차로부근,승용,남,52세,상해없음,보행자,여,76세,중상
2015072000100390,2015년 7월 20일 15시,월요일,경상북도 청도군 청도읍,중상사고,0,1,0,0,차대사람 - 보도통행중,보행자보호의무위반,건조,맑음,단일로 - 횡단보도상,승용,남,74세,상해없음,보행자,여,76세,중상
2015072000100418,2015년 7월 20일 16시,월요일,경상북도 김천시 부곡동,중상사고,0,1,0,0,차대사람 - 차도통행중,안전운전불이행,건조,맑음,기타 - 기타,승용,여,25세,상해없음,보행자,남,13세,중상
2015072000100419,2015년 7월 20일 16시,월요일,경상북도 영천시 교촌동,중상사고,0,2,0,0,차대사람 - 보도통행중,안전운전불이행,건조,맑음,단일로 - 기타,이륜,남,72세,중상,보행자,여,26세,중상
2015072000100420,2015년 7월 20일 16시,월요일,경상북도 영덕군 달산면,경상사고,0,0,2,0,차대차 - 기타,안전거리미확보,습기,비,단일로 - 기타,승용,남,27세,상해없음,승용,남,43세,경상
2015072000100421,2015년 7월 20일 16시,월요일,경상북도 포항시 남구 장기면,중상사고,0,1,0,0,차대차 - 측면직각충돌,직진우회전진행방해,습기,비,교차로 - 교차로안,원동기,여,60세,중상,화물,여,62세,상해없음
2015072000100454,2015년 7월 20일 17시,월요일,경상북도 경주시 하동,중상사고,0,1,0,0,차량단독 - 전도전복,안전운전불이행,습기,비,단일로 - 기타,화물,남,52세,중상,,,,
2015072000100455,2015년 7월 20일 17시,월요일,경상북도 영천시 금노동,경상사고,0,0,1,0,차대차 - 측면직각충돌,안전운전불이행,건조,맑음,단일로 - 기타,화물,남,54세,상해없음,이륜,남,48세,경상
2015072000100456,2015년 7월 20일 17시,월요일,경상북도 문경시 문경읍,경상사고,0,0,1,0,차대차 - 기타,안전운전불이행,건조,맑음,교차로 - 교차로안,자전거,남,13세,경상,승용,남,56세,상해없음
2015072000100457,2015년 7월 20일 17시,월요일,경상북도 경산시 사동,경상사고,0,0,1,0,차대차 - 기타,교차로운행방법위반,건조,맑음,교차로 - 교차로안,승용,남,54세,상해없음,승용,여,34세,경상
2015072000100458,2015년 7월 20일 17시,월요일,경상북도 경산시 진량읍,중상사고,0,1,1,0,차대차 - 측면직각충돌,직진우회전진행방해,건조,맑음,교차로 - 교차로안,승용,여,45세,중상,화물,남,58세,경상
2015072000100459,2015년 7월 20일 17시,월요일,경상북도 포항시 남구 대잠동,경상사고,0,0,1,0,차대사람 - 횡단중,보행자보호의무위반,습기,비,교차로 - 교차로안,승용,여,28세,상해없음,보행자,여,18세,경상
2015072000100495,2015년 7월 20일 18시,월요일,경상북도 경주시 동천동,중상사고,0,1,1,0,차대차 - 기타,안전운전불이행,습기,비,교차로 - 교차로부근,승용,남,19세,상해없음,승용,남,60세,경상
2015072000100518,2015년 7월 20일 19시,월요일,경상북도 포항시 북구 장성동,중상사고,0,1,1,0,차대차 - 기타,신호위반,건조,맑음,교차로 - 교차로부근,승용,남,52세,상해없음,승합,남,55세,경상
2015072000100551,2015년 7월 20일 20시,월요일,경상북도 포항시 북구 덕산동,경상사고,0,0,4,0,차대차 - 측면직각충돌,신호위반,건조,맑음,교차로 - 교차로안,승용,남,45세,경상,승용,여,46세,경상
2015072000100587,2015년 7월 20일 21시,월요일,경상북도 칠곡군 석적읍,중상사고,0,1,0,1,차대차 - 기타,안전운전불이행,건조,맑음,단일로 - 기타,승용,여,39세,부상신고,승용,남,26세,중상
2015072000100588,2015년 7월 20일 21시,월요일,경상북도 경산시 압량면,경상사고,0,0,1,0,차대차 - 기타,안전운전불이행,건조,맑음,교차로 - 교차로부근,승용,남,23세,상해없음,승용,남,49세,경상
2015072000100589,2015년 7월 20일 21시,월요일,경상북도 구미시 공단동,중상사고,0,1,0,0,차대차 - 기타,안전운전불이행,건조,맑음,단일로 - 기타,승용,남,61세,중상,화물,남,47세,상해없음
2015072000100633,2015년 7월 20일 22시,월요일,경상북도 포항시 북구 장성동,중상사고,0,1,0,0,차대사람 - 기타,안전운전불이행,습기,비,단일로 - 기타,원동기,남,17세,상해없음,보행자,남,44세,중상
2015072000100634,2015년 7월 20일 22시,월요일,경상북도 영양군 영양읍,사망사고,1,1,0,0,차량단독 - 도로외이탈 - 추락,안전운전불이행,습기,비,단일로 - 기타,승용,남,58세,중상,,,,
2015072000100635,2015년 7월 20일 22시,월요일,경상북도 구미시 송정동,경상사고,0,0,2,0,차대차 - 기타,중앙선침범,습기,비,교차로 - 교차로안,승합,남,60세,상해없음,승용,여,25세,경상
2015072000100636,2015년 7월 20일 22시,월요일,경상북도 구미시 공단동,경상사고,0,0,1,0,차대차 - 기타,중앙선침범,습기,비,단일로 - 기타,화물,남,32세,상해없음,승용,남,42세,경상
2015072000100637,2015년 7월 20일 22시,월요일,경상북도 포항시 남구 오천읍,경상사고,0,0,1,1,차대차 - 측면직각충돌,신호위반,습기,비,교차로 - 교차로안,원동기,남,16세,경상,승용,남,55세,부상신고
2015072000100661,2015년 7월 20일 23시,월요일,경상북도 포항시 북구 동빈1가,경상사고,0,0,2,0,차대차 - 기타,안전운전불이행,습기,비,단일로 - 횡단보도부근,승용,남,71세,상해없음,승용,남,25세,경상
2015072000100662,2015년 7월 20일 23시,월요일,경상북도 칠곡군 약목면,부상신고사고,0,0,0,1,차대차 - 기타,안전운전불이행,건조,맑음,단일로 - 기타,승용,남,24세,부상신고,승용,남,48세,상해없음
2015072000100663,2015년 7월 20일 23시,월요일,경상북도 경산시 하양읍,중상사고,0,1,0,0,차대차 - 기타,과속,습기,비,교차로 - 교차로부근,승합,남,51세,중상,승용,여,43세,상해없음
2015072100100016,2015년 7월 21일 00시,화요일,경상북도 경주시 황성동,경상사고,0,0,2,0,차대차 - 측면직각충돌,신호위반,습기,비,교차로 - 교차로안,승용,남,29세,상해없음,승용,여,52세,경상
2015072100100034,2015년 7월 21일 01시,화요일,경상북도 영주시 가흥동,중상사고,0,3,0,0,차대차 - 측면직각충돌,안전운전불이행,습기,비,교차로 - 교차로안,승용,남,45세,중상,승합,남,50세,중상
2015072100100104,2015년 7월 21일 07시,화요일,경상북도 경산시 옥곡동,중상사고,0,1,0,0,차량단독 - 기타,안전운전불이행,습기,흐림,단일로 - 기타,승용,남,60세,중상,,,,
2015072100100133,2015년 7월 21일 08시,화요일,경상북도 포항시 북구 죽도동,경상사고,0,0,1,0,차대사람 - 기타,안전운전불이행,건조,맑음,단일로 - 기타,승합,남,45세,상해없음,보행자,여,57세,경상
2015072100100134,2015년 7월 21일 08시,화요일,경상북도 안동시 태화동,부상신고사고,0,0,0,1,차량단독 - 기타,안전운전불이행,건조,맑음,기타 - 기타,승용,남,30세,부상신고,,,,
2015072100100135,2015년 7월 21일 08시,화요일,경상북도 구미시 옥계동,경상사고,0,0,1,0,차대차 - 기타,안전운전불이행,건조,맑음,단일로 - 기타,승용,남,53세,상해없음,승용,남,35세,경상
2015072100100174,2015년 7월 21일 09시,화요일,경상북도 포항시 북구 청하면,경상사고,0,0,2,0,차대사람 - 기타,안전운전불이행,건조,맑음,단일로 - 기타,승용,남,67세,상해없음,보행자,남,52세,경상
2015072100100175,2015년 7월 21일 09시,화요일,경상북도 경산시 용성면,중상사고,0,1,0,0,차대차 - 기타,직진우회전진행방해,건조,맑음,교차로 - 교차로안,화물,남,47세,상해없음,이륜,남,76세,중상
2015072100100176,2015년 7월 21일 09시,화요일,경상북도 울진군 죽변면,경상사고,0,0,1,0,차대차 - 기타,안전거리미확보,건조,맑음,단일로 - 기타,화물,남,70세,상해없음,건설기계,남,61세,경상
2015072100100177,2015년 7월 21일 09시,화요일,경상북도 포항시 남구 대도동,경상사고,0,0,2,0,차대차 - 기타,직진우회전진행방해,건조,흐림,교차로 - 교차로안,승용,남,52세,상해없음,승용,남,60세,경상
2015072100100178,2015년 7월 21일 09시,화요일,경상북도 포항시 남구 오천읍,중상사고,0,1,4,0,차대차 - 추돌 - 주정차중,신호위반,건조,맑음,교차로 - 교차로부근,승용,남,23세,상해없음,승합,남,63세,상해없음
2015072100100215,2015년 7월 21일 10시,화요일,경상북도 영주시 풍기읍,중상사고,0,1,0,0,차대차 - 기타,안전운전불이행,건조,맑음,교차로 - 교차로안,승용,남,58세,상해없음,이륜,남,81세,중상
2015072100100216,2015년 7월 21일 10시,화요일,경상북도 경산시 자인면,중상사고,0,1,1,0,차대차 - 기타,중앙선침범,건조,맑음,교차로 - 교차로부근,화물,남,73세,상해없음,화물,남,29세,경상
2015072100100243,2015년 7월 21일 11시,화요일,경상북도 상주시 지천동,중상사고,0,5,0,0,차량단독 - 도로외이탈 - 추락,안전운전불이행,건조,맑음,단일로 - 기타,승용,여,22세,상해없음,,,,
2015072100100244,2015년 7월 21일 11시,화요일,경상북도 영주시 가흥동,중상사고,0,1,0,0,차대차 - 측면직각충돌,안전운전불이행,건조,흐림,교차로 - 교차로안,승용,남,74세,상해없음,자전거,남,55세,중상
2015072100100245,2015년 7월 21일 11시,화요일,경상북도 경산시 상방동,경상사고,0,0,1,0,차대차 - 기타,안전운전불이행,건조,맑음,교차로 - 교차로부근,화물,남,44세,상해없음,이륜,남,56세,경상
2015072100100246,2015년 7월 21일 11시,화요일,경상북도 고령군 다산면,중상사고,0,1,0,0,차대차 - 측면직각충돌,교차로운행방법위반,건조,맑음,교차로 - 교차로안,원동기,남,49세,중상,화물,남,45세,상해없음
2015072100100268,2015년 7월 21일 12시,화요일,경상북도 안동시 용상동,중상사고,0,1,0,0,차대차 - 측면직각충돌,안전운전불이행,건조,맑음,단일로 - 기타,화물,남,48세,상해없음,자전거,남,13세,중상
2015072100100269,2015년 7월 21일 12시,화요일,경상북도 의성군 단밀면,중상사고,0,1,0,0,차대차 - 측면직각충돌,중앙선침범,건조,맑음,단일로 - 기타,이륜,남,79세,중상,승합,남,48세,상해없음
2015072100100270,2015년 7월 21일 12시,화요일,경상북도 경산시 옥산동,중상사고,0,1,0,0,차대차 - 기타,안전운전불이행,건조,맑음,단일로 - 기타,승용,남,60세,상해없음,자전거,남,56세,중상
2015072100100271,2015년 7월 21일 12시,화요일,경상북도 포항시 남구 대도동,경상사고,0,0,1,0,차대차 - 측면직각충돌,안전운전불이행,건조,맑음,단일로 - 기타,승용,남,43세,상해없음,자전거,남,68세,경상
2015072100100352,2015년 7월 21일 15시,화요일,경상북도 칠곡군 왜관읍,부상신고사고,0,0,0,1,차대사람 - 보도통행중,안전운전불이행,건조,맑음,단일로 - 기타,화물,남,47세,상해없음,보행자,남,54세,부상신고
2015072100100353,2015년 7월 21일 15시,화요일,경상북도 경산시 진량읍,중상사고,0,1,0,0,차대차 - 추돌 - 주정차중,안전운전불이행,건조,맑음,교차로 - 교차로부근,승용,남,53세,상해없음,승용,여,44세,중상
2015072100100388,2015년 7월 21일 16시,화요일,경상북도 영천시 조교동,부상신고사고,0,0,0,1,차대차 - 측면직각충돌,안전운전불이행,습기,흐림,단일로 - 기타,승용,여,54세,상해없음,자전거,남,51세,부상신고
2015072100100418,2015년 7월 21일 17시,화요일,경상북도 상주시 공검면,경상사고,0,0,1,0,차대차 - 측면직각충돌,안전운전불이행,건조,맑음,기타 - 기타,특수,남,48세,상해없음,승용,여,50세,경상
2015072100100419,2015년 7월 21일 17시,화요일,경상북도 경산시 중방동,중상사고,0,1,0,0,차대차 - 기타,안전운전불이행,건조,맑음,교차로 - 교차로안,승용,남,67세,상해없음,승용,남,37세,중상
2015072100100463,2015년 7월 21일 18시,화요일,경상북도 경주시 배반동,경상사고,0,0,2,0,차대차 - 추돌 - 주정차중,안전운전불이행,건조,맑음,단일로 - 기타,승용,남,55세,상해없음,승용,남,41세,경상
2015072100100464,2015년 7월 21일 18시,화요일,경상북도 경산시 하양읍,경상사고,0,0,2,0,차대차 - 기타,안전운전불이행,습기,비,단일로 - 기타,승용,여,42세,상해없음,승용,남,33세,경상
2015072100100465,2015년 7월 21일 18시,화요일,경상북도 구미시 공단동,경상사고,0,0,1,0,차대차 - 기타,안전운전불이행,건조,맑음,단일로 - 기타,화물,남,35세,상해없음,승용,여,44세,경상
2015072100100491,2015년 7월 21일 19시,화요일,경상북도 구미시 선기동,중상사고,0,1,0,0,차대차 - 기타,중앙선침범,건조,맑음,단일로 - 기타,승용,여,59세,상해없음,이륜,남,62세,중상
2015072100100520,2015년 7월 21일 20시,화요일,경상북도 김천시 삼락동,경상사고,0,0,1,0,차대차 - 측면직각충돌,안전운전불이행,건조,맑음,교차로 - 교차로안,이륜,남,62세,경상,승용,여,40세,상해없음
2015072100100521,2015년 7월 21일 20시,화요일,경상북도 영천시 신령면,사망사고,1,0,0,0,차대사람 - 횡단중,안전운전불이행,건조,흐림,단일로 - 기타,화물,남,44세,상해없음,보행자,남,79세,사망
2015072100100522,2015년 7월 21일 20시,화요일,경상북도 고령군 성산면,사망사고,1,0,0,0,차대차 - 추돌 - 진행중,안전운전불이행,건조,맑음,단일로 - 교량,승용,남,64세,상해없음,자전거,남,73세,사망
2015072100100557,2015년 7월 21일 21시,화요일,경상북도 경주시 인왕동,중상사고,0,2,0,0,철길건널목 - 경보기무시,기타,건조,맑음,단일로 - 철길건널목,승용,남,51세,중상,기타불명,남,38세,상해없음
2015072100100587,2015년 7월 21일 22시,화요일,경상북도 경주시 동천동,경상사고,0,0,1,0,차대차 - 기타,안전운전불이행,건조,맑음,교차로 - 교차로안,승용,남,31세,상해없음,승용,남,26세,경상
2015072100100588,2015년 7월 21일 22시,화요일,경상북도 경산시 중방동,중상사고,0,1,0,0,차대차 - 기타,안전운전불이행,건조,맑음,교차로 - 교차로안,승용,남,58세,상해없음,이륜,남,24세,중상
2015072100100589,2015년 7월 21일 22시,화요일,경상북도 포항시 남구 대도동,중상사고,0,1,0,0,차대차 - 측면직각충돌,안전운전불이행,건조,맑음,단일로 - 기타,승용,남,47세,상해없음,자전거,여,53세,중상
2015072200100013,2015년 7월 22일 00시,수요일,경상북도 경주시 광명동,중상사고,0,1,0,0,차대차 - 기타,안전운전불이행,건조,맑음,단일로 - 기타,승용,여,23세,상해없음,승용,남,35세,중상
2015072200100031,2015년 7월 22일 01시,수요일,경상북도 상주시 낙동면,경상사고,0,0,1,0,차대차 - 기타,안전거리미확보,건조,맑음,기타 - 기타,화물,남,52세,상해없음,화물,여,53세,경상
2015072200100046,2015년 7월 22일 02시,수요일,경상북도 구미시 공단동,부상신고사고,0,0,0,1,차량단독 - 기타,안전운전불이행,건조,맑음,단일로 - 기타,이륜,남,47세,부상신고,,,,