사고번호,사고일시,요일,시군구,사고내용,사망자수,중상자수,경상자수,부상신고자수,사고유형,법규위반,노면상태,기상상태,도로형태,가해운전자 차종,가해운전자 성별,가해운전자 연령,가해운전자 상해정도,피해운전자 차종,피해운전자 성별,피해운전자 연령,피해운전자 상해정도
2015072200100058,2015년 7월 22일 03시,수요일,경상북도 칠곡군 약목면,부상신고사고,0,0,0,1,차량단독 - 공작물충돌,안전운전불이행,건조,흐림,단일로 - 기타,승용,남,19세,부상신고,,,,
2015072200100059,2015년 7월 22일 03시,수요일,경상북도 구미시 고아읍,경상사고,0,0,1,0,차대차 - 기타,안전운전불이행,건조,맑음,단일로 - 기타,승용,남,23세,경상,화물,남,38세,상해없음
2015072200100119,2015년 7월 22일 07시,수요일,경상북도 포항시 북구 흥해읍,경상사고,0,0,1,0,차대차 - 기타,안전운전불이행,건조,맑음,단일로 - 기타,승용,남,25세,상해없음,승용,남,65세,경상
2015072200100120,2015년 7월 22일 07시,수요일,경상북도 김천시 신음동,중상사고,0,1,0,0,차대차 - 측면직각충돌,안전운전불이행,건조,맑음,단일로 - 기타,화물,남,51세,상해없음,자전거,남,46세,중상
2015072200100121,2015년 7월 22일 07시,수요일,경상북도 칠곡군 가산면,중상사고,0,1,0,0,차대차 - 기타,신호위반,건조,맑음,교차로 - 교차로안,건설기계,남,52세,상해없음,화물,남,35세,중상
2015072200100122,2015년 7월 22일 07시,수요일,경상북도 경산시 평산동,경상사고,0,0,1,0,차대차 - 기타,안전운전불이행,건조,맑음,단일로 - 기타,자전거,남,38세,경상,화물,남,64세,상해없음
2015072200100123,2015년 7월 22일 07시,수요일,경상북도 예천군 예천읍,중상사고,0,1,0,0,차대사람 - 횡단중,신호위반,건조,맑음,교차로 - 교차로부근,승합,남,47세,상해없음,보행자,남,78세,중상
2015072200100124,2015년 7월 22일 07시,수요일,경상북도 구미시 진평동,중상사고,0,1,0,0,차대차 - 기타,신호위반,건조,맑음,교차로 - 교차로안,자전거,여,63세,중상,승용,남,41세,상해없음
2015072200100125,2015년 7월 22일 07시,수요일,경상북도 포항시 남구 송내동,중상사고,0,1,0,0,차대사람 - 기타,안전운전불이행,건조,맑음,교차로 - 교차로안,승용,남,52세,상해없음,보행자,남,43세,중상
2015072200100188,2015년 7월 22일 09시,수요일,경상북도 경주시 외동읍,중상사고,0,1,2,0,차대차 - 기타,안전운전불이행,건조,맑음,교차로 - 교차로안,승용,남,72세,중상,화물,남,42세,경상
2015072200100189,2015년 7월 22일 09시,수요일,경상북도 상주시 무양동,경상사고,0,0,1,0,차대차 - 측면직각충돌,교차로운행방법위반,건조,맑음,교차로 - 교차로안,화물,남,60세,상해없음,승용,남,28세,경상
2015072200100190,2015년 7월 22일 09시,수요일,경상북도 구미시 고아읍,부상신고사고,0,0,0,1,차대차 - 정면충돌,안전운전불이행,건조,맑음,교차로 - 교차로부근,자전거,여,60세,부상신고,승용,남,29세,상해없음
2015072200100216,2015년 7월 22일 10시,수요일,경상북도 경주시 건천읍,경상사고,0,0,1,0,차대차 - 기타,안전운전불이행,건조,맑음,교차로 - 교차로안,화물,남,21세,상해없음,승용,남,47세,경상
2015072200100217,2015년 7월 22일 10시,수요일,경상북도 포항시 북구 학산동,경상사고,0,0,1,0,차대차 - 기타,안전운전불이행,건조,맑음,교차로 - 교차로안,자전거,남,55세,경상,승용,여,25세,상해없음
2015072200100218,2015년 7월 22일 10시,수요일,경상북도 포항시 북구 장성동,경상사고,0,0,1,0,차대차 - 기타,교차로운행방법위반,건조,맑음,교차로 - 교차로안,화물,남,47세,상해없음,원동기,남,52세,경상
2015072200100219,2015년 7월 22일 10시,수요일,경상북도 영주시 풍기읍,경상사고,0,0,1,0,차대차 - 기타,안전운전불이행,건조,맑음,단일로 - 기타,승용,남,83세,상해없음,자전거,여,21세,경상
2015072200100220,2015년 7월 22일 10시,수요일,경상북도 경산시 진량읍,중상사고,0,1,0,0,차대사람 - 횡단중,안전운전불이행,건조,맑음,단일로 - 기타,화물,남,49세,상해없음,보행자,여,53세,중상
2015072200100221,2015년 7월 22일 10시,수요일,경상북도 구미시 원평동,중상사고,0,1,0,0,차대차 - 기타,신호위반,건조,맑음,교차로 - 교차로안,승용,여,40세,상해없음,자전거,남,84세,중상
2015072200100255,2015년 7월 22일 11시,수요일,경상북도 구미시 고아읍,중상사고,0,1,0,0,차대차 - 기타,안전운전불이행,건조,맑음,단일로 - 기타,승용,남,43세,상해없음,농기계,남,56세,상해없음
2015072200100256,2015년 7월 22일 11시,수요일,경상북도 포항시 남구 해도동,경상사고,0,0,1,0,차대사람 - 기타,안전운전불이행,건조,맑음,단일로 - 기타,승용,남,45세,상해없음,보행자,여,46세,경상
2015072200100257,2015년 7월 22일 11시,수요일,경상북도 포항시 남구 오천읍,경상사고,0,0,1,0,차대차 - 기타,직진우회전진행방해,건조,맑음,교차로 - 교차로안,승용,남,24세,상해없음,승용,여,27세,경상
2015072200100287,2015년 7월 22일 12시,수요일,경상북도 경주시 천북면,경상사고,0,0,2,0,차대차 - 기타,안전운전불이행,건조,맑음,단일로 - 기타,승합,남,58세,상해없음,승용,남,31세,경상
2015072200100288,2015년 7월 22일 12시,수요일,경상북도 김천시 대항면,중상사고,0,1,2,0,차대차 - 측면직각충돌,중앙선침범,건조,맑음,단일로 - 기타,승용,남,58세,경상,승용,여,58세,상해없음
2015072200100289,2015년 7월 22일 12시,수요일,경상북도 문경시 문경읍,경상사고,0,0,1,0,차대차 - 측면직각충돌,기타,건조,맑음,교차로 - 교차로부근,이륜,남,76세,경상,승용,여,34세,기타불명
2015072200100322,2015년 7월 22일 13시,수요일,경상북도 구미시 도개면,중상사고,0,2,0,1,차대차 - 기타,안전운전불이행,건조,맑음,단일로 - 기타,화물,남,57세,부상신고,화물,남,64세,중상
2015072200100323,2015년 7월 22일 13시,수요일,경상북도 구미시 해평면,중상사고,0,1,0,0,차대차 - 기타,안전운전불이행,건조,맑음,단일로 - 기타,승용,남,39세,상해없음,원동기,남,75세,중상
2015072200100366,2015년 7월 22일 14시,수요일,경상북도 의성군 의성읍,경상사고,0,0,1,0,차대사람 - 길가장자리구역통행중,안전운전불이행,건조,맑음,교차로 - 교차로안,승용,남,70세,상해없음,보행자,남,43세,경상
2015072200100367,2015년 7월 22일 14시,수요일,경상북도 성주군 성주읍,중상사고,0,1,2,0,차대차 - 기타,직진우회전진행방해,건조,맑음,교차로 - 교차로안,승용,남,63세,경상,승용,여,51세,경상
2015072200100368,2015년 7월 22일 14시,수요일,경상북도 성주군 용암면,경상사고,0,0,2,0,차대차 - 기타,과속,건조,맑음,기타 - 기타,화물,남,43세,상해없음,화물,남,67세,경상
2015072200100409,2015년 7월 22일 15시,수요일,경상북도 칠곡군 약목면,중상사고,0,2,0,0,차대차 - 기타,중앙선침범,건조,맑음,단일로 - 기타,승용,여,70세,상해없음,승용,여,40세,중상
2015072200100410,2015년 7월 22일 15시,수요일,경상북도 칠곡군 지천면,경상사고,0,0,1,0,차대차 - 기타,교차로운행방법위반,건조,맑음,교차로 - 교차로안,승용,남,52세,상해없음,화물,남,68세,경상
2015072200100411,2015년 7월 22일 15시,수요일,경상북도 예천군 유천면,중상사고,0,1,0,0,차량단독 - 기타,안전운전불이행,건조,맑음,단일로 - 기타,승합,남,55세,상해없음,,,,
2015072200100412,2015년 7월 22일 15시,수요일,경상북도 포항시 남구 송내동,중상사고,0,1,0,0,차대차 - 기타,교차로운행방법위반,건조,맑음,교차로 - 교차로안,화물,남,52세,상해없음,승용,남,54세,중상
2015072200100443,2015년 7월 22일 16시,수요일,경상북도 경주시 황남동,중상사고,0,1,0,0,차대사람 - 기타,안전운전불이행,건조,맑음,단일로 - 기타,승용,남,66세,상해없음,보행자,여,6세,중상
2015072200100444,2015년 7월 22일 16시,수요일,경상북도 경산시 중방동,경상사고,0,0,1,0,차대차 - 기타,교차로운행방법위반,건조,맑음,교차로 - 교차로안,승용,남,27세,상해없음,화물,남,30세,경상
2015072200100445,2015년 7월 22일 16시,수요일,경상북도 성주군 월항면,사망사고,1,1,0,0,차대차 - 측면직각충돌,신호위반,건조,맑음,교차로 - 교차로안,승용,여,44세,상해없음,승용,남,61세,중상
2015072200100446,2015년 7월 22일 16시,수요일,경상북도 울릉군 울릉읍,경상사고,0,0,1,0,차대사람 - 기타,안전운전불이행,건조,맑음,단일로 - 기타,승용,여,31세,상해없음,보행자,여,58세,경상
2015072200100484,2015년 7월 22일 17시,수요일,경상북도 경주시 시래동,부상신고사고,0,0,0,1,차량단독 - 공작물충돌,안전운전불이행,건조,맑음,단일로 - 교량,승합,남,41세,부상신고,,,,
2015072200100485,2015년 7월 22일 17시,수요일,경상북도 구미시 상모동,경상사고,0,0,1,1,차대차 - 기타,신호위반,건조,맑음,교차로 - 교차로안,화물,남,52세,부상신고,승용,남,54세,경상
2015072200100536,2015년 7월 22일 18시,수요일,경상북도 안동시 풍천면,경상사고,0,0,4,0,차대차 - 기타,안전운전불이행,건조,맑음,단일로 - 기타,원동기,남,32세,경상,승용,남,35세,경상
2015072200100537,2015년 7월 22일 18시,수요일,경상북도 구미시 구평동,중상사고,0,1,0,0,차대차 - 기타,안전운전불이행,건조,맑음,단일로 - 기타,승용,여,46세,상해없음,원동기,남,32세,중상
2015072200100538,2015년 7월 22일 18시,수요일,경상북도 구미시 진평동,중상사고,0,1,0,0,차대사람 - 기타,안전운전불이행,건조,맑음,단일로 - 기타,승용,남,33세,상해없음,보행자,여,4세,중상
2015072200100605,2015년 7월 22일 20시,수요일,경상북도 경산시 옥곡동,중상사고,0,1,0,0,차대사람 - 기타,보행자보호의무위반,건조,맑음,단일로 - 기타,승용,여,49세,상해없음,보행자,여,15세,중상
2015072200100635,2015년 7월 22일 21시,수요일,경상북도 경산시 와촌면,중상사고,0,1,3,0,차대차 - 기타,안전운전불이행,건조,맑음,단일로 - 기타,승용,남,36세,상해없음,이륜,남,23세,경상
2015072200100636,2015년 7월 22일 21시,수요일,경상북도 구미시 구평동,경상사고,0,0,7,0,차대차 - 기타,안전운전불이행,건조,기타,단일로 - 기타,승용,남,29세,상해없음,승용,남,37세,경상
2015072200100670,2015년 7월 22일 22시,수요일,경상북도 포항시 남구 해도동,경상사고,0,0,2,0,차대사람 - 횡단중,안전운전불이행,건조,흐림,단일로 - 기타,이륜,남,55세,경상,보행자,여,23세,경상
2015072200100703,2015년 7월 22일 23시,수요일,경상북도 영주시 가흥동,경상사고,0,0,1,0,차대사람 - 횡단중,안전운전불이행,건조,맑음,단일로 - 기타,승용,여,52세,상해없음,보행자,남,58세,경상
2015072200100704,2015년 7월 22일 23시,수요일,경상북도 포항시 남구 해도동,중상사고,0,1,0,0,차대차 - 측면직각충돌,안전운전불이행,건조,맑음,교차로 - 교차로안,자전거,남,21세,중상,승용,남,60세,상해없음
2015072300100030,2015년 7월 23일 01시,목요일,경상북도 경주시 강동면,경상사고,0,0,1,0,차대차 - 기타,안전운전불이행,건조,맑음,단일로 - 기타,승용,남,24세,상해없음,승용,남,36세,경상
2015072300100031,2015년 7월 23일 01시,목요일,경상북도 포항시 남구 효자동,경상사고,0,0,3,0,차대차 - 추돌 - 진행중,안전운전불이행,건조,맑음,교차로 - 교차로부근,승용,남,44세,상해없음,승용,남,38세,경상
2015072300100032,2015년 7월 23일 01시,목요일,경상북도 포항시 남구 상도동,경상사고,0,0,1,0,차대차 - 기타,직진우회전진행방해,건조,맑음,교차로 - 교차로안,승용,남,64세,경상,화물,남,56세,상해없음
2015072300100043,2015년 7월 23일 02시,목요일,경상북도 구미시 고아읍,경상사고,0,0,1,0,차량단독 - 전도전복,안전운전불이행,건조,맑음,단일로 - 기타,원동기,남,19세,경상,,,,
2015072300100052,2015년 7월 23일 03시,목요일,경상북도 의성군 점곡면,중상사고,0,1,0,0,차량단독 - 공작물충돌,안전운전불이행,건조,맑음,단일로 - 기타,승용,남,24세,중상,,,,
2015072300100066,2015년 7월 23일 05시,목요일,경상북도 의성군 옥산면,중상사고,0,1,0,0,차량단독 - 공작물충돌,안전운전불이행,건조,맑음,단일로 - 기타,승용,남,84세,중상,,,,
2015072300100074,2015년 7월 23일 06시,목요일,경상북도 경주시 동천동,경상사고,0,0,1,0,차대차 - 기타,신호위반,건조,흐림,교차로 - 교차로안,화물,남,48세,상해없음,승용,남,33세,경상
2015072300100075,2015년 7월 23일 06시,목요일,경상북도 김천시 개령면,경상사고,0,0,2,0,차대차 - 측면직각충돌,중앙선침범,건조,맑음,단일로 - 기타,이륜,남,18세,경상,승용,남,53세,상해없음
2015072300100091,2015년 7월 23일 07시,목요일,경상북도 안동시 정상동,사망사고,1,0,0,0,차량단독 - 공작물충돌,안전운전불이행,건조,맑음,단일로 - 기타,승용,남,42세,사망,,,,
2015072300100092,2015년 7월 23일 07시,목요일,경상북도 안동시 임동면,중상사고,0,1,0,0,차대차 - 기타,직진우회전진행방해,건조,맑음,교차로 - 교차로안,승용,남,29세,상해없음,화물,남,33세,중상
2015072300100093,2015년 7월 23일 07시,목요일,경상북도 구미시 산동면,경상사고,0,0,1,0,차대사람 - 기타,안전운전불이행,건조,맑음,기타 - 기타,승용,남,31세,상해없음,보행자,남,46세,경상
2015072300100094,2015년 7월 23일 07시,목요일,경상북도 포항시 남구 대송면,중상사고,0,1,0,0,차대차 - 기타,안전운전불이행,건조,맑음,단일로 - 기타,자전거,남,56세,중상,승합,남,57세,상해없음
2015072300100130,2015년 7월 23일 08시,목요일,경상북도 안동시 임동면,중상사고,0,1,1,0,차대차 - 기타,안전거리미확보,건조,맑음,단일로 - 교량,승용,남,45세,상해없음,승용,남,52세,상해없음
2015072300100131,2015년 7월 23일 08시,목요일,경상북도 포항시 남구 상도동,중상사고,0,1,0,0,차대사람 - 기타,안전운전불이행,건조,맑음,교차로 - 교차로안,승용,여,40세,상해없음,보행자,남,70세,중상
2015072300100163,2015년 7월 23일 09시,목요일,경상북도 김천시 부곡동,중상사고,0,1,0,0,차대사람 - 횡단중,안전운전불이행,건조,맑음,단일로 - 기타,승용,남,37세,상해없음,보행자,남,6세,중상
2015072300100194,2015년 7월 23일 10시,목요일,경상북도 포항시 북구 두호동,부상신고사고,0,0,0,1,차대차 - 기타,안전운전불이행,건조,맑음,교차로 - 교차로안,원동기,남,22세,부상신고,건설기계,남,66세,기타불명
2015072300100195,2015년 7월 23일 10시,목요일,경상북도 김천시 감호동,경상사고,0,0,1,0,차대차 - 측면직각충돌,신호위반,습기,비,교차로 - 교차로안,승용,여,45세,상해없음,승용,남,33세,상해없음
2015072300100196,2015년 7월 23일 10시,목요일,경상북도 의성군 의성읍,경상사고,0,0,1,0,차대차 - 기타,교차로운행방법위반,건조,맑음,교차로 - 교차로안,화물,남,64세,상해없음,승용,여,55세,경상
2015072300100197,2015년 7월 23일 10시,목요일,경상북도 영주시 영주동,경상사고,0,0,1,0,차대사람 - 기타,안전운전불이행,건조,맑음,교차로 - 교차로부근,승용,남,57세,상해없음,보행자,여,58세,경상
2015072300100230,2015년 7월 23일 11시,목요일,경상북도 영천시 고경면,경상사고,0,0,4,0,차대차 - 정면충돌,안전운전불이행,건조,맑음,단일로 - 기타,승용,여,33세,경상,화물,남,40세,경상
2015072300100262,2015년 7월 23일 12시,목요일,경상북도 경주시 서악동,경상사고,0,0,1,0,차대차 - 기타,안전운전불이행,건조,맑음,교차로 - 교차로부근,화물,남,34세,상해없음,원동기,남,73세,경상
2015072300100263,2015년 7월 23일 12시,목요일,경상북도 안동시 용상동,경상사고,0,0,1,0,차대차 - 측면직각충돌,교차로운행방법위반,건조,맑음,교차로 - 교차로안,이륜,남,48세,경상,승용,여,57세,상해없음
2015072300100264,2015년 7월 23일 12시,목요일,경상북도 경산시 자인면,중상사고,0,1,0,0,차대차 - 측면직각충돌,직진우회전진행방해,건조,흐림,교차로 - 교차로안,승용,남,47세,상해없음,이륜,남,55세,중상
2015072300100265,2015년 7월 23일 12시,목요일,경상북도 포항시 남구 해도동,경상사고,0,0,1,0,차대사람 - 기타,안전운전불이행,건조,맑음,단일로 - 기타,승용,남,54세,상해없음,보행자,남,58세,경상
2015072300100304,2015년 7월 23일 13시,목요일,경상북도 김천시 교동,중상사고,0,1,0,0,차대사람 - 횡단중,안전운전불이행,건조,맑음,단일로 - 기타,승용,여,54세,상해없음,보행자,남,8세,중상
2015072300100305,2015년 7월 23일 13시,목요일,경상북도 영천시 금호읍,경상사고,0,0,1,0,차대차 - 측면직각충돌,안전운전불이행,건조,맑음,단일로 - 기타,화물,남,59세,상해없음,승용,여,23세,경상
2015072300100306,2015년 7월 23일 13시,목요일,경상북도 경산시 진량읍,중상사고,0,1,0,0,차대차 - 측면직각충돌,안전운전불이행,건조,맑음,교차로 - 교차로안,화물,남,50세,상해없음,화물,남,29세,중상
2015072300100307,2015년 7월 23일 13시,목요일,경상북도 예천군 예천읍,중상사고,0,1,0,0,차량단독 - 전도전복,안전운전불이행,건조,맑음,단일로 - 기타,이륜,남,66세,중상,,,,
2015072300100384,2015년 7월 23일 15시,목요일,경상북도 경주시 동천동,중상사고,0,1,0,0,차량단독 - 기타,안전운전불이행,건조,맑음,단일로 - 횡단보도부근,승용,남,59세,상해없음,,,,
2015072300100385,2015년 7월 23일 15시,목요일,경상북도 김천시 남면,사망사고,1,0,0,0,차량단독 - 전도전복,안전운전불이행,습기,비,단일로 - 기타,화물,남,58세,사망,,,,
2015072300100420,2015년 7월 23일 16시,목요일,경상북도 문경시 문경읍,사망사고,1,0,0,0,차대사람 - 기타,안전운전불이행,건조,흐림,단일로 - 기타,승용,남,62세,상해없음,보행자,남,4세,사망
2015072300100465,2015년 7월 23일 17시,목요일,경상북도 의성군 단북면,중상사고,0,1,0,0,차대차 - 측면직각충돌,안전운전불이행,건조,맑음,단일로 - 기타,화물,남,48세,상해없음,이륜,여,55세,중상
2015072300100466,2015년 7월 23일 17시,목요일,경상북도 성주군 성주읍,중상사고,0,1,5,0,차대차 - 추돌 - 진행중,안전운전불이행,건조,맑음,기타 - 기타,승합,남,63세,상해없음,승용,여,55세,경상
2015072300100467,2015년 7월 23일 17시,목요일,경상북도 구미시 사곡동,경상사고,0,0,1,0,차대차 - 기타,안전운전불이행,건조,맑음,교차로 - 교차로부근,승용,여,40세,상해없음,승용,남,48세,경상
2015072300100548,2015년 7월 23일 19시,목요일,경상북도 경주시 외동읍,중상사고,0,1,0,0,차량단독 - 기타,기타,건조,맑음,기타 - 기타,승합,남,55세,상해없음,,,,
2015072300100549,2015년 7월 23일 19시,목요일,경상북도 칠곡군 왜관읍,부상신고사고,0,0,0,1,차대차 - 기타,안전운전불이행,건조,흐림,단일로 - 기타,승용,남,25세,부상신고,특수,남,44세,기타불명
2015072300100598,2015년 7월 23일 20시,목요일,경상북도 영주시 휴천동,경상사고,0,0,1,0,차대차 - 추돌 - 진행중,안전운전불이행,습기,비,교차로 - 교차로부근,승용,남,70세,상해없음,승용,여,45세,경상
2015072300100698,2015년 7월 23일 22시,목요일,경상북도 포항시 북구 두호동,경상사고,0,0,2,0,차대차 - 기타,안전운전불이행,건조,맑음,교차로 - 교차로부근,승용,여,47세,상해없음,승용,남,30세,경상
2015072300100699,2015년 7월 23일 22시,목요일,경상북도 경산시 옥산동,경상사고,0,0,1,0,차대사람 - 기타,안전운전불이행,건조,맑음,단일로 - 기타,이륜,남,34세,상해없음,보행자,남,40세,경상
2015072300100735,2015년 7월 23일 23시,목요일,경상북도 경주시 동천동,경상사고,0,0,1,1,차대차 - 측면직각충돌,신호위반,건조,맑음,교차로 - 교차로안,승용,남,56세,상해없음,승용,여,52세,부상신고
2015072300100736,2015년 7월 23일 23시,목요일,경상북도 영천시 고경면,경상사고,0,0,3,0,차대차 - 정면충돌,안전운전불이행,건조,맑음,교차로 - 교차로안,승용,남,59세,경상,승용,남,35세,경상
2015072400100094,2015년 7월 24일 03시,금요일,경상북도 경주시 충효동,경상사고,0,0,1,0,차대차 - 기타,안전운전불이행,건조,맑음,단일로 - 기타,승용,남,38세,상해없음,승용,남,46세,경상
2015072400100134,2015년 7월 24일 06시,금요일,경상북도 경산시 중방동,경상사고,0,0,1,0,차대사람 - 기타,안전운전불이행,건조,맑음,교차로 - 교차로부근,건설기계,남,49세,상해없음,보행자,여,48세,경상
2015072400100135,2015년 7월 24일 06시,금요일,경상북도 구미시 도량동,중상사고,0,1,0,0,차대차 - 기타,교차로운행방법위반,건조,맑음,교차로 - 교차로안,승용,남,51세,상해없음,이륜,남,56세,중상
2015072400100188,2015년 7월 24일 08시,금요일,경상북도 안동시 운흥동,경상사고,0,0,1,0,차대차 - 기타,안전운전불이행,건조,맑음,단일로 - 기타,승용,여,36세,상해없음,자전거,남,70세,경상
2015072400100189,2015년 7월 24일 08시,금요일,경상북도 안동시 북문동,중상사고,0,1,0,0,차대사람 - 횡단중,신호위반,건조,맑음,교차로 - 교차로안,승용,여,48세,상해없음,보행자,여,12세,중상
2015072400100190,2015년 7월 24일 08시,금요일,경상북도 경산시 중방동,중상사고,0,1,0,0,차대차 - 기타,안전운전불이행,건조,맑음,단일로 - 기타,이륜,남,52세,중상,승용,남,54세,상해없음
2015072400100191,2015년 7월 24일 08시,금요일,경상북도 경산시 조영동,중상사고,0,1,0,0,차대차 - 기타,안전운전불이행,건조,맑음,교차로 - 교차로안,승용,남,20세,상해없음,승용,남,54세,중상
2015072400100226,2015년 7월 24일 09시,금요일,경상북도 성주군 성주읍,중상사고,0,1,0,0,차대차 - 기타,안전운전불이행,건조,흐림,교차로 - 교차로부근,화물,남,41세,상해없음,자전거,남,35세,중상
2015072400100306,2015년 7월 24일 11시,금요일,경상북도 경주시 황남동,경상사고,0,0,2,0,차대차 - 기타,안전운전불이행,건조,맑음,교차로 - 교차로안,원동기,여,77세,경상,승용,남,58세,경상
2015072400100307,2015년 7월 24일 11시,금요일,경상북도 경산시 하양읍,중상사고,0,1,0,0,차대사람 - 기타,보행자보호의무위반,건조,맑음,교차로 - 교차로안,승용,여,61세,상해없음,보행자,남,75세,중상
2015072400100308,2015년 7월 24일 11시,금요일,경상북도 경산시 계양동,경상사고,0,0,1,0,차대차 - 기타,안전운전불이행,건조,맑음,단일로 - 횡단보도상,승용,여,54세,상해없음,자전거,남,51세,경상
2015072400100309,2015년 7월 24일 11시,금요일,경상북도 경산시 중방동,경상사고,0,0,2,0,차대차 - 기타,안전운전불이행,건조,맑음,교차로 - 교차로안,승용,남,35세,상해없음,승용,남,28세,경상
2015072400100310,2015년 7월 24일 11시,금요일,경상북도 청도군 화양읍,중상사고,0,1,1,0,차대차 - 측면직각충돌,직진우회전진행방해,건조,맑음,교차로 - 교차로안,승용,여,59세,경상,화물,남,49세,중상
2015072400100339,2015년 7월 24일 12시,금요일,경상북도 상주시 화서면,경상사고,0,0,1,0,차대차 - 추돌 - 진행중,안전거리미확보,습기,비,단일로 - 기타,승용,남,65세,상해없음,화물,남,52세,경상
2015072400100371,2015년 7월 24일 13시,금요일,경상북도 경주시 동천동,중상사고,0,1,0,0,차대차 - 기타,안전운전불이행,건조,맑음,교차로 - 교차로부근,자전거,남,68세,중상,승용,남,52세,상해없음
2015072400100372,2015년 7월 24일 13시,금요일,경상북도 영주시 풍기읍,경상사고,0,0,1,0,차대사람 - 길가장자리구역통행중,안전운전불이행,습기,비,교차로 - 교차로안,승용,여,30세,상해없음,보행자,여,12세,경상
2015072400100409,2015년 7월 24일 14시,금요일,경상북도 구미시 옥성면,경상사고,0,0,8,0,차대차 - 추돌 - 주정차중,안전운전불이행,건조,맑음,단일로 - 기타,화물,남,23세,상해없음,승용,여,31세,경상
2015072400100447,2015년 7월 24일 15시,금요일,경상북도 구미시 송정동,중상사고,0,1,0,0,차대차 - 기타,안전운전불이행,건조,맑음,교차로 - 교차로안,승용,남,54세,상해없음,자전거,여,70세,중상
2015072400100448,2015년 7월 24일 15시,금요일,경상북도 김천시 아포읍,경상사고,0,0,3,0,차대차 - 추돌 - 주정차중,안전운전불이행,건조,맑음,단일로 - 기타,승용,남,19세,상해없음,승용,남,38세,경상
2015072400100485,2015년 7월 24일 16시,금요일,경상북도 상주시 계산동,중상사고,0,1,2,0,차대차 - 측면직각충돌,교차로운행방법위반,건조,맑음,교차로 - 교차로안,화물,남,40세,상해없음,승용,여,30세,경상
2015072400100486,2015년 7월 24일 16시,금요일,경상북도 청도군 화양읍,경상사고,0,0,1,0,차대사람 - 기타,안전운전불이행,건조,맑음,단일로 - 기타,화물,남,68세,상해없음,보행자,여,63세,경상
2015072400100487,2015년 7월 24일 16시,금요일,경상북도 고령군 성산면,중상사고,0,1,0,0,차대차 - 기타,안전운전불이행,건조,맑음,단일로 - 기타,기타불명,기타불명,기타불명,기타불명,화물,남,52세,중상
2015072400100561,2015년 7월 24일 18시,금요일,경상북도 경주시 사정동,중상사고,0,2,0,0,차대차 - 기타,안전운전불이행,건조,맑음,단일로 - 기타,원동기,여,21세,중상,승용,남,44세,상해없음
2015072400100562,2015년 7월 24일 18시,금요일,경상북도 경주시 외동읍,경상사고,0,0,1,0,차대차 - 기타,안전운전불이행,건조,맑음,교차로 - 교차로안,승용,여,33세,경상,승용,남,41세,상해없음
2015072400100563,2015년 7월 24일 18시,금요일,경상북도 김천시 신음동,경상사고,0,0,1,0,차대차 - 측면직각충돌,교차로운행방법위반,건조,맑음,교차로 - 교차로안,승용,여,40세,상해없음,이륜,남,46세,경상
2015072400100564,2015년 7월 24일 18시,금요일,경상북도 구미시 인의동,중상사고,0,1,0,0,차대차 - 기타,안전운전불이행,건조,맑음,교차로 - 교차로안,자전거,남,11세,중상,원동기,여,35세,상해없음
2015072400100565,2015년 7월 24일 18시,금요일,경상북도 포항시 남구 상도동,경상사고,0,0,2,0,차대차 - 추돌 - 진행중,안전운전불이행,건조,맑음,단일로 - 기타,승용,남,49세,상해없음,승용,남,34세,경상
2015072400100596,2015년 7월 24일 19시,금요일,경상북도 영천시 도동,사망사고,1,0,0,0,차대사람 - 보도통행중,안전운전불이행,건조,맑음,단일로 - 횡단보도상,승용,여,45세,상해없음,보행자,남,66세,사망
2015072400100597,2015년 7월 24일 19시,금요일,경상북도 포항시 남구 송도동,중상사고,0,1,0,0,차대차 - 기타,직진우회전진행방해,건조,맑음,교차로 - 교차로안,화물,남,43세,상해없음,원동기,남,16세,중상
2015072400100644,2015년 7월 24일 20시,금요일,경상북도 경주시 성건동,부상신고사고,0,0,0,1,차대차 - 기타,안전운전불이행,건조,맑음,교차로 - 교차로부근,기타불명,기타불명,기타불명,기타불명,자전거,남,16세,부상신고
2015072400100645,2015년 7월 24일 20시,금요일,경상북도 문경시 점촌동,경상사고,0,0,1,0,차대차 - 추돌 - 주정차중,안전운전불이행,건조,맑음,단일로 - 기타,승용,여,34세,상해없음,승용,남,50세,경상
2015072400100646,2015년 7월 24일 20시,금요일,경상북도 경산시 사동,중상사고,0,1,0,0,차대사람 - 기타,안전운전불이행,건조,맑음,단일로 - 기타,승용,남,30세,상해없음,보행자,남,34세,중상
2015072400100647,2015년 7월 24일 20시,금요일,경상북도 포항시 남구 해도동,경상사고,0,0,1,0,차대차 - 기타,안전운전불이행,건조,맑음,교차로 - 교차로부근,자전거,남,37세,경상,승용,남,34세,상해없음
2015072400100686,2015년 7월 24일 21시,금요일,경상북도 의성군 의성읍,경상사고,0,0,1,0,차대차 - 측면직각충돌,직진우회전진행방해,건조,맑음,교차로 - 교차로안,승용,여,56세,상해없음,승용,여,48세,경상