사고번호,사고일시,요일,시군구,사고내용,사망자수,중상자수,경상자수,부상신고자수,사고유형,법규위반,노면상태,기상상태,도로형태,가해운전자 차종,가해운전자 성별,가해운전자 연령,가해운전자 상해정도,피해운전자 차종,피해운전자 성별,피해운전자 연령,피해운전자 상해정도
2015072400100687,2015년 7월 24일 21시,금요일,경상북도 구미시 진평동,중상사고,0,1,0,0,차대사람 - 기타,보행자보호의무위반,건조,흐림,교차로 - 교차로부근,승용,남,26세,상해없음,보행자,남,29세,중상
2015072400100731,2015년 7월 24일 22시,금요일,경상북도 김천시 신음동,중상사고,0,1,0,0,차대차 - 측면직각충돌,안전운전불이행,건조,맑음,교차로 - 교차로안,승용,남,29세,상해없음,자전거,남,13세,중상
2015072400100769,2015년 7월 24일 23시,금요일,경상북도 경산시 중방동,중상사고,0,1,0,0,차대사람 - 횡단중,안전운전불이행,건조,맑음,교차로 - 교차로부근,승용,여,22세,상해없음,보행자,여,49세,중상
2015072400100770,2015년 7월 24일 23시,금요일,경상북도 구미시 송정동,부상신고사고,0,0,0,1,차량단독 - 전도전복,안전운전불이행,건조,맑음,단일로 - 기타,이륜,남,48세,부상신고,,,,
2015072400100771,2015년 7월 24일 23시,금요일,경상북도 포항시 남구 대도동,경상사고,0,0,2,0,차대차 - 기타,직진우회전진행방해,건조,맑음,교차로 - 교차로안,승용,남,70세,상해없음,승용,남,30세,경상
2015072500100018,2015년 7월 25일 00시,토요일,경상북도 구미시 도량동,부상신고사고,0,0,0,1,차대사람 - 보도통행중,중앙선침범,건조,맑음,단일로 - 기타,이륜,남,18세,상해없음,보행자,남,4세,부상신고
2015072500100082,2015년 7월 25일 02시,토요일,경상북도 포항시 북구 죽도동,경상사고,0,0,2,0,차대차 - 기타,신호위반,건조,맑음,교차로 - 교차로안,승용,남,40세,상해없음,승용,남,47세,경상
2015072500100096,2015년 7월 25일 03시,토요일,경상북도 포항시 북구 죽도동,경상사고,0,0,2,0,차대차 - 기타,신호위반,건조,맑음,교차로 - 교차로안,승용,남,32세,상해없음,승용,여,52세,상해없음
2015072500100123,2015년 7월 25일 04시,토요일,경상북도 포항시 북구 죽도동,중상사고,0,1,0,0,차대차 - 기타,중앙선침범,건조,맑음,교차로 - 교차로부근,승용,여,35세,상해없음,승용,남,49세,중상
2015072500100167,2015년 7월 25일 06시,토요일,경상북도 구미시 공단동,경상사고,0,0,1,0,차대차 - 기타,안전운전불이행,건조,맑음,교차로 - 교차로안,승용,기타불명,기타불명,기타불명,승용,여,25세,경상
2015072500100186,2015년 7월 25일 07시,토요일,경상북도 포항시 북구 청하면,경상사고,0,0,1,0,차량단독 - 공작물충돌,안전운전불이행,건조,맑음,단일로 - 기타,승용,남,59세,경상,,,,
2015072500100187,2015년 7월 25일 07시,토요일,경상북도 영주시 휴천동,경상사고,0,0,2,0,차대차 - 측면직각충돌,직진우회전진행방해,건조,흐림,교차로 - 교차로안,화물,남,48세,상해없음,승용,남,37세,경상
2015072500100208,2015년 7월 25일 08시,토요일,경상북도 경주시 구황동,경상사고,0,0,3,0,차대차 - 기타,안전거리미확보,건조,맑음,단일로 - 기타,승용,남,42세,경상,화물,남,46세,상해없음
2015072500100209,2015년 7월 25일 08시,토요일,경상북도 포항시 남구 오천읍,경상사고,0,0,1,0,차대차 - 추돌 - 진행중,안전운전불이행,건조,맑음,교차로 - 교차로부근,화물,남,41세,상해없음,승용,여,62세,경상
2015072500100233,2015년 7월 25일 09시,토요일,경상북도 경주시 황오동,경상사고,0,0,2,0,차대차 - 기타,안전거리미확보,건조,맑음,단일로 - 횡단보도상,승용,남,55세,상해없음,승용,남,48세,경상
2015072500100234,2015년 7월 25일 09시,토요일,경상북도 포항시 북구 두호동,경상사고,0,0,1,0,차대차 - 기타,안전운전불이행,건조,맑음,교차로 - 교차로부근,승용,여,53세,상해없음,승합,남,44세,경상
2015072500100235,2015년 7월 25일 09시,토요일,경상북도 포항시 북구 청하면,중상사고,0,1,11,0,차대차 - 기타,안전거리미확보,건조,맑음,단일로 - 기타,화물,남,35세,상해없음,승용,여,55세,중상
2015072500100236,2015년 7월 25일 09시,토요일,경상북도 상주시 사벌면,경상사고,0,0,1,0,차대차 - 정면충돌,안전운전불이행,건조,맑음,단일로 - 기타,원동기,여,60세,경상,승용,여,47세,상해없음
2015072500100237,2015년 7월 25일 09시,토요일,경상북도 성주군 용암면,중상사고,0,1,0,0,차대사람 - 기타,중앙선침범,건조,맑음,기타 - 기타,승용,여,47세,상해없음,보행자,남,64세,중상
2015072500100238,2015년 7월 25일 09시,토요일,경상북도 칠곡군 석적읍,경상사고,0,0,1,0,차대차 - 추돌 - 주정차중,안전거리미확보,건조,맑음,단일로 - 기타,승합,남,56세,상해없음,승용,남,31세,상해없음
2015072500100258,2015년 7월 25일 10시,토요일,경상북도 경주시 황성동,중상사고,0,1,0,0,차대사람 - 횡단중,보행자보호의무위반,건조,맑음,단일로 - 횡단보도상,자전거,여,66세,상해없음,보행자,남,38세,중상
2015072500100259,2015년 7월 25일 10시,토요일,경상북도 경주시 진현동,중상사고,0,1,2,1,차대차 - 측면직각충돌,안전운전불이행,건조,맑음,교차로 - 교차로안,승용,남,36세,부상신고,승용,남,51세,상해없음
2015072500100260,2015년 7월 25일 10시,토요일,경상북도 포항시 북구 대흥동,경상사고,0,0,1,0,차대차 - 기타,신호위반,건조,맑음,교차로 - 교차로안,승용,여,47세,상해없음,승용,여,66세,경상
2015072500100261,2015년 7월 25일 10시,토요일,경상북도 포항시 북구 창포동,중상사고,0,1,0,0,차대사람 - 길가장자리구역통행중,안전운전불이행,건조,맑음,교차로 - 교차로안,승용,여,59세,상해없음,보행자,여,46세,중상
2015072500100262,2015년 7월 25일 10시,토요일,경상북도 포항시 북구 항구동,경상사고,0,0,1,0,차대차 - 기타,안전운전불이행,건조,맑음,교차로 - 교차로안,화물,남,63세,상해없음,승용,남,67세,경상
2015072500100303,2015년 7월 25일 11시,토요일,경상북도 경주시 탑동,경상사고,0,0,1,0,차대사람 - 기타,보행자보호의무위반,건조,맑음,교차로 - 교차로안,화물,남,55세,상해없음,보행자,여,63세,경상
2015072500100304,2015년 7월 25일 11시,토요일,경상북도 포항시 북구 용흥동,경상사고,0,0,2,0,차대차 - 기타,신호위반,건조,맑음,교차로 - 교차로안,승용,남,57세,경상,승용,여,56세,경상
2015072500100305,2015년 7월 25일 11시,토요일,경상북도 김천시 개령면,경상사고,0,0,2,0,차대차 - 측면직각충돌,교차로운행방법위반,건조,맑음,교차로 - 교차로안,승용,남,50세,경상,승용,남,32세,경상
2015072500100306,2015년 7월 25일 11시,토요일,경상북도 칠곡군 약목면,경상사고,0,0,1,0,차대사람 - 기타,안전운전불이행,건조,맑음,기타 - 기타,화물,남,42세,상해없음,보행자,여,85세,경상
2015072500100307,2015년 7월 25일 11시,토요일,경상북도 영천시 야사동,경상사고,0,0,3,0,차대차 - 측면직각충돌,교차로운행방법위반,건조,맑음,교차로 - 교차로안,원동기,남,80세,경상,승용,남,29세,경상
2015072500100308,2015년 7월 25일 11시,토요일,경상북도 울진군 후포면,경상사고,0,0,4,0,차대차 - 기타,안전운전불이행,건조,맑음,단일로 - 횡단보도부근,승용,남,57세,상해없음,승용,여,57세,경상
2015072500100309,2015년 7월 25일 11시,토요일,경상북도 구미시 고아읍,경상사고,0,0,2,0,차대차 - 측면직각충돌,교차로운행방법위반,건조,맑음,교차로 - 교차로안,승용,남,54세,상해없음,승용,여,38세,경상
2015072500100334,2015년 7월 25일 12시,토요일,경상북도 영덕군 지품면,경상사고,0,0,3,0,차대차 - 기타,중앙선침범,건조,맑음,단일로 - 기타,화물,남,47세,상해없음,승합,남,33세,상해없음
2015072500100335,2015년 7월 25일 12시,토요일,경상북도 고령군 다산면,중상사고,0,1,0,0,차대차 - 측면직각충돌,안전운전불이행,건조,맑음,단일로 - 기타,자전거,남,20세,중상,화물,남,37세,상해없음
2015072500100336,2015년 7월 25일 12시,토요일,경상북도 구미시 진평동,부상신고사고,0,0,0,1,차대차 - 기타,안전운전불이행,건조,맑음,단일로 - 기타,자전거,여,56세,부상신고,자전거,남,14세,상해없음
2015072500100361,2015년 7월 25일 13시,토요일,경상북도 경산시 옥산동,부상신고사고,0,0,0,1,차대차 - 기타,교차로운행방법위반,건조,맑음,단일로 - 기타,승용,남,57세,상해없음,이륜,남,22세,부상신고
2015072500100362,2015년 7월 25일 13시,토요일,경상북도 경산시 임당동,중상사고,0,1,0,0,차대차 - 기타,교차로운행방법위반,건조,맑음,교차로 - 교차로안,화물,여,64세,상해없음,승용,남,37세,중상
2015072500100392,2015년 7월 25일 14시,토요일,경상북도 안동시 남문동,중상사고,0,1,0,0,차대사람 - 횡단중,안전운전불이행,건조,맑음,교차로 - 교차로안,승용,남,55세,상해없음,보행자,여,83세,중상
2015072500100393,2015년 7월 25일 14시,토요일,경상북도 영천시 망정동,경상사고,0,0,1,0,차대차 - 측면직각충돌,안전운전불이행,건조,맑음,교차로 - 교차로안,승용,남,32세,상해없음,승합,남,28세,상해없음
2015072500100394,2015년 7월 25일 14시,토요일,경상북도 구미시 황상동,경상사고,0,0,2,1,차대차 - 기타,차로위반,건조,맑음,교차로 - 교차로부근,승용,여,37세,경상,이륜,남,18세,경상
2015072500100395,2015년 7월 25일 14시,토요일,경상북도 포항시 남구 대도동,경상사고,0,0,1,0,차대차 - 측면직각충돌,교차로운행방법위반,건조,맑음,교차로 - 교차로안,이륜,남,48세,경상,화물,남,38세,상해없음
2015072500100426,2015년 7월 25일 15시,토요일,경상북도 김천시 부곡동,중상사고,0,1,0,0,차대차 - 측면직각충돌,안전운전불이행,건조,맑음,단일로 - 기타,화물,남,57세,상해없음,이륜,남,83세,중상
2015072500100458,2015년 7월 25일 16시,토요일,경상북도 경주시 양남면,경상사고,0,0,3,0,차대차 - 기타,안전운전불이행,건조,맑음,교차로 - 교차로부근,승용,남,25세,상해없음,승용,남,62세,경상
2015072500100459,2015년 7월 25일 16시,토요일,경상북도 포항시 북구 양덕동,중상사고,0,1,0,0,차대사람 - 기타,보행자보호의무위반,건조,맑음,교차로 - 교차로안,승용,여,33세,상해없음,보행자,남,22세,중상
2015072500100460,2015년 7월 25일 16시,토요일,경상북도 영천시 신령면,중상사고,0,1,0,0,차대사람 - 횡단중,안전운전불이행,건조,맑음,단일로 - 기타,승용,남,51세,상해없음,보행자,여,7세,중상
2015072500100461,2015년 7월 25일 16시,토요일,경상북도 구미시 옥계동,경상사고,0,0,1,0,차대차 - 기타,안전운전불이행,건조,맑음,기타 - 기타,승합,남,51세,상해없음,이륜,여,22세,경상
2015072500100495,2015년 7월 25일 17시,토요일,경상북도 경주시 배반동,중상사고,0,2,3,1,차대차 - 기타,안전운전불이행,건조,맑음,단일로 - 기타,승용,남,49세,부상신고,승용,남,27세,경상
2015072500100496,2015년 7월 25일 17시,토요일,경상북도 칠곡군 지천면,사망사고,1,0,0,0,차량단독 - 공작물충돌,안전운전불이행,건조,맑음,단일로 - 기타,승용,남,55세,사망,,,,
2015072500100497,2015년 7월 25일 17시,토요일,경상북도 봉화군 석포면,중상사고,0,4,5,0,차대차 - 정면충돌,중앙선침범,습기,비,단일로 - 기타,승합,남,60세,상해없음,승용,여,35세,중상
2015072500100542,2015년 7월 25일 18시,토요일,경상북도 포항시 북구 용흥동,경상사고,0,0,1,0,차대차 - 기타,차로위반,건조,맑음,교차로 - 교차로부근,승용,여,52세,상해없음,화물,남,36세,경상
2015072500100543,2015년 7월 25일 18시,토요일,경상북도 칠곡군 왜관읍,중상사고,0,2,0,0,차대차 - 측면직각충돌,신호위반,건조,맑음,교차로 - 교차로안,화물,남,56세,중상,승용,남,30세,중상
2015072500100544,2015년 7월 25일 18시,토요일,경상북도 경산시 진량읍,경상사고,0,0,1,0,차대차 - 기타,차로위반,건조,맑음,교차로 - 교차로안,승용,여,36세,경상,화물,남,31세,상해없음
2015072500100545,2015년 7월 25일 18시,토요일,경상북도 영덕군 강구면,경상사고,0,0,2,0,차대차 - 추돌 - 진행중,중앙선침범,건조,맑음,기타 - 기타,승용,남,30세,상해없음,승용,남,33세,경상
2015072500100546,2015년 7월 25일 18시,토요일,경상북도 구미시 지산동,경상사고,0,0,1,0,차대차 - 추돌 - 진행중,안전운전불이행,건조,흐림,단일로 - 기타,승용,여,29세,기타불명,승용,남,55세,경상
2015072500100547,2015년 7월 25일 18시,토요일,경상북도 포항시 남구 대도동,경상사고,0,0,1,0,차대사람 - 횡단중,안전운전불이행,건조,맑음,교차로 - 교차로부근,기타불명,기타불명,기타불명,기타불명,보행자,여,54세,경상
2015072500100575,2015년 7월 25일 19시,토요일,경상북도 안동시 남문동,경상사고,0,0,1,0,차대사람 - 횡단중,안전운전불이행,습기,흐림,단일로 - 기타,승용,남,59세,상해없음,보행자,남,46세,경상
2015072500100576,2015년 7월 25일 19시,토요일,경상북도 상주시 냉림동,중상사고,0,1,0,0,차대차 - 측면직각충돌,안전운전불이행,건조,맑음,교차로 - 교차로부근,승용,여,54세,상해없음,자전거,남,72세,중상
2015072500100577,2015년 7월 25일 19시,토요일,경상북도 군위군 부계면,중상사고,0,1,0,0,차량단독 - 공작물충돌,안전운전불이행,건조,맑음,단일로 - 기타,승용,남,42세,상해없음,,,,
2015072500100608,2015년 7월 25일 20시,토요일,경상북도 봉화군 봉화읍,경상사고,0,0,1,0,차대차 - 정면충돌,교차로운행방법위반,건조,맑음,교차로 - 교차로안,승용,남,52세,상해없음,화물,남,40세,경상
2015072500100661,2015년 7월 25일 21시,토요일,경상북도 포항시 북구 창포동,경상사고,0,0,3,0,차대차 - 기타,안전운전불이행,건조,맑음,단일로 - 기타,승용,여,55세,상해없음,승용,여,30세,경상
2015072500100662,2015년 7월 25일 21시,토요일,경상북도 칠곡군 북삼읍,중상사고,0,1,0,0,차대차 - 기타,안전운전불이행,건조,맑음,교차로 - 교차로안,승용,남,32세,상해없음,이륜,남,19세,중상
2015072500100696,2015년 7월 25일 22시,토요일,경상북도 영천시 오수동,경상사고,0,0,1,0,차대사람 - 길가장자리구역통행중,안전운전불이행,건조,맑음,단일로 - 기타,승용,남,43세,상해없음,보행자,남,21세,경상
2015072500100722,2015년 7월 25일 23시,토요일,경상북도 경주시 노서동,경상사고,0,0,1,0,차대차 - 기타,안전운전불이행,건조,맑음,단일로 - 기타,자전거,남,64세,경상,원동기,남,33세,상해없음
2015072500100723,2015년 7월 25일 23시,토요일,경상북도 경주시 구황동,경상사고,0,0,4,0,차대차 - 기타,신호위반,건조,맑음,교차로 - 교차로안,승용,남,18세,경상,승용,남,42세,경상
2015072500100724,2015년 7월 25일 23시,토요일,경상북도 포항시 북구 학산동,경상사고,0,0,3,0,차대차 - 기타,안전운전불이행,건조,맑음,단일로 - 기타,승합,남,52세,상해없음,승용,남,56세,경상
2015072500100725,2015년 7월 25일 23시,토요일,경상북도 김천시 부곡동,중상사고,0,1,1,0,차대차 - 측면직각충돌,신호위반,건조,맑음,교차로 - 교차로안,이륜,남,14세,경상,승용,남,28세,상해없음
2015072600100013,2015년 7월 26일 00시,일요일,경상북도 안동시 태화동,경상사고,0,0,1,0,차대차 - 추돌 - 진행중,안전거리미확보,건조,맑음,교차로 - 교차로안,승용,남,32세,상해없음,승용,남,30세,경상
2015072600100014,2015년 7월 26일 00시,일요일,경상북도 김천시 부곡동,경상사고,0,0,1,0,차대차 - 측면직각충돌,안전운전불이행,건조,맑음,교차로 - 교차로안,이륜,남,18세,경상,승용,남,51세,상해없음
2015072600100068,2015년 7월 26일 03시,일요일,경상북도 구미시 임수동,중상사고,0,1,1,0,차량단독 - 공작물충돌,안전운전불이행,건조,맑음,교차로 - 교차로부근,이륜,남,26세,경상,,,,
2015072600100092,2015년 7월 26일 05시,일요일,경상북도 포항시 북구 용흥동,중상사고,0,1,0,0,차대차 - 기타,직진우회전진행방해,건조,맑음,교차로 - 교차로안,승합,여,61세,상해없음,자전거,여,33세,중상
2015072600100093,2015년 7월 26일 05시,일요일,경상북도 포항시 북구 죽도동,경상사고,0,0,3,0,차대차 - 기타,안전운전불이행,건조,맑음,단일로 - 기타,승용,남,59세,상해없음,승용,남,65세,경상
2015072600100108,2015년 7월 26일 06시,일요일,경상북도 김천시 개령면,사망사고,1,0,0,0,차대차 - 정면충돌,중앙선침범,건조,맑음,단일로 - 기타,화물,남,65세,상해없음,이륜,남,44세,사망
2015072600100121,2015년 7월 26일 07시,일요일,경상북도 안동시 용상동,경상사고,0,0,1,0,차대차 - 기타,중앙선침범,건조,맑음,단일로 - 기타,원동기,남,73세,경상,화물,남,58세,상해없음
2015072600100122,2015년 7월 26일 07시,일요일,경상북도 영천시 금호읍,경상사고,0,0,1,0,차대차 - 측면직각충돌,교차로운행방법위반,건조,맑음,교차로 - 교차로안,화물,남,76세,상해없음,화물,남,54세,경상
2015072600100123,2015년 7월 26일 07시,일요일,경상북도 군위군 군위읍,부상신고사고,0,0,0,1,차대차 - 정면충돌,안전운전불이행,건조,맑음,교차로 - 교차로안,승용,남,52세,상해없음,이륜,여,63세,부상신고
2015072600100134,2015년 7월 26일 08시,일요일,경상북도 포항시 남구 대도동,중상사고,0,1,0,0,차대차 - 기타,신호위반,건조,맑음,교차로 - 교차로안,자전거,남,70세,중상,승용,여,24세,상해없음
2015072600100147,2015년 7월 26일 09시,일요일,경상북도 영천시 대전동,중상사고,0,1,3,0,차대차 - 정면충돌,신호위반,건조,맑음,교차로 - 교차로안,승합,남,76세,중상,승용,남,29세,경상
2015072600100165,2015년 7월 26일 10시,일요일,경상북도 경주시 조양동,중상사고,0,1,0,0,차대차 - 기타,안전운전불이행,건조,맑음,단일로 - 기타,승용,여,57세,상해없음,승용,남,32세,상해없음
2015072600100166,2015년 7월 26일 10시,일요일,경상북도 군위군 군위읍,중상사고,0,1,0,0,차대차 - 추돌 - 진행중,안전운전불이행,건조,맑음,단일로 - 기타,이륜,남,51세,중상,건설기계,남,57세,상해없음
2015072600100191,2015년 7월 26일 11시,일요일,경상북도 포항시 북구 우현동,경상사고,0,0,1,0,차대차 - 측면직각충돌,안전거리미확보,건조,맑음,교차로 - 교차로부근,승용,남,43세,상해없음,승용,여,56세,경상
2015072600100192,2015년 7월 26일 11시,일요일,경상북도 영주시 풍기읍,중상사고,0,1,0,0,차대사람 - 기타,안전운전불이행,건조,맑음,단일로 - 기타,승용,여,50세,상해없음,보행자,여,74세,중상
2015072600100193,2015년 7월 26일 11시,일요일,경상북도 영천시 화북면,경상사고,0,0,4,0,차대차 - 정면충돌,중앙선침범,건조,맑음,단일로 - 기타,승용,남,58세,경상,승용,남,45세,경상
2015072600100194,2015년 7월 26일 11시,일요일,경상북도 구미시 옥성면,부상신고사고,0,0,0,1,차량단독 - 기타,안전운전불이행,건조,맑음,기타 - 기타,이륜,여,66세,부상신고,,,,
2015072600100215,2015년 7월 26일 12시,일요일,경상북도 상주시 함창읍,경상사고,0,0,1,0,차대차 - 기타,안전운전불이행,건조,맑음,단일로 - 기타,원동기,남,57세,경상,승용,남,35세,상해없음
2015072600100250,2015년 7월 26일 13시,일요일,경상북도 안동시 남문동,경상사고,0,0,3,0,차대차 - 추돌 - 진행중,안전운전불이행,건조,맑음,단일로 - 기타,승용,남,55세,상해없음,승용,여,41세,경상
2015072600100251,2015년 7월 26일 13시,일요일,경상북도 상주시 냉림동,중상사고,0,1,0,0,차대차 - 기타,안전운전불이행,건조,맑음,기타 - 기타,승용,남,61세,상해없음,이륜,여,61세,중상
2015072600100275,2015년 7월 26일 14시,일요일,경상북도 경주시 안강읍,중상사고,0,1,0,0,차대차 - 기타,안전운전불이행,건조,맑음,교차로 - 교차로안,화물,남,66세,상해없음,원동기,남,71세,중상
2015072600100276,2015년 7월 26일 14시,일요일,경상북도 칠곡군 기산면,부상신고사고,0,0,0,1,차량단독 - 공작물충돌,안전운전불이행,건조,맑음,교차로 - 교차로안,승용,남,32세,부상신고,,,,
2015072600100310,2015년 7월 26일 15시,일요일,경상북도 안동시 당북동,경상사고,0,0,1,1,차대차 - 기타,안전운전불이행,건조,맑음,단일로 - 기타,승용,여,43세,부상신고,승합,남,75세,상해없음
2015072600100311,2015년 7월 26일 15시,일요일,경상북도 경산시 중방동,경상사고,0,0,1,0,차대사람 - 기타,안전운전불이행,건조,맑음,단일로 - 기타,승용,남,47세,상해없음,보행자,남,7세,경상
2015072600100312,2015년 7월 26일 15시,일요일,경상북도 경산시 중방동,중상사고,0,1,1,0,차대차 - 기타,안전운전불이행,건조,맑음,교차로 - 교차로안,승용,남,28세,상해없음,승용,남,48세,경상
2015072600100362,2015년 7월 26일 17시,일요일,경상북도 경산시 사동,중상사고,0,1,0,0,차대차 - 기타,차로위반,건조,맑음,단일로 - 기타,승용,여,43세,상해없음,이륜,남,35세,중상
2015072600100387,2015년 7월 26일 18시,일요일,경상북도 경주시 강동면,중상사고,0,1,0,0,차대차 - 추돌 - 주정차중,안전운전불이행,건조,맑음,단일로 - 기타,승용,남,52세,상해없음,승용,남,30세,중상
2015072600100388,2015년 7월 26일 18시,일요일,경상북도 구미시 봉곡동,중상사고,0,4,0,0,차대차 - 기타,안전운전불이행,건조,맑음,교차로 - 교차로부근,승용,남,46세,상해없음,승용,남,31세,중상
2015072600100442,2015년 7월 26일 20시,일요일,경상북도 경주시 성건동,중상사고,0,1,0,0,차량단독 - 전도전복,안전운전불이행,건조,맑음,단일로 - 기타,원동기,남,23세,중상,,,,
2015072600100443,2015년 7월 26일 20시,일요일,경상북도 포항시 남구 대도동,경상사고,0,0,1,0,차대차 - 측면직각충돌,안전운전불이행,건조,맑음,교차로 - 교차로부근,승용,남,57세,상해없음,이륜,남,20세,경상
2015072600100490,2015년 7월 26일 22시,일요일,경상북도 포항시 남구 오천읍,경상사고,0,0,1,0,차량단독 - 기타,안전운전불이행,건조,맑음,단일로 - 기타,승용,남,51세,경상,,,,
2015072600100504,2015년 7월 26일 23시,일요일,경상북도 상주시 성하동,경상사고,0,0,2,0,차대차 - 추돌 - 주정차중,안전운전불이행,건조,맑음,단일로 - 기타,승용,남,50세,상해없음,승용,남,43세,경상
2015072600100505,2015년 7월 26일 23시,일요일,경상북도 칠곡군 지천면,부상신고사고,0,0,0,1,차대차 - 정면충돌,중앙선침범,건조,맑음,단일로 - 기타,승용,남,41세,부상신고,화물,남,57세,상해없음
2015072600100506,2015년 7월 26일 23시,일요일,경상북도 경산시 대동,중상사고,0,1,2,0,차대차 - 기타,불법유턴,건조,맑음,단일로 - 기타,승용,남,24세,경상,승용,남,63세,중상
2015072600100507,2015년 7월 26일 23시,일요일,경상북도 경산시 자인면,경상사고,0,0,1,0,차대차 - 기타,안전운전불이행,건조,맑음,교차로 - 교차로부근,승용,남,63세,상해없음,승합,남,34세,경상
2015072700100031,2015년 7월 27일 03시,월요일,경상북도 칠곡군 왜관읍,중상사고,0,1,0,0,차량단독 - 공작물충돌,안전운전불이행,건조,맑음,교차로 - 교차로부근,승용,남,51세,중상,,,,
2015072700100038,2015년 7월 27일 04시,월요일,경상북도 구미시 원평동,경상사고,0,0,2,0,차대차 - 기타,안전운전불이행,건조,맑음,단일로 - 기타,승용,남,24세,상해없음,승용,여,22세,경상
2015072700100063,2015년 7월 27일 06시,월요일,경상북도 포항시 남구 해도동,중상사고,0,1,0,0,차대차 - 기타,신호위반,건조,맑음,교차로 - 교차로부근,승합,남,49세,상해없음,자전거,남,56세,중상
2015072700100079,2015년 7월 27일 07시,월요일,경상북도 영천시 오미동,중상사고,0,1,0,0,차대차 - 추돌 - 진행중,안전운전불이행,건조,맑음,교차로 - 교차로안,화물,남,24세,상해없음,승용,남,43세,중상
2015072700100107,2015년 7월 27일 08시,월요일,경상북도 문경시 문경읍,경상사고,0,0,2,0,차대차 - 기타,안전운전불이행,건조,맑음,단일로 - 기타,원동기,남,80세,경상,승용,여,41세,경상
2015072700100108,2015년 7월 27일 08시,월요일,경상북도 경산시 진량읍,중상사고,0,1,2,0,차대차 - 기타,안전운전불이행,건조,맑음,단일로 - 기타,승용,남,34세,상해없음,승용,남,32세,경상
2015072700100109,2015년 7월 27일 08시,월요일,경상북도 영덕군 지품면,중상사고,0,1,0,0,차대차 - 추돌 - 진행중,안전거리미확보,건조,맑음,단일로 - 기타,승용,남,50세,상해없음,원동기,남,76세,중상
2015072700100148,2015년 7월 27일 09시,월요일,경상북도 경주시 서면,중상사고,0,1,0,0,차대차 - 측면직각충돌,과속,건조,맑음,교차로 - 교차로안,승용,남,28세,상해없음,농기계,남,70세,중상
2015072700100149,2015년 7월 27일 09시,월요일,경상북도 김천시 구성면,중상사고,0,2,0,0,차대차 - 측면직각충돌,안전운전불이행,건조,맑음,단일로 - 기타,건설기계,남,42세,상해없음,승용,여,67세,중상
2015072700100150,2015년 7월 27일 09시,월요일,경상북도 상주시 공검면,중상사고,0,1,0,0,차대차 - 추돌 - 주정차중,안전운전불이행,건조,맑음,단일로 - 기타,화물,남,50세,상해없음,화물,남,48세,중상
2015072700100151,2015년 7월 27일 09시,월요일,경상북도 문경시 문경읍,경상사고,0,0,1,0,차대사람 - 차도통행중,안전운전불이행,건조,맑음,단일로 - 기타,승용,여,52세,상해없음,보행자,여,53세,경상
2015072700100152,2015년 7월 27일 09시,월요일,경상북도 봉화군 춘양면,중상사고,0,1,0,0,차대차 - 측면직각충돌,교차로운행방법위반,건조,맑음,교차로 - 교차로안,화물,남,62세,상해없음,승용,여,51세,중상
2015072700100153,2015년 7월 27일 09시,월요일,경상북도 구미시 공단동,경상사고,0,0,1,1,차대차 - 기타,안전운전불이행,건조,맑음,교차로 - 교차로안,승용,여,32세,부상신고,화물,남,24세,경상
2015072700100154,2015년 7월 27일 09시,월요일,경상북도 포항시 남구 해도동,경상사고,0,0,1,0,차대차 - 기타,안전운전불이행,건조,맑음,교차로 - 교차로부근,승용,여,46세,상해없음,승용,남,50세,경상
2015072700100190,2015년 7월 27일 10시,월요일,경상북도 경주시 성동동,중상사고,0,1,1,0,차대차 - 기타,안전운전불이행,건조,맑음,교차로 - 교차로부근,승용,남,47세,상해없음,승용,여,55세,경상
2015072700100191,2015년 7월 27일 10시,월요일,경상북도 포항시 남구 대도동,경상사고,0,0,1,0,차대차 - 측면직각충돌,안전운전불이행,건조,맑음,교차로 - 교차로안,승용,여,50세,경상,특수,남,39세,상해없음
2015072700100223,2015년 7월 27일 11시,월요일,경상북도 경주시 외동읍,경상사고,0,0,2,0,차대차 - 기타,안전운전불이행,건조,맑음,교차로 - 교차로부근,화물,남,40세,상해없음,승용,남,68세,경상
2015072700100224,2015년 7월 27일 11시,월요일,경상북도 상주시 화서면,중상사고,0,2,0,0,차대차 - 정면충돌,안전운전불이행,건조,맑음,단일로 - 기타,승용,남,44세,상해없음,승용,남,50세,중상
2015072700100225,2015년 7월 27일 11시,월요일,경상북도 상주시 남성동,부상신고사고,0,0,0,1,차대사람 - 횡단중,안전운전불이행,건조,맑음,단일로 - 기타,승용,남,77세,상해없음,보행자,남,55세,부상신고
2015072700100226,2015년 7월 27일 11시,월요일,경상북도 영천시 고경면,사망사고,1,0,0,0,차량단독 - 전도전복,안전운전불이행,건조,맑음,단일로 - 기타,화물,남,63세,사망,,,,
2015072700100227,2015년 7월 27일 11시,월요일,경상북도 경산시 진량읍,경상사고,0,0,1,0,차대차 - 기타,안전운전불이행,건조,맑음,교차로 - 교차로안,승용,남,71세,상해없음,승용,여,53세,경상
2015072700100249,2015년 7월 27일 12시,월요일,경상북도 경산시 평산동,경상사고,0,0,1,0,차대차 - 기타,안전운전불이행,건조,맑음,교차로 - 교차로안,자전거,남,11세,경상,건설기계,남,62세,상해없음