사고번호,사고일시,요일,시군구,사고내용,사망자수,중상자수,경상자수,부상신고자수,사고유형,법규위반,노면상태,기상상태,도로형태,가해운전자 차종,가해운전자 성별,가해운전자 연령,가해운전자 상해정도,피해운전자 차종,피해운전자 성별,피해운전자 연령,피해운전자 상해정도
2015073000100179,2015년 7월 30일 10시,목요일,경상북도 구미시 해평면,중상사고,0,1,0,0,차대차 - 측면직각충돌,안전운전불이행,건조,맑음,단일로 - 기타,건설기계,남,60세,상해없음,원동기,남,69세,중상
2015073000100225,2015년 7월 30일 11시,목요일,경상북도 영천시 고경면,경상사고,0,0,1,0,차대차 - 측면직각충돌,교차로운행방법위반,건조,맑음,교차로 - 교차로안,승용,남,75세,상해없음,화물,남,26세,경상
2015073000100226,2015년 7월 30일 11시,목요일,경상북도 영천시 임고면,경상사고,0,0,1,0,차량단독 - 기타,안전운전불이행,건조,맑음,단일로 - 기타,승용,여,45세,경상,,,,
2015073000100259,2015년 7월 30일 12시,목요일,경상북도 의성군 점곡면,중상사고,0,1,0,0,차대사람 - 기타,안전운전불이행,건조,맑음,단일로 - 기타,승용,남,43세,상해없음,보행자,여,66세,중상
2015073000100260,2015년 7월 30일 12시,목요일,경상북도 영주시 단산면,중상사고,0,1,0,0,차량단독 - 기타,안전운전불이행,건조,맑음,기타 - 기타,원동기,남,79세,중상,,,,
2015073000100261,2015년 7월 30일 12시,목요일,경상북도 경산시 사동,중상사고,0,1,0,0,차대차 - 기타,신호위반,건조,맑음,교차로 - 교차로안,승용,남,52세,상해없음,승용,남,52세,중상
2015073000100262,2015년 7월 30일 12시,목요일,경상북도 울진군 후포면,중상사고,0,1,0,0,차대사람 - 기타,안전운전불이행,건조,맑음,기타 - 기타,원동기,남,57세,상해없음,보행자,여,2세,중상
2015073000100263,2015년 7월 30일 12시,목요일,경상북도 구미시 진평동,중상사고,0,1,0,0,차대사람 - 횡단중,안전운전불이행,건조,맑음,단일로 - 기타,승용,남,36세,상해없음,보행자,여,9세,중상
2015073000100294,2015년 7월 30일 13시,목요일,경상북도 경주시 황오동,중상사고,0,2,0,0,차대차 - 기타,신호위반,건조,맑음,단일로 - 횡단보도상,승용,여,34세,상해없음,원동기,여,75세,중상
2015073000100295,2015년 7월 30일 13시,목요일,경상북도 경주시 천군동,중상사고,0,1,0,0,차대차 - 기타,신호위반,건조,맑음,교차로 - 교차로부근,승용,남,27세,상해없음,자전거,남,56세,중상
2015073000100296,2015년 7월 30일 13시,목요일,경상북도 김천시 평화동,중상사고,0,1,0,0,차대차 - 측면직각충돌,안전운전불이행,건조,맑음,단일로 - 횡단보도부근,승용,남,57세,상해없음,이륜,남,47세,중상
2015073000100297,2015년 7월 30일 13시,목요일,경상북도 경산시 사동,경상사고,0,0,1,0,차대차 - 기타,신호위반,건조,맑음,교차로 - 교차로안,승용,남,44세,상해없음,이륜,남,57세,경상
2015073000100338,2015년 7월 30일 14시,목요일,경상북도 구미시 옥성면,경상사고,0,0,1,0,차대차 - 추돌 - 주정차중,안전운전불이행,건조,맑음,단일로 - 기타,승용,남,43세,상해없음,승용,남,55세,경상
2015073000100384,2015년 7월 30일 15시,목요일,경상북도 영주시 풍기읍,경상사고,0,0,1,0,차대차 - 기타,안전운전불이행,건조,맑음,교차로 - 교차로안,이륜,남,82세,경상,승용,남,58세,상해없음
2015073000100385,2015년 7월 30일 15시,목요일,경상북도 영천시 화산면,경상사고,0,0,1,0,차대차 - 추돌 - 주정차중,안전운전불이행,건조,맑음,교차로 - 교차로부근,화물,남,23세,상해없음,승용,남,50세,상해없음
2015073000100386,2015년 7월 30일 15시,목요일,경상북도 구미시 임은동,경상사고,0,0,1,0,차대차 - 추돌 - 진행중,안전운전불이행,건조,기타,단일로 - 기타,이륜,남,44세,경상,승합,남,39세,기타불명
2015073000100454,2015년 7월 30일 17시,목요일,경상북도 포항시 북구 청하면,경상사고,0,0,1,0,차량단독 - 공작물충돌,안전운전불이행,건조,맑음,단일로 - 기타,승용,여,22세,경상,,,,
2015073000100455,2015년 7월 30일 17시,목요일,경상북도 포항시 남구 상도동,부상신고사고,0,0,0,1,차대차 - 측면직각충돌,안전운전불이행,건조,맑음,교차로 - 교차로안,원동기,남,18세,부상신고,승용,남,62세,상해없음
2015073000100500,2015년 7월 30일 18시,목요일,경상북도 영주시 영주동,경상사고,0,0,1,0,차대사람 - 기타,안전운전불이행,건조,맑음,교차로 - 교차로부근,승용,남,65세,상해없음,보행자,여,51세,경상
2015073000100501,2015년 7월 30일 18시,목요일,경상북도 문경시 문경읍,경상사고,0,0,1,0,차대차 - 기타,안전운전불이행,건조,맑음,단일로 - 기타,자전거,남,15세,경상,기타불명,기타불명,기타불명,기타불명
2015073000100575,2015년 7월 30일 20시,목요일,경상북도 김천시 황금동,경상사고,0,0,1,0,차대사람 - 길가장자리구역통행중,안전운전불이행,건조,맑음,단일로 - 기타,이륜,남,66세,상해없음,보행자,여,73세,경상
2015073000100612,2015년 7월 30일 21시,목요일,경상북도 경주시 성건동,경상사고,0,0,1,1,차대차 - 기타,신호위반,건조,맑음,교차로 - 교차로안,승용,여,31세,상해없음,화물,남,47세,경상
2015073000100613,2015년 7월 30일 21시,목요일,경상북도 구미시 구평동,중상사고,0,1,0,0,차대차 - 기타,중앙선침범,건조,맑음,단일로 - 기타,화물,남,63세,상해없음,승용,여,37세,중상
2015073000100614,2015년 7월 30일 21시,목요일,경상북도 김천시 아포읍,중상사고,0,2,3,0,차대차 - 기타,기타,건조,맑음,단일로 - 기타,화물,남,36세,상해없음,승용,남,34세,중상
2015073000100650,2015년 7월 30일 22시,목요일,경상북도 경산시 남방동,경상사고,0,0,1,0,차대차 - 기타,안전운전불이행,건조,맑음,교차로 - 교차로부근,승용,남,70세,상해없음,승용,남,36세,경상
2015073000100651,2015년 7월 30일 22시,목요일,경상북도 경산시 남천면,경상사고,0,0,1,0,차량단독 - 기타,안전운전불이행,건조,맑음,단일로 - 기타,자전거,남,36세,경상,,,,
2015073000100677,2015년 7월 30일 23시,목요일,경상북도 경주시 구정동,중상사고,0,1,0,0,차대사람 - 기타,보행자보호의무위반,건조,맑음,교차로 - 교차로부근,승용,여,45세,상해없음,보행자,여,57세,중상
2015073000100678,2015년 7월 30일 23시,목요일,경상북도 포항시 남구 해도동,경상사고,0,0,1,0,차대차 - 측면직각충돌,안전운전불이행,건조,맑음,단일로 - 기타,승용,남,55세,상해없음,이륜,남,35세,경상
2015073000100679,2015년 7월 30일 23시,목요일,경상북도 포항시 남구 해도동,경상사고,0,0,1,0,차대차 - 측면직각충돌,안전운전불이행,건조,맑음,교차로 - 교차로안,승용,남,43세,상해없음,자전거,남,64세,경상
2015073100100015,2015년 7월 31일 00시,금요일,경상북도 경산시 조영동,중상사고,0,1,0,0,차대차 - 측면직각충돌,신호위반,건조,맑음,교차로 - 교차로안,승용,남,40세,상해없음,승용,남,34세,중상
2015073100100029,2015년 7월 31일 01시,금요일,경상북도 칠곡군 석적읍,부상신고사고,0,0,0,1,차량단독 - 기타,안전운전불이행,건조,맑음,단일로 - 기타,이륜,남,21세,부상신고,,,,
2015073100100040,2015년 7월 31일 02시,금요일,경상북도 경주시 동천동,경상사고,0,0,1,0,차대차 - 기타,안전운전불이행,건조,맑음,기타 - 기타,승용,남,18세,상해없음,승용,남,41세,경상
2015073100100056,2015년 7월 31일 03시,금요일,경상북도 경주시 외동읍,중상사고,0,1,0,0,차량단독 - 기타,안전운전불이행,건조,맑음,단일로 - 기타,원동기,남,19세,중상,,,,
2015073100100065,2015년 7월 31일 04시,금요일,경상북도 울진군 울진읍,중상사고,0,2,0,0,차량단독 - 도로외이탈 - 추락,안전운전불이행,건조,맑음,단일로 - 기타,승용,남,22세,상해없음,,,,
2015073100100073,2015년 7월 31일 05시,금요일,경상북도 영주시 문수면,중상사고,0,1,0,0,차대차 - 기타,안전운전불이행,건조,맑음,교차로 - 교차로안,화물,남,66세,상해없음,자전거,여,70세,중상
2015073100100101,2015년 7월 31일 07시,금요일,경상북도 예천군 상리면,경상사고,0,0,1,0,차대사람 - 보도통행중,안전운전불이행,건조,맑음,단일로 - 기타,승용,남,39세,상해없음,보행자,남,5세,경상
2015073100100134,2015년 7월 31일 08시,금요일,경상북도 의성군 금성면,경상사고,0,0,1,0,차대차 - 측면직각충돌,안전운전불이행,건조,맑음,단일로 - 기타,이륜,여,61세,경상,건설기계,남,47세,상해없음
2015073100100152,2015년 7월 31일 09시,금요일,경상북도 포항시 북구 득량동,경상사고,0,0,1,0,차대차 - 기타,안전운전불이행,건조,맑음,단일로 - 기타,승용,남,42세,상해없음,승용,여,57세,경상
2015073100100153,2015년 7월 31일 09시,금요일,경상북도 김천시 지좌동,중상사고,0,1,0,0,차대차 - 측면직각충돌,안전운전불이행,건조,맑음,단일로 - 교량,승용,남,39세,상해없음,화물,남,29세,중상
2015073100100154,2015년 7월 31일 09시,금요일,경상북도 울릉군 서면,중상사고,0,3,3,0,차량단독 - 도로외이탈 - 추락,안전운전불이행,건조,맑음,단일로 - 기타,화물,남,57세,경상,,,,
2015073100100184,2015년 7월 31일 10시,금요일,경상북도 경주시 내남면,중상사고,0,1,1,0,차대차 - 측면직각충돌,안전운전불이행,건조,맑음,교차로 - 교차로안,화물,남,63세,경상,승용,여,39세,중상
2015073100100185,2015년 7월 31일 10시,금요일,경상북도 포항시 북구 죽도동,경상사고,0,0,4,0,차대차 - 기타,안전운전불이행,건조,맑음,단일로 - 기타,승용,여,51세,경상,승용,남,26세,경상
2015073100100186,2015년 7월 31일 10시,금요일,경상북도 영주시 휴천동,경상사고,0,0,1,0,차대차 - 측면직각충돌,안전운전불이행,건조,맑음,교차로 - 교차로안,승용,남,42세,상해없음,화물,남,79세,경상
2015073100100187,2015년 7월 31일 10시,금요일,경상북도 예천군 용궁면,경상사고,0,0,1,0,차량단독 - 도로외이탈 - 기타,안전운전불이행,건조,맑음,단일로 - 기타,이륜,여,61세,경상,,,,
2015073100100188,2015년 7월 31일 10시,금요일,경상북도 구미시 공단동,경상사고,0,0,1,0,차대차 - 기타,안전거리미확보,건조,맑음,단일로 - 기타,승용,남,57세,경상,특수,남,43세,상해없음
2015073100100223,2015년 7월 31일 11시,금요일,경상북도 상주시 거동동,부상신고사고,0,0,0,1,차대차 - 측면직각충돌,중앙선침범,건조,맑음,기타 - 기타,이륜,남,72세,부상신고,승용,남,67세,상해없음
2015073100100224,2015년 7월 31일 11시,금요일,경상북도 울진군 온정면,중상사고,0,1,2,0,차대차 - 기타,안전운전불이행,건조,맑음,단일로 - 기타,화물,남,56세,상해없음,승용,여,35세,경상
2015073100100257,2015년 7월 31일 12시,금요일,경상북도 영주시 가흥동,경상사고,0,0,3,0,차대차 - 추돌 - 주정차중,안전운전불이행,건조,맑음,교차로 - 교차로부근,승합,남,41세,상해없음,승용,여,40세,경상
2015073100100258,2015년 7월 31일 12시,금요일,경상북도 경산시 자인면,중상사고,0,3,0,0,차대차 - 기타,안전운전불이행,건조,맑음,교차로 - 교차로안,승용,남,66세,상해없음,승용,여,33세,중상
2015073100100259,2015년 7월 31일 12시,금요일,경상북도 성주군 선남면,경상사고,0,0,1,0,차대차 - 정면충돌,안전운전불이행,건조,맑음,교차로 - 교차로안,승용,여,39세,상해없음,승용,남,52세,경상
2015073100100260,2015년 7월 31일 12시,금요일,경상북도 김천시 삼락동,경상사고,0,0,4,0,차대차 - 측면직각충돌,안전운전불이행,건조,맑음,단일로 - 기타,승용,남,57세,상해없음,승용,여,27세,경상
2015073100100290,2015년 7월 31일 13시,금요일,경상북도 경주시 구황동,경상사고,0,0,2,2,차대차 - 기타,안전운전불이행,건조,맑음,단일로 - 기타,승용,남,27세,상해없음,승용,남,54세,경상
2015073100100291,2015년 7월 31일 13시,금요일,경상북도 경주시 서악동,경상사고,0,0,2,0,차대차 - 기타,기타,건조,맑음,교차로 - 교차로안,승용,남,58세,상해없음,승용,여,40세,경상
2015073100100292,2015년 7월 31일 13시,금요일,경상북도 칠곡군 동명면,중상사고,0,1,0,0,차대차 - 기타,과속,건조,맑음,단일로 - 횡단보도부근,승용,남,27세,상해없음,자전거,여,54세,중상
2015073100100293,2015년 7월 31일 13시,금요일,경상북도 포항시 남구 연일읍,경상사고,0,0,2,0,차대차 - 기타,안전운전불이행,건조,맑음,단일로 - 기타,승용,여,52세,상해없음,승용,남,52세,상해없음
2015073100100329,2015년 7월 31일 14시,금요일,경상북도 상주시 내서면,사망사고,1,1,0,0,차대차 - 측면직각충돌,중앙선침범,건조,맑음,기타 - 기타,승용,남,57세,상해없음,화물,남,60세,사망
2015073100100330,2015년 7월 31일 14시,금요일,경상북도 구미시 오태동,중상사고,0,1,1,0,차대차 - 측면직각충돌,안전운전불이행,건조,맑음,단일로 - 기타,승용,남,27세,경상,승용,남,54세,중상
2015073100100362,2015년 7월 31일 15시,금요일,경상북도 경산시 정평동,중상사고,0,1,1,0,차대차 - 측면직각충돌,신호위반,건조,맑음,교차로 - 교차로안,승용,남,78세,상해없음,화물,남,52세,경상
2015073100100363,2015년 7월 31일 15시,금요일,경상북도 성주군 성주읍,중상사고,0,1,0,0,차대사람 - 기타,안전운전불이행,건조,맑음,기타 - 기타,승용,여,23세,상해없음,보행자,여,60세,중상
2015073100100364,2015년 7월 31일 15시,금요일,경상북도 구미시 원평동,경상사고,0,0,1,0,차대차 - 측면직각충돌,안전운전불이행,건조,맑음,단일로 - 기타,이륜,남,43세,경상,승용,남,67세,상해없음
2015073100100365,2015년 7월 31일 15시,금요일,경상북도 포항시 남구 대잠동,중상사고,0,1,0,0,차대사람 - 기타,신호위반,건조,맑음,교차로 - 교차로안,화물,남,41세,상해없음,보행자,남,49세,중상
2015073100100366,2015년 7월 31일 15시,금요일,경상북도 안동시 풍산읍,중상사고,0,1,0,0,차대사람 - 기타,과속,건조,맑음,단일로 - 기타,승용,여,51세,상해없음,보행자,남,58세,중상
2015073100100367,2015년 7월 31일 15시,금요일,경상북도 안동시 풍산읍,중상사고,0,1,1,3,차대차 - 추돌 - 진행중,차로위반,건조,맑음,단일로 - 기타,승용,남,59세,부상신고,승용,남,58세,경상
2015073100100407,2015년 7월 31일 16시,금요일,경상북도 의성군 금성면,중상사고,0,1,0,0,차대차 - 측면직각충돌,기타,건조,맑음,교차로 - 교차로안,승용,남,55세,상해없음,이륜,남,81세,중상
2015073100100408,2015년 7월 31일 16시,금요일,경상북도 영천시 북안면,중상사고,0,2,0,0,차대차 - 측면직각충돌,중앙선침범,건조,맑음,단일로 - 기타,화물,여,60세,상해없음,승용,여,61세,중상
2015073100100409,2015년 7월 31일 16시,금요일,경상북도 구미시 사곡동,경상사고,0,0,1,0,차대차 - 측면직각충돌,신호위반,건조,맑음,교차로 - 교차로안,승용,여,48세,상해없음,승용,여,51세,경상
2015073100100410,2015년 7월 31일 16시,금요일,경상북도 상주시 낙동면,사망사고,1,0,0,0,차대차 - 추돌 - 주정차중,안전운전불이행,건조,맑음,단일로 - 기타,화물,남,56세,사망,특수,남,47세,상해없음
2015073100100454,2015년 7월 31일 17시,금요일,경상북도 안동시 태화동,경상사고,0,0,2,0,차대차 - 기타,안전운전불이행,건조,맑음,교차로 - 교차로부근,승용,여,53세,상해없음,승용,남,46세,경상
2015073100100455,2015년 7월 31일 17시,금요일,경상북도 김천시 개령면,중상사고,0,1,0,0,차대차 - 측면직각충돌,중앙선침범,건조,맑음,단일로 - 기타,화물,남,54세,상해없음,승용,남,32세,중상
2015073100100456,2015년 7월 31일 17시,금요일,경상북도 영천시 임고면,중상사고,0,1,0,0,차대차 - 정면충돌,안전운전불이행,건조,맑음,교차로 - 교차로부근,건설기계,남,50세,상해없음,화물,남,53세,중상
2015073100100457,2015년 7월 31일 17시,금요일,경상북도 경산시 신천동,경상사고,0,0,1,0,차대차 - 추돌 - 주정차중,안전운전불이행,건조,맑음,교차로 - 교차로부근,승용,남,57세,상해없음,승용,여,41세,경상
2015073100100458,2015년 7월 31일 17시,금요일,경상북도 청도군 청도읍,경상사고,0,0,1,0,차대차 - 측면직각충돌,직진우회전진행방해,건조,맑음,교차로 - 교차로안,승용,남,37세,상해없음,원동기,남,72세,경상
2015073100100459,2015년 7월 31일 17시,금요일,경상북도 영양군 영양읍,경상사고,0,0,1,0,차대사람 - 횡단중,보행자보호의무위반,건조,맑음,단일로 - 횡단보도상,승용,남,50세,상해없음,보행자,남,5세,경상
2015073100100460,2015년 7월 31일 17시,금요일,경상북도 구미시 임수동,경상사고,0,0,1,0,차대차 - 기타,신호위반,건조,맑음,교차로 - 교차로안,승용,남,48세,기타불명,이륜,남,49세,경상
2015073100100504,2015년 7월 31일 18시,금요일,경상북도 포항시 북구 항구동,경상사고,0,0,1,0,차량단독 - 기타,안전운전불이행,건조,맑음,단일로 - 기타,승합,기타불명,기타불명,기타불명,,,,
2015073100100505,2015년 7월 31일 18시,금요일,경상북도 경산시 사동,중상사고,0,1,0,0,차대차 - 기타,안전운전불이행,건조,맑음,교차로 - 교차로안,승용,남,35세,상해없음,자전거,남,14세,중상
2015073100100506,2015년 7월 31일 18시,금요일,경상북도 구미시 옥계동,경상사고,0,0,1,0,차대차 - 기타,교차로운행방법위반,건조,맑음,교차로 - 교차로부근,승용,남,26세,상해없음,승용,남,27세,경상
2015073100100507,2015년 7월 31일 18시,금요일,경상북도 상주시 낙동면,경상사고,0,0,8,0,차대차 - 추돌 - 주정차중,안전운전불이행,건조,맑음,단일로 - 터널,승용,남,53세,상해없음,승용,남,43세,경상
2015073100100551,2015년 7월 31일 19시,금요일,경상북도 경주시 동천동,중상사고,0,1,0,0,차대사람 - 기타,안전운전불이행,건조,맑음,교차로 - 교차로안,승용,남,23세,상해없음,보행자,여,53세,중상
2015073100100552,2015년 7월 31일 19시,금요일,경상북도 경주시 석장동,경상사고,0,0,1,0,차대차 - 기타,안전운전불이행,건조,맑음,단일로 - 기타,이륜,남,16세,경상,승용,여,23세,상해없음
2015073100100553,2015년 7월 31일 19시,금요일,경상북도 경주시 황오동,경상사고,0,0,1,0,차대차 - 측면직각충돌,신호위반,건조,맑음,단일로 - 기타,자전거,남,67세,경상,승용,남,70세,상해없음
2015073100100554,2015년 7월 31일 19시,금요일,경상북도 안동시 정하동,중상사고,0,1,6,0,차대차 - 추돌 - 진행중,안전운전불이행,건조,맑음,교차로 - 교차로부근,승용,남,71세,상해없음,승용,남,46세,경상
2015073100100555,2015년 7월 31일 19시,금요일,경상북도 영천시 망정동,경상사고,0,0,1,0,차대사람 - 횡단중,안전운전불이행,건조,맑음,단일로 - 기타,승용,남,37세,상해없음,보행자,남,22세,경상
2015073100100556,2015년 7월 31일 19시,금요일,경상북도 경산시 압량면,중상사고,0,1,1,0,차대사람 - 기타,보행자보호의무위반,건조,맑음,단일로 - 횡단보도상,화물,남,60세,상해없음,보행자,여,14세,경상
2015073100100593,2015년 7월 31일 20시,금요일,경상북도 포항시 북구 죽도동,중상사고,0,1,0,0,차대차 - 측면직각충돌,안전운전불이행,건조,맑음,단일로 - 기타,원동기,남,30세,중상,승용,여,33세,기타불명
2015073100100594,2015년 7월 31일 20시,금요일,경상북도 상주시 무양동,경상사고,0,0,1,0,차대차 - 추돌 - 진행중,안전운전불이행,건조,맑음,기타 - 기타,승용,여,31세,상해없음,승용,여,53세,경상
2015073100100595,2015년 7월 31일 20시,금요일,경상북도 문경시 산양면,중상사고,0,1,2,0,차대차 - 정면충돌,중앙선침범,건조,맑음,단일로 - 기타,화물,남,52세,경상,승용,남,42세,중상
2015073100100633,2015년 7월 31일 21시,금요일,경상북도 포항시 북구 항구동,경상사고,0,0,2,0,차대차 - 기타,안전거리미확보,건조,맑음,단일로 - 기타,승용,남,33세,상해없음,승용,남,42세,경상
2015073100100634,2015년 7월 31일 21시,금요일,경상북도 경산시 용성면,경상사고,0,0,2,0,차대차 - 기타,안전운전불이행,건조,맑음,단일로 - 기타,화물,남,59세,상해없음,이륜,남,34세,경상
2015073100100635,2015년 7월 31일 21시,금요일,경상북도 경산시 중방동,중상사고,0,1,0,0,차대차 - 기타,신호위반,건조,맑음,단일로 - 기타,이륜,남,18세,중상,승용,남,39세,상해없음
2015073100100636,2015년 7월 31일 21시,금요일,경상북도 봉화군 봉화읍,경상사고,0,0,2,0,차대사람 - 차도통행중,안전운전불이행,건조,맑음,단일로 - 기타,승용,남,38세,상해없음,보행자,여,40세,경상
2015073100100669,2015년 7월 31일 22시,금요일,경상북도 구미시 임수동,경상사고,0,0,1,0,차대차 - 기타,신호위반,건조,맑음,교차로 - 교차로안,이륜,남,49세,상해없음,승용,남,40세,상해없음
2015073100100670,2015년 7월 31일 22시,금요일,경상북도 구미시 상모동,경상사고,0,0,1,0,차대사람 - 기타,안전운전불이행,건조,맑음,교차로 - 교차로부근,승용,여,42세,상해없음,보행자,여,50세,경상
2015073100100711,2015년 7월 31일 23시,금요일,경상북도 칠곡군 석적읍,경상사고,0,0,4,0,차대차 - 측면직각충돌,교차로운행방법위반,건조,흐림,교차로 - 교차로안,승용,남,27세,상해없음,승용,남,43세,상해없음
2015073100100712,2015년 7월 31일 23시,금요일,경상북도 경산시 옥산동,경상사고,0,0,1,0,차대차 - 기타,안전운전불이행,건조,맑음,단일로 - 기타,승용,남,37세,기타불명,승용,여,35세,경상
2015073100100713,2015년 7월 31일 23시,금요일,경상북도 영덕군 강구면,경상사고,0,0,2,0,차대차 - 추돌 - 주정차중,안전거리미확보,건조,맑음,단일로 - 기타,승용,남,41세,상해없음,승용,남,62세,경상
2015080100100009,2015년 8월 1일 00시,토요일,경상북도 경주시 석장동,중상사고,0,1,0,0,차대차 - 기타,안전운전불이행,건조,맑음,단일로 - 기타,승용,남,43세,상해없음,자전거,여,70세,중상
2015080100100010,2015년 8월 1일 00시,토요일,경상북도 포항시 북구 흥해읍,경상사고,0,0,3,0,차대차 - 기타,안전운전불이행,건조,맑음,교차로 - 교차로안,화물,남,74세,상해없음,승용,남,42세,경상
2015080100100011,2015년 8월 1일 00시,토요일,경상북도 안동시 옥동,경상사고,0,0,1,0,차대차 - 기타,안전운전불이행,건조,맑음,단일로 - 기타,원동기,남,18세,상해없음,원동기,남,18세,경상
2015080100100028,2015년 8월 1일 01시,토요일,경상북도 안동시 운흥동,중상사고,0,1,1,0,차대차 - 측면직각충돌,기타,건조,맑음,교차로 - 교차로안,승용,여,37세,중상,승용,남,40세,경상
2015080100100048,2015년 8월 1일 02시,토요일,경상북도 포항시 남구 대잠동,중상사고,0,1,1,0,차대차 - 측면직각충돌,신호위반,건조,맑음,교차로 - 교차로안,이륜,남,22세,중상,이륜,남,24세,경상
2015080100100049,2015년 8월 1일 02시,토요일,경상북도 포항시 남구 상도동,중상사고,0,1,0,0,차대사람 - 기타,기타,건조,맑음,단일로 - 기타,승용,남,54세,상해없음,보행자,남,63세,중상
2015080100100062,2015년 8월 1일 03시,토요일,경상북도 영덕군 축산면,중상사고,0,1,0,0,차대차 - 기타,안전운전불이행,건조,맑음,단일로 - 기타,승용,남,23세,상해없음,승용,남,33세,중상
2015080100100063,2015년 8월 1일 03시,토요일,경상북도 울진군 후포면,중상사고,0,1,0,1,차대차 - 추돌 - 주정차중,안전운전불이행,건조,맑음,단일로 - 횡단보도부근,화물,남,42세,부상신고,화물,남,53세,중상
2015080100100087,2015년 8월 1일 05시,토요일,경상북도 포항시 북구 죽도동,중상사고,0,1,0,0,차대차 - 측면직각충돌,안전운전불이행,건조,맑음,단일로 - 기타,승용,남,61세,상해없음,원동기,남,35세,중상
2015080100100088,2015년 8월 1일 05시,토요일,경상북도 구미시 상모동,부상신고사고,0,0,0,1,차대차 - 측면직각충돌,신호위반,건조,맑음,교차로 - 교차로안,원동기,남,19세,부상신고,승용,남,64세,상해없음
2015080100100089,2015년 8월 1일 05시,토요일,경상북도 포항시 남구 오천읍,경상사고,0,0,1,0,차대차 - 측면직각충돌,안전운전불이행,건조,맑음,교차로 - 교차로안,승용,남,31세,상해없음,승용,남,55세,경상
2015080100100112,2015년 8월 1일 07시,토요일,경상북도 상주시 모동면,경상사고,0,0,1,0,차대차 - 정면충돌,교차로운행방법위반,건조,맑음,교차로 - 교차로안,승용,남,30세,상해없음,원동기,남,78세,경상
2015080100100113,2015년 8월 1일 07시,토요일,경상북도 구미시 공단동,중상사고,0,1,0,0,차대차 - 추돌 - 주정차중,안전운전불이행,건조,맑음,단일로 - 기타,원동기,남,31세,중상,승용,남,35세,상해없음
2015080100100136,2015년 8월 1일 08시,토요일,경상북도 경주시 노서동,중상사고,0,1,0,0,차대차 - 기타,안전운전불이행,건조,맑음,교차로 - 교차로안,승용,여,28세,상해없음,자전거,여,35세,중상
2015080100100137,2015년 8월 1일 08시,토요일,경상북도 청도군 이서면,경상사고,0,0,1,0,차대차 - 기타,직진우회전진행방해,건조,맑음,교차로 - 교차로안,화물,남,55세,상해없음,자전거,남,28세,경상
2015080100100152,2015년 8월 1일 09시,토요일,경상북도 영주시 상망동,중상사고,0,1,1,0,차대차 - 추돌 - 주정차중,안전운전불이행,건조,맑음,단일로 - 기타,화물,남,48세,경상,승합,남,59세,상해없음
2015080100100187,2015년 8월 1일 10시,토요일,경상북도 영덕군 영덕읍,중상사고,0,1,1,0,차대차 - 측면직각충돌,직진우회전진행방해,건조,맑음,교차로 - 교차로안,승용,남,49세,상해없음,승용,여,44세,중상
2015080100100188,2015년 8월 1일 10시,토요일,경상북도 구미시 신평동,경상사고,0,0,1,0,차대차 - 기타,신호위반,건조,맑음,교차로 - 교차로안,승용,남,42세,상해없음,승용,남,56세,경상
2015080100100222,2015년 8월 1일 11시,토요일,경상북도 포항시 북구 덕산동,중상사고,0,2,0,0,차대차 - 기타,중앙선침범,건조,맑음,단일로 - 기타,승용,남,58세,상해없음,승용,남,53세,중상
2015080100100223,2015년 8월 1일 11시,토요일,경상북도 포항시 북구 환호동,중상사고,0,1,0,0,차대차 - 기타,안전운전불이행,건조,맑음,단일로 - 기타,승용,남,77세,기타불명,승용,남,60세,중상
2015080100100224,2015년 8월 1일 11시,토요일,경상북도 영천시 완산동,경상사고,0,0,3,0,차대차 - 측면직각충돌,안전운전불이행,건조,맑음,단일로 - 기타,승용,여,51세,상해없음,승용,남,36세,상해없음
2015080100100225,2015년 8월 1일 11시,토요일,경상북도 구미시 송정동,경상사고,0,0,1,0,차대차 - 기타,안전운전불이행,건조,맑음,기타 - 기타,승용,남,26세,상해없음,승용,남,56세,경상
2015080100100259,2015년 8월 1일 12시,토요일,경상북도 안동시 성곡동,중상사고,0,2,4,0,차대차 - 측면직각충돌,안전운전불이행,건조,맑음,기타 - 기타,승용,남,62세,경상,승용,남,33세,경상
2015080100100260,2015년 8월 1일 12시,토요일,경상북도 영주시 영주동,경상사고,0,0,1,1,차대차 - 기타,안전운전불이행,건조,맑음,교차로 - 교차로안,승합,남,35세,경상,승용,남,57세,부상신고
2015080100100261,2015년 8월 1일 12시,토요일,경상북도 봉화군 봉화읍,경상사고,0,0,2,0,차대차 - 추돌 - 주정차중,안전운전불이행,건조,맑음,단일로 - 기타,승용,남,63세,상해없음,승용,남,27세,상해없음
2015080100100296,2015년 8월 1일 13시,토요일,경상북도 안동시 옥동,경상사고,0,0,1,0,차대사람 - 횡단중,보행자보호의무위반,건조,맑음,교차로 - 교차로부근,승용,남,27세,상해없음,보행자,남,50세,경상
2015080100100297,2015년 8월 1일 13시,토요일,경상북도 구미시 광평동,경상사고,0,0,1,0,차대차 - 기타,안전운전불이행,건조,맑음,단일로 - 기타,승용,남,50세,상해없음,승용,여,28세,경상