사고번호,사고일시,요일,시군구,사고내용,사망자수,중상자수,경상자수,부상신고자수,사고유형,법규위반,노면상태,기상상태,도로형태,가해운전자 차종,가해운전자 성별,가해운전자 연령,가해운전자 상해정도,피해운전자 차종,피해운전자 성별,피해운전자 연령,피해운전자 상해정도
2015081200100097,2015년 8월 12일 07시,수요일,경상북도 김천시 평화동,경상사고,0,0,3,0,차대차 - 측면직각충돌,안전운전불이행,습기,비,단일로 - 기타,승용,남,31세,상해없음,화물,남,54세,경상
2015081200100098,2015년 8월 12일 07시,수요일,경상북도 문경시 영신동,경상사고,0,0,2,0,차대차 - 측면직각충돌,안전운전불이행,건조,맑음,교차로 - 교차로안,승용,남,63세,경상,승용,남,41세,경상
2015081200100127,2015년 8월 12일 08시,수요일,경상북도 경주시 외동읍,중상사고,0,1,0,0,차대차 - 측면직각충돌,중앙선침범,습기,비,단일로 - 기타,화물,남,50세,상해없음,화물,남,44세,중상
2015081200100128,2015년 8월 12일 08시,수요일,경상북도 예천군 예천읍,경상사고,0,0,1,0,차대차 - 측면직각충돌,안전운전불이행,건조,흐림,단일로 - 기타,화물,남,64세,상해없음,자전거,남,18세,경상
2015081200100129,2015년 8월 12일 08시,수요일,경상북도 구미시 공단동,경상사고,0,0,1,0,차대차 - 기타,신호위반,습기,비,교차로 - 교차로안,화물,남,23세,상해없음,승용,남,33세,경상
2015081200100130,2015년 8월 12일 08시,수요일,경상북도 구미시 오태동,중상사고,0,1,0,0,차대차 - 기타,중앙선침범,습기,비,교차로 - 교차로부근,승용,여,33세,상해없음,승용,남,39세,중상
2015081200100131,2015년 8월 12일 08시,수요일,경상북도 구미시 공단동,경상사고,0,0,1,0,차대차 - 기타,신호위반,습기,비,교차로 - 교차로안,승합,남,56세,상해없음,승용,남,65세,경상
2015081200100157,2015년 8월 12일 09시,수요일,경상북도 경주시 성동동,중상사고,0,1,0,0,차대차 - 기타,안전운전불이행,습기,비,단일로 - 기타,승용,여,47세,상해없음,자전거,여,55세,중상
2015081200100158,2015년 8월 12일 09시,수요일,경상북도 김천시 조마면,중상사고,0,2,0,0,차대차 - 측면직각충돌,직진우회전진행방해,습기,비,교차로 - 교차로안,승용,남,55세,상해없음,이륜,남,77세,중상
2015081200100159,2015년 8월 12일 09시,수요일,경상북도 구미시 상모동,경상사고,0,0,1,0,차대사람 - 기타,중앙선침범,습기,비,교차로 - 교차로부근,승용,여,33세,상해없음,보행자,여,45세,경상
2015081200100160,2015년 8월 12일 09시,수요일,경상북도 구미시 임은동,부상신고사고,0,0,0,1,차대사람 - 기타,안전운전불이행,습기,비,단일로 - 기타,승용,남,46세,상해없음,보행자,남,85세,부상신고
2015081200100189,2015년 8월 12일 10시,수요일,경상북도 구미시 봉곡동,중상사고,0,1,0,0,차대차 - 기타,중앙선침범,습기,비,단일로 - 기타,화물,남,41세,상해없음,승용,남,51세,중상
2015081200100221,2015년 8월 12일 11시,수요일,경상북도 안동시 와룡면,경상사고,0,0,1,0,차대차 - 기타,안전운전불이행,건조,맑음,단일로 - 기타,승용,남,21세,상해없음,화물,여,57세,경상
2015081200100222,2015년 8월 12일 11시,수요일,경상북도 상주시 성동동,중상사고,0,1,0,0,차대사람 - 횡단중,보행자보호의무위반,건조,맑음,교차로 - 교차로안,이륜,남,84세,상해없음,보행자,남,49세,중상
2015081200100223,2015년 8월 12일 11시,수요일,경상북도 경산시 진량읍,경상사고,0,0,1,0,차대차 - 기타,안전거리미확보,습기,비,단일로 - 기타,화물,남,52세,경상,화물,남,47세,상해없음
2015081200100224,2015년 8월 12일 11시,수요일,경상북도 경산시 옥산동,경상사고,0,0,1,0,차량단독 - 공작물충돌,안전운전불이행,습기,비,단일로 - 기타,화물,남,51세,경상,,,,
2015081200100256,2015년 8월 12일 12시,수요일,경상북도 경주시 충효동,경상사고,0,0,2,0,차대차 - 기타,안전운전불이행,습기,비,교차로 - 교차로부근,화물,남,51세,상해없음,승용,여,39세,경상
2015081200100257,2015년 8월 12일 12시,수요일,경상북도 경산시 진량읍,경상사고,0,0,1,0,차대차 - 기타,안전운전불이행,건조,맑음,단일로 - 기타,화물,남,54세,기타불명,승용,남,30세,경상
2015081200100258,2015년 8월 12일 12시,수요일,경상북도 구미시 상모동,중상사고,0,1,0,0,차대사람 - 기타,보행자보호의무위반,적설,비,교차로 - 교차로안,승용,여,52세,상해없음,보행자,남,7세,중상
2015081200100289,2015년 8월 12일 13시,수요일,경상북도 구미시 원평동,부상신고사고,0,0,0,1,차대차 - 기타,안전운전불이행,적설,비,교차로 - 교차로안,이륜,남,47세,부상신고,승용,남,56세,상해없음
2015081200100322,2015년 8월 12일 14시,수요일,경상북도 경주시 동천동,경상사고,0,0,2,1,차대차 - 측면직각충돌,신호위반,습기,비,교차로 - 교차로안,이륜,남,72세,부상신고,승용,남,57세,경상
2015081200100323,2015년 8월 12일 14시,수요일,경상북도 경주시 노동동,경상사고,0,0,3,0,차대차 - 기타,안전운전불이행,건조,맑음,교차로 - 교차로안,승용,여,42세,상해없음,승용,남,36세,경상
2015081200100324,2015년 8월 12일 14시,수요일,경상북도 상주시 가장동,경상사고,0,0,1,0,차대사람 - 길가장자리구역통행중,안전운전불이행,건조,맑음,단일로 - 기타,승용,남,69세,상해없음,보행자,여,64세,경상
2015081200100325,2015년 8월 12일 14시,수요일,경상북도 영천시 금호읍,중상사고,0,1,0,0,차량단독 - 공작물충돌,과속,습기,비,단일로 - 기타,승용,남,63세,상해없음,,,,
2015081200100326,2015년 8월 12일 14시,수요일,경상북도 영덕군 달산면,중상사고,0,1,0,0,차대차 - 측면직각충돌,과속,습기,비,단일로 - 기타,화물,남,66세,상해없음,자전거,여,67세,중상
2015081200100360,2015년 8월 12일 15시,수요일,경상북도 영천시 고경면,중상사고,0,1,0,0,차량단독 - 공작물충돌,안전운전불이행,습기,비,단일로 - 기타,화물,남,36세,중상,,,,
2015081200100361,2015년 8월 12일 15시,수요일,경상북도 영천시 야사동,경상사고,0,0,1,0,차대차 - 측면직각충돌,안전운전불이행,건조,맑음,단일로 - 기타,승용,여,47세,상해없음,승용,여,45세,경상
2015081200100400,2015년 8월 12일 16시,수요일,경상북도 경산시 옥곡동,중상사고,0,1,0,0,차대차 - 기타,안전운전불이행,습기,비,단일로 - 기타,승용,여,41세,상해없음,이륜,남,51세,중상
2015081200100439,2015년 8월 12일 17시,수요일,경상북도 칠곡군 왜관읍,경상사고,0,0,1,0,차대차 - 기타,안전운전불이행,건조,맑음,교차로 - 교차로안,승용,여,39세,상해없음,승용,남,62세,상해없음
2015081200100440,2015년 8월 12일 17시,수요일,경상북도 칠곡군 왜관읍,중상사고,0,1,0,0,차대사람 - 기타,보행자보호의무위반,건조,맑음,교차로 - 교차로부근,승용,남,19세,상해없음,보행자,여,55세,중상
2015081200100441,2015년 8월 12일 17시,수요일,경상북도 예천군 용궁면,경상사고,0,0,1,0,차대차 - 추돌 - 진행중,안전운전불이행,건조,맑음,단일로 - 기타,화물,남,57세,상해없음,화물,남,68세,상해없음
2015081200100442,2015년 8월 12일 17시,수요일,경상북도 청도군 청도읍,경상사고,0,0,2,0,차대차 - 추돌 - 진행중,차로위반,습기,비,단일로 - 기타,승용,남,60세,경상,승용,남,44세,경상
2015081200100443,2015년 8월 12일 17시,수요일,경상북도 구미시 원평동,부상신고사고,0,0,0,1,차대차 - 기타,차로위반,건조,맑음,단일로 - 기타,승합,남,55세,상해없음,승용,남,33세,부상신고
2015081200100478,2015년 8월 12일 18시,수요일,경상북도 경주시 마동,중상사고,0,1,1,0,차대차 - 기타,안전운전불이행,습기,비,교차로 - 교차로부근,승용,여,22세,상해없음,승용,여,54세,경상
2015081200100479,2015년 8월 12일 18시,수요일,경상북도 문경시 산양면,경상사고,0,0,2,0,차대차 - 측면직각충돌,안전운전불이행,건조,맑음,교차로 - 교차로안,승용,남,75세,경상,화물,남,42세,경상
2015081200100480,2015년 8월 12일 18시,수요일,경상북도 경산시 진량읍,경상사고,0,0,1,0,차대차 - 기타,안전운전불이행,습기,비,단일로 - 기타,승용,여,18세,경상,승합,남,36세,상해없음
2015081200100481,2015년 8월 12일 18시,수요일,경상북도 고령군 쌍림면,경상사고,0,0,1,0,차대차 - 추돌 - 주정차중,안전운전불이행,습기,흐림,교차로 - 교차로안,승용,남,46세,상해없음,승용,남,44세,상해없음
2015081200100516,2015년 8월 12일 19시,수요일,경상북도 경주시 충효동,경상사고,0,0,1,0,차대차 - 기타,안전운전불이행,습기,비,교차로 - 교차로안,승용,남,36세,상해없음,이륜,남,52세,경상
2015081200100517,2015년 8월 12일 19시,수요일,경상북도 영천시 대창면,경상사고,0,0,1,0,차대차 - 측면직각충돌,교차로운행방법위반,습기,비,교차로 - 교차로안,승용,여,42세,상해없음,승용,여,39세,경상
2015081200100561,2015년 8월 12일 20시,수요일,경상북도 경산시 중방동,경상사고,0,0,1,0,차대차 - 기타,안전운전불이행,습기,비,단일로 - 기타,화물,남,46세,상해없음,승용,남,60세,경상
2015081200100562,2015년 8월 12일 20시,수요일,경상북도 경산시 사동,경상사고,0,0,1,0,차대차 - 기타,안전운전불이행,습기,비,단일로 - 기타,승용,남,55세,상해없음,승용,여,45세,경상
2015081200100597,2015년 8월 12일 21시,수요일,경상북도 안동시 풍산읍,경상사고,0,0,4,0,차대차 - 기타,안전운전불이행,건조,맑음,단일로 - 기타,승용,남,36세,상해없음,승용,여,28세,경상
2015081200100598,2015년 8월 12일 21시,수요일,경상북도 상주시 화서면,경상사고,0,0,1,0,차량단독 - 공작물충돌,안전운전불이행,건조,맑음,교차로 - 교차로안,화물,남,60세,상해없음,,,,
2015081200100599,2015년 8월 12일 21시,수요일,경상북도 포항시 남구 오천읍,부상신고사고,0,0,0,1,차대차 - 측면직각충돌,안전운전불이행,습기,비,단일로 - 기타,승용,남,44세,상해없음,이륜,남,16세,부상신고
2015081200100623,2015년 8월 12일 22시,수요일,경상북도 청도군 운문면,경상사고,0,0,1,0,차대차 - 측면직각충돌,안전운전불이행,습기,비,단일로 - 기타,화물,남,23세,경상,승용,여,34세,상해없음
2015081200100624,2015년 8월 12일 22시,수요일,경상북도 구미시 형곡동,경상사고,0,0,1,0,차대사람 - 기타,보행자보호의무위반,건조,맑음,단일로 - 횡단보도상,이륜,남,40세,상해없음,보행자,여,25세,경상
2015081200100625,2015년 8월 12일 22시,수요일,경상북도 포항시 남구 연일읍,중상사고,0,1,0,0,차대사람 - 기타,신호위반,습기,흐림,교차로 - 교차로안,승용,여,41세,상해없음,보행자,여,18세,중상
2015081200100654,2015년 8월 12일 23시,수요일,경상북도 영천시 금호읍,경상사고,0,0,1,0,차량단독 - 도로외이탈 - 기타,안전운전불이행,습기,비,단일로 - 기타,승용,남,23세,경상,,,,
2015081200100655,2015년 8월 12일 23시,수요일,경상북도 영천시 야사동,경상사고,0,0,1,0,차대차 - 측면직각충돌,교차로운행방법위반,건조,맑음,교차로 - 교차로안,원동기,남,36세,경상,승용,남,50세,상해없음
2015081300100018,2015년 8월 13일 00시,목요일,경상북도 포항시 남구 장기면,경상사고,0,0,1,0,차량단독 - 공작물충돌,안전운전불이행,습기,비,단일로 - 기타,승용,남,54세,경상,,,,
2015081300100037,2015년 8월 13일 01시,목요일,경상북도 안동시 옥동,중상사고,0,1,0,0,차대차 - 기타,중앙선침범,건조,맑음,단일로 - 기타,승용,여,45세,상해없음,승용,남,31세,중상
2015081300100075,2015년 8월 13일 05시,목요일,경상북도 구미시 도량동,경상사고,0,0,1,0,차대차 - 추돌 - 주정차중,안전운전불이행,건조,맑음,단일로 - 기타,화물,남,52세,상해없음,화물,남,50세,경상
2015081300100106,2015년 8월 13일 07시,목요일,경상북도 김천시 아포읍,중상사고,0,1,0,0,차대차 - 측면직각충돌,교차로운행방법위반,건조,맑음,교차로 - 교차로안,승합,남,53세,상해없음,자전거,남,30세,중상
2015081300100107,2015년 8월 13일 07시,목요일,경상북도 칠곡군 동명면,중상사고,0,1,0,0,차대차 - 기타,신호위반,건조,맑음,교차로 - 교차로안,승용,남,77세,상해없음,이륜,남,52세,중상
2015081300100108,2015년 8월 13일 07시,목요일,경상북도 포항시 남구 대도동,중상사고,0,1,0,0,차대차 - 정면충돌,안전운전불이행,건조,맑음,단일로 - 기타,승합,여,36세,상해없음,자전거,남,88세,중상
2015081300100136,2015년 8월 13일 08시,목요일,경상북도 영주시 가흥동,경상사고,0,0,1,0,차대차 - 측면직각충돌,안전거리미확보,건조,맑음,단일로 - 기타,승용,남,60세,상해없음,승용,남,62세,경상
2015081300100137,2015년 8월 13일 08시,목요일,경상북도 포항시 남구 상도동,경상사고,0,0,1,0,차대사람 - 기타,기타,건조,맑음,기타 - 기타,승합,남,53세,상해없음,보행자,여,59세,경상
2015081300100179,2015년 8월 13일 09시,목요일,경상북도 포항시 북구 창포동,경상사고,0,0,1,0,차대차 - 기타,안전운전불이행,건조,맑음,교차로 - 교차로부근,승용,남,62세,상해없음,승용,여,36세,경상
2015081300100180,2015년 8월 13일 09시,목요일,경상북도 영천시 도림동,중상사고,0,2,0,0,차대차 - 측면직각충돌,안전운전불이행,건조,맑음,교차로 - 교차로안,농기계,남,62세,상해없음,승용,남,36세,중상
2015081300100201,2015년 8월 13일 10시,목요일,경상북도 구미시 황상동,경상사고,0,0,1,0,차대차 - 기타,안전운전불이행,건조,맑음,단일로 - 기타,이륜,남,25세,상해없음,승용,남,54세,경상
2015081300100231,2015년 8월 13일 11시,목요일,경상북도 경산시 남산면,중상사고,0,1,0,0,차대차 - 기타,안전운전불이행,건조,맑음,교차로 - 교차로부근,화물,남,75세,상해없음,농기계,남,81세,중상
2015081300100232,2015년 8월 13일 11시,목요일,경상북도 포항시 남구 대송면,중상사고,0,1,0,0,차대사람 - 기타,중앙선침범,건조,맑음,교차로 - 교차로안,화물,남,44세,상해없음,보행자,남,36세,중상
2015081300100270,2015년 8월 13일 12시,목요일,경상북도 경주시 성동동,경상사고,0,0,1,0,차대사람 - 기타,안전운전불이행,건조,맑음,단일로 - 기타,승용,여,68세,상해없음,보행자,여,90세 이상,경상
2015081300100271,2015년 8월 13일 12시,목요일,경상북도 포항시 북구 남빈동,경상사고,0,0,1,0,차대사람 - 길가장자리구역통행중,안전운전불이행,건조,맑음,단일로 - 기타,승용,기타불명,기타불명,기타불명,보행자,여,66세,경상
2015081300100300,2015년 8월 13일 13시,목요일,경상북도 구미시 고아읍,중상사고,0,1,0,0,차대차 - 기타,신호위반,건조,맑음,교차로 - 교차로안,화물,남,59세,상해없음,승용,여,51세,중상
2015081300100334,2015년 8월 13일 14시,목요일,경상북도 구미시 원평동,중상사고,0,1,0,0,차량단독 - 기타,안전운전불이행,건조,맑음,단일로 - 기타,승용,여,39세,중상,,,,
2015081300100371,2015년 8월 13일 15시,목요일,경상북도 성주군 월항면,중상사고,0,2,0,0,차대차 - 기타,안전운전불이행,건조,맑음,단일로 - 기타,화물,남,46세,상해없음,원동기,남,82세,중상
2015081300100407,2015년 8월 13일 16시,목요일,경상북도 칠곡군 북삼읍,경상사고,0,0,2,0,차대차 - 측면직각충돌,안전운전불이행,습기,비,단일로 - 횡단보도부근,승용,남,49세,상해없음,승용,여,36세,경상
2015081300100408,2015년 8월 13일 16시,목요일,경상북도 구미시 신평동,경상사고,0,0,1,0,차대차 - 기타,안전운전불이행,건조,맑음,교차로 - 교차로부근,승용,여,23세,상해없음,승합,여,48세,경상
2015081300100409,2015년 8월 13일 16시,목요일,경상북도 포항시 남구 연일읍,경상사고,0,0,3,0,차대차 - 측면직각충돌,안전운전불이행,건조,맑음,단일로 - 기타,승용,남,34세,상해없음,승용,남,46세,경상
2015081300100442,2015년 8월 13일 17시,목요일,경상북도 경산시 중방동,경상사고,0,0,1,0,차대사람 - 기타,안전운전불이행,건조,맑음,단일로 - 기타,승용,여,41세,상해없음,보행자,여,36세,경상
2015081300100495,2015년 8월 13일 18시,목요일,경상북도 경주시 동부동,경상사고,0,0,1,0,차대차 - 기타,안전거리미확보,건조,맑음,단일로 - 기타,화물,남,54세,상해없음,이륜,남,72세,경상
2015081300100496,2015년 8월 13일 18시,목요일,경상북도 포항시 북구 학산동,중상사고,0,1,0,0,차대차 - 기타,안전운전불이행,건조,맑음,단일로 - 기타,승용,여,49세,상해없음,원동기,남,43세,중상
2015081300100497,2015년 8월 13일 18시,목요일,경상북도 포항시 북구 장성동,중상사고,0,1,0,0,차대차 - 기타,직진우회전진행방해,건조,맑음,단일로 - 기타,승용,남,55세,상해없음,승합,남,42세,중상
2015081300100498,2015년 8월 13일 18시,목요일,경상북도 구미시 신평동,경상사고,0,0,5,0,차대차 - 측면직각충돌,중앙선침범,습기,비,교차로 - 교차로부근,승용,남,50세,상해없음,승용,남,40세,경상
2015081300100499,2015년 8월 13일 18시,목요일,경상북도 구미시 공단동,경상사고,0,0,1,0,차대차 - 기타,안전운전불이행,건조,맑음,교차로 - 교차로부근,승용,여,23세,상해없음,승용,남,47세,경상
2015081300100541,2015년 8월 13일 19시,목요일,경상북도 포항시 북구 우현동,중상사고,0,1,0,0,차대차 - 기타,신호위반,건조,맑음,교차로 - 교차로안,승용,남,35세,상해없음,원동기,남,35세,중상
2015081300100542,2015년 8월 13일 19시,목요일,경상북도 포항시 북구 양덕동,경상사고,0,0,1,0,차대차 - 측면직각충돌,교차로운행방법위반,건조,맑음,교차로 - 교차로부근,승용,남,36세,상해없음,원동기,남,44세,경상
2015081300100543,2015년 8월 13일 19시,목요일,경상북도 안동시 당북동,경상사고,0,0,1,0,차대차 - 기타,직진우회전진행방해,건조,맑음,교차로 - 교차로안,승합,남,53세,상해없음,화물,남,45세,경상
2015081300100544,2015년 8월 13일 19시,목요일,경상북도 안동시 송현동,경상사고,0,0,1,0,차대차 - 기타,안전운전불이행,건조,맑음,단일로 - 기타,이륜,남,65세,경상,승용,남,46세,상해없음
2015081300100545,2015년 8월 13일 19시,목요일,경상북도 청도군 화양읍,중상사고,0,1,0,0,차대차 - 측면직각충돌,직진우회전진행방해,습기,비,교차로 - 교차로안,승용,남,58세,상해없음,농기계,남,75세,중상
2015081300100546,2015년 8월 13일 19시,목요일,경상북도 성주군 성주읍,경상사고,0,0,3,0,차대차 - 측면직각충돌,안전운전불이행,습기,비,교차로 - 교차로안,승용,여,54세,경상,승용,여,45세,경상
2015081300100547,2015년 8월 13일 19시,목요일,경상북도 구미시 광평동,부상신고사고,0,0,0,1,차대차 - 측면직각충돌,안전운전불이행,습기,비,단일로 - 기타,승용,남,30세,상해없음,승용,남,23세,부상신고
2015081300100548,2015년 8월 13일 19시,목요일,경상북도 구미시 원평동,경상사고,0,0,1,0,차대차 - 기타,안전운전불이행,습기,기타,단일로 - 기타,화물,남,57세,상해없음,승용,여,44세,경상
2015081300100585,2015년 8월 13일 20시,목요일,경상북도 경주시 황오동,중상사고,0,1,0,0,차대사람 - 기타,안전운전불이행,건조,맑음,교차로 - 교차로부근,원동기,남,20세,상해없음,보행자,여,62세,중상
2015081300100586,2015년 8월 13일 20시,목요일,경상북도 경주시 외동읍,중상사고,0,1,1,0,차대차 - 기타,신호위반,건조,맑음,교차로 - 교차로안,승용,남,56세,중상,화물,남,43세,경상
2015081300100587,2015년 8월 13일 20시,목요일,경상북도 안동시 운흥동,경상사고,0,0,1,0,차대차 - 추돌 - 진행중,안전운전불이행,건조,맑음,교차로 - 교차로안,승용,여,34세,상해없음,화물,남,50세,경상
2015081300100588,2015년 8월 13일 20시,목요일,경상북도 구미시 공단동,중상사고,0,2,1,0,차대차 - 기타,안전운전불이행,습기,비,단일로 - 교량,승용,남,39세,상해없음,승용,여,39세,상해없음
2015081300100628,2015년 8월 13일 21시,목요일,경상북도 영주시 하망동,경상사고,0,0,1,0,차대차 - 기타,안전운전불이행,건조,맑음,교차로 - 교차로안,승용,남,26세,상해없음,승합,남,41세,상해없음
2015081300100629,2015년 8월 13일 21시,목요일,경상북도 포항시 남구 연일읍,경상사고,0,0,1,0,차대차 - 기타,안전운전불이행,건조,맑음,단일로 - 기타,승용,남,22세,상해없음,자전거,여,49세,경상
2015081300100655,2015년 8월 13일 22시,목요일,경상북도 안동시 서후면,경상사고,0,0,2,0,차대차 - 추돌 - 주정차중,안전거리미확보,습기,비,교차로 - 교차로부근,승용,남,41세,상해없음,승용,남,33세,경상
2015081300100656,2015년 8월 13일 22시,목요일,경상북도 문경시 모전동,중상사고,0,1,0,0,차대차 - 기타,안전운전불이행,건조,맑음,교차로 - 교차로안,승용,남,47세,상해없음,이륜,남,17세,상해없음
2015081300100657,2015년 8월 13일 22시,목요일,경상북도 청송군 진보면,중상사고,0,3,0,0,차대차 - 정면충돌,중앙선침범,습기,비,단일로 - 기타,승용,여,54세,중상,화물,남,42세,상해없음
2015081300100658,2015년 8월 13일 22시,목요일,경상북도 구미시 도량동,중상사고,0,1,0,0,차대차 - 기타,교차로운행방법위반,습기,기타,교차로 - 교차로안,승용,남,28세,상해없음,승용,여,46세,중상
2015081300100659,2015년 8월 13일 22시,목요일,경상북도 포항시 남구 해도동,경상사고,0,0,1,0,차대차 - 기타,안전운전불이행,건조,맑음,교차로 - 교차로안,원동기,남,18세,경상,승용,남,46세,상해없음
2015081300100693,2015년 8월 13일 23시,목요일,경상북도 경주시 안강읍,경상사고,0,0,1,0,차량단독 - 기타,안전운전불이행,습기,비,단일로 - 기타,승용,여,22세,경상,,,,
2015081300100694,2015년 8월 13일 23시,목요일,경상북도 칠곡군 석적읍,경상사고,0,0,1,0,차대차 - 정면충돌,중앙선침범,건조,맑음,단일로 - 기타,화물,남,40세,상해없음,승용,남,47세,경상
2015081300100695,2015년 8월 13일 23시,목요일,경상북도 영천시 금노동,중상사고,0,1,0,0,차대사람 - 차도통행중,안전운전불이행,건조,맑음,단일로 - 기타,화물,남,24세,상해없음,보행자,남,31세,중상
2015081400100020,2015년 8월 14일 00시,금요일,경상북도 경산시 중산동,경상사고,0,0,2,0,차대차 - 기타,안전운전불이행,습기,흐림,단일로 - 기타,승용,남,48세,상해없음,승용,남,29세,경상
2015081400100062,2015년 8월 14일 02시,금요일,경상북도 안동시 송현동,중상사고,0,1,1,0,차대차 - 기타,중앙선침범,건조,맑음,단일로 - 기타,승용,남,44세,경상,화물,남,47세,중상
2015081400100063,2015년 8월 14일 02시,금요일,경상북도 구미시 황상동,중상사고,0,1,0,0,차량단독 - 공작물충돌,안전운전불이행,건조,맑음,교차로 - 교차로안,승용,여,25세,중상,,,,
2015081400100096,2015년 8월 14일 05시,금요일,경상북도 경주시 안강읍,중상사고,0,2,1,0,차량단독 - 공작물충돌,안전운전불이행,건조,맑음,단일로 - 기타,승용,남,23세,경상,,,,
2015081400100097,2015년 8월 14일 05시,금요일,경상북도 경산시 하양읍,경상사고,0,0,1,0,차대차 - 기타,교차로운행방법위반,습기,흐림,단일로 - 기타,승용,남,59세,상해없음,자전거,남,86세,경상
2015081400100098,2015년 8월 14일 05시,금요일,경상북도 구미시 인의동,경상사고,0,0,2,0,차대차 - 기타,교차로운행방법위반,건조,맑음,교차로 - 교차로안,원동기,남,16세,경상,승용,남,30세,경상
2015081400100151,2015년 8월 14일 08시,금요일,경상북도 경주시 안강읍,경상사고,0,0,1,0,차대사람 - 기타,안전운전불이행,건조,맑음,단일로 - 기타,승용,여,55세,상해없음,보행자,남,76세,경상
2015081400100179,2015년 8월 14일 09시,금요일,경상북도 경주시 황성동,경상사고,0,0,1,0,차대차 - 측면직각충돌,안전운전불이행,건조,맑음,단일로 - 기타,원동기,남,23세,경상,승용,남,34세,상해없음
2015081400100180,2015년 8월 14일 09시,금요일,경상북도 영주시 안정면,경상사고,0,0,1,0,차대사람 - 기타,안전운전불이행,건조,맑음,단일로 - 기타,승합,남,53세,상해없음,보행자,여,79세,경상
2015081400100209,2015년 8월 14일 10시,금요일,경상북도 청송군 현동면,중상사고,0,1,0,0,차대차 - 측면직각충돌,안전운전불이행,건조,맑음,단일로 - 기타,승용,여,46세,상해없음,자전거,여,77세,중상
2015081400100239,2015년 8월 14일 11시,금요일,경상북도 김천시 남산동,경상사고,0,0,2,0,차대차 - 추돌 - 진행중,직진우회전진행방해,건조,맑음,교차로 - 교차로안,승용,남,27세,상해없음,승용,남,58세,상해없음
2015081400100240,2015년 8월 14일 11시,금요일,경상북도 문경시 흥덕동,중상사고,0,1,1,0,차대차 - 기타,교차로운행방법위반,건조,맑음,교차로 - 교차로안,승용,여,30세,경상,이륜,남,81세,중상
2015081400100319,2015년 8월 14일 13시,금요일,경상북도 포항시 북구 흥해읍,경상사고,0,0,1,0,차대차 - 기타,신호위반,건조,맑음,단일로 - 횡단보도상,승용,기타불명,기타불명,기타불명,자전거,남,15세,경상
2015081400100320,2015년 8월 14일 13시,금요일,경상북도 안동시 풍천면,경상사고,0,0,2,0,차대차 - 기타,과속,건조,맑음,단일로 - 기타,화물,남,51세,상해없음,승용,남,67세,경상
2015081400100321,2015년 8월 14일 13시,금요일,경상북도 안동시 풍산읍,중상사고,0,2,0,0,차대차 - 기타,차로위반,건조,맑음,단일로 - 기타,화물,남,41세,상해없음,승용,남,27세,중상
2015081400100322,2015년 8월 14일 13시,금요일,경상북도 상주시 신봉동,중상사고,0,1,0,0,차대차 - 기타,안전운전불이행,건조,맑음,단일로 - 기타,승용,남,41세,상해없음,자전거,남,16세,중상
2015081400100323,2015년 8월 14일 13시,금요일,경상북도 경산시 백천동,중상사고,0,1,0,0,차대사람 - 기타,안전운전불이행,건조,맑음,기타 - 기타,승용,남,31세,상해없음,보행자,여,76세,중상
2015081400100324,2015년 8월 14일 13시,금요일,경상북도 김천시 아포읍,경상사고,0,0,5,0,차대차 - 기타,기타,건조,맑음,기타 - 기타,승용,남,46세,경상,특수,남,42세,경상
2015081400100359,2015년 8월 14일 14시,금요일,경상북도 경주시 천군동,경상사고,0,0,4,1,차대차 - 기타,중앙선침범,건조,맑음,교차로 - 교차로안,승용,남,56세,부상신고,승용,남,31세,상해없음
2015081400100394,2015년 8월 14일 15시,금요일,경상북도 포항시 북구 덕산동,중상사고,0,1,0,0,차대사람 - 기타,안전운전불이행,건조,맑음,단일로 - 기타,승용,여,44세,상해없음,보행자,여,69세,중상
2015081400100395,2015년 8월 14일 15시,금요일,경상북도 포항시 북구 양덕동,중상사고,0,1,1,0,차대차 - 기타,중앙선침범,건조,맑음,교차로 - 교차로안,원동기,남,17세,경상,승용,여,35세,상해없음
2015081400100396,2015년 8월 14일 15시,금요일,경상북도 영천시 금호읍,중상사고,0,1,2,0,차대차 - 측면직각충돌,교차로운행방법위반,건조,맑음,교차로 - 교차로안,승합,남,57세,경상,화물,남,37세,경상
2015081400100397,2015년 8월 14일 15시,금요일,경상북도 예천군 보문면,경상사고,0,0,3,0,차대차 - 측면직각충돌,안전운전불이행,건조,맑음,단일로 - 기타,원동기,남,56세,경상,승용,남,61세,상해없음
2015081400100398,2015년 8월 14일 15시,금요일,경상북도 울진군 후포면,부상신고사고,0,0,0,1,차대차 - 기타,안전운전불이행,건조,맑음,교차로 - 교차로안,원동기,남,17세,부상신고,화물,남,49세,상해없음
2015081400100399,2015년 8월 14일 15시,금요일,경상북도 청송군 파천면,중상사고,0,4,1,0,차대차 - 정면충돌,중앙선침범,건조,맑음,단일로 - 기타,승합,남,43세,상해없음,승용,남,32세,중상
2015081400100442,2015년 8월 14일 16시,금요일,경상북도 상주시 냉림동,경상사고,0,0,1,0,차대사람 - 보도통행중,안전운전불이행,건조,맑음,교차로 - 교차로부근,화물,남,58세,상해없음,보행자,여,26세,경상