사고번호,사고일시,요일,시군구,사고내용,사망자수,중상자수,경상자수,부상신고자수,사고유형,법규위반,노면상태,기상상태,도로형태,가해운전자 차종,가해운전자 성별,가해운전자 연령,가해운전자 상해정도,피해운전자 차종,피해운전자 성별,피해운전자 연령,피해운전자 상해정도
2015081400100443,2015년 8월 14일 16시,금요일,경상북도 문경시 점촌동,경상사고,0,0,1,0,차대사람 - 횡단중,안전운전불이행,건조,맑음,단일로 - 기타,승용,남,21세,상해없음,보행자,여,5세,경상
2015081400100444,2015년 8월 14일 16시,금요일,경상북도 문경시 영순면,경상사고,0,0,1,0,차량단독 - 도로외이탈 - 기타,안전운전불이행,건조,맑음,단일로 - 기타,승합,남,54세,상해없음,,,,
2015081400100445,2015년 8월 14일 16시,금요일,경상북도 문경시 문경읍,경상사고,0,0,1,0,차대차 - 정면충돌,중앙선침범,건조,맑음,단일로 - 기타,승용,남,44세,상해없음,승용,남,32세,경상
2015081400100446,2015년 8월 14일 16시,금요일,경상북도 영덕군 강구면,경상사고,0,0,3,0,차대차 - 추돌 - 진행중,안전거리미확보,건조,맑음,단일로 - 기타,승용,여,46세,상해없음,승용,여,34세,경상
2015081400100479,2015년 8월 14일 17시,금요일,경상북도 경주시 탑동,경상사고,0,0,1,0,차대차 - 기타,안전운전불이행,습기,비,단일로 - 기타,화물,남,61세,상해없음,승용,남,28세,경상
2015081400100480,2015년 8월 14일 17시,금요일,경상북도 김천시 양천동,경상사고,0,0,1,0,차대차 - 측면직각충돌,중앙선침범,건조,맑음,단일로 - 기타,이륜,남,67세,경상,화물,여,67세,상해없음
2015081400100481,2015년 8월 14일 17시,금요일,경상북도 상주시 성하동,경상사고,0,0,1,0,차대차 - 측면직각충돌,교차로운행방법위반,건조,맑음,교차로 - 교차로안,이륜,여,79세,경상,승용,남,35세,상해없음
2015081400100482,2015년 8월 14일 17시,금요일,경상북도 상주시 만산동,경상사고,0,0,1,0,차대차 - 추돌 - 진행중,안전거리미확보,건조,맑음,단일로 - 기타,특수,남,54세,상해없음,기타불명,기타불명,기타불명,기타불명
2015081400100483,2015년 8월 14일 17시,금요일,경상북도 영천시 금호읍,경상사고,0,0,1,0,차대차 - 추돌 - 진행중,안전운전불이행,건조,맑음,교차로 - 교차로안,승용,남,43세,상해없음,승용,여,67세,경상
2015081400100484,2015년 8월 14일 17시,금요일,경상북도 청도군 운문면,중상사고,0,1,0,0,차대차 - 측면직각충돌,직진우회전진행방해,건조,맑음,교차로 - 교차로안,승용,남,58세,상해없음,승용,여,41세,중상
2015081400100485,2015년 8월 14일 17시,금요일,경상북도 구미시 옥성면,경상사고,0,0,4,0,차대차 - 추돌 - 진행중,안전운전불이행,건조,맑음,단일로 - 기타,승용,남,53세,기타불명,승용,남,43세,경상
2015081400100515,2015년 8월 14일 18시,금요일,경상북도 경주시 천군동,경상사고,0,0,1,0,차대차 - 기타,안전거리미확보,습기,흐림,단일로 - 기타,승용,남,24세,상해없음,승용,여,54세,경상
2015081400100516,2015년 8월 14일 18시,금요일,경상북도 상주시 서성동,중상사고,0,1,0,0,차대차 - 측면직각충돌,중앙선침범,건조,맑음,단일로 - 기타,자전거,여,73세,중상,원동기,남,31세,상해없음
2015081400100517,2015년 8월 14일 18시,금요일,경상북도 경산시 중방동,경상사고,0,0,1,0,차대사람 - 기타,안전운전불이행,건조,맑음,단일로 - 기타,승용,남,70세,상해없음,보행자,남,21세,경상
2015081400100552,2015년 8월 14일 19시,금요일,경상북도 경주시 하동,경상사고,0,0,2,0,차대차 - 기타,안전운전불이행,건조,맑음,단일로 - 기타,승용,여,28세,상해없음,승용,남,27세,경상
2015081400100553,2015년 8월 14일 19시,금요일,경상북도 영주시 봉현면,경상사고,0,0,1,0,차대차 - 기타,안전운전불이행,건조,맑음,교차로 - 교차로안,화물,여,54세,상해없음,승용,남,36세,경상
2015081400100554,2015년 8월 14일 19시,금요일,경상북도 칠곡군 왜관읍,중상사고,0,1,1,1,차대차 - 기타,교차로운행방법위반,건조,맑음,교차로 - 교차로안,승용,여,51세,부상신고,화물,남,46세,경상
2015081400100591,2015년 8월 14일 20시,금요일,경상북도 안동시 수상동,중상사고,0,1,2,0,차대차 - 기타,안전운전불이행,건조,맑음,교차로 - 교차로안,화물,남,60세,상해없음,승용,남,65세,경상
2015081400100592,2015년 8월 14일 20시,금요일,경상북도 영주시 풍기읍,경상사고,0,0,1,0,차대차 - 추돌 - 진행중,안전운전불이행,건조,맑음,교차로 - 교차로안,이륜,남,22세,경상,승용,남,49세,상해없음
2015081400100593,2015년 8월 14일 20시,금요일,경상북도 칠곡군 동명면,부상신고사고,0,0,0,1,차대차 - 정면충돌,안전운전불이행,건조,맑음,단일로 - 기타,이륜,남,55세,부상신고,화물,남,39세,상해없음
2015081400100594,2015년 8월 14일 20시,금요일,경상북도 경산시 계양동,경상사고,0,0,2,0,차대차 - 기타,안전운전불이행,건조,맑음,단일로 - 기타,이륜,남,22세,경상,승용,남,37세,경상
2015081400100595,2015년 8월 14일 20시,금요일,경상북도 구미시 원평동,중상사고,0,1,0,0,차대차 - 추돌 - 진행중,안전운전불이행,건조,흐림,교차로 - 교차로부근,이륜,여,44세,상해없음,이륜,남,21세,중상
2015081400100596,2015년 8월 14일 20시,금요일,경상북도 구미시 송정동,중상사고,0,1,0,0,차대차 - 측면직각충돌,신호위반,건조,맑음,교차로 - 교차로부근,승용,남,40세,상해없음,자전거,남,65세,중상
2015081400100631,2015년 8월 14일 21시,금요일,경상북도 경산시 옥산동,경상사고,0,0,1,0,차대차 - 기타,안전운전불이행,건조,맑음,교차로 - 교차로부근,승용,남,48세,상해없음,이륜,남,48세,경상
2015081400100632,2015년 8월 14일 21시,금요일,경상북도 구미시 공단동,부상신고사고,0,0,0,1,차대차 - 기타,안전운전불이행,건조,맑음,단일로 - 기타,승용,남,23세,부상신고,승용,남,33세,상해없음
2015081400100660,2015년 8월 14일 22시,금요일,경상북도 칠곡군 왜관읍,경상사고,0,0,2,0,차대차 - 기타,직진우회전진행방해,건조,맑음,교차로 - 교차로안,승용,남,26세,상해없음,승용,여,53세,경상
2015081400100661,2015년 8월 14일 22시,금요일,경상북도 포항시 남구 일월동,중상사고,0,1,0,0,차대차 - 추돌 - 주정차중,안전운전불이행,건조,맑음,단일로 - 기타,화물,남,44세,중상,화물,남,35세,기타불명
2015081400100686,2015년 8월 14일 23시,금요일,경상북도 안동시 옥동,중상사고,0,1,0,0,차대차 - 기타,중앙선침범,건조,맑음,단일로 - 횡단보도부근,승용,남,31세,상해없음,원동기,남,17세,중상
2015081400100687,2015년 8월 14일 23시,금요일,경상북도 영천시 청통면,경상사고,0,0,1,0,차량단독 - 공작물충돌,안전운전불이행,건조,맑음,단일로 - 기타,승용,남,22세,경상,,,,
2015081500100020,2015년 8월 15일 00시,토요일,경상북도 경주시 배반동,경상사고,0,0,1,0,차대차 - 기타,안전운전불이행,건조,맑음,단일로 - 기타,승용,남,27세,상해없음,승용,남,28세,경상
2015081500100053,2015년 8월 15일 02시,토요일,경상북도 안동시 정하동,중상사고,0,2,4,0,차대차 - 기타,직진우회전진행방해,건조,맑음,교차로 - 교차로안,승용,여,53세,경상,승용,남,39세,경상
2015081500100054,2015년 8월 15일 02시,토요일,경상북도 포항시 남구 동해면,중상사고,0,1,0,0,차대사람 - 기타,안전운전불이행,건조,맑음,단일로 - 기타,승용,남,45세,상해없음,보행자,남,45세,중상
2015081500100108,2015년 8월 15일 06시,토요일,경상북도 구미시 상모동,중상사고,0,1,0,0,차대차 - 기타,안전운전불이행,건조,맑음,교차로 - 교차로안,승용,남,54세,상해없음,승용,남,54세,상해없음
2015081500100121,2015년 8월 15일 07시,토요일,경상북도 구미시 원평동,중상사고,0,1,0,0,차량단독 - 공작물충돌,안전운전불이행,건조,맑음,단일로 - 기타,승용,남,26세,중상,,,,
2015081500100135,2015년 8월 15일 08시,토요일,경상북도 포항시 북구 죽도동,경상사고,0,0,2,0,차대사람 - 기타,안전운전불이행,건조,맑음,단일로 - 기타,승용,여,62세,상해없음,보행자,여,64세,경상
2015081500100136,2015년 8월 15일 08시,토요일,경상북도 포항시 북구 죽장면,경상사고,0,0,1,0,차대차 - 기타,중앙선침범,건조,맑음,단일로 - 기타,승용,남,73세,상해없음,승용,여,38세,경상
2015081500100137,2015년 8월 15일 08시,토요일,경상북도 고령군 성산면,경상사고,0,0,1,0,차대차 - 측면직각충돌,안전운전불이행,건조,맑음,교차로 - 교차로안,승용,여,56세,경상,화물,남,60세,상해없음
2015081500100189,2015년 8월 15일 10시,토요일,경상북도 포항시 북구 동빈2가,경상사고,0,0,3,0,차대차 - 기타,신호위반,건조,맑음,교차로 - 교차로안,승용,여,38세,경상,승용,남,50세,경상
2015081500100190,2015년 8월 15일 10시,토요일,경상북도 김천시 신음동,중상사고,0,1,0,0,차대차 - 측면직각충돌,불법유턴,건조,맑음,교차로 - 교차로부근,승용,남,41세,상해없음,이륜,남,72세,중상
2015081500100215,2015년 8월 15일 11시,토요일,경상북도 경주시 율동,경상사고,0,0,8,0,차대차 - 추돌 - 진행중,안전운전불이행,건조,맑음,단일로 - 기타,승용,남,55세,경상,승용,남,57세,경상
2015081500100242,2015년 8월 15일 12시,토요일,경상북도 영천시 화남면,중상사고,0,1,0,0,차대차 - 측면직각충돌,교차로운행방법위반,건조,맑음,교차로 - 교차로안,화물,남,48세,상해없음,승용,남,64세,중상
2015081500100269,2015년 8월 15일 13시,토요일,경상북도 경주시 내남면,중상사고,0,1,2,0,차대차 - 기타,안전거리미확보,건조,맑음,교차로 - 교차로부근,화물,남,44세,상해없음,승용,남,35세,중상
2015081500100270,2015년 8월 15일 13시,토요일,경상북도 포항시 북구 양덕동,경상사고,0,0,4,0,차대차 - 추돌 - 주정차중,안전운전불이행,건조,맑음,교차로 - 교차로부근,승용,여,34세,상해없음,승용,남,65세,경상
2015081500100271,2015년 8월 15일 13시,토요일,경상북도 포항시 북구 흥해읍,경상사고,0,0,2,0,차대차 - 기타,안전운전불이행,건조,맑음,단일로 - 기타,승용,남,30세,상해없음,승합,남,42세,경상
2015081500100272,2015년 8월 15일 13시,토요일,경상북도 안동시 수상동,중상사고,0,1,0,0,차대차 - 기타,안전운전불이행,건조,맑음,교차로 - 교차로안,화물,남,64세,상해없음,이륜,남,19세,중상
2015081500100273,2015년 8월 15일 13시,토요일,경상북도 고령군 성산면,중상사고,0,1,0,0,차대차 - 추돌 - 주정차중,안전운전불이행,건조,맑음,단일로 - 기타,승용,여,57세,중상,승용,남,43세,기타불명
2015081500100274,2015년 8월 15일 13시,토요일,경상북도 경주시 율동,경상사고,0,0,3,0,차대차 - 추돌 - 주정차중,안전운전불이행,건조,맑음,단일로 - 기타,승용,남,18세,상해없음,승용,여,22세,경상
2015081500100297,2015년 8월 15일 14시,토요일,경상북도 포항시 북구 죽도동,경상사고,0,0,2,0,차대차 - 측면직각충돌,안전운전불이행,건조,맑음,단일로 - 기타,승용,여,53세,경상,승용,남,41세,경상
2015081500100298,2015년 8월 15일 14시,토요일,경상북도 포항시 북구 흥해읍,경상사고,0,0,1,0,차대차 - 기타,안전운전불이행,건조,맑음,단일로 - 기타,승용,남,29세,상해없음,승용,여,22세,경상
2015081500100299,2015년 8월 15일 14시,토요일,경상북도 상주시 인봉동,중상사고,0,1,0,0,차대차 - 정면충돌,중앙선침범,건조,맑음,교차로 - 교차로부근,원동기,여,57세,중상,승용,여,44세,상해없음
2015081500100320,2015년 8월 15일 15시,토요일,경상북도 경주시 천북면,중상사고,0,1,0,0,차대차 - 기타,안전운전불이행,건조,맑음,교차로 - 교차로안,농기계,남,78세,중상,승용,남,51세,상해없음
2015081500100321,2015년 8월 15일 15시,토요일,경상북도 영덕군 창수면,중상사고,0,1,0,0,차대차 - 측면직각충돌,안전거리미확보,건조,맑음,단일로 - 기타,승용,여,42세,상해없음,원동기,남,78세,중상
2015081500100347,2015년 8월 15일 16시,토요일,경상북도 안동시 풍산읍,경상사고,0,0,1,0,차대차 - 기타,직진우회전진행방해,건조,맑음,교차로 - 교차로안,화물,남,57세,상해없음,이륜,남,76세,경상
2015081500100348,2015년 8월 15일 16시,토요일,경상북도 안동시 서후면,경상사고,0,0,2,0,차대차 - 기타,기타,건조,맑음,교차로 - 교차로안,화물,여,61세,상해없음,승용,여,38세,경상
2015081500100349,2015년 8월 15일 16시,토요일,경상북도 안동시 옥동,경상사고,0,0,1,0,차대사람 - 기타,안전운전불이행,건조,맑음,교차로 - 교차로부근,승용,남,22세,상해없음,보행자,남,48세,경상
2015081500100350,2015년 8월 15일 16시,토요일,경상북도 봉화군 법전면,중상사고,0,1,1,0,차대차 - 측면직각충돌,안전운전불이행,건조,맑음,교차로 - 교차로안,승용,남,60세,상해없음,승용,남,46세,경상
2015081500100351,2015년 8월 15일 16시,토요일,경상북도 울진군 울진읍,중상사고,0,1,0,0,차량단독 - 전도전복,안전운전불이행,건조,맑음,단일로 - 기타,화물,남,70세,상해없음,,,,
2015081500100388,2015년 8월 15일 17시,토요일,경상북도 경주시 노동동,경상사고,0,0,2,0,차대차 - 측면직각충돌,교차로운행방법위반,건조,맑음,교차로 - 교차로안,화물,기타불명,기타불명,기타불명,승용,남,23세,경상
2015081500100412,2015년 8월 15일 18시,토요일,경상북도 칠곡군 가산면,중상사고,0,1,1,0,차대차 - 추돌 - 진행중,안전운전불이행,건조,맑음,단일로 - 기타,승용,남,44세,상해없음,승용,남,60세,중상
2015081500100413,2015년 8월 15일 18시,토요일,경상북도 문경시 불정동,중상사고,0,5,0,0,차량단독 - 도로외이탈 - 추락,안전운전불이행,건조,맑음,단일로 - 교량,승용,남,44세,중상,,,,
2015081500100447,2015년 8월 15일 19시,토요일,경상북도 상주시 냉림동,중상사고,0,1,0,0,차대차 - 측면직각충돌,교차로운행방법위반,건조,맑음,교차로 - 교차로안,승용,여,43세,상해없음,원동기,남,40세,중상
2015081500100448,2015년 8월 15일 19시,토요일,경상북도 군위군 의흥면,사망사고,2,0,0,0,차량단독 - 공작물충돌,안전운전불이행,건조,맑음,단일로 - 기타,화물,남,59세,상해없음,,,,
2015081500100449,2015년 8월 15일 19시,토요일,경상북도 포항시 남구 해도동,경상사고,0,0,2,0,차량단독 - 기타,안전운전불이행,건조,맑음,단일로 - 기타,원동기,남,68세,경상,,,,
2015081500100492,2015년 8월 15일 20시,토요일,경상북도 경산시 대동,경상사고,0,0,1,0,차대차 - 기타,안전운전불이행,건조,맑음,단일로 - 기타,승용,남,32세,상해없음,자전거,남,25세,경상
2015081500100524,2015년 8월 15일 21시,토요일,경상북도 안동시 옥동,중상사고,0,2,3,0,차대차 - 기타,직진우회전진행방해,건조,맑음,교차로 - 교차로안,승용,남,20세,경상,승용,남,51세,경상
2015081500100548,2015년 8월 15일 22시,토요일,경상북도 안동시 서후면,중상사고,0,1,1,0,차량단독 - 공작물충돌,안전운전불이행,건조,맑음,단일로 - 기타,화물,남,68세,경상,,,,
2015081500100576,2015년 8월 15일 23시,토요일,경상북도 경주시 강동면,중상사고,0,1,0,0,차대차 - 기타,중앙선침범,건조,맑음,단일로 - 기타,자전거,남,62세,중상,승용,남,39세,상해없음
2015081600100017,2015년 8월 16일 00시,일요일,경상북도 포항시 북구 장성동,경상사고,0,0,1,0,차대차 - 기타,교차로운행방법위반,건조,맑음,교차로 - 교차로안,승용,남,23세,상해없음,승용,남,41세,경상
2015081600100018,2015년 8월 16일 00시,일요일,경상북도 칠곡군 석적읍,중상사고,0,1,0,0,차대사람 - 기타,안전운전불이행,건조,흐림,단일로 - 기타,승용,남,30세,상해없음,보행자,남,42세,중상
2015081600100019,2015년 8월 16일 00시,일요일,경상북도 구미시 송정동,중상사고,0,1,0,1,차대사람 - 기타,안전운전불이행,건조,맑음,단일로 - 기타,원동기,남,22세,부상신고,보행자,여,78세,중상
2015081600100028,2015년 8월 16일 01시,일요일,경상북도 예천군 유천면,경상사고,0,0,1,0,차량단독 - 전도전복,안전운전불이행,건조,맑음,교차로 - 교차로부근,원동기,남,21세,경상,,,,
2015081600100029,2015년 8월 16일 01시,일요일,경상북도 구미시 공단동,중상사고,0,1,1,1,차대차 - 기타,안전운전불이행,건조,맑음,교차로 - 교차로안,승용,남,26세,부상신고,승용,남,32세,중상
2015081600100043,2015년 8월 16일 02시,일요일,경상북도 경주시 인왕동,중상사고,0,1,0,0,차대차 - 기타,안전운전불이행,건조,맑음,단일로 - 기타,화물,여,53세,중상,승용,여,56세,상해없음
2015081600100044,2015년 8월 16일 02시,일요일,경상북도 포항시 북구 항구동,경상사고,0,0,3,0,차대차 - 기타,안전운전불이행,건조,맑음,단일로 - 기타,승용,남,22세,상해없음,승용,남,63세,경상
2015081600100050,2015년 8월 16일 03시,일요일,경상북도 경주시 황성동,중상사고,0,1,1,1,차대차 - 측면직각충돌,신호위반,건조,맑음,교차로 - 교차로안,승용,남,55세,부상신고,승용,남,66세,중상
2015081600100051,2015년 8월 16일 03시,일요일,경상북도 구미시 고아읍,경상사고,0,0,1,0,차대차 - 추돌 - 진행중,안전운전불이행,건조,맑음,단일로 - 기타,승용,남,32세,상해없음,자전거,남,18세,경상
2015081600100112,2015년 8월 16일 08시,일요일,경상북도 경주시 황남동,경상사고,0,0,1,0,차대차 - 추돌 - 주정차중,안전운전불이행,건조,맑음,교차로 - 교차로부근,승합,남,55세,상해없음,승용,남,24세,경상
2015081600100151,2015년 8월 16일 10시,일요일,경상북도 경주시 신평동,중상사고,0,1,1,0,차량단독 - 기타,안전운전불이행,건조,맑음,단일로 - 기타,이륜,남,54세,중상,,,,
2015081600100152,2015년 8월 16일 10시,일요일,경상북도 청도군 각남면,중상사고,0,1,1,0,차대차 - 측면직각충돌,중앙선침범,건조,맑음,단일로 - 기타,이륜,남,38세,경상,원동기,남,84세,중상
2015081600100153,2015년 8월 16일 10시,일요일,경상북도 울진군 북면,경상사고,0,0,2,0,차대차 - 기타,안전운전불이행,건조,맑음,단일로 - 기타,승용,여,33세,상해없음,승용,남,58세,경상
2015081600100171,2015년 8월 16일 11시,일요일,경상북도 김천시 증산면,경상사고,0,0,4,0,차대차 - 측면직각충돌,안전운전불이행,건조,맑음,교차로 - 교차로안,승용,남,60세,상해없음,승합,남,36세,경상
2015081600100172,2015년 8월 16일 11시,일요일,경상북도 의성군 의성읍,중상사고,0,1,0,0,차대차 - 기타,안전운전불이행,건조,맑음,단일로 - 기타,승용,남,40세,상해없음,이륜,남,72세,중상
2015081600100195,2015년 8월 16일 12시,일요일,경상북도 경주시 양남면,경상사고,0,0,2,0,차대차 - 기타,안전운전불이행,건조,맑음,교차로 - 교차로부근,승용,여,54세,상해없음,승용,남,32세,경상
2015081600100196,2015년 8월 16일 12시,일요일,경상북도 포항시 북구 흥해읍,경상사고,0,0,2,0,차대차 - 추돌 - 주정차중,안전거리미확보,건조,맑음,단일로 - 기타,승용,남,29세,상해없음,승용,남,33세,경상
2015081600100197,2015년 8월 16일 12시,일요일,경상북도 청송군 파천면,중상사고,0,1,2,0,차대차 - 정면충돌,중앙선침범,건조,맑음,단일로 - 기타,승용,남,31세,중상,화물,남,65세,경상
2015081600100232,2015년 8월 16일 13시,일요일,경상북도 김천시 성내동,중상사고,0,1,0,0,차대사람 - 보도통행중,보행자보호의무위반,건조,맑음,단일로 - 횡단보도상,승용,여,57세,상해없음,보행자,여,54세,중상
2015081600100233,2015년 8월 16일 13시,일요일,경상북도 영주시 영주동,경상사고,0,0,3,0,차대차 - 추돌 - 주정차중,안전운전불이행,건조,맑음,단일로 - 기타,승용,남,25세,상해없음,화물,남,62세,상해없음
2015081600100234,2015년 8월 16일 13시,일요일,경상북도 구미시 진평동,중상사고,0,1,0,0,차대차 - 기타,안전운전불이행,건조,맑음,단일로 - 기타,승용,남,46세,상해없음,승용,남,59세,상해없음
2015081600100235,2015년 8월 16일 13시,일요일,경상북도 구미시 도개면,중상사고,0,1,0,0,차대차 - 기타,안전운전불이행,건조,맑음,단일로 - 기타,승용,여,32세,상해없음,원동기,남,77세,상해없음
2015081600100236,2015년 8월 16일 13시,일요일,경상북도 구미시 원평동,중상사고,0,1,0,1,차대차 - 기타,안전운전불이행,건조,맑음,단일로 - 기타,승용,남,28세,부상신고,승용,남,48세,중상
2015081600100266,2015년 8월 16일 14시,일요일,경상북도 안동시 옥야동,경상사고,0,0,5,0,차대차 - 측면직각충돌,중앙선침범,건조,맑음,단일로 - 기타,승용,여,58세,경상,승용,남,46세,경상
2015081600100267,2015년 8월 16일 14시,일요일,경상북도 칠곡군 동명면,경상사고,0,0,1,0,차대차 - 추돌 - 진행중,안전거리미확보,건조,맑음,단일로 - 기타,승용,남,52세,상해없음,승용,남,31세,상해없음
2015081600100268,2015년 8월 16일 14시,일요일,경상북도 칠곡군 지천면,경상사고,0,0,1,0,차대차 - 추돌 - 진행중,안전운전불이행,건조,흐림,단일로 - 기타,승합,남,28세,상해없음,승용,남,38세,경상
2015081600100302,2015년 8월 16일 15시,일요일,경상북도 김천시 개령면,중상사고,0,1,0,0,차대차 - 기타,안전운전불이행,건조,맑음,단일로 - 기타,농기계,남,71세,상해없음,자전거,남,63세,중상
2015081600100303,2015년 8월 16일 15시,일요일,경상북도 영천시 오수동,중상사고,0,1,0,0,차대차 - 측면직각충돌,안전운전불이행,건조,흐림,단일로 - 기타,원동기,남,73세,중상,승용,남,56세,상해없음
2015081600100334,2015년 8월 16일 16시,일요일,경상북도 포항시 북구 기북면,부상신고사고,0,0,0,1,차량단독 - 공작물충돌,안전운전불이행,건조,맑음,단일로 - 기타,화물,남,58세,부상신고,,,,
2015081600100335,2015년 8월 16일 16시,일요일,경상북도 포항시 북구 두호동,경상사고,0,0,1,0,차대차 - 기타,안전운전불이행,건조,맑음,교차로 - 교차로안,승용,남,54세,상해없음,승용,남,53세,상해없음
2015081600100336,2015년 8월 16일 16시,일요일,경상북도 상주시 남장동,중상사고,0,1,2,0,차량단독 - 전도전복,안전운전불이행,건조,맑음,단일로 - 기타,승용,여,26세,경상,,,,
2015081600100337,2015년 8월 16일 16시,일요일,경상북도 구미시 옥계동,중상사고,0,1,0,0,차대차 - 기타,안전운전불이행,건조,흐림,단일로 - 기타,승용,남,48세,상해없음,원동기,남,19세,중상
2015081600100371,2015년 8월 16일 17시,일요일,경상북도 봉화군 법전면,경상사고,0,0,3,0,차대차 - 측면직각충돌,신호위반,습기,비,교차로 - 교차로안,승용,여,54세,경상,승용,남,51세,경상
2015081600100372,2015년 8월 16일 17시,일요일,경상북도 구미시 장천면,중상사고,0,1,6,0,차대차 - 추돌 - 진행중,안전거리미확보,건조,맑음,단일로 - 터널,승용,남,44세,경상,승용,남,24세,경상
2015081600100411,2015년 8월 16일 18시,일요일,경상북도 김천시 구성면,경상사고,0,0,1,0,차대차 - 기타,중앙선침범,건조,맑음,단일로 - 기타,승용,여,23세,상해없음,승용,남,39세,상해없음
2015081600100412,2015년 8월 16일 18시,일요일,경상북도 상주시 함창읍,사망사고,1,0,0,0,차대사람 - 보도통행중,중앙선침범,건조,맑음,단일로 - 기타,화물,남,56세,상해없음,보행자,여,80세,사망
2015081600100413,2015년 8월 16일 18시,일요일,경상북도 성주군 용암면,중상사고,0,1,0,0,차대차 - 기타,안전운전불이행,건조,맑음,기타 - 기타,화물,남,67세,상해없음,화물,여,44세,중상
2015081600100414,2015년 8월 16일 18시,일요일,경상북도 포항시 남구 동해면,중상사고,0,1,2,0,차대차 - 측면직각충돌,중앙선침범,건조,맑음,단일로 - 기타,승용,남,24세,경상,승용,남,39세,중상
2015081600100447,2015년 8월 16일 19시,일요일,경상북도 포항시 남구 오천읍,중상사고,0,1,0,0,차대차 - 기타,안전운전불이행,건조,맑음,단일로 - 기타,승합,남,49세,상해없음,자전거,남,47세,중상
2015081600100494,2015년 8월 16일 20시,일요일,경상북도 경산시 삼북동,중상사고,0,1,0,0,차대차 - 기타,안전운전불이행,건조,맑음,단일로 - 기타,자전거,남,56세,중상,승용,남,28세,상해없음
2015081600100530,2015년 8월 16일 21시,일요일,경상북도 영주시 봉현면,경상사고,0,0,1,0,차대차 - 기타,안전운전불이행,건조,맑음,교차로 - 교차로안,승용,남,63세,상해없음,자전거,남,21세,경상
2015081600100531,2015년 8월 16일 21시,일요일,경상북도 영덕군 강구면,중상사고,0,2,0,0,차대차 - 측면직각충돌,신호위반,습기,비,교차로 - 교차로안,승용,남,24세,상해없음,화물,남,56세,상해없음
2015081600100562,2015년 8월 16일 22시,일요일,경상북도 경주시 외동읍,경상사고,0,0,4,0,차대차 - 기타,안전운전불이행,습기,비,단일로 - 기타,화물,여,47세,경상,승용,남,47세,경상
2015081600100563,2015년 8월 16일 22시,일요일,경상북도 경산시 옥산동,중상사고,0,1,0,0,차대사람 - 기타,교차로운행방법위반,건조,맑음,교차로 - 교차로안,승용,남,33세,상해없음,보행자,남,55세,중상
2015081600100564,2015년 8월 16일 22시,일요일,경상북도 포항시 남구 오천읍,경상사고,0,0,3,0,차대차 - 추돌 - 주정차중,안전운전불이행,습기,비,교차로 - 교차로부근,승용,남,32세,상해없음,승용,남,43세,경상
2015081600100587,2015년 8월 16일 23시,일요일,경상북도 포항시 북구 두호동,경상사고,0,0,1,0,차대사람 - 기타,보행자보호의무위반,건조,맑음,교차로 - 교차로안,승용,여,45세,상해없음,보행자,여,18세,경상
2015081600100588,2015년 8월 16일 23시,일요일,경상북도 포항시 남구 상도동,경상사고,0,0,1,0,차대차 - 정면충돌,중앙선침범,습기,비,단일로 - 기타,승용,여,54세,기타불명,승용,남,37세,경상
2015081700100022,2015년 8월 17일 01시,월요일,경상북도 영주시 가흥동,경상사고,0,0,5,0,차대차 - 측면직각충돌,신호위반,건조,맑음,교차로 - 교차로안,승용,남,42세,상해없음,승용,남,48세,경상
2015081700100033,2015년 8월 17일 03시,월요일,경상북도 포항시 남구 해도동,경상사고,0,0,1,0,차대차 - 기타,신호위반,습기,비,교차로 - 교차로안,승용,남,52세,상해없음,승용,남,25세,경상
2015081700100078,2015년 8월 17일 07시,월요일,경상북도 칠곡군 약목면,중상사고,0,1,0,0,차대차 - 기타,안전운전불이행,건조,맑음,교차로 - 교차로안,승용,여,44세,상해없음,자전거,남,65세,중상
2015081700100079,2015년 8월 17일 07시,월요일,경상북도 칠곡군 왜관읍,중상사고,0,1,1,0,차대차 - 추돌 - 진행중,안전거리미확보,건조,맑음,단일로 - 교량,승용,남,56세,상해없음,승용,여,39세,중상
2015081700100117,2015년 8월 17일 08시,월요일,경상북도 성주군 초전면,경상사고,0,0,2,0,차대차 - 측면직각충돌,안전운전불이행,건조,맑음,단일로 - 기타,화물,남,46세,상해없음,화물,남,58세,경상
2015081700100142,2015년 8월 17일 09시,월요일,경상북도 문경시 점촌동,경상사고,0,0,1,0,차대차 - 기타,안전운전불이행,건조,맑음,교차로 - 교차로안,자전거,남,90세 이상,경상,승용,남,68세,상해없음
2015081700100143,2015년 8월 17일 09시,월요일,경상북도 경산시 중방동,중상사고,0,1,0,0,차대차 - 기타,교차로운행방법위반,건조,맑음,교차로 - 교차로안,승용,남,65세,상해없음,이륜,남,61세,중상
2015081700100177,2015년 8월 17일 10시,월요일,경상북도 경주시 노서동,경상사고,0,0,1,0,차대차 - 기타,신호위반,건조,맑음,교차로 - 교차로안,승합,남,55세,상해없음,승용,남,53세,경상
2015081700100178,2015년 8월 17일 10시,월요일,경상북도 안동시 대석동,중상사고,0,1,0,0,차대사람 - 기타,안전운전불이행,건조,맑음,단일로 - 기타,화물,남,73세,상해없음,보행자,남,53세,중상