사고번호,사고일시,요일,시군구,사고내용,사망자수,중상자수,경상자수,부상신고자수,사고유형,법규위반,노면상태,기상상태,도로형태,가해운전자 차종,가해운전자 성별,가해운전자 연령,가해운전자 상해정도,피해운전자 차종,피해운전자 성별,피해운전자 연령,피해운전자 상해정도
2015081700100179,2015년 8월 17일 10시,월요일,경상북도 영천시 금호읍,경상사고,0,0,1,0,차대차 - 측면직각충돌,안전운전불이행,건조,맑음,단일로 - 기타,승용,남,41세,상해없음,승용,남,53세,경상
2015081700100180,2015년 8월 17일 10시,월요일,경상북도 청송군 파천면,경상사고,0,0,2,0,차대차 - 측면직각충돌,교차로운행방법위반,건조,맑음,교차로 - 교차로안,화물,남,74세,경상,화물,남,44세,경상
2015081700100218,2015년 8월 17일 11시,월요일,경상북도 경주시 내남면,경상사고,0,0,1,0,차량단독 - 공작물충돌,안전운전불이행,건조,맑음,단일로 - 기타,승용,남,18세,경상,,,,
2015081700100219,2015년 8월 17일 11시,월요일,경상북도 의성군 의성읍,중상사고,0,1,1,0,차대차 - 추돌 - 주정차중,안전운전불이행,건조,맑음,단일로 - 기타,화물,남,73세,상해없음,화물,여,57세,중상
2015081700100220,2015년 8월 17일 11시,월요일,경상북도 문경시 산양면,경상사고,0,0,1,0,차량단독 - 공작물충돌,안전운전불이행,건조,맑음,단일로 - 기타,승용,여,47세,경상,,,,
2015081700100221,2015년 8월 17일 11시,월요일,경상북도 청송군 진보면,부상신고사고,0,0,0,1,차대차 - 기타,안전운전불이행,건조,맑음,단일로 - 기타,자전거,여,57세,부상신고,승용,여,26세,상해없음
2015081700100260,2015년 8월 17일 12시,월요일,경상북도 김천시 덕곡동,중상사고,0,2,0,0,차대차 - 측면직각충돌,교차로운행방법위반,건조,맑음,교차로 - 교차로안,승용,여,44세,상해없음,이륜,남,79세,중상
2015081700100261,2015년 8월 17일 12시,월요일,경상북도 영천시 금호읍,경상사고,0,0,1,0,차대차 - 측면직각충돌,안전운전불이행,건조,맑음,단일로 - 기타,승용,여,48세,상해없음,이륜,남,50세,경상
2015081700100301,2015년 8월 17일 13시,월요일,경상북도 포항시 남구 오천읍,경상사고,0,0,1,0,차대차 - 기타,안전거리미확보,건조,맑음,단일로 - 기타,화물,남,41세,상해없음,승용,남,43세,경상
2015081700100342,2015년 8월 17일 14시,월요일,경상북도 김천시 지좌동,경상사고,0,0,1,0,차대차 - 측면직각충돌,안전운전불이행,건조,맑음,단일로 - 기타,승용,여,33세,상해없음,승용,여,42세,상해없음
2015081700100343,2015년 8월 17일 14시,월요일,경상북도 칠곡군 석적읍,경상사고,0,0,3,0,차대차 - 기타,안전운전불이행,건조,맑음,단일로 - 기타,승용,남,43세,상해없음,승용,남,24세,경상
2015081700100344,2015년 8월 17일 14시,월요일,경상북도 청도군 청도읍,중상사고,0,1,0,0,차대사람 - 길가장자리구역통행중,안전운전불이행,건조,맑음,단일로 - 기타,승용,여,43세,상해없음,보행자,여,68세,중상
2015081700100345,2015년 8월 17일 14시,월요일,경상북도 포항시 남구 오천읍,중상사고,0,1,3,0,차대차 - 기타,안전운전불이행,건조,맑음,단일로 - 기타,승용,여,32세,경상,승용,여,51세,경상
2015081700100346,2015년 8월 17일 14시,월요일,경상북도 포항시 남구 효자동,부상신고사고,0,0,0,1,차대차 - 측면직각충돌,안전운전불이행,건조,흐림,교차로 - 교차로부근,승용,기타불명,기타불명,기타불명,자전거,남,18세,부상신고
2015081700100374,2015년 8월 17일 15시,월요일,경상북도 경주시 성건동,중상사고,0,1,0,0,차대차 - 기타,안전운전불이행,건조,맑음,교차로 - 교차로안,승합,남,52세,상해없음,승용,여,56세,상해없음
2015081700100375,2015년 8월 17일 15시,월요일,경상북도 안동시 풍산읍,경상사고,0,0,1,0,차량단독 - 전도전복,안전운전불이행,건조,맑음,단일로 - 기타,원동기,남,67세,경상,,,,
2015081700100376,2015년 8월 17일 15시,월요일,경상북도 봉화군 봉화읍,경상사고,0,0,1,0,차대차 - 정면충돌,안전운전불이행,건조,맑음,교차로 - 교차로안,자전거,남,14세,경상,승용,남,50세,상해없음
2015081700100377,2015년 8월 17일 15시,월요일,경상북도 포항시 남구 해도동,경상사고,0,0,1,0,차대차 - 기타,안전운전불이행,건조,맑음,단일로 - 기타,승용,여,39세,상해없음,승용,여,28세,경상
2015081700100428,2015년 8월 17일 16시,월요일,경상북도 김천시 부곡동,경상사고,0,0,1,0,차대차 - 추돌 - 주정차중,안전운전불이행,건조,맑음,교차로 - 교차로부근,승용,남,72세,상해없음,승용,남,53세,경상
2015081700100429,2015년 8월 17일 16시,월요일,경상북도 포항시 남구 호미곶면,부상신고사고,0,0,0,1,차대차 - 기타,중앙선침범,건조,맑음,교차로 - 교차로부근,화물,남,54세,상해없음,승용,여,59세,부상신고
2015081700100471,2015년 8월 17일 17시,월요일,경상북도 영주시 조암동,경상사고,0,0,1,0,차대사람 - 횡단중,안전운전불이행,건조,맑음,단일로 - 기타,화물,남,70세,상해없음,보행자,남,42세,경상
2015081700100472,2015년 8월 17일 17시,월요일,경상북도 칠곡군 동명면,경상사고,0,0,1,1,차대차 - 측면직각충돌,직진우회전진행방해,습기,비,교차로 - 교차로안,화물,여,54세,부상신고,화물,남,29세,경상
2015081700100473,2015년 8월 17일 17시,월요일,경상북도 영천시 완산동,사망사고,1,0,0,0,차대사람 - 보도통행중,기타,건조,맑음,단일로 - 기타,화물,남,58세,상해없음,보행자,여,78세,사망
2015081700100530,2015년 8월 17일 18시,월요일,경상북도 경산시 압량면,중상사고,0,1,0,0,차대차 - 기타,안전운전불이행,건조,맑음,교차로 - 교차로부근,자전거,남,12세,중상,승용,남,42세,상해없음
2015081700100531,2015년 8월 17일 18시,월요일,경상북도 경산시 압량면,경상사고,0,0,1,0,차대차 - 기타,중앙선침범,건조,맑음,단일로 - 기타,화물,남,31세,상해없음,승합,여,35세,경상
2015081700100570,2015년 8월 17일 19시,월요일,경상북도 경주시 성건동,경상사고,0,0,1,0,차대차 - 측면직각충돌,중앙선침범,건조,맑음,단일로 - 기타,원동기,남,22세,상해없음,원동기,남,25세,경상
2015081700100571,2015년 8월 17일 19시,월요일,경상북도 경산시 사동,경상사고,0,0,1,0,차대차 - 측면직각충돌,직진우회전진행방해,건조,맑음,교차로 - 교차로안,이륜,남,14세,경상,승용,남,29세,상해없음
2015081700100572,2015년 8월 17일 19시,월요일,경상북도 청도군 청도읍,경상사고,0,0,2,0,차대차 - 측면직각충돌,직진우회전진행방해,건조,맑음,교차로 - 교차로안,승용,여,38세,상해없음,원동기,남,15세,경상
2015081700100573,2015년 8월 17일 19시,월요일,경상북도 구미시 광평동,경상사고,0,0,1,0,차대차 - 기타,교차로운행방법위반,건조,흐림,교차로 - 교차로안,승용,남,30세,상해없음,승용,여,22세,경상
2015081700100623,2015년 8월 17일 20시,월요일,경상북도 칠곡군 왜관읍,중상사고,0,1,0,0,차대차 - 기타,신호위반,건조,맑음,교차로 - 교차로안,승용,남,51세,상해없음,이륜,남,26세,중상
2015081700100650,2015년 8월 17일 21시,월요일,경상북도 구미시 인의동,경상사고,0,0,1,1,차대사람 - 기타,안전운전불이행,건조,맑음,교차로 - 교차로부근,이륜,남,74세,부상신고,보행자,여,28세,경상
2015081700100651,2015년 8월 17일 21시,월요일,경상북도 구미시 신평동,경상사고,0,0,1,0,차대차 - 기타,안전운전불이행,건조,맑음,단일로 - 기타,승용,여,50세,상해없음,승용,여,28세,경상
2015081700100712,2015년 8월 17일 23시,월요일,경상북도 경주시 황남동,중상사고,0,1,0,0,차대차 - 기타,안전운전불이행,건조,맑음,교차로 - 교차로부근,기타불명,기타불명,기타불명,기타불명,승합,남,38세,중상
2015081800100060,2015년 8월 18일 05시,화요일,경상북도 구미시 도량동,경상사고,0,0,1,0,차대차 - 기타,신호위반,기타,안개,교차로 - 교차로안,승용,남,32세,기타불명,화물,남,70세,경상
2015081800100061,2015년 8월 18일 05시,화요일,경상북도 구미시 공단동,중상사고,0,1,2,0,차대차 - 기타,안전운전불이행,건조,맑음,교차로 - 교차로안,승용,남,36세,상해없음,승용,남,25세,경상
2015081800100100,2015년 8월 18일 07시,화요일,경상북도 상주시 남적동,중상사고,0,1,0,0,차대차 - 측면직각충돌,안전운전불이행,건조,맑음,교차로 - 교차로부근,화물,남,50세,상해없음,자전거,여,79세,중상
2015081800100101,2015년 8월 18일 07시,화요일,경상북도 경산시 사정동,중상사고,0,1,0,0,차대차 - 기타,안전운전불이행,건조,맑음,단일로 - 횡단보도상,승합,남,52세,상해없음,자전거,남,72세,중상
2015081800100102,2015년 8월 18일 07시,화요일,경상북도 구미시 임수동,경상사고,0,0,1,1,차대차 - 기타,차로위반,건조,맑음,단일로 - 기타,승용,여,36세,부상신고,승용,남,38세,경상
2015081800100140,2015년 8월 18일 08시,화요일,경상북도 포항시 북구 기계면,중상사고,0,1,0,0,차대차 - 기타,신호위반,건조,맑음,교차로 - 교차로안,승용,여,49세,상해없음,승용,여,58세,중상
2015081800100141,2015년 8월 18일 08시,화요일,경상북도 영천시 야사동,중상사고,0,1,0,0,차대사람 - 길가장자리구역통행중,안전운전불이행,건조,맑음,단일로 - 기타,승용,남,65세,상해없음,보행자,여,71세,중상
2015081800100142,2015년 8월 18일 08시,화요일,경상북도 구미시 양호동,중상사고,0,1,0,0,차대차 - 기타,교차로운행방법위반,건조,맑음,교차로 - 교차로안,자전거,남,32세,중상,승용,여,45세,상해없음
2015081800100182,2015년 8월 18일 09시,화요일,경상북도 영천시 화룡동,중상사고,0,1,0,0,차대사람 - 차도통행중,안전운전불이행,건조,맑음,교차로 - 교차로안,화물,남,63세,상해없음,보행자,남,62세,중상
2015081800100183,2015년 8월 18일 09시,화요일,경상북도 봉화군 봉성면,경상사고,0,0,5,0,차대차 - 측면직각충돌,교차로운행방법위반,건조,맑음,교차로 - 교차로안,승용,여,50세,경상,승용,남,55세,경상
2015081800100213,2015년 8월 18일 10시,화요일,경상북도 칠곡군 가산면,중상사고,0,1,0,1,차대차 - 기타,안전운전불이행,건조,맑음,단일로 - 터널,승용,남,44세,부상신고,농기계,남,80세,중상
2015081800100214,2015년 8월 18일 10시,화요일,경상북도 구미시 신평동,중상사고,0,1,0,0,차대사람 - 기타,안전운전불이행,건조,맑음,단일로 - 기타,승용,남,43세,상해없음,보행자,여,68세,중상
2015081800100215,2015년 8월 18일 10시,화요일,경상북도 포항시 남구 장흥동,중상사고,0,1,1,0,차대차 - 정면충돌,신호위반,건조,맑음,교차로 - 교차로안,화물,남,38세,상해없음,승용,남,33세,중상
2015081800100246,2015년 8월 18일 11시,화요일,경상북도 상주시 서성동,경상사고,0,0,1,0,차대사람 - 기타,안전운전불이행,건조,맑음,단일로 - 기타,승용,남,63세,상해없음,보행자,여,76세,경상
2015081800100286,2015년 8월 18일 12시,화요일,경상북도 상주시 만산동,중상사고,0,1,2,0,차대차 - 기타,신호위반,건조,맑음,교차로 - 교차로안,승용,남,71세,상해없음,승용,여,28세,중상
2015081800100287,2015년 8월 18일 12시,화요일,경상북도 영천시 완산동,중상사고,0,1,0,0,차대사람 - 횡단중,보행자보호의무위반,건조,맑음,교차로 - 교차로안,승용,남,73세,상해없음,보행자,여,77세,중상
2015081800100288,2015년 8월 18일 12시,화요일,경상북도 구미시 공단동,부상신고사고,0,0,0,1,차량단독 - 기타,안전운전불이행,건조,맑음,교차로 - 교차로안,승용,남,35세,부상신고,,,,
2015081800100321,2015년 8월 18일 13시,화요일,경상북도 영천시 괴연동,중상사고,0,1,2,0,차대차 - 정면충돌,중앙선침범,건조,맑음,단일로 - 기타,화물,남,58세,경상,승용,남,76세,중상
2015081800100322,2015년 8월 18일 13시,화요일,경상북도 구미시 진평동,부상신고사고,0,0,0,1,차대차 - 기타,안전운전불이행,건조,맑음,교차로 - 교차로안,이륜,남,50세,부상신고,기타불명,기타불명,기타불명,기타불명
2015081800100352,2015년 8월 18일 14시,화요일,경상북도 상주시 사벌면,중상사고,0,1,1,0,차량단독 - 전도전복,안전운전불이행,건조,맑음,단일로 - 기타,승용,여,31세,상해없음,,,,
2015081800100419,2015년 8월 18일 16시,화요일,경상북도 영주시 가흥동,경상사고,0,0,1,0,차대차 - 기타,안전운전불이행,건조,맑음,교차로 - 교차로안,화물,남,34세,상해없음,자전거,남,15세,경상
2015081800100420,2015년 8월 18일 16시,화요일,경상북도 칠곡군 지천면,중상사고,0,1,0,0,차대차 - 기타,안전운전불이행,건조,흐림,교차로 - 교차로안,화물,남,25세,상해없음,이륜,남,55세,중상
2015081800100421,2015년 8월 18일 16시,화요일,경상북도 영천시 금호읍,경상사고,0,0,2,0,차대차 - 측면직각충돌,교차로운행방법위반,건조,맑음,교차로 - 교차로안,승용,남,55세,기타불명,승용,여,54세,경상
2015081800100422,2015년 8월 18일 16시,화요일,경상북도 청도군 매전면,경상사고,0,0,1,0,차대차 - 측면직각충돌,안전운전불이행,건조,맑음,교차로 - 교차로안,화물,남,54세,상해없음,승용,남,57세,경상
2015081800100460,2015년 8월 18일 17시,화요일,경상북도 상주시 함창읍,경상사고,0,0,1,0,차대차 - 기타,안전운전불이행,건조,맑음,단일로 - 기타,자전거,남,63세,경상,화물,남,67세,상해없음
2015081800100495,2015년 8월 18일 18시,화요일,경상북도 영주시 봉현면,경상사고,0,0,2,0,차대차 - 측면직각충돌,안전운전불이행,건조,맑음,단일로 - 기타,건설기계,남,33세,상해없음,승용,남,63세,경상
2015081800100614,2015년 8월 18일 22시,화요일,경상북도 경주시 진현동,중상사고,0,1,0,0,차량단독 - 기타,안전운전불이행,건조,맑음,교차로 - 교차로안,원동기,남,74세,중상,,,,
2015081800100615,2015년 8월 18일 22시,화요일,경상북도 포항시 남구 대잠동,경상사고,0,0,1,0,차대사람 - 기타,보행자보호의무위반,건조,맑음,교차로 - 교차로안,이륜,기타불명,기타불명,기타불명,보행자,남,48세,경상
2015081900100049,2015년 8월 19일 03시,수요일,경상북도 구미시 인의동,경상사고,0,0,1,0,차대차 - 측면직각충돌,안전운전불이행,건조,맑음,교차로 - 교차로안,승용,여,27세,상해없음,승용,남,47세,경상
2015081900100057,2015년 8월 19일 04시,수요일,경상북도 안동시 송현동,경상사고,0,0,1,0,차대사람 - 기타,안전운전불이행,건조,맑음,단일로 - 기타,승용,남,40세,상해없음,보행자,여,77세,경상
2015081900100065,2015년 8월 19일 05시,수요일,경상북도 포항시 북구 항구동,중상사고,0,1,0,0,차대사람 - 기타,안전운전불이행,건조,맑음,단일로 - 기타,승용,여,71세,상해없음,보행자,남,27세,중상
2015081900100066,2015년 8월 19일 05시,수요일,경상북도 포항시 북구 흥해읍,경상사고,0,0,1,0,차대차 - 측면직각충돌,안전거리미확보,건조,맑음,단일로 - 기타,건설기계,남,67세,상해없음,승용,남,66세,경상
2015081900100079,2015년 8월 19일 06시,수요일,경상북도 안동시 상아동,중상사고,0,1,0,0,차대차 - 기타,중앙선침범,건조,맑음,단일로 - 기타,승용,남,41세,상해없음,화물,남,41세,중상
2015081900100080,2015년 8월 19일 06시,수요일,경상북도 경산시 하양읍,중상사고,0,1,1,0,차대차 - 기타,안전운전불이행,건조,맑음,교차로 - 교차로안,승용,여,41세,상해없음,승용,남,57세,경상
2015081900100081,2015년 8월 19일 06시,수요일,경상북도 구미시 오태동,경상사고,0,0,1,0,차량단독 - 공작물충돌,안전운전불이행,건조,맑음,단일로 - 기타,승용,남,37세,상해없음,,,,
2015081900100101,2015년 8월 19일 07시,수요일,경상북도 안동시 옥동,중상사고,0,1,1,0,차대차 - 기타,신호위반,건조,맑음,교차로 - 교차로안,승용,남,73세,상해없음,승용,남,56세,경상
2015081900100102,2015년 8월 19일 07시,수요일,경상북도 경산시 사동,중상사고,0,1,0,0,차대차 - 기타,안전운전불이행,건조,맑음,교차로 - 교차로안,승용,남,18세,상해없음,승용,여,56세,중상
2015081900100134,2015년 8월 19일 08시,수요일,경상북도 칠곡군 지천면,중상사고,0,1,0,0,차대차 - 측면직각충돌,중앙선침범,건조,맑음,교차로 - 교차로부근,화물,남,72세,상해없음,승용,여,60세,중상
2015081900100135,2015년 8월 19일 08시,수요일,경상북도 고령군 다산면,경상사고,0,0,1,0,차대차 - 측면직각충돌,안전운전불이행,건조,맑음,단일로 - 기타,화물,남,48세,상해없음,자전거,남,8세,경상
2015081900100136,2015년 8월 19일 08시,수요일,경상북도 구미시 진평동,중상사고,0,1,3,0,차대차 - 기타,안전운전불이행,건조,맑음,단일로 - 기타,승용,남,61세,상해없음,승용,여,52세,중상
2015081900100168,2015년 8월 19일 09시,수요일,경상북도 의성군 봉양면,경상사고,0,0,2,0,차대차 - 추돌 - 주정차중,안전운전불이행,건조,맑음,교차로 - 교차로부근,승용,남,81세,경상,승용,남,54세,상해없음
2015081900100169,2015년 8월 19일 09시,수요일,경상북도 영주시 조암동,중상사고,0,1,0,0,차대차 - 추돌 - 진행중,안전운전불이행,건조,맑음,교차로 - 교차로안,승용,남,78세,상해없음,이륜,남,73세,중상
2015081900100170,2015년 8월 19일 09시,수요일,경상북도 성주군 선남면,중상사고,0,1,2,0,차대차 - 추돌 - 진행중,안전거리미확보,건조,맑음,기타 - 기타,화물,남,55세,중상,화물,남,79세,경상
2015081900100171,2015년 8월 19일 09시,수요일,경상북도 포항시 남구 효자동,경상사고,0,0,2,0,차대차 - 측면직각충돌,교차로운행방법위반,건조,맑음,교차로 - 교차로안,승용,여,42세,경상,승용,남,60세,경상
2015081900100197,2015년 8월 19일 10시,수요일,경상북도 포항시 북구 양덕동,중상사고,0,1,0,0,차대차 - 기타,안전운전불이행,건조,맑음,단일로 - 기타,승용,남,47세,상해없음,승용,여,30세,중상
2015081900100223,2015년 8월 19일 11시,수요일,경상북도 경주시 배반동,경상사고,0,0,2,0,차대차 - 기타,안전운전불이행,건조,맑음,교차로 - 교차로부근,화물,남,60세,상해없음,승용,남,52세,경상
2015081900100224,2015년 8월 19일 11시,수요일,경상북도 안동시 옥동,경상사고,0,0,1,0,차량단독 - 기타,안전운전불이행,건조,맑음,단일로 - 기타,승용,남,58세,상해없음,,,,
2015081900100225,2015년 8월 19일 11시,수요일,경상북도 포항시 남구 오천읍,경상사고,0,0,1,0,차대사람 - 기타,안전운전불이행,건조,맑음,단일로 - 기타,승용,남,57세,상해없음,보행자,남,71세,경상
2015081900100226,2015년 8월 19일 11시,수요일,경상북도 포항시 남구 이동,경상사고,0,0,1,0,차대차 - 추돌 - 진행중,안전운전불이행,건조,맑음,교차로 - 교차로부근,승용,여,39세,상해없음,승용,여,36세,경상
2015081900100251,2015년 8월 19일 12시,수요일,경상북도 경주시 안강읍,중상사고,0,2,0,0,차대차 - 기타,안전운전불이행,건조,맑음,단일로 - 기타,건설기계,남,47세,상해없음,승용,남,52세,중상
2015081900100252,2015년 8월 19일 12시,수요일,경상북도 구미시 신평동,경상사고,0,0,2,0,차대차 - 기타,교차로운행방법위반,건조,맑음,교차로 - 교차로안,승용,여,47세,상해없음,승용,남,34세,경상
2015081900100279,2015년 8월 19일 13시,수요일,경상북도 칠곡군 왜관읍,경상사고,0,0,1,0,차량단독 - 공작물충돌,안전운전불이행,건조,맑음,단일로 - 기타,승용,남,34세,경상,,,,
2015081900100280,2015년 8월 19일 13시,수요일,경상북도 고령군 대가야읍,경상사고,0,0,3,0,차대차 - 측면직각충돌,직진우회전진행방해,건조,맑음,교차로 - 교차로안,승용,여,43세,경상,승용,여,61세,경상
2015081900100281,2015년 8월 19일 13시,수요일,경상북도 포항시 남구 연일읍,경상사고,0,0,1,0,차대차 - 기타,직진우회전진행방해,건조,맑음,교차로 - 교차로안,승용,여,23세,상해없음,승용,남,42세,경상
2015081900100319,2015년 8월 19일 14시,수요일,경상북도 경주시 성동동,중상사고,0,1,0,0,차대차 - 기타,안전운전불이행,건조,맑음,교차로 - 교차로부근,승용,남,41세,상해없음,이륜,남,25세,중상
2015081900100320,2015년 8월 19일 14시,수요일,경상북도 성주군 월항면,중상사고,0,1,0,0,차대차 - 측면직각충돌,직진우회전진행방해,건조,맑음,교차로 - 교차로안,화물,남,50세,상해없음,화물,여,54세,중상
2015081900100356,2015년 8월 19일 15시,수요일,경상북도 구미시 선산읍,중상사고,0,1,0,1,차대차 - 기타,안전운전불이행,건조,맑음,단일로 - 기타,이륜,남,74세,부상신고,승용,남,52세,상해없음
2015081900100429,2015년 8월 19일 17시,수요일,경상북도 경주시 천북면,경상사고,0,0,1,0,차대차 - 기타,안전운전불이행,건조,맑음,단일로 - 기타,승용,남,29세,상해없음,승용,남,47세,경상
2015081900100430,2015년 8월 19일 17시,수요일,경상북도 경주시 성건동,중상사고,0,1,0,0,차대차 - 측면직각충돌,안전운전불이행,건조,흐림,교차로 - 교차로안,원동기,남,60세,중상,승용,여,25세,상해없음
2015081900100431,2015년 8월 19일 17시,수요일,경상북도 경주시 천군동,중상사고,0,1,6,0,차대차 - 측면직각충돌,중앙선침범,건조,맑음,단일로 - 기타,승용,남,20세,경상,승용,남,61세,경상
2015081900100432,2015년 8월 19일 17시,수요일,경상북도 경산시 압량면,경상사고,0,0,1,0,차대차 - 기타,안전운전불이행,습기,흐림,단일로 - 기타,자전거,남,19세,경상,화물,남,47세,상해없음
2015081900100433,2015년 8월 19일 17시,수요일,경상북도 예천군 개포면,경상사고,0,0,4,0,차대차 - 추돌 - 진행중,안전운전불이행,건조,맑음,교차로 - 교차로부근,승용,남,47세,상해없음,승용,남,63세,경상
2015081900100434,2015년 8월 19일 17시,수요일,경상북도 청송군 청송읍,중상사고,0,1,0,0,차대차 - 측면직각충돌,안전운전불이행,건조,맑음,단일로 - 기타,승용,남,64세,상해없음,농기계,남,65세,중상
2015081900100472,2015년 8월 19일 18시,수요일,경상북도 경주시 성동동,중상사고,0,1,1,0,차대차 - 기타,중앙선침범,건조,맑음,미분류 - 미분류,화물,남,49세,중상,승용,남,72세,경상
2015081900100473,2015년 8월 19일 18시,수요일,경상북도 경주시 강동면,경상사고,0,0,1,0,차대차 - 기타,안전운전불이행,건조,흐림,단일로 - 기타,화물,남,61세,상해없음,승용,남,46세,경상
2015081900100474,2015년 8월 19일 18시,수요일,경상북도 구미시 고아읍,중상사고,0,1,1,0,차량단독 - 공작물충돌,안전운전불이행,건조,맑음,단일로 - 기타,승용,여,35세,경상,,,,
2015081900100475,2015년 8월 19일 18시,수요일,경상북도 구미시 상모동,부상신고사고,0,0,0,1,차대차 - 기타,안전운전불이행,건조,흐림,단일로 - 기타,승용,남,19세,상해없음,승용,여,45세,부상신고
2015081900100476,2015년 8월 19일 18시,수요일,경상북도 포항시 남구 연일읍,경상사고,0,0,1,0,차대차 - 측면직각충돌,안전운전불이행,건조,흐림,단일로 - 기타,승용,남,53세,상해없음,원동기,남,18세,경상
2015081900100518,2015년 8월 19일 19시,수요일,경상북도 포항시 북구 양덕동,경상사고,0,0,1,0,차대차 - 기타,안전거리미확보,건조,맑음,단일로 - 기타,승용,남,47세,상해없음,이륜,남,21세,경상
2015081900100550,2015년 8월 19일 20시,수요일,경상북도 안동시 정하동,경상사고,0,0,3,0,차대차 - 추돌 - 진행중,안전운전불이행,건조,맑음,교차로 - 교차로부근,화물,남,62세,상해없음,승용,남,58세,상해없음
2015081900100595,2015년 8월 19일 21시,수요일,경상북도 영천시 야사동,경상사고,0,0,1,0,차대차 - 측면직각충돌,신호위반,건조,맑음,교차로 - 교차로안,승용,남,54세,상해없음,자전거,남,15세,경상
2015081900100623,2015년 8월 19일 22시,수요일,경상북도 경산시 삼북동,중상사고,0,1,0,0,차대사람 - 기타,보행자보호의무위반,습기,맑음,단일로 - 기타,화물,여,53세,상해없음,보행자,여,59세,중상
2015081900100624,2015년 8월 19일 22시,수요일,경상북도 포항시 남구 대잠동,경상사고,0,0,1,0,차대차 - 기타,안전운전불이행,건조,맑음,단일로 - 기타,이륜,남,22세,경상,승용,남,54세,상해없음
2015082000100026,2015년 8월 20일 01시,목요일,경상북도 상주시 서성동,경상사고,0,0,2,0,차대차 - 기타,안전운전불이행,습기,비,교차로 - 교차로부근,승용,여,47세,상해없음,승용,여,49세,경상
2015082000100035,2015년 8월 20일 02시,목요일,경상북도 경산시 와촌면,경상사고,0,0,2,0,차량단독 - 공작물충돌,안전운전불이행,건조,맑음,단일로 - 터널,승용,남,25세,경상,,,,
2015082000100046,2015년 8월 20일 03시,목요일,경상북도 포항시 북구 죽도동,경상사고,0,0,2,0,차대차 - 기타,신호위반,건조,맑음,교차로 - 교차로안,승합,남,31세,경상,승용,남,63세,상해없음
2015082000100052,2015년 8월 20일 04시,목요일,경상북도 구미시 사곡동,중상사고,0,2,0,0,차대차 - 기타,중앙선침범,습기,비,교차로 - 교차로부근,승용,남,66세,상해없음,승용,남,31세,중상
2015082000100077,2015년 8월 20일 06시,목요일,경상북도 경주시 서악동,중상사고,0,2,0,0,차대차 - 기타,안전운전불이행,건조,맑음,교차로 - 교차로부근,승용,여,27세,상해없음,화물,남,59세,중상
2015082000100078,2015년 8월 20일 06시,목요일,경상북도 청송군 진보면,경상사고,0,0,1,0,차대차 - 측면직각충돌,중앙선침범,건조,맑음,단일로 - 기타,화물,남,59세,상해없음,승합,남,53세,경상
2015082000100100,2015년 8월 20일 07시,목요일,경상북도 경주시 구황동,경상사고,0,0,1,0,차대차 - 정면충돌,안전운전불이행,건조,맑음,단일로 - 기타,화물,남,47세,상해없음,자전거,남,37세,경상
2015082000100101,2015년 8월 20일 07시,목요일,경상북도 칠곡군 왜관읍,경상사고,0,0,1,0,차대차 - 기타,안전거리미확보,건조,흐림,교차로 - 교차로부근,승용,남,48세,상해없음,승용,남,38세,경상
2015082000100144,2015년 8월 20일 08시,목요일,경상북도 김천시 남산동,경상사고,0,0,1,0,차대사람 - 기타,보행자보호의무위반,건조,맑음,교차로 - 교차로부근,승용,남,48세,상해없음,보행자,남,7세,경상
2015082000100145,2015년 8월 20일 08시,목요일,경상북도 칠곡군 왜관읍,경상사고,0,0,2,0,차대차 - 기타,중앙선침범,습기,비,교차로 - 교차로부근,화물,남,57세,상해없음,승용,남,58세,경상
2015082000100146,2015년 8월 20일 08시,목요일,경상북도 경산시 삼풍동,중상사고,0,1,0,0,차대차 - 기타,안전거리미확보,습기,비,단일로 - 기타,승용,여,38세,상해없음,자전거,여,24세,중상
2015082000100172,2015년 8월 20일 09시,목요일,경상북도 포항시 북구 대신동,경상사고,0,0,1,0,차대차 - 기타,교차로운행방법위반,건조,맑음,교차로 - 교차로안,승용,여,46세,상해없음,승합,남,45세,상해없음
2015082000100173,2015년 8월 20일 09시,목요일,경상북도 의성군 의성읍,중상사고,0,1,0,0,차대차 - 측면직각충돌,불법유턴,습기,흐림,단일로 - 기타,승용,남,22세,상해없음,승용,남,29세,중상
2015082000100174,2015년 8월 20일 09시,목요일,경상북도 구미시 송정동,경상사고,0,0,2,0,차대차 - 기타,안전운전불이행,건조,맑음,단일로 - 기타,승용,남,25세,상해없음,승용,남,31세,경상
2015082000100202,2015년 8월 20일 10시,목요일,경상북도 영주시 가흥동,중상사고,0,1,0,0,차대차 - 추돌 - 주정차중,안전운전불이행,건조,맑음,단일로 - 기타,승합,남,60세,상해없음,승용,남,68세,중상
2015082000100203,2015년 8월 20일 10시,목요일,경상북도 영천시 오미동,사망사고,1,0,0,0,차량단독 - 공작물충돌,안전운전불이행,습기,비,단일로 - 기타,화물,남,74세,사망,,,,
2015082000100204,2015년 8월 20일 10시,목요일,경상북도 성주군 성주읍,중상사고,0,1,0,0,차대사람 - 기타,안전운전불이행,습기,비,기타 - 기타,화물,남,59세,상해없음,보행자,여,72세,중상
2015082000100232,2015년 8월 20일 11시,목요일,경상북도 경주시 조양동,중상사고,0,1,0,0,차대사람 - 기타,안전운전불이행,건조,맑음,단일로 - 기타,승용,남,35세,상해없음,보행자,여,78세,중상