사고번호,사고일시,요일,시군구,사고내용,사망자수,중상자수,경상자수,부상신고자수,사고유형,법규위반,노면상태,기상상태,도로형태,가해운전자 차종,가해운전자 성별,가해운전자 연령,가해운전자 상해정도,피해운전자 차종,피해운전자 성별,피해운전자 연령,피해운전자 상해정도
2015082000100233,2015년 8월 20일 11시,목요일,경상북도 김천시 신음동,경상사고,0,0,1,0,차대차 - 측면직각충돌,중앙선침범,건조,맑음,교차로 - 교차로부근,자전거,남,89세,경상,승용,남,40세,상해없음
2015082000100234,2015년 8월 20일 11시,목요일,경상북도 영천시 문내동,경상사고,0,0,1,0,차대차 - 측면직각충돌,교차로운행방법위반,건조,맑음,교차로 - 교차로안,승용,남,79세,상해없음,승합,남,53세,경상
2015082000100235,2015년 8월 20일 11시,목요일,경상북도 성주군 용암면,중상사고,0,2,0,0,차대차 - 정면충돌,중앙선침범,습기,비,기타 - 기타,화물,남,61세,중상,화물,남,59세,중상
2015082000100294,2015년 8월 20일 13시,목요일,경상북도 경주시 충효동,중상사고,0,1,1,0,차대차 - 기타,안전운전불이행,습기,비,단일로 - 교량,승용,남,54세,경상,승용,여,37세,중상
2015082000100295,2015년 8월 20일 13시,목요일,경상북도 경주시 안강읍,중상사고,0,1,0,0,차대사람 - 횡단중,안전운전불이행,습기,비,교차로 - 교차로안,승용,남,60세,상해없음,보행자,여,70세,중상
2015082000100296,2015년 8월 20일 13시,목요일,경상북도 안동시 태화동,경상사고,0,0,1,0,차량단독 - 기타,안전운전불이행,건조,맑음,교차로 - 교차로부근,원동기,남,79세,경상,,,,
2015082000100297,2015년 8월 20일 13시,목요일,경상북도 김천시 지좌동,중상사고,0,1,0,0,차대사람 - 길가장자리구역통행중,안전운전불이행,건조,맑음,단일로 - 기타,화물,남,63세,상해없음,보행자,여,58세,중상
2015082000100298,2015년 8월 20일 13시,목요일,경상북도 영주시 가흥동,경상사고,0,0,1,0,차대차 - 기타,안전운전불이행,건조,맑음,단일로 - 기타,승용,남,58세,상해없음,승용,남,27세,상해없음
2015082000100299,2015년 8월 20일 13시,목요일,경상북도 영주시 하망동,경상사고,0,0,1,0,차대사람 - 기타,안전운전불이행,건조,맑음,교차로 - 교차로안,승용,남,26세,상해없음,보행자,여,55세,경상
2015082000100300,2015년 8월 20일 13시,목요일,경상북도 봉화군 석포면,중상사고,0,1,0,0,차대차 - 측면직각충돌,안전운전불이행,건조,맑음,교차로 - 교차로안,승합,남,28세,상해없음,화물,남,42세,중상
2015082000100301,2015년 8월 20일 13시,목요일,경상북도 포항시 남구 대도동,중상사고,0,1,2,0,차대차 - 기타,신호위반,건조,맑음,교차로 - 교차로안,화물,남,50세,상해없음,승용,남,58세,중상
2015082000100331,2015년 8월 20일 14시,목요일,경상북도 경주시 충효동,중상사고,0,1,0,0,차대사람 - 기타,신호위반,습기,비,교차로 - 교차로부근,승용,여,38세,상해없음,보행자,남,20세,중상
2015082000100332,2015년 8월 20일 14시,목요일,경상북도 경주시 성동동,경상사고,0,0,1,0,차대차 - 기타,안전운전불이행,건조,맑음,단일로 - 기타,승용,남,43세,상해없음,승용,여,56세,경상
2015082000100333,2015년 8월 20일 14시,목요일,경상북도 경산시 유곡동,중상사고,0,1,0,0,차량단독 - 기타,안전운전불이행,건조,맑음,교차로 - 교차로부근,승합,남,50세,상해없음,,,,
2015082000100371,2015년 8월 20일 15시,목요일,경상북도 경산시 진량읍,경상사고,0,0,2,0,차대차 - 기타,신호위반,습기,비,교차로 - 교차로안,승용,남,46세,상해없음,승용,남,44세,경상
2015082000100412,2015년 8월 20일 16시,목요일,경상북도 문경시 모전동,경상사고,0,0,3,0,차대차 - 측면직각충돌,안전운전불이행,습기,비,단일로 - 기타,승용,여,48세,경상,승용,여,38세,경상
2015082000100448,2015년 8월 20일 17시,목요일,경상북도 경주시 현곡면,경상사고,0,0,1,0,차대사람 - 기타,안전운전불이행,건조,맑음,단일로 - 기타,승용,여,54세,상해없음,보행자,남,14세,경상
2015082000100449,2015년 8월 20일 17시,목요일,경상북도 경산시 진량읍,중상사고,0,1,0,0,차대차 - 기타,교차로운행방법위반,건조,맑음,단일로 - 기타,승용,남,52세,상해없음,이륜,남,16세,중상
2015082000100488,2015년 8월 20일 18시,목요일,경상북도 포항시 북구 죽장면,경상사고,0,0,1,0,차량단독 - 전도전복,안전운전불이행,건조,맑음,단일로 - 기타,승용,남,46세,경상,,,,
2015082000100516,2015년 8월 20일 19시,목요일,경상북도 포항시 북구 흥해읍,경상사고,0,0,1,0,차대사람 - 길가장자리구역통행중,중앙선침범,습기,비,단일로 - 기타,승용,남,66세,상해없음,보행자,남,44세,경상
2015082000100517,2015년 8월 20일 19시,목요일,경상북도 경산시 압량면,경상사고,0,0,2,0,차대차 - 기타,교차로운행방법위반,습기,비,교차로 - 교차로안,승용,여,50세,경상,승용,남,40세,경상
2015082000100518,2015년 8월 20일 19시,목요일,경상북도 경주시 율동,중상사고,0,2,0,0,차대차 - 측면직각충돌,안전거리미확보,건조,맑음,단일로 - 기타,화물,남,59세,상해없음,승용,남,65세,중상
2015082000100557,2015년 8월 20일 20시,목요일,경상북도 경주시 용강동,중상사고,0,1,0,1,차대차 - 기타,신호위반,습기,비,교차로 - 교차로안,승용,여,43세,부상신고,승용,남,68세,중상
2015082000100558,2015년 8월 20일 20시,목요일,경상북도 경주시 동천동,중상사고,0,1,0,0,차대차 - 기타,안전운전불이행,건조,맑음,교차로 - 교차로안,승용,남,19세,상해없음,승용,남,68세,상해없음
2015082000100559,2015년 8월 20일 20시,목요일,경상북도 포항시 북구 우현동,경상사고,0,0,1,0,차대차 - 측면직각충돌,안전운전불이행,건조,맑음,단일로 - 기타,승용,남,47세,상해없음,이륜,남,53세,경상
2015082000100560,2015년 8월 20일 20시,목요일,경상북도 경산시 중방동,경상사고,0,0,1,0,차대차 - 기타,중앙선침범,습기,비,단일로 - 기타,승용,남,46세,상해없음,이륜,남,23세,경상
2015082000100561,2015년 8월 20일 20시,목요일,경상북도 경산시 정평동,경상사고,0,0,1,0,차대사람 - 기타,안전운전불이행,습기,비,교차로 - 교차로부근,승용,남,66세,상해없음,보행자,여,51세,경상
2015082000100562,2015년 8월 20일 20시,목요일,경상북도 구미시 공단동,경상사고,0,0,2,0,차대차 - 기타,교차로운행방법위반,건조,맑음,교차로 - 교차로안,승용,남,32세,경상,승용,남,33세,경상
2015082000100654,2015년 8월 20일 23시,목요일,경상북도 경주시 성건동,중상사고,0,1,0,0,차대차 - 기타,안전운전불이행,습기,비,단일로 - 기타,승용,남,33세,상해없음,자전거,남,69세,중상
2015082000100655,2015년 8월 20일 23시,목요일,경상북도 안동시 용상동,중상사고,0,2,0,0,차대사람 - 기타,안전운전불이행,습기,비,단일로 - 기타,승용,남,50세,상해없음,보행자,남,21세,중상
2015082100100019,2015년 8월 21일 00시,금요일,경상북도 김천시 용두동,중상사고,0,1,2,0,차대차 - 추돌 - 주정차중,교차로운행방법위반,건조,맑음,교차로 - 교차로안,승용,남,62세,상해없음,승용,남,27세,경상
2015082100100020,2015년 8월 21일 00시,금요일,경상북도 울진군 울진읍,중상사고,0,2,0,0,차대차 - 기타,안전운전불이행,습기,비,단일로 - 기타,승용,남,38세,상해없음,화물,남,57세,상해없음
2015082100100021,2015년 8월 21일 00시,금요일,경상북도 구미시 선산읍,경상사고,0,0,1,0,차대차 - 기타,안전운전불이행,습기,비,교차로 - 교차로안,승용,남,37세,상해없음,승용,남,25세,경상
2015082100100039,2015년 8월 21일 01시,금요일,경상북도 안동시 풍산읍,중상사고,0,1,0,0,차대차 - 추돌 - 진행중,안전운전불이행,습기,비,단일로 - 기타,화물,남,58세,상해없음,이륜,남,62세,중상
2015082100100101,2015년 8월 21일 05시,금요일,경상북도 영주시 가흥동,경상사고,0,0,1,0,차대차 - 측면직각충돌,안전운전불이행,습기,비,교차로 - 교차로안,승용,남,55세,상해없음,승합,남,68세,경상
2015082100100131,2015년 8월 21일 07시,금요일,경상북도 경주시 황성동,경상사고,0,0,1,0,차대사람 - 기타,안전운전불이행,습기,비,단일로 - 기타,승용,여,55세,상해없음,보행자,여,70세,경상
2015082100100132,2015년 8월 21일 07시,금요일,경상북도 포항시 남구 이동,중상사고,0,2,0,0,차대차 - 기타,중앙선침범,습기,비,단일로 - 기타,승용,남,41세,중상,승용,남,40세,중상
2015082100100168,2015년 8월 21일 08시,금요일,경상북도 경주시 충효동,중상사고,0,1,0,0,차대차 - 기타,중앙선침범,습기,비,단일로 - 기타,승용,여,35세,상해없음,승용,남,50세,중상
2015082100100169,2015년 8월 21일 08시,금요일,경상북도 경주시 성건동,경상사고,0,0,1,1,차대차 - 기타,교차로운행방법위반,건조,맑음,교차로 - 교차로안,승용,남,54세,부상신고,승용,여,45세,경상
2015082100100170,2015년 8월 21일 08시,금요일,경상북도 안동시 태화동,경상사고,0,0,1,0,차대차 - 추돌 - 진행중,안전거리미확보,습기,비,단일로 - 기타,화물,남,41세,상해없음,승용,남,27세,경상
2015082100100171,2015년 8월 21일 08시,금요일,경상북도 경산시 임당동,중상사고,0,1,0,0,차대차 - 기타,교차로운행방법위반,습기,비,교차로 - 교차로안,승용,남,29세,상해없음,이륜,남,20세,중상
2015082100100172,2015년 8월 21일 08시,금요일,경상북도 청도군 화양읍,경상사고,0,0,3,0,차대차 - 정면충돌,안전운전불이행,습기,비,단일로 - 기타,화물,여,51세,경상,승용,남,45세,경상
2015082100100173,2015년 8월 21일 08시,금요일,경상북도 구미시 공단동,경상사고,0,0,1,0,차대차 - 기타,안전거리미확보,습기,비,교차로 - 교차로부근,승용,남,58세,상해없음,승용,여,30세,경상
2015082100100201,2015년 8월 21일 09시,금요일,경상북도 경주시 동천동,중상사고,0,1,0,0,차대차 - 기타,안전거리미확보,습기,비,단일로 - 기타,화물,여,42세,상해없음,승용,남,28세,중상
2015082100100202,2015년 8월 21일 09시,금요일,경상북도 김천시 봉산면,중상사고,0,1,0,0,차대차 - 측면직각충돌,안전운전불이행,습기,흐림,단일로 - 기타,화물,남,63세,상해없음,이륜,여,68세,중상
2015082100100203,2015년 8월 21일 09시,금요일,경상북도 경산시 진량읍,중상사고,0,1,0,0,차대차 - 추돌 - 주정차중,안전운전불이행,건조,맑음,단일로 - 기타,승용,남,25세,상해없음,화물,남,66세,중상
2015082100100204,2015년 8월 21일 09시,금요일,경상북도 영양군 입암면,사망사고,1,1,0,0,차대차 - 측면직각충돌,신호위반,습기,비,교차로 - 교차로안,화물,남,42세,상해없음,화물,남,65세,중상
2015082100100205,2015년 8월 21일 09시,금요일,경상북도 구미시 인의동,경상사고,0,0,1,0,차대차 - 기타,안전운전불이행,건조,맑음,교차로 - 교차로부근,화물,남,32세,상해없음,기타불명,남,37세,기타불명
2015082100100206,2015년 8월 21일 09시,금요일,경상북도 영천시 본촌동,경상사고,0,0,1,0,차대차 - 추돌 - 주정차중,안전운전불이행,습기,비,단일로 - 기타,화물,남,60세,상해없음,승용,남,44세,경상
2015082100100233,2015년 8월 21일 10시,금요일,경상북도 안동시 태화동,경상사고,0,0,1,0,차대차 - 추돌 - 주정차중,안전거리미확보,습기,비,단일로 - 기타,승합,남,46세,상해없음,화물,남,70세,경상
2015082100100234,2015년 8월 21일 10시,금요일,경상북도 상주시 내서면,중상사고,0,1,0,0,차대차 - 추돌 - 진행중,중앙선침범,습기,비,기타 - 기타,화물,남,60세,상해없음,화물,남,81세,중상
2015082100100235,2015년 8월 21일 10시,금요일,경상북도 칠곡군 왜관읍,중상사고,0,1,0,0,차대사람 - 기타,안전운전불이행,습기,비,기타 - 기타,승용,남,48세,상해없음,보행자,여,74세,중상
2015082100100236,2015년 8월 21일 10시,금요일,경상북도 구미시 원평동,중상사고,0,1,0,0,차대차 - 기타,안전운전불이행,건조,맑음,교차로 - 교차로안,승용,여,32세,상해없음,승용,여,55세,중상
2015082100100268,2015년 8월 21일 11시,금요일,경상북도 경주시 동천동,부상신고사고,0,0,0,1,차대차 - 기타,안전운전불이행,습기,비,단일로 - 기타,승용,남,24세,부상신고,승용,남,56세,상해없음
2015082100100269,2015년 8월 21일 11시,금요일,경상북도 안동시 옥동,중상사고,0,1,0,0,차대차 - 기타,안전운전불이행,습기,비,교차로 - 교차로안,화물,남,53세,상해없음,승용,남,60세,중상
2015082100100270,2015년 8월 21일 11시,금요일,경상북도 울진군 후포면,경상사고,0,0,1,0,차대차 - 기타,직진우회전진행방해,건조,맑음,교차로 - 교차로안,승용,남,55세,상해없음,승용,남,68세,상해없음
2015082100100271,2015년 8월 21일 11시,금요일,경상북도 울진군 후포면,부상신고사고,0,0,0,1,차대차 - 추돌 - 진행중,안전운전불이행,습기,비,단일로 - 횡단보도부근,화물,남,78세,부상신고,화물,남,44세,상해없음
2015082100100295,2015년 8월 21일 12시,금요일,경상북도 문경시 모전동,경상사고,0,0,1,0,차대사람 - 횡단중,안전운전불이행,건조,맑음,단일로 - 기타,이륜,남,22세,상해없음,보행자,남,10세,경상
2015082100100296,2015년 8월 21일 12시,금요일,경상북도 구미시 고아읍,사망사고,1,0,0,1,차대차 - 기타,안전거리미확보,건조,맑음,단일로 - 기타,승용,여,45세,부상신고,농기계,남,80세,사망
2015082100100319,2015년 8월 21일 13시,금요일,경상북도 경주시 동천동,중상사고,0,2,2,0,차대차 - 기타,신호위반,습기,비,교차로 - 교차로안,승용,남,26세,상해없음,승용,여,32세,경상
2015082100100320,2015년 8월 21일 13시,금요일,경상북도 경산시 계양동,경상사고,0,0,1,0,차대차 - 기타,안전운전불이행,건조,맑음,교차로 - 교차로안,승용,여,44세,상해없음,이륜,여,38세,경상
2015082100100321,2015년 8월 21일 13시,금요일,경상북도 고령군 대가야읍,경상사고,0,0,3,0,차대차 - 측면직각충돌,안전운전불이행,건조,맑음,교차로 - 교차로안,승용,남,57세,경상,승합,남,58세,경상
2015082100100386,2015년 8월 21일 15시,금요일,경상북도 안동시 옥동,경상사고,0,0,1,0,차대차 - 기타,직진우회전진행방해,건조,맑음,교차로 - 교차로안,승합,남,34세,상해없음,승용,여,42세,경상
2015082100100387,2015년 8월 21일 15시,금요일,경상북도 안동시 용상동,중상사고,0,1,0,0,차대차 - 기타,신호위반,건조,맑음,교차로 - 교차로부근,자전거,남,83세,중상,승합,남,40세,상해없음
2015082100100388,2015년 8월 21일 15시,금요일,경상북도 포항시 남구 연일읍,경상사고,0,0,1,0,차대차 - 기타,안전운전불이행,건조,맑음,교차로 - 교차로안,이륜,여,55세,경상,승용,남,27세,상해없음
2015082100100425,2015년 8월 21일 16시,금요일,경상북도 경주시 성동동,경상사고,0,0,1,0,차대차 - 기타,신호위반,건조,맑음,교차로 - 교차로안,승용,여,46세,상해없음,원동기,남,72세,경상
2015082100100426,2015년 8월 21일 16시,금요일,경상북도 경주시 황성동,경상사고,0,0,1,0,차대사람 - 기타,안전운전불이행,건조,맑음,기타 - 기타,화물,남,42세,기타불명,보행자,남,10세,경상
2015082100100427,2015년 8월 21일 16시,금요일,경상북도 경산시 하양읍,중상사고,0,1,0,0,차대차 - 기타,교차로운행방법위반,건조,맑음,교차로 - 교차로안,승용,남,28세,상해없음,승용,남,49세,중상
2015082100100428,2015년 8월 21일 16시,금요일,경상북도 포항시 남구 해도동,경상사고,0,0,2,0,차대차 - 기타,차로위반,건조,맑음,교차로 - 교차로부근,승용,여,68세,상해없음,승용,남,60세,경상
2015082100100466,2015년 8월 21일 17시,금요일,경상북도 의성군 비안면,사망사고,1,0,0,0,차대차 - 측면직각충돌,안전운전불이행,건조,맑음,교차로 - 교차로안,이륜,남,64세,사망,승용,남,51세,상해없음
2015082100100467,2015년 8월 21일 17시,금요일,경상북도 구미시 선산읍,경상사고,0,0,1,0,차대차 - 기타,안전운전불이행,건조,맑음,교차로 - 교차로부근,승합,남,61세,상해없음,승용,여,48세,경상
2015082100100507,2015년 8월 21일 18시,금요일,경상북도 경주시 광명동,부상신고사고,0,0,0,1,차대차 - 측면직각충돌,안전운전불이행,건조,맑음,교차로 - 교차로안,화물,남,31세,상해없음,자전거,남,50세,부상신고
2015082100100508,2015년 8월 21일 18시,금요일,경상북도 경주시 충효동,중상사고,0,1,0,0,차대사람 - 기타,안전운전불이행,건조,맑음,단일로 - 기타,승합,남,51세,상해없음,보행자,남,70세,중상
2015082100100537,2015년 8월 21일 19시,금요일,경상북도 포항시 북구 두호동,경상사고,0,0,1,0,차대차 - 측면직각충돌,안전거리미확보,건조,맑음,단일로 - 기타,승용,남,65세,상해없음,승용,남,46세,경상
2015082100100538,2015년 8월 21일 19시,금요일,경상북도 성주군 월항면,중상사고,0,1,0,0,차량단독 - 공작물충돌,안전운전불이행,건조,맑음,단일로 - 기타,화물,남,56세,중상,,,,
2015082100100539,2015년 8월 21일 19시,금요일,경상북도 성주군 벽진면,중상사고,0,1,0,0,차대차 - 기타,안전운전불이행,건조,맑음,기타 - 기타,승용,남,36세,상해없음,이륜,여,79세,중상
2015082100100581,2015년 8월 21일 20시,금요일,경상북도 칠곡군 동명면,경상사고,0,0,1,0,차대사람 - 기타,안전운전불이행,건조,맑음,단일로 - 기타,승용,남,32세,상해없음,보행자,남,58세,경상
2015082100100582,2015년 8월 21일 20시,금요일,경상북도 칠곡군 왜관읍,경상사고,0,0,1,0,차대차 - 추돌 - 주정차중,안전운전불이행,건조,맑음,단일로 - 기타,승용,남,41세,경상,승용,남,35세,상해없음
2015082100100583,2015년 8월 21일 20시,금요일,경상북도 구미시 고아읍,경상사고,0,0,1,0,차대차 - 기타,안전운전불이행,건조,맑음,교차로 - 교차로안,이륜,남,71세,경상,승용,남,49세,상해없음
2015082100100584,2015년 8월 21일 20시,금요일,경상북도 포항시 남구 오천읍,경상사고,0,0,1,0,차대차 - 추돌 - 주정차중,안전운전불이행,건조,맑음,교차로 - 교차로부근,승용,여,51세,상해없음,승용,남,38세,경상
2015082100100623,2015년 8월 21일 21시,금요일,경상북도 김천시 교동,중상사고,0,1,2,0,차대차 - 추돌 - 주정차중,안전운전불이행,건조,맑음,교차로 - 교차로부근,승용,남,48세,상해없음,승용,남,52세,중상
2015082100100624,2015년 8월 21일 21시,금요일,경상북도 영천시 완산동,경상사고,0,0,2,0,차대차 - 측면직각충돌,신호위반,건조,맑음,교차로 - 교차로안,승용,여,28세,상해없음,승용,여,39세,경상
2015082100100662,2015년 8월 21일 22시,금요일,경상북도 고령군 대가야읍,경상사고,0,0,1,0,차대차 - 측면직각충돌,교차로운행방법위반,건조,맑음,교차로 - 교차로안,화물,남,30세,상해없음,승용,남,47세,경상
2015082100100692,2015년 8월 21일 23시,금요일,경상북도 영천시 금호읍,부상신고사고,0,0,0,1,차량단독 - 공작물충돌,안전운전불이행,건조,맑음,교차로 - 교차로안,화물,남,44세,부상신고,,,,
2015082100100693,2015년 8월 21일 23시,금요일,경상북도 경산시 진량읍,중상사고,0,1,0,0,차대사람 - 횡단중,안전운전불이행,건조,맑음,교차로 - 교차로안,승용,남,25세,상해없음,보행자,여,45세,중상
2015082100100694,2015년 8월 21일 23시,금요일,경상북도 구미시 공단동,경상사고,0,0,1,0,차대차 - 기타,안전운전불이행,건조,맑음,단일로 - 기타,승용,남,37세,상해없음,이륜,여,33세,경상
2015082100100695,2015년 8월 21일 23시,금요일,경상북도 구미시 옥계동,부상신고사고,0,0,0,1,차대차 - 기타,교차로운행방법위반,건조,맑음,교차로 - 교차로안,이륜,남,17세,부상신고,승용,남,58세,상해없음
2015082100100696,2015년 8월 21일 23시,금요일,경상북도 포항시 남구 구룡포읍,경상사고,0,0,3,0,차대차 - 측면직각충돌,중앙선침범,건조,맑음,단일로 - 기타,이륜,여,24세,경상,승용,남,41세,경상
2015082200100064,2015년 8월 22일 03시,토요일,경상북도 경주시 용강동,중상사고,0,2,1,0,차대차 - 추돌 - 주정차중,안전운전불이행,건조,맑음,교차로 - 교차로부근,승용,남,35세,상해없음,승용,여,35세,중상
2015082200100097,2015년 8월 22일 05시,토요일,경상북도 포항시 북구 대신동,중상사고,0,1,0,0,차대사람 - 기타,안전운전불이행,건조,맑음,단일로 - 기타,승용,남,67세,상해없음,보행자,여,82세,중상
2015082200100116,2015년 8월 22일 06시,토요일,경상북도 경주시 황성동,경상사고,0,0,1,0,차대차 - 측면직각충돌,중앙선침범,건조,맑음,교차로 - 교차로부근,승용,남,70세,상해없음,승용,여,33세,경상
2015082200100136,2015년 8월 22일 07시,토요일,경상북도 김천시 삼락동,중상사고,0,1,0,0,차대차 - 측면직각충돌,안전운전불이행,건조,맑음,교차로 - 교차로안,화물,남,73세,상해없음,자전거,남,7세,중상
2015082200100153,2015년 8월 22일 08시,토요일,경상북도 경산시 계양동,경상사고,0,0,2,1,차대차 - 추돌 - 진행중,안전운전불이행,건조,맑음,교차로 - 교차로부근,승용,남,35세,상해없음,승용,여,25세,경상
2015082200100154,2015년 8월 22일 08시,토요일,경상북도 칠곡군 지천면,경상사고,0,0,1,0,차대차 - 추돌 - 주정차중,안전운전불이행,건조,맑음,단일로 - 기타,승용,여,34세,상해없음,승용,여,47세,경상
2015082200100181,2015년 8월 22일 09시,토요일,경상북도 안동시 태화동,경상사고,0,0,1,0,차대차 - 추돌 - 진행중,안전거리미확보,건조,맑음,단일로 - 기타,이륜,남,77세,경상,승용,여,51세,상해없음
2015082200100182,2015년 8월 22일 09시,토요일,경상북도 영주시 영주동,중상사고,0,1,0,0,차대차 - 측면직각충돌,안전운전불이행,건조,맑음,기타 - 기타,승용,남,56세,상해없음,이륜,남,73세,중상
2015082200100210,2015년 8월 22일 10시,토요일,경상북도 안동시 옥야동,중상사고,0,1,0,0,차대사람 - 기타,안전운전불이행,건조,맑음,단일로 - 기타,원동기,남,53세,상해없음,보행자,남,74세,중상
2015082200100239,2015년 8월 22일 11시,토요일,경상북도 안동시 옥야동,중상사고,0,1,0,0,차대사람 - 기타,보행자보호의무위반,건조,맑음,단일로 - 기타,승용,여,74세,상해없음,보행자,여,65세,중상
2015082200100240,2015년 8월 22일 11시,토요일,경상북도 안동시 송현동,경상사고,0,0,1,0,차대차 - 기타,안전운전불이행,건조,맑음,교차로 - 교차로부근,승용,남,83세,상해없음,자전거,남,25세,경상
2015082200100241,2015년 8월 22일 11시,토요일,경상북도 청도군 각남면,경상사고,0,0,1,0,차대차 - 추돌 - 진행중,안전운전불이행,건조,맑음,단일로 - 기타,원동기,남,78세,경상,승용,여,41세,상해없음
2015082200100242,2015년 8월 22일 11시,토요일,경상북도 울진군 북면,경상사고,0,0,4,0,차대차 - 기타,안전운전불이행,건조,맑음,기타 - 기타,화물,남,69세,상해없음,승합,남,30세,경상
2015082200100269,2015년 8월 22일 12시,토요일,경상북도 안동시 수상동,경상사고,0,0,2,0,차대차 - 추돌 - 진행중,안전운전불이행,건조,맑음,단일로 - 기타,화물,남,63세,상해없음,승용,여,61세,경상
2015082200100270,2015년 8월 22일 12시,토요일,경상북도 안동시 풍산읍,중상사고,0,1,0,0,차대차 - 추돌 - 진행중,안전운전불이행,건조,맑음,교차로 - 교차로안,승용,남,79세,상해없음,승합,남,55세,상해없음
2015082200100271,2015년 8월 22일 12시,토요일,경상북도 상주시 무양동,경상사고,0,0,1,0,차대차 - 기타,안전운전불이행,건조,맑음,단일로 - 기타,승용,여,36세,상해없음,자전거,남,17세,경상
2015082200100272,2015년 8월 22일 12시,토요일,경상북도 문경시 산양면,부상신고사고,0,0,0,1,차대차 - 측면직각충돌,중앙선침범,건조,맑음,단일로 - 기타,농기계,남,70세,부상신고,승용,남,49세,상해없음
2015082200100273,2015년 8월 22일 12시,토요일,경상북도 성주군 성주읍,중상사고,0,1,0,0,차대차 - 기타,교차로운행방법위반,건조,맑음,기타 - 기타,화물,여,51세,상해없음,자전거,남,82세,중상
2015082200100343,2015년 8월 22일 14시,토요일,경상북도 영천시 신령면,경상사고,0,0,2,0,차대차 - 측면직각충돌,중앙선침범,건조,맑음,교차로 - 교차로안,승용,남,58세,기타불명,승용,남,19세,경상
2015082200100344,2015년 8월 22일 14시,토요일,경상북도 봉화군 춘양면,경상사고,0,0,1,0,차대차 - 정면충돌,안전운전불이행,건조,맑음,단일로 - 기타,화물,남,45세,상해없음,화물,남,59세,경상
2015082200100383,2015년 8월 22일 15시,토요일,경상북도 경주시 마동,중상사고,0,1,1,0,차대차 - 측면직각충돌,안전운전불이행,건조,맑음,교차로 - 교차로안,승용,남,58세,상해없음,승용,남,49세,경상
2015082200100384,2015년 8월 22일 15시,토요일,경상북도 안동시 태화동,경상사고,0,0,1,0,차대차 - 기타,신호위반,건조,맑음,교차로 - 교차로안,승용,여,27세,상해없음,자전거,남,43세,경상
2015082200100385,2015년 8월 22일 15시,토요일,경상북도 경산시 삼북동,경상사고,0,0,1,0,차대사람 - 기타,안전운전불이행,건조,맑음,단일로 - 기타,승용,남,65세,상해없음,보행자,여,68세,경상
2015082200100386,2015년 8월 22일 15시,토요일,경상북도 군위군 고로면,부상신고사고,0,0,0,2,차대차 - 추돌 - 주정차중,안전운전불이행,건조,맑음,단일로 - 기타,승용,남,31세,상해없음,승용,여,43세,부상신고
2015082200100417,2015년 8월 22일 16시,토요일,경상북도 김천시 평화동,중상사고,0,1,0,0,차대차 - 측면직각충돌,신호위반,건조,맑음,교차로 - 교차로안,이륜,남,61세,중상,승용,남,52세,상해없음
2015082200100418,2015년 8월 22일 16시,토요일,경상북도 상주시 모서면,중상사고,0,3,1,0,차대차 - 측면직각충돌,교차로운행방법위반,건조,맑음,교차로 - 교차로안,승용,남,60세,상해없음,승용,남,55세,중상
2015082200100419,2015년 8월 22일 16시,토요일,경상북도 경산시 하양읍,경상사고,0,0,2,0,차대차 - 정면충돌,중앙선침범,건조,맑음,단일로 - 기타,승용,여,51세,상해없음,승용,남,35세,경상
2015082200100420,2015년 8월 22일 16시,토요일,경상북도 봉화군 봉화읍,중상사고,0,1,0,0,차대사람 - 횡단중,안전운전불이행,건조,맑음,단일로 - 기타,승합,남,46세,상해없음,보행자,여,87세,중상
2015082200100452,2015년 8월 22일 17시,토요일,경상북도 안동시 송현동,중상사고,0,3,3,0,차대차 - 추돌 - 진행중,안전운전불이행,건조,맑음,교차로 - 교차로부근,승용,여,54세,중상,승용,여,57세,경상
2015082200100453,2015년 8월 22일 17시,토요일,경상북도 김천시 평화동,경상사고,0,0,1,0,차대사람 - 기타,안전운전불이행,건조,맑음,기타 - 기타,승용,남,62세,상해없음,보행자,여,81세,경상
2015082200100454,2015년 8월 22일 17시,토요일,경상북도 구미시 구포동,부상신고사고,0,0,0,1,차대차 - 기타,신호위반,건조,맑음,교차로 - 교차로안,자전거,남,14세,부상신고,승용,남,54세,상해없음
2015082200100455,2015년 8월 22일 17시,토요일,경상북도 포항시 남구 상도동,경상사고,0,0,1,0,차대사람 - 횡단중,안전운전불이행,건조,맑음,단일로 - 기타,승용,남,50세,상해없음,보행자,여,36세,경상
2015082200100487,2015년 8월 22일 18시,토요일,경상북도 경주시 외동읍,중상사고,0,1,5,0,차대차 - 기타,안전운전불이행,건조,맑음,단일로 - 기타,승용,여,56세,상해없음,승용,남,40세,중상
2015082200100488,2015년 8월 22일 18시,토요일,경상북도 청송군 현동면,중상사고,0,1,1,0,차대차 - 정면충돌,중앙선침범,건조,맑음,단일로 - 기타,승용,남,39세,상해없음,승용,여,57세,중상
2015082200100489,2015년 8월 22일 18시,토요일,경상북도 구미시 신평동,경상사고,0,0,1,0,차대차 - 기타,안전운전불이행,건조,맑음,교차로 - 교차로안,승용,남,55세,기타불명,승용,남,49세,경상