사고번호,사고일시,요일,시군구,사고내용,사망자수,중상자수,경상자수,부상신고자수,사고유형,법규위반,노면상태,기상상태,도로형태,가해운전자 차종,가해운전자 성별,가해운전자 연령,가해운전자 상해정도,피해운전자 차종,피해운전자 성별,피해운전자 연령,피해운전자 상해정도
2015082200100490,2015년 8월 22일 18시,토요일,경상북도 구미시 광평동,경상사고,0,0,2,0,차대차 - 기타,안전운전불이행,건조,맑음,교차로 - 교차로안,이륜,남,25세,상해없음,승용,남,25세,경상
2015082200100551,2015년 8월 22일 20시,토요일,경상북도 포항시 북구 죽도동,경상사고,0,0,1,0,차대차 - 기타,안전운전불이행,건조,맑음,교차로 - 교차로안,화물,남,48세,상해없음,승용,남,43세,상해없음
2015082200100552,2015년 8월 22일 20시,토요일,경상북도 구미시 고아읍,경상사고,0,0,1,0,차대차 - 측면직각충돌,안전운전불이행,습기,비,교차로 - 교차로안,승용,남,33세,경상,승용,여,40세,상해없음
2015082200100583,2015년 8월 22일 21시,토요일,경상북도 안동시 평화동,경상사고,0,0,1,0,차대차 - 추돌 - 주정차중,안전운전불이행,건조,맑음,단일로 - 기타,원동기,남,18세,경상,건설기계,남,59세,상해없음
2015082200100584,2015년 8월 22일 21시,토요일,경상북도 칠곡군 동명면,부상신고사고,0,0,0,1,차대차 - 추돌 - 주정차중,안전운전불이행,건조,맑음,단일로 - 기타,승용,남,48세,부상신고,승용,남,61세,상해없음
2015082200100609,2015년 8월 22일 22시,토요일,경상북도 포항시 북구 득량동,중상사고,0,1,1,0,차대차 - 기타,안전거리미확보,건조,맑음,교차로 - 교차로안,승용,여,53세,상해없음,승용,여,60세,경상
2015082200100610,2015년 8월 22일 22시,토요일,경상북도 청송군 현서면,중상사고,0,1,0,0,차량단독 - 공작물충돌,안전운전불이행,건조,맑음,단일로 - 기타,화물,남,51세,중상,,,,
2015082200100611,2015년 8월 22일 22시,토요일,경상북도 구미시 옥계동,경상사고,0,0,2,1,차대차 - 기타,안전운전불이행,건조,맑음,교차로 - 교차로부근,이륜,남,21세,부상신고,승용,남,27세,경상
2015082200100642,2015년 8월 22일 23시,토요일,경상북도 경주시 감포읍,중상사고,0,1,0,1,차대사람 - 기타,안전운전불이행,건조,맑음,단일로 - 기타,원동기,남,16세,부상신고,보행자,남,33세,중상
2015082200100643,2015년 8월 22일 23시,토요일,경상북도 경주시 양북면,중상사고,0,1,0,0,차량단독 - 기타,안전운전불이행,건조,맑음,단일로 - 기타,승용,남,31세,중상,,,,
2015082300100038,2015년 8월 23일 01시,일요일,경상북도 구미시 사곡동,사망사고,1,0,1,0,차대차 - 기타,안전운전불이행,건조,맑음,교차로 - 교차로부근,승용,여,49세,경상,화물,남,55세,기타불명
2015082300100089,2015년 8월 23일 05시,일요일,경상북도 김천시 성내동,경상사고,0,0,1,0,차량단독 - 기타,안전운전불이행,건조,맑음,단일로 - 기타,승용,남,21세,경상,,,,
2015082300100102,2015년 8월 23일 06시,일요일,경상북도 구미시 오태동,사망사고,1,1,0,0,차대차 - 기타,안전운전불이행,건조,맑음,단일로 - 기타,승용,남,25세,중상,특수,남,41세,상해없음
2015082300100160,2015년 8월 23일 10시,일요일,경상북도 구미시 사곡동,경상사고,0,0,1,0,차대차 - 기타,신호위반,건조,맑음,교차로 - 교차로안,승용,남,78세,경상,승용,남,29세,상해없음
2015082300100161,2015년 8월 23일 10시,일요일,경상북도 포항시 남구 오천읍,경상사고,0,0,1,0,차대차 - 측면직각충돌,안전운전불이행,건조,맑음,교차로 - 교차로안,승합,남,41세,상해없음,승용,여,32세,경상
2015082300100179,2015년 8월 23일 11시,일요일,경상북도 안동시 용상동,경상사고,0,0,1,0,차대차 - 측면직각충돌,안전운전불이행,건조,맑음,교차로 - 교차로안,이륜,남,19세,상해없음,승용,여,56세,경상
2015082300100180,2015년 8월 23일 11시,일요일,경상북도 청도군 청도읍,경상사고,0,0,5,0,차대차 - 추돌 - 진행중,안전거리미확보,건조,맑음,교차로 - 교차로안,승용,남,62세,경상,승용,남,46세,경상
2015082300100199,2015년 8월 23일 12시,일요일,경상북도 경주시 덕동,중상사고,0,1,0,0,차대차 - 기타,중앙선침범,건조,맑음,단일로 - 기타,승용,남,22세,상해없음,화물,남,76세,중상
2015082300100200,2015년 8월 23일 12시,일요일,경상북도 포항시 북구 양덕동,경상사고,0,0,2,0,차대차 - 기타,직진우회전진행방해,건조,맑음,교차로 - 교차로안,승용,여,45세,상해없음,승용,남,49세,상해없음
2015082300100201,2015년 8월 23일 12시,일요일,경상북도 포항시 북구 흥해읍,경상사고,0,0,2,0,차대차 - 기타,안전운전불이행,건조,맑음,단일로 - 기타,승용,남,62세,상해없음,승용,남,46세,경상
2015082300100202,2015년 8월 23일 12시,일요일,경상북도 영천시 도림동,경상사고,0,0,3,0,차대차 - 정면충돌,중앙선침범,건조,맑음,단일로 - 기타,승용,남,64세,경상,승용,남,49세,경상
2015082300100203,2015년 8월 23일 12시,일요일,경상북도 경산시 중방동,경상사고,0,0,2,0,차대차 - 추돌 - 진행중,안전운전불이행,건조,맑음,교차로 - 교차로부근,승용,남,57세,상해없음,승용,여,48세,경상
2015082300100232,2015년 8월 23일 13시,일요일,경상북도 영덕군 강구면,중상사고,0,1,1,0,차대차 - 추돌 - 진행중,안전거리미확보,건조,맑음,교차로 - 교차로안,승용,남,54세,상해없음,승용,여,42세,경상
2015082300100294,2015년 8월 23일 15시,일요일,경상북도 문경시 모전동,중상사고,0,2,2,0,차대차 - 추돌 - 주정차중,안전운전불이행,건조,맑음,단일로 - 기타,승용,남,45세,경상,승용,남,33세,상해없음
2015082300100295,2015년 8월 23일 15시,일요일,경상북도 영덕군 창수면,경상사고,0,0,1,0,차대차 - 측면직각충돌,교차로운행방법위반,건조,맑음,교차로 - 교차로안,승용,남,46세,상해없음,승용,남,60세,상해없음
2015082300100296,2015년 8월 23일 15시,일요일,경상북도 군위군 효령면,경상사고,0,0,2,0,차대차 - 추돌 - 주정차중,안전운전불이행,건조,맑음,교차로 - 교차로안,승용,남,49세,상해없음,승용,여,50세,경상
2015082300100329,2015년 8월 23일 16시,일요일,경상북도 경주시 양북면,경상사고,0,0,1,0,차대차 - 기타,안전운전불이행,건조,맑음,단일로 - 터널,이륜,남,39세,경상,승용,남,34세,상해없음
2015082300100330,2015년 8월 23일 16시,일요일,경상북도 경산시 삼풍동,경상사고,0,0,2,0,차대차 - 추돌 - 주정차중,안전운전불이행,건조,맑음,교차로 - 교차로부근,승용,남,76세,상해없음,화물,남,61세,경상
2015082300100331,2015년 8월 23일 16시,일요일,경상북도 영천시 북안면,중상사고,0,1,0,0,차대차 - 추돌 - 진행중,안전운전불이행,건조,맑음,단일로 - 기타,승용,남,49세,상해없음,승용,남,21세,중상
2015082300100372,2015년 8월 23일 17시,일요일,경상북도 경주시 천군동,경상사고,0,0,1,0,차대사람 - 길가장자리구역통행중,안전운전불이행,건조,맑음,단일로 - 기타,승용,남,29세,상해없음,보행자,남,18세,경상
2015082300100373,2015년 8월 23일 17시,일요일,경상북도 경주시 황오동,경상사고,0,0,1,0,차대차 - 기타,중앙선침범,습기,비,단일로 - 기타,승합,남,58세,상해없음,원동기,남,52세,경상
2015082300100374,2015년 8월 23일 17시,일요일,경상북도 예천군 개포면,경상사고,0,0,1,0,차대차 - 측면직각충돌,안전운전불이행,건조,맑음,교차로 - 교차로안,화물,남,50세,상해없음,화물,남,64세,경상
2015082300100375,2015년 8월 23일 17시,일요일,경상북도 구미시 원평동,경상사고,0,0,1,0,차대차 - 측면직각충돌,교차로운행방법위반,건조,맑음,교차로 - 교차로안,승용,여,47세,상해없음,이륜,남,16세,경상
2015082300100396,2015년 8월 23일 18시,일요일,경상북도 칠곡군 가산면,경상사고,0,0,1,0,차대차 - 측면직각충돌,안전거리미확보,건조,맑음,단일로 - 기타,승용,남,56세,상해없음,승용,남,73세,경상
2015082300100397,2015년 8월 23일 18시,일요일,경상북도 영덕군 영덕읍,경상사고,0,0,1,0,차대차 - 추돌 - 진행중,안전거리미확보,건조,맑음,단일로 - 기타,승용,여,51세,상해없음,승용,여,52세,경상
2015082300100431,2015년 8월 23일 19시,일요일,경상북도 포항시 북구 대신동,경상사고,0,0,2,1,차대차 - 기타,신호위반,건조,맑음,교차로 - 교차로안,승용,여,62세,경상,승용,남,65세,부상신고
2015082300100432,2015년 8월 23일 19시,일요일,경상북도 포항시 남구 오천읍,중상사고,0,1,0,0,차대차 - 기타,직진우회전진행방해,건조,맑음,교차로 - 교차로안,승용,남,58세,상해없음,이륜,남,36세,중상
2015082300100475,2015년 8월 23일 20시,일요일,경상북도 안동시 서부동,중상사고,0,1,0,0,차대사람 - 횡단중,보행자보호의무위반,습기,비,단일로 - 횡단보도상,이륜,남,39세,상해없음,보행자,여,85세,중상
2015082300100476,2015년 8월 23일 20시,일요일,경상북도 구미시 인의동,경상사고,0,0,2,0,차대차 - 측면직각충돌,안전운전불이행,건조,맑음,교차로 - 교차로부근,승용,남,44세,상해없음,승용,남,48세,경상
2015082300100504,2015년 8월 23일 21시,일요일,경상북도 구미시 오태동,부상신고사고,0,0,0,1,차대차 - 기타,안전운전불이행,건조,맑음,단일로 - 기타,승용,남,49세,부상신고,승용,남,43세,기타불명
2015082300100505,2015년 8월 23일 21시,일요일,경상북도 영덕군 영덕읍,사망사고,1,0,1,0,차대차 - 추돌 - 진행중,과속,건조,맑음,단일로 - 기타,승용,남,32세,경상,승용,남,48세,사망
2015082300100506,2015년 8월 23일 21시,일요일,경상북도 고령군 쌍림면,경상사고,0,0,1,0,차대차 - 측면직각충돌,안전운전불이행,건조,맑음,교차로 - 교차로부근,화물,남,37세,경상,승용,남,52세,기타불명
2015082300100507,2015년 8월 23일 21시,일요일,경상북도 구미시 진평동,경상사고,0,0,1,0,차대차 - 측면직각충돌,교차로운행방법위반,건조,맑음,교차로 - 교차로안,승용,남,51세,상해없음,이륜,남,21세,경상
2015082300100532,2015년 8월 23일 22시,일요일,경상북도 포항시 북구 항구동,중상사고,0,1,0,0,차대사람 - 횡단중,안전운전불이행,건조,맑음,교차로 - 교차로부근,승용,남,58세,상해없음,보행자,남,16세,중상
2015082300100533,2015년 8월 23일 22시,일요일,경상북도 청도군 화양읍,경상사고,0,0,2,0,차대차 - 추돌 - 주정차중,안전운전불이행,건조,맑음,단일로 - 기타,승용,남,49세,상해없음,승용,남,60세,경상
2015082300100534,2015년 8월 23일 22시,일요일,경상북도 청도군 운문면,부상신고사고,0,0,0,1,차량단독 - 도로외이탈 - 추락,안전운전불이행,건조,맑음,단일로 - 기타,화물,남,35세,부상신고,,,,
2015082300100552,2015년 8월 23일 23시,일요일,경상북도 포항시 남구 대잠동,중상사고,0,5,1,0,차대차 - 추돌 - 진행중,안전운전불이행,건조,맑음,단일로 - 기타,승용,여,36세,상해없음,승합,남,51세,중상
2015082400100037,2015년 8월 24일 03시,월요일,경상북도 포항시 남구 상도동,경상사고,0,0,2,0,차대차 - 기타,안전운전불이행,건조,맑음,단일로 - 기타,기타불명,기타불명,기타불명,기타불명,이륜,남,25세,경상
2015082400100080,2015년 8월 24일 07시,월요일,경상북도 경주시 동천동,중상사고,0,1,0,0,차대차 - 기타,신호위반,건조,맑음,교차로 - 교차로안,특수,남,47세,상해없음,승용,남,74세,중상
2015082400100117,2015년 8월 24일 08시,월요일,경상북도 경주시 현곡면,경상사고,0,0,1,0,차대차 - 기타,안전운전불이행,건조,맑음,단일로 - 기타,승용,여,53세,상해없음,승용,여,38세,경상
2015082400100118,2015년 8월 24일 08시,월요일,경상북도 청도군 청도읍,경상사고,0,0,1,0,차대차 - 측면직각충돌,중앙선침범,건조,맑음,단일로 - 기타,승용,남,42세,상해없음,승용,여,52세,경상
2015082400100119,2015년 8월 24일 08시,월요일,경상북도 구미시 고아읍,경상사고,0,0,1,0,차대차 - 기타,교차로운행방법위반,건조,기타,교차로 - 교차로안,승용,여,32세,상해없음,승용,여,47세,경상
2015082400100155,2015년 8월 24일 09시,월요일,경상북도 경주시 노동동,사망사고,1,0,0,0,차대사람 - 기타,안전운전불이행,건조,맑음,교차로 - 교차로안,화물,남,53세,상해없음,보행자,남,68세,사망
2015082400100156,2015년 8월 24일 09시,월요일,경상북도 칠곡군 왜관읍,경상사고,0,0,1,0,차대사람 - 기타,기타,습기,흐림,단일로 - 기타,자전거,여,52세,상해없음,보행자,여,72세,경상
2015082400100157,2015년 8월 24일 09시,월요일,경상북도 경산시 사동,경상사고,0,0,1,0,차대차 - 기타,안전운전불이행,건조,맑음,단일로 - 기타,승합,남,56세,상해없음,승용,여,45세,경상
2015082400100158,2015년 8월 24일 09시,월요일,경상북도 예천군 예천읍,중상사고,0,1,0,0,차량단독 - 공작물충돌,안전운전불이행,건조,맑음,단일로 - 기타,이륜,여,60세,중상,,,,
2015082400100159,2015년 8월 24일 09시,월요일,경상북도 포항시 남구 지곡동,경상사고,0,0,1,0,차대차 - 기타,안전운전불이행,건조,맑음,교차로 - 교차로안,승용,남,56세,경상,승용,여,30세,상해없음
2015082400100184,2015년 8월 24일 10시,월요일,경상북도 김천시 모암동,경상사고,0,0,1,0,차대차 - 측면직각충돌,안전운전불이행,건조,맑음,교차로 - 교차로안,승용,남,60세,상해없음,승용,남,34세,경상
2015082400100185,2015년 8월 24일 10시,월요일,경상북도 상주시 남성동,중상사고,0,1,0,0,차대차 - 측면직각충돌,교차로운행방법위반,건조,맑음,교차로 - 교차로안,승용,남,73세,상해없음,원동기,남,60세,상해없음
2015082400100186,2015년 8월 24일 10시,월요일,경상북도 상주시 함창읍,경상사고,0,0,1,0,차대차 - 기타,안전운전불이행,건조,맑음,단일로 - 기타,원동기,여,79세,경상,자전거,남,62세,상해없음
2015082400100218,2015년 8월 24일 11시,월요일,경상북도 경주시 황성동,경상사고,0,0,1,0,차대차 - 측면직각충돌,안전운전불이행,건조,맑음,교차로 - 교차로안,자전거,남,43세,경상,승용,남,54세,상해없음
2015082400100250,2015년 8월 24일 12시,월요일,경상북도 안동시 옥동,중상사고,0,2,1,0,차대차 - 측면직각충돌,직진우회전진행방해,건조,맑음,교차로 - 교차로안,승용,여,53세,경상,승용,여,37세,중상
2015082400100251,2015년 8월 24일 12시,월요일,경상북도 안동시 옥동,경상사고,0,0,1,0,차대차 - 추돌 - 주정차중,안전운전불이행,건조,맑음,교차로 - 교차로부근,승용,남,50세,상해없음,화물,남,40세,경상
2015082400100252,2015년 8월 24일 12시,월요일,경상북도 영주시 가흥동,경상사고,0,0,1,0,차대차 - 기타,안전운전불이행,건조,맑음,단일로 - 기타,자전거,여,67세,경상,승용,남,65세,기타불명
2015082400100277,2015년 8월 24일 13시,월요일,경상북도 성주군 성주읍,중상사고,0,1,0,0,차대사람 - 횡단중,안전운전불이행,건조,맑음,단일로 - 기타,승용,여,47세,상해없음,보행자,여,33세,중상
2015082400100299,2015년 8월 24일 14시,월요일,경상북도 김천시 신음동,경상사고,0,0,1,0,차대차 - 측면직각충돌,안전거리미확보,습기,비,단일로 - 기타,승용,남,55세,상해없음,화물,남,52세,경상
2015082400100348,2015년 8월 24일 15시,월요일,경상북도 포항시 북구 기계면,중상사고,0,1,0,0,차대차 - 기타,안전운전불이행,건조,맑음,단일로 - 기타,화물,남,71세,상해없음,자전거,남,69세,중상
2015082400100349,2015년 8월 24일 15시,월요일,경상북도 영주시 영주동,중상사고,0,1,0,0,차대차 - 추돌 - 진행중,안전운전불이행,건조,맑음,기타 - 기타,승용,남,73세,상해없음,이륜,남,25세,중상
2015082400100350,2015년 8월 24일 15시,월요일,경상북도 영주시 가흥동,경상사고,0,0,1,0,차대차 - 추돌 - 주정차중,안전운전불이행,건조,맑음,단일로 - 기타,이륜,남,27세,상해없음,승합,여,43세,상해없음
2015082400100351,2015년 8월 24일 15시,월요일,경상북도 예천군 감천면,중상사고,0,2,0,0,차대차 - 측면직각충돌,기타,건조,맑음,교차로 - 교차로안,건설기계,남,49세,상해없음,승용,여,42세,중상
2015082400100391,2015년 8월 24일 16시,월요일,경상북도 영주시 풍기읍,중상사고,0,1,0,0,차대차 - 기타,안전운전불이행,건조,맑음,단일로 - 기타,승용,남,59세,상해없음,승용,여,41세,중상
2015082400100392,2015년 8월 24일 16시,월요일,경상북도 경산시 진량읍,중상사고,0,1,0,0,차대사람 - 기타,보행자보호의무위반,건조,맑음,교차로 - 교차로부근,승합,남,70세,상해없음,보행자,남,73세,중상
2015082400100426,2015년 8월 24일 17시,월요일,경상북도 경주시 감포읍,경상사고,0,0,1,0,차대사람 - 기타,안전운전불이행,건조,맑음,단일로 - 기타,승용,남,68세,상해없음,보행자,여,55세,경상
2015082400100427,2015년 8월 24일 17시,월요일,경상북도 경주시 성건동,중상사고,0,1,0,0,차대차 - 기타,안전운전불이행,습기,비,교차로 - 교차로안,승용,여,21세,상해없음,승용,남,58세,상해없음
2015082400100428,2015년 8월 24일 17시,월요일,경상북도 경산시 옥산동,경상사고,0,0,1,0,차대차 - 기타,안전운전불이행,건조,맑음,교차로 - 교차로안,승용,남,55세,상해없음,승용,여,51세,경상
2015082400100429,2015년 8월 24일 17시,월요일,경상북도 청송군 안덕면,중상사고,0,1,0,0,차대차 - 기타,안전운전불이행,건조,맑음,단일로 - 기타,승용,남,59세,중상,승합,남,56세,상해없음
2015082400100459,2015년 8월 24일 18시,월요일,경상북도 영주시 가흥동,중상사고,0,1,0,0,차대차 - 기타,안전운전불이행,습기,비,교차로 - 교차로부근,화물,남,63세,상해없음,자전거,남,16세,중상
2015082400100500,2015년 8월 24일 19시,월요일,경상북도 경산시 진량읍,부상신고사고,0,0,0,1,차대사람 - 차도통행중,안전운전불이행,건조,흐림,교차로 - 교차로안,승용,남,56세,상해없음,보행자,남,20세,부상신고
2015082400100501,2015년 8월 24일 19시,월요일,경상북도 청도군 매전면,경상사고,0,0,3,0,차대차 - 측면직각충돌,안전운전불이행,습기,비,단일로 - 기타,승용,여,49세,상해없음,화물,여,48세,경상
2015082400100537,2015년 8월 24일 20시,월요일,경상북도 경주시 천군동,중상사고,0,1,0,0,차대사람 - 기타,안전운전불이행,습기,비,단일로 - 기타,승용,남,55세,상해없음,보행자,남,63세,중상
2015082400100538,2015년 8월 24일 20시,월요일,경상북도 포항시 북구 양덕동,중상사고,0,1,0,0,차대차 - 기타,차로위반,건조,맑음,단일로 - 기타,승용,남,49세,상해없음,이륜,남,22세,중상
2015082400100539,2015년 8월 24일 20시,월요일,경상북도 포항시 북구 대흥동,중상사고,0,1,0,0,차대사람 - 기타,안전운전불이행,습기,맑음,단일로 - 기타,승용,여,46세,상해없음,보행자,남,16세,중상
2015082400100540,2015년 8월 24일 20시,월요일,경상북도 경산시 중방동,경상사고,0,0,1,0,차대사람 - 횡단중,보행자보호의무위반,습기,비,교차로 - 교차로부근,승용,남,50세,상해없음,보행자,여,32세,경상
2015082400100541,2015년 8월 24일 20시,월요일,경상북도 울릉군 울릉읍,경상사고,0,0,1,0,차대사람 - 기타,안전운전불이행,건조,맑음,단일로 - 기타,화물,남,55세,상해없음,보행자,남,9세,경상
2015082400100563,2015년 8월 24일 21시,월요일,경상북도 영덕군 병곡면,경상사고,0,0,2,2,차량단독 - 공작물충돌,안전운전불이행,습기,비,단일로 - 기타,승합,남,50세,상해없음,,,,
2015082400100564,2015년 8월 24일 21시,월요일,경상북도 울진군 후포면,중상사고,0,1,0,0,차대사람 - 횡단중,안전운전불이행,습기,비,단일로 - 기타,승용,남,50세,상해없음,보행자,여,16세,중상
2015082400100592,2015년 8월 24일 22시,월요일,경상북도 문경시 모전동,경상사고,0,0,1,0,차대사람 - 횡단중,안전운전불이행,건조,맑음,교차로 - 교차로부근,승용,남,49세,상해없음,보행자,남,61세,경상
2015082400100593,2015년 8월 24일 22시,월요일,경상북도 문경시 모전동,경상사고,0,0,1,0,차대사람 - 횡단중,안전운전불이행,습기,비,단일로 - 기타,승용,남,22세,상해없음,보행자,남,23세,경상
2015082400100617,2015년 8월 24일 23시,월요일,경상북도 경주시 강동면,경상사고,0,0,1,0,차대차 - 측면직각충돌,중앙선침범,습기,비,단일로 - 기타,기타불명,기타불명,기타불명,기타불명,승용,남,31세,경상
2015082500100038,2015년 8월 25일 01시,화요일,경상북도 경주시 성건동,부상신고사고,0,0,0,1,차대사람 - 길가장자리구역통행중,안전운전불이행,습기,비,교차로 - 교차로안,화물,남,42세,상해없음,보행자,남,33세,부상신고
2015082500100051,2015년 8월 25일 02시,화요일,경상북도 경주시 용강동,중상사고,0,1,1,0,차대차 - 기타,중앙선침범,습기,비,교차로 - 교차로부근,승용,여,48세,중상,승용,남,48세,경상
2015082500100066,2015년 8월 25일 04시,화요일,경상북도 영덕군 남정면,부상신고사고,0,0,0,1,차량단독 - 공작물충돌,안전운전불이행,습기,비,단일로 - 기타,화물,남,64세,부상신고,,,,
2015082500100088,2015년 8월 25일 06시,화요일,경상북도 경산시 하양읍,중상사고,0,1,0,0,차대차 - 기타,안전운전불이행,습기,비,교차로 - 교차로안,특수,남,57세,기타불명,승용,여,24세,중상
2015082500100103,2015년 8월 25일 07시,화요일,경상북도 경산시 와촌면,중상사고,0,1,0,0,차대차 - 기타,안전운전불이행,습기,비,단일로 - 기타,승용,여,60세,상해없음,승용,남,30세,중상
2015082500100104,2015년 8월 25일 07시,화요일,경상북도 포항시 남구 오천읍,경상사고,0,0,2,0,차대차 - 추돌 - 진행중,안전운전불이행,습기,비,단일로 - 기타,승용,남,41세,상해없음,승용,남,29세,경상
2015082500100150,2015년 8월 25일 08시,화요일,경상북도 고령군 대가야읍,경상사고,0,0,1,0,차대차 - 측면직각충돌,교차로운행방법위반,습기,비,교차로 - 교차로안,승용,남,45세,상해없음,승용,여,54세,경상
2015082500100173,2015년 8월 25일 09시,화요일,경상북도 김천시 부곡동,중상사고,0,1,0,0,차대사람 - 보도통행중,안전운전불이행,건조,맑음,단일로 - 기타,승용,여,38세,상해없음,보행자,여,72세,중상
2015082500100174,2015년 8월 25일 09시,화요일,경상북도 의성군 금성면,경상사고,0,0,1,0,차량단독 - 도로외이탈 - 추락,안전운전불이행,습기,비,단일로 - 기타,승용,남,28세,경상,,,,
2015082500100175,2015년 8월 25일 09시,화요일,경상북도 구미시 원평동,경상사고,0,0,1,0,차대사람 - 횡단중,보행자보호의무위반,습기,비,교차로 - 교차로안,화물,남,32세,상해없음,보행자,남,58세,경상
2015082500100216,2015년 8월 25일 10시,화요일,경상북도 구미시 인의동,경상사고,0,0,1,0,차대사람 - 기타,안전운전불이행,습기,비,단일로 - 기타,화물,남,51세,상해없음,보행자,여,40세,경상
2015082500100217,2015년 8월 25일 10시,화요일,경상북도 구미시 공단동,경상사고,0,0,2,0,차대차 - 기타,안전운전불이행,습기,비,교차로 - 교차로부근,승용,남,38세,상해없음,승용,남,31세,경상
2015082500100303,2015년 8월 25일 13시,화요일,경상북도 문경시 점촌동,중상사고,0,1,2,0,차대차 - 측면직각충돌,안전운전불이행,습기,비,교차로 - 교차로안,승용,남,49세,경상,화물,남,75세,경상
2015082500100304,2015년 8월 25일 13시,화요일,경상북도 예천군 예천읍,중상사고,0,1,0,0,차대차 - 측면직각충돌,안전운전불이행,습기,비,교차로 - 교차로안,원동기,남,40세,중상,화물,남,56세,상해없음
2015082500100305,2015년 8월 25일 13시,화요일,경상북도 포항시 남구 상도동,중상사고,0,1,0,0,차대사람 - 보도통행중,안전운전불이행,습기,비,단일로 - 횡단보도부근,승용,남,43세,상해없음,보행자,여,59세,중상
2015082500100335,2015년 8월 25일 14시,화요일,경상북도 경주시 천북면,중상사고,0,1,2,0,차대차 - 기타,안전운전불이행,습기,비,교차로 - 교차로안,승용,남,24세,상해없음,승용,여,42세,중상
2015082500100336,2015년 8월 25일 14시,화요일,경상북도 경산시 중방동,경상사고,0,0,1,0,차대차 - 기타,교차로운행방법위반,습기,비,교차로 - 교차로안,승합,남,33세,상해없음,원동기,남,23세,경상
2015082500100337,2015년 8월 25일 14시,화요일,경상북도 경산시 압량면,중상사고,0,1,0,0,차대사람 - 기타,안전운전불이행,건조,맑음,단일로 - 기타,승용,여,47세,상해없음,보행자,여,67세,중상
2015082500100367,2015년 8월 25일 15시,화요일,경상북도 경주시 양남면,경상사고,0,0,1,0,차대차 - 기타,안전거리미확보,습기,비,단일로 - 기타,화물,남,48세,상해없음,승용,남,28세,경상
2015082500100368,2015년 8월 25일 15시,화요일,경상북도 포항시 북구 양덕동,중상사고,0,1,0,0,차대차 - 기타,안전운전불이행,습기,비,단일로 - 기타,화물,남,51세,기타불명,승용,남,40세,중상
2015082500100369,2015년 8월 25일 15시,화요일,경상북도 영천시 오미동,경상사고,0,0,2,0,차대차 - 추돌 - 진행중,안전거리미확보,습기,비,단일로 - 기타,승합,남,56세,상해없음,승용,남,55세,경상
2015082500100370,2015년 8월 25일 15시,화요일,경상북도 경산시 하양읍,중상사고,0,1,0,0,차대차 - 추돌 - 주정차중,안전운전불이행,습기,비,교차로 - 교차로부근,화물,남,43세,상해없음,화물,남,55세,중상
2015082500100371,2015년 8월 25일 15시,화요일,경상북도 울진군 근남면,경상사고,0,0,1,0,차량단독 - 공작물충돌,안전운전불이행,습기,비,단일로 - 기타,승용,남,59세,경상,,,,
2015082500100372,2015년 8월 25일 15시,화요일,경상북도 구미시 신평동,경상사고,0,0,1,0,차대차 - 기타,안전운전불이행,습기,비,교차로 - 교차로부근,승용,남,58세,상해없음,승용,남,60세,경상
2015082500100416,2015년 8월 25일 16시,화요일,경상북도 안동시 옥동,경상사고,0,0,1,0,차대차 - 기타,안전운전불이행,습기,비,단일로 - 기타,원동기,남,25세,경상,승용,남,59세,상해없음
2015082500100417,2015년 8월 25일 16시,화요일,경상북도 안동시 수상동,경상사고,0,0,2,1,차대차 - 추돌 - 주정차중,안전거리미확보,습기,비,단일로 - 기타,승용,남,38세,상해없음,승용,남,30세,부상신고
2015082500100459,2015년 8월 25일 17시,화요일,경상북도 경주시 동방동,중상사고,0,1,1,0,차대차 - 기타,중앙선침범,습기,비,단일로 - 기타,화물,남,51세,상해없음,승용,남,33세,상해없음
2015082500100460,2015년 8월 25일 17시,화요일,경상북도 안동시 임하면,중상사고,0,1,0,0,차대차 - 기타,안전거리미확보,건조,맑음,기타 - 기타,승용,남,46세,상해없음,승용,여,40세,중상
2015082500100502,2015년 8월 25일 18시,화요일,경상북도 경산시 옥산동,경상사고,0,0,1,0,차대사람 - 기타,안전운전불이행,건조,맑음,단일로 - 기타,승용,남,32세,상해없음,보행자,여,18세,경상
2015082500100542,2015년 8월 25일 19시,화요일,경상북도 포항시 북구 용흥동,경상사고,0,0,2,0,차대차 - 기타,안전거리미확보,건조,맑음,단일로 - 기타,승용,남,46세,상해없음,승용,남,30세,경상
2015082500100543,2015년 8월 25일 19시,화요일,경상북도 문경시 공평동,중상사고,0,1,3,0,차대차 - 측면직각충돌,안전운전불이행,습기,비,교차로 - 교차로부근,승용,남,57세,상해없음,승용,여,43세,경상
2015082500100544,2015년 8월 25일 19시,화요일,경상북도 봉화군 명호면,부상신고사고,0,0,0,1,차량단독 - 공작물충돌,안전운전불이행,습기,비,단일로 - 기타,화물,남,63세,상해없음,,,,
2015082500100545,2015년 8월 25일 19시,화요일,경상북도 구미시 금전동,경상사고,0,0,1,0,차대차 - 기타,안전운전불이행,건조,맑음,단일로 - 기타,승용,남,57세,상해없음,승용,남,32세,경상
2015082500100546,2015년 8월 25일 19시,화요일,경상북도 구미시 오태동,중상사고,0,1,1,0,차대차 - 기타,신호위반,습기,비,교차로 - 교차로안,승용,여,48세,중상,화물,남,58세,경상