사고번호,사고일시,요일,시군구,사고내용,사망자수,중상자수,경상자수,부상신고자수,사고유형,법규위반,노면상태,기상상태,도로형태,가해운전자 차종,가해운전자 성별,가해운전자 연령,가해운전자 상해정도,피해운전자 차종,피해운전자 성별,피해운전자 연령,피해운전자 상해정도
2015082800100206,2015년 8월 28일 10시,금요일,경상북도 포항시 북구 청하면,경상사고,0,0,1,0,차대차 - 기타,안전운전불이행,건조,맑음,단일로 - 기타,승용,남,57세,상해없음,승용,남,39세,경상
2015082800100207,2015년 8월 28일 10시,금요일,경상북도 안동시 녹전면,경상사고,0,0,1,0,차대차 - 측면직각충돌,안전운전불이행,건조,맑음,단일로 - 기타,원동기,여,55세,경상,승용,여,54세,상해없음
2015082800100208,2015년 8월 28일 10시,금요일,경상북도 상주시 화서면,경상사고,0,0,1,0,차대차 - 추돌 - 주정차중,안전운전불이행,건조,맑음,단일로 - 기타,화물,남,60세,상해없음,화물,남,60세,경상
2015082800100228,2015년 8월 28일 11시,금요일,경상북도 안동시 임동면,중상사고,0,2,2,0,차대차 - 추돌 - 주정차중,안전운전불이행,건조,맑음,단일로 - 기타,화물,남,53세,상해없음,승용,남,48세,경상
2015082800100229,2015년 8월 28일 11시,금요일,경상북도 영천시 청통면,경상사고,0,0,1,0,차대차 - 측면직각충돌,안전운전불이행,건조,맑음,교차로 - 교차로안,승용,남,56세,상해없음,원동기,남,79세,경상
2015082800100258,2015년 8월 28일 12시,금요일,경상북도 영천시 화룡동,경상사고,0,0,2,0,차대차 - 추돌 - 진행중,안전운전불이행,건조,맑음,단일로 - 기타,승용,여,54세,상해없음,승용,남,24세,경상
2015082800100298,2015년 8월 28일 13시,금요일,경상북도 경주시 양남면,중상사고,0,2,1,0,차대차 - 기타,안전운전불이행,건조,맑음,단일로 - 기타,승용,남,53세,중상,승용,남,26세,경상
2015082800100299,2015년 8월 28일 13시,금요일,경상북도 경주시 성건동,경상사고,0,0,1,0,차대차 - 기타,신호위반,건조,맑음,교차로 - 교차로안,자전거,남,42세,상해없음,원동기,남,38세,경상
2015082800100300,2015년 8월 28일 13시,금요일,경상북도 영주시 가흥동,중상사고,0,1,0,0,차량단독 - 전도전복,안전운전불이행,건조,맑음,단일로 - 기타,원동기,남,71세,중상,,,,
2015082800100301,2015년 8월 28일 13시,금요일,경상북도 영덕군 남정면,중상사고,0,1,0,0,차량단독 - 공작물충돌,안전거리미확보,습기,비,단일로 - 기타,승용,남,23세,상해없음,,,,
2015082800100332,2015년 8월 28일 14시,금요일,경상북도 문경시 산양면,경상사고,0,0,5,0,차대차 - 측면직각충돌,안전운전불이행,건조,맑음,교차로 - 교차로안,승용,여,47세,경상,승용,여,63세,경상
2015082800100333,2015년 8월 28일 14시,금요일,경상북도 구미시 봉곡동,경상사고,0,0,1,1,차대차 - 기타,안전운전불이행,건조,맑음,교차로 - 교차로부근,승용,남,19세,부상신고,승용,여,56세,경상
2015082800100383,2015년 8월 28일 15시,금요일,경상북도 경주시 마동,경상사고,0,0,2,0,차량단독 - 기타,안전운전불이행,건조,맑음,단일로 - 기타,원동기,남,21세,경상,,,,
2015082800100384,2015년 8월 28일 15시,금요일,경상북도 경주시 광명동,경상사고,0,0,1,0,차대사람 - 기타,안전운전불이행,건조,맑음,단일로 - 기타,화물,여,62세,상해없음,보행자,남,40세,경상
2015082800100385,2015년 8월 28일 15시,금요일,경상북도 의성군 의성읍,경상사고,0,0,4,1,차대차 - 측면직각충돌,직진우회전진행방해,건조,맑음,교차로 - 교차로안,승용,여,49세,부상신고,승용,남,65세,경상
2015082800100386,2015년 8월 28일 15시,금요일,경상북도 영천시 대창면,중상사고,0,1,0,0,차대차 - 측면직각충돌,교차로운행방법위반,건조,맑음,교차로 - 교차로안,승용,여,31세,상해없음,원동기,남,63세,중상
2015082800100387,2015년 8월 28일 15시,금요일,경상북도 군위군 군위읍,경상사고,0,0,1,0,차대사람 - 횡단중,안전운전불이행,건조,흐림,단일로 - 횡단보도부근,승용,여,58세,상해없음,보행자,남,67세,경상
2015082800100388,2015년 8월 28일 15시,금요일,경상북도 구미시 공단동,경상사고,0,0,5,0,차대차 - 측면직각충돌,교차로운행방법위반,습기,비,교차로 - 교차로안,화물,남,44세,경상,승용,남,26세,경상
2015082800100389,2015년 8월 28일 15시,금요일,경상북도 구미시 선산읍,중상사고,0,1,0,0,차대사람 - 기타,안전운전불이행,습기,비,교차로 - 교차로안,승용,여,48세,상해없음,보행자,여,7세,중상
2015082800100430,2015년 8월 28일 16시,금요일,경상북도 경주시 충효동,중상사고,0,1,0,0,차대사람 - 기타,보행자보호의무위반,건조,맑음,단일로 - 기타,승합,여,43세,상해없음,보행자,남,6세,중상
2015082800100477,2015년 8월 28일 17시,금요일,경상북도 포항시 북구 우현동,경상사고,0,0,1,0,차대차 - 기타,안전운전불이행,건조,맑음,단일로 - 기타,승용,남,63세,상해없음,승용,여,57세,경상
2015082800100478,2015년 8월 28일 17시,금요일,경상북도 안동시 정하동,부상신고사고,0,0,0,1,차량단독 - 전도전복,안전운전불이행,건조,맑음,단일로 - 기타,자전거,남,5세,부상신고,,,,
2015082800100479,2015년 8월 28일 17시,금요일,경상북도 문경시 모전동,경상사고,0,0,1,0,차량단독 - 기타,안전운전불이행,건조,맑음,단일로 - 기타,승합,남,57세,상해없음,,,,
2015082800100480,2015년 8월 28일 17시,금요일,경상북도 고령군 대가야읍,경상사고,0,0,2,0,차대차 - 측면직각충돌,직진우회전진행방해,건조,맑음,교차로 - 교차로안,승용,여,46세,경상,화물,여,45세,경상
2015082800100481,2015년 8월 28일 17시,금요일,경상북도 구미시 봉곡동,경상사고,0,0,3,0,차대차 - 기타,안전운전불이행,습기,비,단일로 - 기타,승용,여,40세,상해없음,승용,남,21세,경상
2015082800100482,2015년 8월 28일 17시,금요일,경상북도 경주시 건천읍,경상사고,0,0,4,0,차대차 - 추돌 - 진행중,안전운전불이행,건조,맑음,단일로 - 기타,승용,남,43세,상해없음,승용,남,38세,경상
2015082800100521,2015년 8월 28일 18시,금요일,경상북도 칠곡군 왜관읍,경상사고,0,0,4,0,차대차 - 측면직각충돌,안전거리미확보,습기,비,단일로 - 기타,승용,여,34세,상해없음,화물,남,25세,경상
2015082800100522,2015년 8월 28일 18시,금요일,경상북도 문경시 모전동,경상사고,0,0,1,0,차대사람 - 횡단중,안전운전불이행,습기,비,교차로 - 교차로부근,승용,남,69세,상해없음,보행자,남,12세,경상
2015082800100523,2015년 8월 28일 18시,금요일,경상북도 구미시 임수동,경상사고,0,0,1,0,차대차 - 기타,안전운전불이행,건조,흐림,단일로 - 기타,승용,남,32세,상해없음,승용,남,26세,경상
2015082800100524,2015년 8월 28일 18시,금요일,경상북도 문경시 문경읍,경상사고,0,0,4,0,차대차 - 추돌 - 주정차중,안전운전불이행,건조,맑음,단일로 - 기타,승용,남,62세,상해없음,승용,남,55세,경상
2015082800100566,2015년 8월 28일 19시,금요일,경상북도 포항시 북구 용흥동,경상사고,0,0,1,0,차대차 - 기타,안전거리미확보,건조,맑음,단일로 - 기타,화물,남,48세,상해없음,승용,남,52세,경상
2015082800100567,2015년 8월 28일 19시,금요일,경상북도 영주시 휴천동,중상사고,0,1,0,0,차대사람 - 차도통행중,안전운전불이행,건조,맑음,교차로 - 교차로부근,승용,여,41세,상해없음,보행자,여,77세,중상
2015082800100568,2015년 8월 28일 19시,금요일,경상북도 구미시 공단동,사망사고,1,0,0,0,차대차 - 기타,안전운전불이행,건조,맑음,교차로 - 교차로부근,원동기,남,18세,사망,승용,남,39세,상해없음
2015082800100569,2015년 8월 28일 19시,금요일,경상북도 구미시 인의동,경상사고,0,0,1,0,차대사람 - 기타,안전운전불이행,건조,맑음,단일로 - 기타,기타불명,기타불명,기타불명,기타불명,보행자,여,19세,경상
2015082800100570,2015년 8월 28일 19시,금요일,경상북도 포항시 남구 오천읍,부상신고사고,0,0,0,1,차대사람 - 횡단중,안전운전불이행,건조,맑음,단일로 - 기타,이륜,남,56세,상해없음,보행자,남,54세,부상신고
2015082800100601,2015년 8월 28일 20시,금요일,경상북도 영천시 망정동,경상사고,0,0,1,0,차대차 - 추돌 - 진행중,불법유턴,건조,맑음,단일로 - 기타,승용,여,44세,상해없음,승용,여,64세,경상
2015082800100602,2015년 8월 28일 20시,금요일,경상북도 영천시 신령면,경상사고,0,0,1,0,차대차 - 측면직각충돌,안전운전불이행,건조,흐림,교차로 - 교차로안,승용,남,70세,상해없음,자전거,여,63세,경상
2015082800100631,2015년 8월 28일 21시,금요일,경상북도 구미시 신평동,경상사고,0,0,1,0,차대사람 - 기타,안전운전불이행,건조,맑음,기타 - 기타,승용,남,29세,상해없음,보행자,여,17세,경상
2015082800100656,2015년 8월 28일 22시,금요일,경상북도 포항시 북구 장성동,경상사고,0,0,1,0,차대차 - 기타,교차로운행방법위반,건조,맑음,교차로 - 교차로부근,승용,여,44세,상해없음,이륜,남,43세,경상
2015082800100657,2015년 8월 28일 22시,금요일,경상북도 안동시 법흥동,경상사고,0,0,1,0,차대차 - 기타,신호위반,건조,맑음,교차로 - 교차로안,승용,남,28세,상해없음,승용,여,45세,경상
2015082800100658,2015년 8월 28일 22시,금요일,경상북도 경산시 사동,경상사고,0,0,1,0,차대차 - 기타,안전운전불이행,건조,맑음,단일로 - 기타,이륜,남,20세,경상,승용,남,28세,상해없음
2015082800100659,2015년 8월 28일 22시,금요일,경상북도 구미시 신평동,경상사고,0,0,3,0,차대차 - 추돌 - 주정차중,안전운전불이행,건조,맑음,교차로 - 교차로부근,승용,남,36세,상해없음,승용,여,46세,경상
2015082800100687,2015년 8월 28일 23시,금요일,경상북도 경주시 충효동,경상사고,0,0,1,0,차대차 - 기타,안전운전불이행,건조,맑음,교차로 - 교차로안,이륜,남,21세,경상,승용,여,47세,상해없음
2015082900100061,2015년 8월 29일 03시,토요일,경상북도 경주시 황성동,중상사고,0,1,0,0,차대차 - 기타,안전운전불이행,건조,맑음,단일로 - 기타,승용,남,32세,중상,화물,남,36세,상해없음
2015082900100062,2015년 8월 29일 03시,토요일,경상북도 구미시 형곡동,중상사고,0,1,0,0,차대사람 - 기타,안전운전불이행,건조,흐림,기타 - 기타,승용,남,27세,상해없음,보행자,남,23세,중상
2015082900100094,2015년 8월 29일 05시,토요일,경상북도 칠곡군 북삼읍,경상사고,0,0,2,0,차대차 - 추돌 - 주정차중,안전운전불이행,건조,맑음,교차로 - 교차로부근,승용,남,24세,상해없음,승용,남,30세,경상
2015082900100130,2015년 8월 29일 07시,토요일,경상북도 포항시 북구 죽도동,경상사고,0,0,1,0,차대사람 - 기타,안전운전불이행,건조,맑음,단일로 - 기타,이륜,남,56세,상해없음,보행자,여,59세,경상
2015082900100131,2015년 8월 29일 07시,토요일,경상북도 상주시 이안면,경상사고,0,0,1,0,차대차 - 기타,안전운전불이행,습기,안개,단일로 - 기타,기타불명,기타불명,기타불명,기타불명,승용,남,45세,상해없음
2015082900100150,2015년 8월 29일 08시,토요일,경상북도 김천시 감문면,경상사고,0,0,1,0,차대차 - 추돌 - 주정차중,중앙선침범,건조,맑음,단일로 - 기타,기타불명,기타불명,기타불명,기타불명,이륜,여,57세,경상
2015082900100177,2015년 8월 29일 09시,토요일,경상북도 영천시 화남면,경상사고,0,0,3,0,차대차 - 측면직각충돌,기타,건조,맑음,교차로 - 교차로안,승용,남,47세,경상,화물,남,55세,경상
2015082900100211,2015년 8월 29일 10시,토요일,경상북도 경산시 진량읍,경상사고,0,0,1,0,차대차 - 추돌 - 주정차중,안전운전불이행,건조,맑음,기타 - 기타,승용,남,67세,상해없음,승용,남,20세,경상
2015082900100250,2015년 8월 29일 11시,토요일,경상북도 포항시 남구 연일읍,경상사고,0,0,1,0,차대차 - 추돌 - 진행중,안전운전불이행,건조,맑음,단일로 - 기타,승용,남,22세,상해없음,승용,남,68세,경상
2015082900100338,2015년 8월 29일 13시,토요일,경상북도 안동시 옥동,중상사고,0,1,0,0,차대차 - 기타,중앙선침범,건조,맑음,단일로 - 기타,승용,여,44세,상해없음,이륜,남,51세,중상
2015082900100339,2015년 8월 29일 13시,토요일,경상북도 칠곡군 왜관읍,경상사고,0,0,1,0,차대차 - 기타,안전거리미확보,건조,맑음,단일로 - 기타,이륜,남,37세,상해없음,이륜,남,69세,경상
2015082900100340,2015년 8월 29일 13시,토요일,경상북도 봉화군 춘양면,경상사고,0,0,1,0,차대사람 - 차도통행중,안전운전불이행,건조,맑음,교차로 - 교차로안,승용,남,29세,상해없음,보행자,여,74세,경상
2015082900100341,2015년 8월 29일 13시,토요일,경상북도 구미시 황상동,중상사고,0,1,0,0,차대사람 - 기타,안전운전불이행,건조,맑음,교차로 - 교차로부근,승용,여,41세,상해없음,보행자,남,59세,중상
2015082900100387,2015년 8월 29일 14시,토요일,경상북도 경산시 정평동,경상사고,0,0,2,0,차대차 - 기타,직진우회전진행방해,건조,맑음,교차로 - 교차로안,승용,남,63세,상해없음,승용,여,52세,경상
2015082900100436,2015년 8월 29일 15시,토요일,경상북도 김천시 모암동,사망사고,1,0,0,0,차대차 - 측면직각충돌,차로위반,건조,맑음,단일로 - 횡단보도상,자전거,남,79세,사망,승용,남,21세,상해없음
2015082900100467,2015년 8월 29일 16시,토요일,경상북도 안동시 송현동,경상사고,0,0,2,0,차대차 - 기타,안전운전불이행,건조,맑음,교차로 - 교차로안,승용,남,58세,상해없음,승용,남,69세,경상
2015082900100468,2015년 8월 29일 16시,토요일,경상북도 경산시 사동,경상사고,0,0,1,0,차량단독 - 기타,안전운전불이행,건조,맑음,단일로 - 기타,승합,남,55세,상해없음,,,,
2015082900100515,2015년 8월 29일 17시,토요일,경상북도 경주시 보문동,중상사고,0,1,1,1,차대차 - 기타,안전운전불이행,건조,맑음,단일로 - 기타,승용,남,41세,경상,승용,남,58세,중상
2015082900100516,2015년 8월 29일 17시,토요일,경상북도 영주시 가흥동,경상사고,0,0,1,0,차대사람 - 보도통행중,안전운전불이행,습기,맑음,교차로 - 교차로안,승용,남,74세,상해없음,보행자,남,79세,경상
2015082900100517,2015년 8월 29일 17시,토요일,경상북도 영천시 청통면,경상사고,0,0,1,0,차량단독 - 전도전복,안전운전불이행,건조,맑음,기타 - 기타,이륜,남,52세,경상,,,,
2015082900100557,2015년 8월 29일 18시,토요일,경상북도 안동시 평화동,중상사고,0,1,0,0,차대차 - 기타,차로위반,건조,맑음,단일로 - 기타,승합,남,51세,상해없음,이륜,남,37세,중상
2015082900100558,2015년 8월 29일 18시,토요일,경상북도 경산시 계양동,경상사고,0,0,1,0,차대차 - 기타,안전운전불이행,건조,맑음,단일로 - 기타,이륜,남,56세,경상,승용,남,44세,상해없음
2015082900100559,2015년 8월 29일 18시,토요일,경상북도 경산시 평산동,경상사고,0,0,1,0,차대차 - 측면직각충돌,교차로운행방법위반,건조,맑음,교차로 - 교차로부근,화물,남,44세,상해없음,승용,남,19세,상해없음
2015082900100560,2015년 8월 29일 18시,토요일,경상북도 경산시 백천동,경상사고,0,0,1,0,차대차 - 기타,안전운전불이행,건조,맑음,교차로 - 교차로부근,승용,남,54세,상해없음,승용,여,57세,경상
2015082900100561,2015년 8월 29일 18시,토요일,경상북도 청도군 청도읍,경상사고,0,0,1,0,차량단독 - 공작물충돌,안전운전불이행,건조,맑음,교차로 - 교차로부근,화물,남,73세,경상,,,,
2015082900100562,2015년 8월 29일 18시,토요일,경상북도 포항시 남구 해도동,중상사고,0,1,2,0,차대차 - 측면직각충돌,신호위반,건조,맑음,교차로 - 교차로안,승용,여,57세,경상,승용,남,70세,중상
2015082900100606,2015년 8월 29일 19시,토요일,경상북도 영덕군 창수면,중상사고,0,3,2,0,차대차 - 정면충돌,중앙선침범,건조,맑음,단일로 - 기타,승용,남,53세,경상,승용,남,38세,중상
2015082900100607,2015년 8월 29일 19시,토요일,경상북도 구미시 원평동,중상사고,0,1,0,0,차대차 - 기타,안전운전불이행,건조,맑음,교차로 - 교차로안,자전거,여,72세,중상,승용,여,51세,상해없음
2015082900100644,2015년 8월 29일 20시,토요일,경상북도 안동시 정하동,경상사고,0,0,2,0,차대차 - 기타,직진우회전진행방해,건조,맑음,교차로 - 교차로안,이륜,남,51세,상해없음,승용,여,54세,경상
2015082900100645,2015년 8월 29일 20시,토요일,경상북도 구미시 산동면,경상사고,0,0,1,0,차대차 - 기타,교차로운행방법위반,건조,맑음,교차로 - 교차로안,화물,남,38세,상해없음,승용,여,51세,경상
2015082900100674,2015년 8월 29일 21시,토요일,경상북도 경주시 구황동,경상사고,0,0,3,0,차대차 - 측면직각충돌,안전운전불이행,건조,맑음,단일로 - 기타,승용,남,43세,상해없음,승용,여,22세,경상
2015082900100675,2015년 8월 29일 21시,토요일,경상북도 포항시 북구 양덕동,경상사고,0,0,1,0,차대차 - 측면직각충돌,안전운전불이행,건조,맑음,교차로 - 교차로안,승용,여,48세,상해없음,승용,남,43세,경상
2015082900100676,2015년 8월 29일 21시,토요일,경상북도 성주군 성주읍,경상사고,0,0,1,0,차대사람 - 보도통행중,안전운전불이행,건조,맑음,기타 - 기타,승용,남,55세,상해없음,보행자,여,23세,경상
2015082900100677,2015년 8월 29일 21시,토요일,경상북도 포항시 남구 송도동,경상사고,0,0,1,0,차대차 - 측면직각충돌,직진우회전진행방해,건조,맑음,교차로 - 교차로안,승용,여,54세,상해없음,승용,남,62세,경상
2015082900100705,2015년 8월 29일 22시,토요일,경상북도 경주시 성건동,경상사고,0,0,1,0,차대사람 - 기타,안전운전불이행,건조,맑음,교차로 - 교차로부근,승용,남,64세,상해없음,보행자,여,58세,경상
2015082900100706,2015년 8월 29일 22시,토요일,경상북도 경주시 동부동,경상사고,0,0,1,0,차대사람 - 기타,안전운전불이행,건조,맑음,교차로 - 교차로부근,승용,남,52세,상해없음,보행자,남,52세,경상
2015082900100707,2015년 8월 29일 22시,토요일,경상북도 상주시 청리면,중상사고,0,1,0,0,차대사람 - 기타,안전운전불이행,건조,맑음,단일로 - 기타,승합,남,30세,상해없음,보행자,남,76세,중상
2015082900100708,2015년 8월 29일 22시,토요일,경상북도 칠곡군 석적읍,중상사고,0,1,2,0,차대차 - 추돌 - 진행중,안전운전불이행,건조,맑음,단일로 - 기타,승용,남,24세,상해없음,승용,여,28세,경상
2015082900100734,2015년 8월 29일 23시,토요일,경상북도 경주시 신평동,경상사고,0,0,1,0,차대사람 - 기타,안전운전불이행,건조,맑음,단일로 - 기타,승용,남,32세,상해없음,보행자,남,34세,경상
2015083000100020,2015년 8월 30일 00시,일요일,경상북도 포항시 남구 오천읍,중상사고,0,2,3,0,차대차 - 정면충돌,중앙선침범,건조,맑음,단일로 - 기타,이륜,남,20세,중상,승용,남,35세,경상
2015083000100072,2015년 8월 30일 03시,일요일,경상북도 구미시 사곡동,중상사고,0,1,0,0,차량단독 - 전도전복,안전운전불이행,건조,맑음,단일로 - 기타,승용,남,30세,중상,,,,
2015083000100132,2015년 8월 30일 07시,일요일,경상북도 상주시 중동면,중상사고,0,3,1,0,차대차 - 측면직각충돌,기타,건조,맑음,교차로 - 교차로안,화물,남,50세,상해없음,승용,남,32세,중상
2015083000100142,2015년 8월 30일 08시,일요일,경상북도 상주시 이안면,경상사고,0,0,1,0,차대차 - 기타,안전운전불이행,건조,맑음,단일로 - 기타,이륜,남,77세,경상,승합,남,51세,상해없음
2015083000100144,2015년 8월 30일 08시,일요일,경상북도 포항시 남구 상도동,경상사고,0,0,1,0,차량단독 - 기타,안전운전불이행,건조,맑음,단일로 - 기타,승합,남,56세,상해없음,,,,
2015083000100159,2015년 8월 30일 09시,일요일,경상북도 안동시 태화동,중상사고,0,1,0,0,차대차 - 기타,안전운전불이행,건조,맑음,교차로 - 교차로안,승용,남,28세,상해없음,자전거,남,70세,중상
2015083000100186,2015년 8월 30일 10시,일요일,경상북도 안동시 풍산읍,중상사고,0,1,0,0,차대차 - 측면직각충돌,교차로운행방법위반,건조,맑음,교차로 - 교차로안,화물,남,67세,상해없음,원동기,여,71세,중상
2015083000100187,2015년 8월 30일 10시,일요일,경상북도 영천시 망정동,부상신고사고,0,0,0,1,차량단독 - 공작물충돌,안전운전불이행,건조,맑음,교차로 - 교차로안,건설기계,남,42세,부상신고,,,,
2015083000100188,2015년 8월 30일 10시,일요일,경상북도 울진군 울진읍,중상사고,0,1,0,0,차대차 - 측면직각충돌,교차로운행방법위반,건조,맑음,교차로 - 교차로안,기타불명,기타불명,기타불명,기타불명,자전거,남,25세,중상
2015083000100189,2015년 8월 30일 10시,일요일,경상북도 고령군 성산면,중상사고,0,1,0,0,차량단독 - 전도전복,안전운전불이행,건조,맑음,단일로 - 터널,화물,남,48세,중상,,,,
2015083000100190,2015년 8월 30일 10시,일요일,경상북도 구미시 진평동,중상사고,0,1,0,0,차대사람 - 횡단중,보행자보호의무위반,건조,맑음,교차로 - 교차로안,화물,남,32세,상해없음,보행자,남,35세,중상
2015083000100208,2015년 8월 30일 11시,일요일,경상북도 상주시 낙동면,중상사고,0,2,0,0,차대차 - 측면직각충돌,신호위반,건조,맑음,교차로 - 교차로안,승용,남,82세,상해없음,승용,여,56세,중상
2015083000100209,2015년 8월 30일 11시,일요일,경상북도 칠곡군 석적읍,경상사고,0,0,1,0,차대차 - 기타,중앙선침범,건조,맑음,단일로 - 기타,승합,남,43세,상해없음,자전거,남,26세,경상
2015083000100210,2015년 8월 30일 11시,일요일,경상북도 구미시 선산읍,중상사고,0,1,0,0,차대차 - 기타,차로위반,건조,맑음,단일로 - 기타,기타불명,기타불명,기타불명,기타불명,승용,여,41세,중상
2015083000100229,2015년 8월 30일 12시,일요일,경상북도 안동시 안기동,경상사고,0,0,4,0,차대차 - 기타,직진우회전진행방해,건조,맑음,교차로 - 교차로안,승용,남,47세,경상,승용,여,52세,경상
2015083000100230,2015년 8월 30일 12시,일요일,경상북도 영주시 가흥동,경상사고,0,0,3,0,차대차 - 측면직각충돌,안전운전불이행,건조,맑음,교차로 - 교차로안,승용,남,47세,경상,화물,남,24세,경상
2015083000100258,2015년 8월 30일 13시,일요일,경상북도 칠곡군 북삼읍,중상사고,0,1,6,0,차대차 - 측면직각충돌,직진우회전진행방해,건조,맑음,교차로 - 교차로안,승용,여,39세,경상,승용,남,38세,경상
2015083000100259,2015년 8월 30일 13시,일요일,경상북도 봉화군 봉성면,중상사고,0,1,1,0,차량단독 - 공작물충돌,안전운전불이행,건조,맑음,단일로 - 기타,승용,남,47세,경상,,,,
2015083000100287,2015년 8월 30일 14시,일요일,경상북도 경주시 황성동,중상사고,0,1,0,0,차대차 - 기타,안전운전불이행,건조,맑음,단일로 - 기타,승용,남,54세,기타불명,원동기,여,63세,중상
2015083000100288,2015년 8월 30일 14시,일요일,경상북도 경산시 압량면,경상사고,0,0,3,0,차대차 - 측면직각충돌,직진우회전진행방해,건조,맑음,교차로 - 교차로안,승용,남,26세,경상,승용,여,57세,경상
2015083000100321,2015년 8월 30일 15시,일요일,경상북도 상주시 내서면,경상사고,0,0,1,0,차대차 - 추돌 - 진행중,안전운전불이행,건조,맑음,교차로 - 교차로부근,승용,남,63세,상해없음,화물,남,60세,경상
2015083000100352,2015년 8월 30일 16시,일요일,경상북도 칠곡군 왜관읍,경상사고,0,0,2,0,차대차 - 정면충돌,안전운전불이행,건조,맑음,단일로 - 기타,자전거,여,49세,경상,자전거,남,26세,경상
2015083000100353,2015년 8월 30일 16시,일요일,경상북도 영천시 신령면,경상사고,0,0,2,0,차대차 - 정면충돌,중앙선침범,건조,맑음,단일로 - 기타,승용,남,49세,상해없음,승용,남,52세,경상
2015083000100354,2015년 8월 30일 16시,일요일,경상북도 칠곡군 가산면,경상사고,0,0,3,0,차대차 - 추돌 - 진행중,안전거리미확보,건조,맑음,단일로 - 터널,승용,남,48세,상해없음,승용,남,37세,경상
2015083000100396,2015년 8월 30일 17시,일요일,경상북도 안동시 정하동,중상사고,0,2,0,0,차대차 - 기타,신호위반,건조,맑음,교차로 - 교차로안,특수,남,49세,상해없음,승용,남,38세,중상
2015083000100397,2015년 8월 30일 17시,일요일,경상북도 칠곡군 북삼읍,중상사고,0,1,0,0,차대사람 - 횡단중,안전운전불이행,건조,흐림,단일로 - 기타,승용,남,18세,상해없음,보행자,남,13세,중상
2015083000100461,2015년 8월 30일 19시,일요일,경상북도 경주시 외동읍,중상사고,0,2,3,1,차대차 - 기타,안전운전불이행,건조,맑음,단일로 - 기타,승용,남,27세,부상신고,승용,남,36세,중상
2015083000100462,2015년 8월 30일 19시,일요일,경상북도 의성군 단북면,중상사고,0,1,0,0,차대차 - 측면직각충돌,직진우회전진행방해,건조,맑음,교차로 - 교차로안,승용,남,79세,상해없음,이륜,남,68세,중상
2015083000100463,2015년 8월 30일 19시,일요일,경상북도 구미시 옥계동,경상사고,0,0,1,0,차대차 - 기타,중앙선침범,건조,맑음,교차로 - 교차로안,승용,남,28세,상해없음,자전거,남,59세,경상
2015083000100570,2015년 8월 30일 23시,일요일,경상북도 경산시 옥산동,중상사고,0,1,0,1,차대차 - 기타,교차로운행방법위반,건조,맑음,교차로 - 교차로안,승용,남,48세,상해없음,승용,여,46세,중상
2015083100100022,2015년 8월 31일 01시,월요일,경상북도 포항시 남구 동해면,경상사고,0,0,1,0,차량단독 - 기타,기타,건조,맑음,교차로 - 교차로안,승용,남,47세,상해없음,,,,
2015083100100044,2015년 8월 31일 04시,월요일,경상북도 구미시 원평동,경상사고,0,0,2,0,차대차 - 기타,안전운전불이행,건조,맑음,교차로 - 교차로부근,승용,남,18세,상해없음,승용,남,22세,경상
2015083100100054,2015년 8월 31일 05시,월요일,경상북도 영덕군 영덕읍,중상사고,0,1,0,0,차대사람 - 길가장자리구역통행중,안전운전불이행,건조,맑음,단일로 - 기타,화물,남,64세,상해없음,보행자,남,72세,중상
2015083100100097,2015년 8월 31일 07시,월요일,경상북도 경주시 용강동,경상사고,0,0,1,0,차대차 - 기타,안전운전불이행,건조,맑음,교차로 - 교차로안,승용,여,52세,상해없음,승용,남,84세,경상
2015083100100098,2015년 8월 31일 07시,월요일,경상북도 포항시 북구 두호동,경상사고,0,0,1,0,차대차 - 기타,안전운전불이행,건조,맑음,교차로 - 교차로안,승용,남,45세,상해없음,승용,여,48세,경상
2015083100100099,2015년 8월 31일 07시,월요일,경상북도 경산시 와촌면,경상사고,0,0,1,0,차대차 - 기타,신호위반,건조,맑음,교차로 - 교차로안,화물,남,35세,상해없음,승용,남,27세,경상
2015083100100100,2015년 8월 31일 07시,월요일,경상북도 포항시 남구 연일읍,중상사고,0,1,0,0,차대차 - 추돌 - 진행중,안전운전불이행,건조,맑음,교차로 - 교차로부근,승합,여,32세,상해없음,이륜,여,72세,중상
2015083100100141,2015년 8월 31일 08시,월요일,경상북도 안동시 안기동,부상신고사고,0,0,0,1,차대차 - 측면직각충돌,안전운전불이행,건조,맑음,교차로 - 교차로안,자전거,남,21세,부상신고,승용,남,49세,상해없음
2015083100100142,2015년 8월 31일 08시,월요일,경상북도 상주시 사벌면,중상사고,0,1,0,0,차대차 - 정면충돌,중앙선침범,건조,맑음,단일로 - 기타,승용,남,44세,상해없음,승용,여,50세,중상
2015083100100143,2015년 8월 31일 08시,월요일,경상북도 문경시 영신동,중상사고,0,1,1,0,차대차 - 측면직각충돌,안전운전불이행,건조,맑음,교차로 - 교차로부근,화물,남,30세,경상,승용,남,22세,중상
2015083100100144,2015년 8월 31일 08시,월요일,경상북도 경산시 사동,중상사고,0,1,0,0,차대차 - 기타,안전운전불이행,건조,맑음,단일로 - 기타,화물,여,47세,상해없음,승용,여,45세,중상
2015083100100182,2015년 8월 31일 09시,월요일,경상북도 포항시 북구 흥해읍,경상사고,0,0,1,0,차대차 - 기타,안전운전불이행,건조,맑음,단일로 - 기타,승용,남,22세,상해없음,승용,남,52세,경상