사고번호,사고일시,요일,시군구,사고내용,사망자수,중상자수,경상자수,부상신고자수,사고유형,법규위반,노면상태,기상상태,도로형태,가해운전자 차종,가해운전자 성별,가해운전자 연령,가해운전자 상해정도,피해운전자 차종,피해운전자 성별,피해운전자 연령,피해운전자 상해정도
2015083100100183,2015년 8월 31일 09시,월요일,경상북도 영주시 영주동,경상사고,0,0,1,0,차대차 - 측면직각충돌,안전운전불이행,건조,맑음,교차로 - 교차로부근,특수,남,42세,상해없음,승용,여,58세,경상
2015083100100207,2015년 8월 31일 10시,월요일,경상북도 포항시 북구 용흥동,경상사고,0,0,1,0,차대차 - 기타,직진우회전진행방해,건조,맑음,단일로 - 기타,승용,남,25세,상해없음,이륜,여,23세,경상
2015083100100208,2015년 8월 31일 10시,월요일,경상북도 문경시 점촌동,중상사고,0,1,0,0,차대사람 - 기타,안전운전불이행,건조,맑음,교차로 - 교차로안,승용,여,58세,상해없음,보행자,여,78세,중상
2015083100100239,2015년 8월 31일 11시,월요일,경상북도 상주시 청리면,중상사고,0,2,0,0,차대차 - 정면충돌,안전거리미확보,건조,맑음,단일로 - 터널,화물,남,62세,중상,화물,남,55세,중상
2015083100100270,2015년 8월 31일 12시,월요일,경상북도 군위군 군위읍,중상사고,0,1,0,0,차대차 - 기타,안전운전불이행,건조,맑음,교차로 - 교차로부근,승용,여,57세,상해없음,원동기,남,80세,중상
2015083100100271,2015년 8월 31일 12시,월요일,경상북도 영천시 본촌동,경상사고,0,0,2,0,차대차 - 추돌 - 진행중,안전운전불이행,건조,맑음,단일로 - 기타,승용,남,65세,상해없음,승용,남,35세,경상
2015083100100302,2015년 8월 31일 13시,월요일,경상북도 영덕군 강구면,중상사고,0,1,0,0,차대차 - 기타,안전운전불이행,건조,맑음,단일로 - 기타,승용,여,65세,상해없음,자전거,남,74세,중상
2015083100100303,2015년 8월 31일 13시,월요일,경상북도 울진군 죽변면,중상사고,0,1,0,0,차대차 - 추돌 - 주정차중,안전운전불이행,건조,맑음,단일로 - 기타,농기계,남,79세,중상,화물,여,76세,기타불명
2015083100100342,2015년 8월 31일 14시,월요일,경상북도 칠곡군 석적읍,경상사고,0,0,1,0,차대사람 - 차도통행중,안전운전불이행,건조,맑음,단일로 - 기타,승합,남,32세,상해없음,보행자,남,54세,경상
2015083100100343,2015년 8월 31일 14시,월요일,경상북도 상주시 낙동면,경상사고,0,0,6,0,차대차 - 추돌 - 주정차중,안전거리미확보,건조,맑음,단일로 - 터널,승용,남,52세,경상,승용,남,47세,경상
2015083100100372,2015년 8월 31일 15시,월요일,경상북도 경주시 성건동,경상사고,0,0,1,0,차대차 - 기타,안전운전불이행,건조,맑음,교차로 - 교차로안,승용,남,59세,상해없음,승용,여,35세,경상
2015083100100373,2015년 8월 31일 15시,월요일,경상북도 김천시 평화동,중상사고,0,1,1,0,차대사람 - 기타,안전운전불이행,건조,맑음,단일로 - 기타,승용,여,58세,기타불명,보행자,남,7세,중상
2015083100100374,2015년 8월 31일 15시,월요일,경상북도 김천시 구성면,중상사고,0,3,0,0,차대차 - 측면직각충돌,중앙선침범,건조,맑음,단일로 - 기타,화물,남,59세,상해없음,승용,남,69세,중상
2015083100100375,2015년 8월 31일 15시,월요일,경상북도 구미시 송정동,중상사고,0,1,0,0,차량단독 - 전도전복,안전운전불이행,기타,맑음,교차로 - 교차로안,원동기,남,55세,중상,,,,
2015083100100413,2015년 8월 31일 16시,월요일,경상북도 영덕군 영해면,경상사고,0,0,2,0,차대차 - 정면충돌,중앙선침범,건조,흐림,단일로 - 기타,승용,여,28세,경상,건설기계,남,37세,경상
2015083100100414,2015년 8월 31일 16시,월요일,경상북도 칠곡군 왜관읍,중상사고,0,1,0,0,차대차 - 측면직각충돌,안전거리미확보,건조,맑음,단일로 - 기타,승용,남,20세,기타불명,승용,남,46세,중상
2015083100100443,2015년 8월 31일 17시,월요일,경상북도 경주시 천군동,중상사고,0,3,0,0,차대차 - 기타,안전운전불이행,건조,맑음,단일로 - 기타,승용,여,54세,상해없음,승용,남,62세,중상
2015083100100444,2015년 8월 31일 17시,월요일,경상북도 구미시 고아읍,경상사고,0,0,1,0,차대차 - 기타,안전운전불이행,건조,맑음,교차로 - 교차로부근,화물,남,49세,상해없음,승용,남,33세,경상
2015083100100445,2015년 8월 31일 17시,월요일,경상북도 포항시 남구 해도동,경상사고,0,0,3,0,차대차 - 측면직각충돌,안전운전불이행,건조,맑음,단일로 - 기타,승용,남,60세,경상,승용,남,23세,경상
2015083100100482,2015년 8월 31일 18시,월요일,경상북도 김천시 신음동,중상사고,0,1,0,0,차대차 - 측면직각충돌,안전운전불이행,건조,맑음,교차로 - 교차로부근,승용,남,41세,상해없음,이륜,남,50세,중상
2015083100100483,2015년 8월 31일 18시,월요일,경상북도 문경시 점촌동,경상사고,0,0,1,0,차대차 - 추돌 - 주정차중,안전운전불이행,건조,맑음,교차로 - 교차로부근,승합,남,63세,상해없음,승용,남,63세,경상
2015083100100529,2015년 8월 31일 19시,월요일,경상북도 봉화군 춘양면,경상사고,0,0,1,0,차대차 - 추돌 - 주정차중,안전운전불이행,건조,맑음,단일로 - 기타,승용,남,60세,상해없음,원동기,남,40세,경상
2015083100100563,2015년 8월 31일 20시,월요일,경상북도 안동시 옥동,부상신고사고,0,0,0,1,차대차 - 기타,안전운전불이행,건조,맑음,단일로 - 기타,이륜,남,18세,부상신고,화물,남,28세,상해없음
2015083100100564,2015년 8월 31일 20시,월요일,경상북도 김천시 조마면,경상사고,0,0,1,0,차대차 - 측면직각충돌,교차로운행방법위반,건조,맑음,교차로 - 교차로안,승용,남,49세,상해없음,화물,남,55세,경상
2015083100100590,2015년 8월 31일 21시,월요일,경상북도 구미시 상모동,중상사고,0,1,0,0,차대사람 - 기타,안전운전불이행,건조,맑음,단일로 - 횡단보도상,승용,여,50세,상해없음,보행자,남,16세,중상
2015083100100591,2015년 8월 31일 21시,월요일,경상북도 포항시 남구 괴동동,중상사고,0,1,0,0,차대차 - 추돌 - 진행중,안전운전불이행,건조,맑음,교차로 - 교차로부근,이륜,남,51세,중상,승용,남,56세,상해없음
2015083100100617,2015년 8월 31일 22시,월요일,경상북도 안동시 송현동,중상사고,0,1,4,0,차대차 - 추돌 - 진행중,안전거리미확보,건조,맑음,단일로 - 기타,승용,여,40세,상해없음,화물,남,35세,중상
2015083100100618,2015년 8월 31일 22시,월요일,경상북도 문경시 흥덕동,경상사고,0,0,1,0,차대차 - 기타,안전운전불이행,건조,맑음,단일로 - 기타,자전거,남,29세,경상,승용,여,54세,상해없음
2015083100100619,2015년 8월 31일 22시,월요일,경상북도 구미시 상모동,경상사고,0,0,1,0,차대차 - 측면직각충돌,안전운전불이행,건조,기타,단일로 - 기타,승합,남,55세,상해없음,승용,여,50세,경상
2015083100100647,2015년 8월 31일 23시,월요일,경상북도 상주시 낙동면,중상사고,0,1,0,0,차량단독 - 공작물충돌,안전운전불이행,건조,맑음,단일로 - 기타,화물,남,58세,중상,,,,
2015090100100010,2015년 9월 1일 00시,화요일,경상북도 안동시 옥동,부상신고사고,0,0,0,1,차대차 - 추돌 - 주정차중,안전운전불이행,건조,맑음,단일로 - 기타,승용,남,19세,부상신고,승용,남,55세,기타불명
2015090100100011,2015년 9월 1일 00시,화요일,경상북도 상주시 남성동,중상사고,0,1,0,0,차대사람 - 기타,안전운전불이행,건조,맑음,교차로 - 교차로부근,승용,남,38세,상해없음,보행자,남,45세,중상
2015090100100048,2015년 9월 1일 03시,화요일,경상북도 경주시 감포읍,경상사고,0,0,1,0,차대차 - 기타,중앙선침범,습기,비,단일로 - 기타,승용,남,49세,상해없음,화물,남,37세,경상
2015090100100049,2015년 9월 1일 03시,화요일,경상북도 포항시 남구 장기면,부상신고사고,0,0,0,1,차대차 - 기타,안전운전불이행,건조,맑음,단일로 - 기타,승용,남,49세,상해없음,화물,남,37세,부상신고
2015090100100066,2015년 9월 1일 04시,화요일,경상북도 성주군 대가면,사망사고,1,0,0,0,차대차 - 추돌 - 진행중,안전운전불이행,건조,맑음,단일로 - 기타,화물,남,43세,사망,화물,남,67세,상해없음
2015090100100083,2015년 9월 1일 05시,화요일,경상북도 영주시 영주동,중상사고,0,1,1,0,차대차 - 측면직각충돌,직진우회전진행방해,건조,맑음,교차로 - 교차로안,승용,남,20세,상해없음,화물,남,59세,상해없음
2015090100100124,2015년 9월 1일 07시,화요일,경상북도 경산시 계양동,중상사고,0,1,0,0,차대차 - 기타,안전운전불이행,습기,비,단일로 - 기타,승용,남,54세,상해없음,자전거,남,43세,중상
2015090100100125,2015년 9월 1일 07시,화요일,경상북도 포항시 남구 오천읍,중상사고,0,2,1,0,차대차 - 측면직각충돌,신호위반,습기,비,교차로 - 교차로안,화물,남,60세,상해없음,승합,남,52세,중상
2015090100100165,2015년 9월 1일 08시,화요일,경상북도 경주시 용강동,경상사고,0,0,1,0,차대차 - 기타,안전운전불이행,습기,비,단일로 - 기타,화물,남,44세,상해없음,특수,남,29세,경상
2015090100100166,2015년 9월 1일 08시,화요일,경상북도 문경시 마성면,경상사고,0,0,1,0,차대사람 - 차도통행중,안전운전불이행,건조,맑음,단일로 - 기타,승합,남,33세,상해없음,보행자,남,7세,경상
2015090100100167,2015년 9월 1일 08시,화요일,경상북도 구미시 광평동,경상사고,0,0,1,0,차대차 - 기타,교차로운행방법위반,건조,맑음,단일로 - 기타,승용,남,58세,상해없음,승용,남,55세,경상
2015090100100199,2015년 9월 1일 09시,화요일,경상북도 포항시 북구 창포동,경상사고,0,0,1,0,차대차 - 기타,직진우회전진행방해,습기,비,교차로 - 교차로안,승용,남,65세,상해없음,승용,여,51세,경상
2015090100100200,2015년 9월 1일 09시,화요일,경상북도 안동시 녹전면,중상사고,0,1,0,0,차대차 - 측면직각충돌,기타,건조,맑음,교차로 - 교차로안,승용,여,55세,상해없음,이륜,남,76세,중상
2015090100100237,2015년 9월 1일 10시,화요일,경상북도 경주시 황성동,경상사고,0,0,1,0,차대차 - 기타,안전운전불이행,습기,비,교차로 - 교차로안,승용,남,53세,상해없음,승용,여,54세,경상
2015090100100238,2015년 9월 1일 10시,화요일,경상북도 경주시 용강동,경상사고,0,0,1,0,차대차 - 측면직각충돌,안전운전불이행,습기,비,기타 - 기타,승용,남,76세,상해없음,승용,남,51세,경상
2015090100100239,2015년 9월 1일 10시,화요일,경상북도 경주시 광명동,부상신고사고,0,0,0,1,차대차 - 기타,안전운전불이행,건조,맑음,단일로 - 기타,화물,남,78세,부상신고,승합,남,58세,상해없음
2015090100100240,2015년 9월 1일 10시,화요일,경상북도 영주시 평은면,중상사고,0,1,4,0,차대차 - 추돌 - 진행중,안전운전불이행,건조,맑음,교차로 - 교차로부근,승용,남,31세,경상,승용,남,37세,경상
2015090100100241,2015년 9월 1일 10시,화요일,경상북도 예천군 호명면,중상사고,0,1,0,0,차량단독 - 전도전복,안전운전불이행,건조,맑음,단일로 - 기타,원동기,남,71세,상해없음,,,,
2015090100100272,2015년 9월 1일 11시,화요일,경상북도 영주시 휴천동,경상사고,0,0,1,0,차대사람 - 길가장자리구역통행중,안전운전불이행,건조,맑음,단일로 - 기타,승용,여,39세,상해없음,보행자,남,57세,경상
2015090100100273,2015년 9월 1일 11시,화요일,경상북도 경산시 하양읍,중상사고,0,1,0,0,차대사람 - 기타,기타,건조,맑음,단일로 - 기타,승합,남,56세,상해없음,보행자,여,86세,중상
2015090100100274,2015년 9월 1일 11시,화요일,경상북도 고령군 다산면,경상사고,0,0,1,0,차대차 - 측면직각충돌,안전운전불이행,건조,맑음,교차로 - 교차로안,원동기,남,24세,경상,승용,남,56세,상해없음
2015090100100304,2015년 9월 1일 12시,화요일,경상북도 안동시 송현동,부상신고사고,0,0,0,1,차대차 - 측면직각충돌,불법유턴,건조,맑음,단일로 - 기타,승용,여,35세,부상신고,승용,남,58세,상해없음
2015090100100333,2015년 9월 1일 13시,화요일,경상북도 상주시 화동면,경상사고,0,0,1,0,차대차 - 측면직각충돌,중앙선침범,건조,맑음,단일로 - 기타,화물,남,57세,상해없음,화물,남,55세,상해없음
2015090100100334,2015년 9월 1일 13시,화요일,경상북도 포항시 남구 대송면,경상사고,0,0,2,0,차대차 - 측면직각충돌,직진우회전진행방해,건조,맑음,교차로 - 교차로부근,승용,여,59세,경상,승용,남,42세,경상
2015090100100368,2015년 9월 1일 14시,화요일,경상북도 상주시 무양동,경상사고,0,0,2,0,차대차 - 추돌 - 주정차중,안전운전불이행,건조,맑음,교차로 - 교차로안,화물,남,66세,상해없음,승용,남,36세,경상
2015090100100394,2015년 9월 1일 15시,화요일,경상북도 경주시 외동읍,경상사고,0,0,1,0,차대차 - 기타,안전운전불이행,건조,흐림,교차로 - 교차로안,화물,남,53세,경상,화물,남,52세,상해없음
2015090100100395,2015년 9월 1일 15시,화요일,경상북도 경주시 동천동,중상사고,0,5,0,0,차대차 - 기타,안전운전불이행,건조,맑음,교차로 - 교차로부근,화물,남,48세,상해없음,승용,여,34세,중상
2015090100100396,2015년 9월 1일 15시,화요일,경상북도 청송군 안덕면,경상사고,0,0,1,0,차대사람 - 기타,안전운전불이행,건조,맑음,단일로 - 기타,화물,남,52세,상해없음,보행자,남,48세,경상
2015090100100433,2015년 9월 1일 16시,화요일,경상북도 경주시 강동면,경상사고,0,0,1,0,차대차 - 기타,안전운전불이행,건조,맑음,교차로 - 교차로안,승용,여,48세,기타불명,화물,남,61세,경상
2015090100100434,2015년 9월 1일 16시,화요일,경상북도 경주시 외동읍,중상사고,0,1,1,0,차대차 - 기타,안전운전불이행,건조,맑음,교차로 - 교차로부근,화물,남,64세,상해없음,승용,남,59세,중상
2015090100100435,2015년 9월 1일 16시,화요일,경상북도 영주시 영주동,중상사고,0,1,0,0,차대사람 - 횡단중,안전운전불이행,건조,맑음,교차로 - 교차로부근,화물,남,70세,상해없음,보행자,여,75세,중상
2015090100100436,2015년 9월 1일 16시,화요일,경상북도 구미시 공단동,경상사고,0,0,1,0,차대차 - 기타,신호위반,습기,비,교차로 - 교차로안,승용,남,65세,상해없음,승용,남,53세,경상
2015090100100437,2015년 9월 1일 16시,화요일,경상북도 포항시 남구 연일읍,부상신고사고,0,0,0,1,차대차 - 추돌 - 진행중,안전운전불이행,건조,맑음,단일로 - 기타,승용,남,58세,상해없음,승용,남,38세,상해없음
2015090100100481,2015년 9월 1일 17시,화요일,경상북도 경주시 현곡면,경상사고,0,0,1,0,차대차 - 기타,안전운전불이행,습기,비,교차로 - 교차로안,이륜,남,73세,경상,승용,남,68세,상해없음
2015090100100482,2015년 9월 1일 17시,화요일,경상북도 칠곡군 왜관읍,중상사고,0,1,0,1,차대사람 - 횡단중,안전운전불이행,습기,흐림,단일로 - 기타,이륜,남,28세,부상신고,보행자,여,33세,중상
2015090100100483,2015년 9월 1일 17시,화요일,경상북도 칠곡군 동명면,경상사고,0,0,1,0,차대차 - 측면직각충돌,교차로운행방법위반,습기,비,단일로 - 기타,승용,남,53세,상해없음,이륜,남,18세,경상
2015090100100484,2015년 9월 1일 17시,화요일,경상북도 구미시 인의동,경상사고,0,0,1,0,차대차 - 기타,교차로운행방법위반,건조,맑음,교차로 - 교차로안,승용,남,24세,상해없음,이륜,남,22세,경상
2015090100100485,2015년 9월 1일 17시,화요일,경상북도 구미시 공단동,부상신고사고,0,0,0,1,차대차 - 기타,안전운전불이행,건조,맑음,단일로 - 기타,이륜,남,39세,부상신고,화물,남,65세,상해없음
2015090100100530,2015년 9월 1일 18시,화요일,경상북도 경주시 동천동,경상사고,0,0,1,0,차량단독 - 기타,안전운전불이행,건조,맑음,단일로 - 기타,승용,남,67세,상해없음,,,,
2015090100100531,2015년 9월 1일 18시,화요일,경상북도 칠곡군 왜관읍,부상신고사고,0,0,0,1,차대차 - 정면충돌,교차로운행방법위반,건조,맑음,교차로 - 교차로안,이륜,남,28세,부상신고,승용,남,71세,상해없음
2015090100100532,2015년 9월 1일 18시,화요일,경상북도 구미시 공단동,경상사고,0,0,2,0,차대차 - 기타,교차로운행방법위반,습기,비,교차로 - 교차로안,승용,남,54세,상해없음,화물,남,36세,경상
2015090100100565,2015년 9월 1일 19시,화요일,경상북도 포항시 북구 용흥동,경상사고,0,0,1,0,차량단독 - 전도전복,안전운전불이행,습기,비,교차로 - 교차로안,이륜,남,49세,경상,,,,
2015090100100566,2015년 9월 1일 19시,화요일,경상북도 칠곡군 북삼읍,경상사고,0,0,2,0,차대차 - 추돌 - 주정차중,불법유턴,습기,비,교차로 - 교차로부근,승용,남,36세,상해없음,승용,여,43세,경상
2015090100100567,2015년 9월 1일 19시,화요일,경상북도 영천시 고경면,사망사고,1,0,0,0,차대사람 - 횡단중,안전운전불이행,습기,비,단일로 - 기타,화물,남,50세,상해없음,보행자,여,75세,사망
2015090100100568,2015년 9월 1일 19시,화요일,경상북도 구미시 구평동,경상사고,0,0,2,0,차대차 - 기타,교차로운행방법위반,습기,비,교차로 - 교차로안,승용,여,41세,상해없음,승용,남,24세,경상
2015090100100569,2015년 9월 1일 19시,화요일,경상북도 포항시 남구 장흥동,경상사고,0,0,1,0,차대차 - 추돌 - 주정차중,안전운전불이행,습기,비,교차로 - 교차로부근,기타불명,기타불명,기타불명,기타불명,승용,남,66세,경상
2015090100100611,2015년 9월 1일 20시,화요일,경상북도 영천시 조교동,중상사고,0,1,0,0,차대사람 - 횡단중,안전운전불이행,습기,비,단일로 - 기타,승용,남,26세,상해없음,보행자,여,54세,중상
2015090100100612,2015년 9월 1일 20시,화요일,경상북도 영덕군 병곡면,중상사고,0,1,0,0,차대차 - 측면직각충돌,교차로운행방법위반,건조,맑음,교차로 - 교차로안,승용,남,28세,상해없음,승용,여,47세,중상
2015090100100613,2015년 9월 1일 20시,화요일,경상북도 구미시 선기동,중상사고,0,1,0,0,차대사람 - 기타,안전운전불이행,기타,기타,단일로 - 기타,화물,여,48세,상해없음,보행자,남,44세,중상
2015090100100654,2015년 9월 1일 21시,화요일,경상북도 경주시 성건동,경상사고,0,0,1,0,차대사람 - 기타,안전운전불이행,건조,맑음,단일로 - 기타,승용,남,43세,상해없음,보행자,남,43세,경상
2015090100100688,2015년 9월 1일 22시,화요일,경상북도 구미시 도량동,중상사고,0,1,0,0,차대사람 - 보도통행중,보행자보호의무위반,습기,맑음,단일로 - 횡단보도상,승용,남,22세,상해없음,보행자,남,58세,중상
2015090100100721,2015년 9월 1일 23시,화요일,경상북도 경주시 동천동,중상사고,0,1,0,0,차대차 - 측면직각충돌,신호위반,습기,비,교차로 - 교차로안,승용,여,52세,상해없음,승용,남,24세,중상
2015090100100722,2015년 9월 1일 23시,화요일,경상북도 칠곡군 석적읍,중상사고,0,1,0,0,차대차 - 추돌 - 주정차중,안전운전불이행,습기,비,단일로 - 기타,승용,남,51세,상해없음,승용,여,46세,중상
2015090200100013,2015년 9월 2일 00시,수요일,경상북도 안동시 풍산읍,경상사고,0,0,1,0,차대사람 - 기타,안전운전불이행,건조,맑음,단일로 - 기타,승용,남,21세,상해없음,보행자,남,39세,경상
2015090200100030,2015년 9월 2일 01시,수요일,경상북도 구미시 오태동,경상사고,0,0,2,0,차대차 - 측면직각충돌,안전운전불이행,습기,비,교차로 - 교차로부근,승용,남,53세,상해없음,승용,남,50세,경상
2015090200100062,2015년 9월 2일 05시,수요일,경상북도 영주시 가흥동,중상사고,0,1,0,0,차대차 - 측면직각충돌,안전운전불이행,건조,맑음,교차로 - 교차로안,화물,남,25세,상해없음,화물,남,63세,중상
2015090200100075,2015년 9월 2일 06시,수요일,경상북도 경주시 구황동,중상사고,0,2,0,0,차대차 - 기타,중앙선침범,습기,흐림,단일로 - 기타,승용,여,45세,상해없음,승용,남,38세,중상
2015090200100076,2015년 9월 2일 06시,수요일,경상북도 경주시 사정동,중상사고,0,1,0,0,차대차 - 기타,안전운전불이행,건조,맑음,교차로 - 교차로안,승용,남,50세,상해없음,원동기,남,76세,상해없음
2015090200100095,2015년 9월 2일 07시,수요일,경상북도 영천시 오미동,중상사고,0,1,2,0,차대차 - 추돌 - 진행중,안전운전불이행,건조,흐림,단일로 - 기타,화물,남,59세,상해없음,화물,남,58세,경상
2015090200100096,2015년 9월 2일 07시,수요일,경상북도 경산시 하양읍,경상사고,0,0,1,0,차대차 - 추돌 - 진행중,교차로운행방법위반,건조,맑음,교차로 - 교차로안,화물,남,41세,상해없음,승용,여,40세,경상
2015090200100136,2015년 9월 2일 08시,수요일,경상북도 경주시 외동읍,경상사고,0,0,1,0,차대차 - 추돌 - 주정차중,안전운전불이행,건조,맑음,단일로 - 기타,화물,남,53세,상해없음,화물,남,50세,경상
2015090200100137,2015년 9월 2일 08시,수요일,경상북도 포항시 북구 대신동,경상사고,0,0,2,0,차대차 - 추돌 - 주정차중,안전운전불이행,건조,흐림,교차로 - 교차로부근,승용,남,64세,상해없음,승합,여,42세,경상
2015090200100138,2015년 9월 2일 08시,수요일,경상북도 의성군 금성면,중상사고,0,1,0,0,차대차 - 측면직각충돌,안전운전불이행,건조,맑음,단일로 - 기타,승용,여,64세,상해없음,원동기,남,43세,중상
2015090200100139,2015년 9월 2일 08시,수요일,경상북도 영주시 하망동,경상사고,0,0,1,0,차대사람 - 기타,안전운전불이행,건조,맑음,단일로 - 기타,승용,남,39세,상해없음,보행자,남,3세,경상
2015090200100140,2015년 9월 2일 08시,수요일,경상북도 칠곡군 왜관읍,경상사고,0,0,1,0,차대차 - 기타,신호위반,건조,맑음,교차로 - 교차로안,승용,남,41세,상해없음,승용,여,33세,경상
2015090200100141,2015년 9월 2일 08시,수요일,경상북도 칠곡군 석적읍,경상사고,0,0,2,0,차대차 - 추돌 - 진행중,안전거리미확보,건조,맑음,단일로 - 기타,특수,남,63세,상해없음,승용,남,24세,경상
2015090200100142,2015년 9월 2일 08시,수요일,경상북도 고령군 다산면,경상사고,0,0,1,0,차대차 - 측면직각충돌,교차로운행방법위반,건조,맑음,교차로 - 교차로안,승용,남,65세,상해없음,승합,남,65세,경상
2015090200100171,2015년 9월 2일 09시,수요일,경상북도 경주시 시래동,경상사고,0,0,2,0,차대차 - 기타,안전거리미확보,건조,맑음,교차로 - 교차로부근,승용,남,55세,상해없음,승용,여,40세,경상
2015090200100198,2015년 9월 2일 10시,수요일,경상북도 영주시 영주동,경상사고,0,0,1,0,차대차 - 측면직각충돌,안전운전불이행,건조,맑음,단일로 - 기타,승용,여,31세,상해없음,승용,여,54세,경상
2015090200100199,2015년 9월 2일 10시,수요일,경상북도 영천시 자양면,중상사고,0,1,0,1,차대차 - 측면직각충돌,안전운전불이행,건조,맑음,단일로 - 기타,승용,여,36세,상해없음,농기계,남,63세,중상
2015090200100200,2015년 9월 2일 10시,수요일,경상북도 구미시 형곡동,경상사고,0,0,1,0,차대사람 - 기타,안전운전불이행,건조,맑음,교차로 - 교차로부근,승용,남,54세,상해없음,보행자,여,53세,경상
2015090200100201,2015년 9월 2일 10시,수요일,경상북도 구미시 상모동,경상사고,0,0,1,0,차대차 - 기타,안전운전불이행,건조,맑음,교차로 - 교차로부근,이륜,남,74세,경상,승용,남,23세,상해없음
2015090200100256,2015년 9월 2일 12시,수요일,경상북도 영천시 금호읍,경상사고,0,0,1,0,차대사람 - 횡단중,보행자보호의무위반,건조,맑음,단일로 - 기타,승용,남,63세,상해없음,보행자,남,49세,경상
2015090200100257,2015년 9월 2일 12시,수요일,경상북도 성주군 초전면,경상사고,0,0,1,0,차대차 - 기타,교차로운행방법위반,건조,맑음,기타 - 기타,원동기,남,56세,상해없음,승용,여,60세,경상
2015090200100314,2015년 9월 2일 14시,수요일,경상북도 경주시 산내면,사망사고,1,0,0,0,차량단독 - 기타,안전운전불이행,건조,맑음,단일로 - 기타,승용,여,58세,사망,,,,
2015090200100315,2015년 9월 2일 14시,수요일,경상북도 경주시 황성동,경상사고,0,0,1,0,차대차 - 기타,안전운전불이행,건조,맑음,단일로 - 기타,화물,남,69세,상해없음,자전거,남,11세,경상
2015090200100346,2015년 9월 2일 15시,수요일,경상북도 안동시 송현동,경상사고,0,0,1,0,차대차 - 기타,안전운전불이행,건조,맑음,교차로 - 교차로부근,화물,남,66세,상해없음,화물,남,68세,경상
2015090200100347,2015년 9월 2일 15시,수요일,경상북도 상주시 중덕동,경상사고,0,0,3,0,차대차 - 측면직각충돌,교차로운행방법위반,건조,흐림,교차로 - 교차로안,화물,남,60세,상해없음,승용,여,29세,경상
2015090200100348,2015년 9월 2일 15시,수요일,경상북도 경산시 하양읍,경상사고,0,0,1,0,차대차 - 기타,중앙선침범,건조,맑음,단일로 - 기타,승용,여,47세,상해없음,승용,남,66세,경상
2015090200100349,2015년 9월 2일 15시,수요일,경상북도 울진군 울진읍,중상사고,0,1,0,0,차대사람 - 기타,안전운전불이행,건조,맑음,단일로 - 기타,화물,남,63세,상해없음,보행자,여,64세,중상
2015090200100380,2015년 9월 2일 16시,수요일,경상북도 영주시 가흥동,중상사고,0,1,5,0,차대차 - 측면직각충돌,안전운전불이행,건조,맑음,교차로 - 교차로부근,승용,남,30세,상해없음,승용,남,50세,중상
2015090200100381,2015년 9월 2일 16시,수요일,경상북도 경산시 중산동,중상사고,0,1,0,0,차대차 - 추돌 - 주정차중,안전운전불이행,건조,맑음,단일로 - 기타,승용,남,57세,상해없음,승용,남,36세,중상
2015090200100417,2015년 9월 2일 17시,수요일,경상북도 경주시 안강읍,경상사고,0,0,2,0,차대차 - 추돌 - 주정차중,안전운전불이행,건조,맑음,단일로 - 기타,특수,남,31세,상해없음,승용,남,33세,경상
2015090200100418,2015년 9월 2일 17시,수요일,경상북도 포항시 북구 죽도동,경상사고,0,0,1,0,차대차 - 측면직각충돌,안전거리미확보,건조,맑음,단일로 - 기타,승용,여,23세,상해없음,승용,남,58세,경상
2015090200100419,2015년 9월 2일 17시,수요일,경상북도 안동시 평화동,경상사고,0,0,2,0,차대차 - 측면직각충돌,중앙선침범,습기,비,단일로 - 기타,승용,남,38세,상해없음,승용,남,62세,경상
2015090200100420,2015년 9월 2일 17시,수요일,경상북도 상주시 함창읍,부상신고사고,0,0,0,1,차량단독 - 전도전복,안전운전불이행,습기,흐림,교차로 - 교차로부근,승용,남,32세,부상신고,,,,
2015090200100421,2015년 9월 2일 17시,수요일,경상북도 영주시 가흥동,경상사고,0,0,3,0,차대차 - 측면직각충돌,직진우회전진행방해,습기,비,교차로 - 교차로안,승용,여,56세,상해없음,화물,남,66세,경상
2015090200100463,2015년 9월 2일 18시,수요일,경상북도 경주시 시래동,중상사고,0,1,0,0,차대사람 - 기타,안전운전불이행,건조,맑음,단일로 - 기타,화물,남,75세,상해없음,보행자,여,90세 이상,중상
2015090200100464,2015년 9월 2일 18시,수요일,경상북도 안동시 와룡면,중상사고,0,2,0,0,차대차 - 측면직각충돌,중앙선침범,습기,비,단일로 - 기타,화물,남,31세,중상,승용,여,39세,중상
2015090200100465,2015년 9월 2일 18시,수요일,경상북도 칠곡군 석적읍,중상사고,0,1,0,0,차량단독 - 기타,안전운전불이행,습기,비,단일로 - 기타,이륜,남,28세,중상,,,,
2015090200100519,2015년 9월 2일 19시,수요일,경상북도 안동시 길안면,중상사고,0,1,0,0,차대사람 - 횡단중,안전운전불이행,건조,맑음,단일로 - 기타,승용,여,28세,상해없음,보행자,남,57세,중상
2015090200100520,2015년 9월 2일 19시,수요일,경상북도 영주시 조암동,중상사고,0,1,0,0,차대차 - 측면직각충돌,안전운전불이행,건조,맑음,교차로 - 교차로안,승용,남,52세,기타불명,자전거,여,57세,중상
2015090200100521,2015년 9월 2일 19시,수요일,경상북도 칠곡군 가산면,중상사고,0,3,1,0,차대차 - 측면직각충돌,직진우회전진행방해,습기,비,교차로 - 교차로안,승용,여,42세,중상,화물,남,63세,경상