사고번호,사고일시,요일,시군구,사고내용,사망자수,중상자수,경상자수,부상신고자수,사고유형,법규위반,노면상태,기상상태,도로형태,가해운전자 차종,가해운전자 성별,가해운전자 연령,가해운전자 상해정도,피해운전자 차종,피해운전자 성별,피해운전자 연령,피해운전자 상해정도
2015090500100484,2015년 9월 5일 17시,토요일,경상북도 포항시 남구 장기면,중상사고,0,1,1,0,차대차 - 기타,신호위반,건조,맑음,교차로 - 교차로안,승용,남,62세,상해없음,승용,남,32세,중상
2015090500100524,2015년 9월 5일 18시,토요일,경상북도 경주시 산내면,경상사고,0,0,2,0,차대차 - 기타,중앙선침범,습기,흐림,단일로 - 기타,화물,남,61세,상해없음,승용,남,50세,경상
2015090500100525,2015년 9월 5일 18시,토요일,경상북도 포항시 북구 두호동,중상사고,0,1,0,0,차대차 - 기타,안전운전불이행,건조,맑음,단일로 - 기타,승용,남,37세,상해없음,이륜,남,46세,중상
2015090500100526,2015년 9월 5일 18시,토요일,경상북도 예천군 예천읍,사망사고,1,0,0,0,차량단독 - 공작물충돌,안전운전불이행,건조,흐림,단일로 - 기타,원동기,남,72세,사망,,,,
2015090500100566,2015년 9월 5일 19시,토요일,경상북도 경주시 성건동,경상사고,0,0,2,0,차대차 - 기타,안전운전불이행,건조,맑음,교차로 - 교차로안,승용,남,50세,상해없음,승용,남,26세,경상
2015090500100567,2015년 9월 5일 19시,토요일,경상북도 상주시 이안면,경상사고,0,0,2,0,차대차 - 추돌 - 진행중,안전운전불이행,습기,비,교차로 - 교차로부근,승용,여,54세,상해없음,승용,남,29세,경상
2015090500100568,2015년 9월 5일 19시,토요일,경상북도 고령군 다산면,중상사고,0,1,0,0,차대차 - 정면충돌,안전운전불이행,습기,흐림,단일로 - 기타,승용,남,72세,상해없음,원동기,남,42세,중상
2015090500100569,2015년 9월 5일 19시,토요일,경상북도 구미시 광평동,부상신고사고,0,0,0,1,차량단독 - 기타,안전운전불이행,적설,비,단일로 - 기타,원동기,남,40세,부상신고,,,,
2015090500100604,2015년 9월 5일 20시,토요일,경상북도 경주시 양북면,중상사고,0,1,0,0,차량단독 - 공작물충돌,안전운전불이행,습기,비,단일로 - 기타,승용,남,70세,중상,,,,
2015090500100605,2015년 9월 5일 20시,토요일,경상북도 포항시 남구 연일읍,경상사고,0,0,4,0,차대차 - 추돌 - 진행중,안전운전불이행,습기,흐림,단일로 - 기타,특수,남,48세,상해없음,승용,남,53세,경상
2015090500100637,2015년 9월 5일 21시,토요일,경상북도 포항시 북구 죽도동,부상신고사고,0,0,0,1,차대차 - 기타,안전운전불이행,건조,맑음,단일로 - 기타,이륜,남,51세,부상신고,승용,남,24세,상해없음
2015090500100638,2015년 9월 5일 21시,토요일,경상북도 울진군 울진읍,중상사고,0,1,0,0,차대차 - 추돌 - 주정차중,안전운전불이행,건조,맑음,단일로 - 기타,원동기,남,64세,중상,승용,여,38세,기타불명
2015090500100639,2015년 9월 5일 21시,토요일,경상북도 포항시 남구 해도동,경상사고,0,0,1,0,차대차 - 측면직각충돌,안전운전불이행,습기,맑음,단일로 - 기타,승용,남,26세,상해없음,이륜,남,25세,경상
2015090500100673,2015년 9월 5일 22시,토요일,경상북도 경주시 충효동,중상사고,0,1,0,0,차대사람 - 횡단중,안전운전불이행,습기,비,단일로 - 기타,승용,남,30세,상해없음,보행자,남,53세,중상
2015090500100674,2015년 9월 5일 22시,토요일,경상북도 경주시 건천읍,중상사고,0,2,2,1,차대차 - 추돌 - 주정차중,안전운전불이행,건조,맑음,단일로 - 기타,승용,남,35세,상해없음,승용,여,42세,중상
2015090500100700,2015년 9월 5일 23시,토요일,경상북도 상주시 신봉동,중상사고,0,1,5,0,차대차 - 측면직각충돌,신호위반,습기,비,교차로 - 교차로안,승용,여,19세,경상,승용,남,63세,경상
2015090500100701,2015년 9월 5일 23시,토요일,경상북도 칠곡군 석적읍,경상사고,0,0,7,0,차대차 - 추돌 - 진행중,교차로운행방법위반,습기,비,교차로 - 교차로부근,승용,남,65세,상해없음,승용,여,32세,경상
2015090500100702,2015년 9월 5일 23시,토요일,경상북도 경산시 진량읍,경상사고,0,0,1,0,차대차 - 기타,안전운전불이행,습기,비,단일로 - 기타,화물,남,56세,상해없음,화물,남,55세,경상
2015090600100017,2015년 9월 6일 00시,일요일,경상북도 영천시 금호읍,중상사고,0,2,1,0,차대차 - 정면충돌,중앙선침범,습기,비,단일로 - 기타,승용,남,31세,상해없음,승용,남,44세,중상
2015090600100018,2015년 9월 6일 00시,일요일,경상북도 포항시 남구 대도동,경상사고,0,0,1,0,차대사람 - 기타,안전운전불이행,습기,비,단일로 - 기타,승용,남,33세,상해없음,보행자,여,59세,경상
2015090600100040,2015년 9월 6일 01시,일요일,경상북도 경주시 용강동,경상사고,0,0,1,0,차대차 - 기타,안전운전불이행,건조,맑음,단일로 - 기타,승용,여,48세,상해없음,승용,여,58세,경상
2015090600100058,2015년 9월 6일 02시,일요일,경상북도 문경시 모전동,중상사고,0,1,0,0,차대사람 - 횡단중,안전운전불이행,습기,맑음,단일로 - 기타,승용,남,39세,상해없음,보행자,남,48세,중상
2015090600100071,2015년 9월 6일 03시,일요일,경상북도 경주시 성건동,중상사고,0,1,0,1,차대차 - 측면직각충돌,안전운전불이행,습기,비,단일로 - 기타,승용,남,18세,부상신고,승용,여,63세,상해없음
2015090600100086,2015년 9월 6일 04시,일요일,경상북도 안동시 금곡동,중상사고,0,2,0,1,차대차 - 측면직각충돌,안전운전불이행,기타,비,교차로 - 교차로안,승용,남,29세,부상신고,승용,남,62세,중상
2015090600100112,2015년 9월 6일 06시,일요일,경상북도 경산시 압량면,중상사고,0,1,0,0,차대사람 - 기타,안전운전불이행,건조,맑음,교차로 - 교차로부근,화물,남,58세,상해없음,보행자,여,76세,중상
2015090600100124,2015년 9월 6일 07시,일요일,경상북도 칠곡군 석적읍,중상사고,0,2,0,0,차량단독 - 전도전복,안전운전불이행,건조,맑음,단일로 - 기타,승용,남,24세,중상,,,,
2015090600100150,2015년 9월 6일 09시,일요일,경상북도 경주시 건천읍,경상사고,0,0,1,0,차대차 - 기타,안전운전불이행,습기,비,단일로 - 기타,화물,남,66세,상해없음,승용,남,59세,경상
2015090600100173,2015년 9월 6일 10시,일요일,경상북도 경주시 황남동,경상사고,0,0,3,0,차대차 - 추돌 - 주정차중,안전거리미확보,습기,비,교차로 - 교차로부근,화물,남,28세,상해없음,승용,남,33세,경상
2015090600100194,2015년 9월 6일 11시,일요일,경상북도 청도군 각남면,중상사고,0,1,0,0,차량단독 - 공작물충돌,안전운전불이행,건조,맑음,단일로 - 기타,원동기,남,44세,중상,,,,
2015090600100217,2015년 9월 6일 12시,일요일,경상북도 경주시 북군동,중상사고,0,1,0,0,차량단독 - 공작물충돌,안전운전불이행,습기,비,단일로 - 기타,승용,여,38세,중상,,,,
2015090600100245,2015년 9월 6일 13시,일요일,경상북도 경주시 내남면,중상사고,0,2,0,0,차량단독 - 공작물충돌,안전운전불이행,건조,맑음,단일로 - 기타,화물,남,62세,중상,,,,
2015090600100246,2015년 9월 6일 13시,일요일,경상북도 안동시 삼산동,중상사고,0,1,0,0,차대차 - 기타,안전운전불이행,건조,흐림,단일로 - 기타,승용,여,38세,상해없음,이륜,남,63세,중상
2015090600100247,2015년 9월 6일 13시,일요일,경상북도 안동시 용상동,중상사고,0,1,2,0,차대차 - 추돌 - 주정차중,안전거리미확보,습기,비,교차로 - 교차로안,화물,남,61세,상해없음,승용,남,52세,경상
2015090600100248,2015년 9월 6일 13시,일요일,경상북도 김천시 아포읍,경상사고,0,0,1,0,차대차 - 추돌 - 주정차중,안전운전불이행,건조,맑음,단일로 - 기타,승용,남,22세,상해없음,승용,남,47세,경상
2015090600100278,2015년 9월 6일 14시,일요일,경상북도 안동시 태화동,중상사고,0,1,0,0,차대차 - 정면충돌,직진우회전진행방해,건조,맑음,교차로 - 교차로부근,승용,남,52세,상해없음,원동기,남,36세,중상
2015090600100279,2015년 9월 6일 14시,일요일,경상북도 김천시 교동,경상사고,0,0,1,0,차대사람 - 횡단중,안전운전불이행,건조,맑음,단일로 - 기타,승용,남,18세,상해없음,보행자,남,7세,경상
2015090600100280,2015년 9월 6일 14시,일요일,경상북도 성주군 월항면,경상사고,0,0,1,0,차량단독 - 전도전복,안전운전불이행,건조,맑음,기타 - 기타,원동기,남,57세,경상,,,,
2015090600100313,2015년 9월 6일 15시,일요일,경상북도 경주시 외동읍,중상사고,0,1,0,0,차대차 - 정면충돌,중앙선침범,건조,맑음,단일로 - 기타,승용,여,57세,상해없음,승용,남,59세,중상
2015090600100314,2015년 9월 6일 15시,일요일,경상북도 경주시 강동면,중상사고,0,2,3,0,차대차 - 기타,중앙선침범,습기,비,단일로 - 기타,승용,남,48세,상해없음,화물,남,69세,경상
2015090600100315,2015년 9월 6일 15시,일요일,경상북도 경주시 하동,경상사고,0,0,2,0,차대차 - 기타,안전운전불이행,건조,흐림,교차로 - 교차로부근,승용,남,15세,상해없음,승용,남,39세,경상
2015090600100316,2015년 9월 6일 15시,일요일,경상북도 경주시 건천읍,중상사고,0,4,0,0,차대차 - 기타,안전운전불이행,건조,맑음,교차로 - 교차로안,승용,남,61세,상해없음,승용,남,59세,중상
2015090600100317,2015년 9월 6일 15시,일요일,경상북도 경주시 천북면,경상사고,0,0,4,0,차대차 - 기타,차로위반,건조,맑음,단일로 - 기타,승용,남,32세,경상,승용,여,51세,경상
2015090600100318,2015년 9월 6일 15시,일요일,경상북도 경주시 감포읍,경상사고,0,0,1,0,차대차 - 기타,중앙선침범,습기,비,단일로 - 기타,승합,남,49세,상해없음,승용,남,35세,경상
2015090600100319,2015년 9월 6일 15시,일요일,경상북도 구미시 시미동,경상사고,0,0,1,0,차대차 - 측면직각충돌,안전운전불이행,건조,맑음,교차로 - 교차로안,자전거,남,54세,경상,승용,남,27세,상해없음
2015090600100320,2015년 9월 6일 15시,일요일,경상북도 포항시 남구 연일읍,경상사고,0,0,4,0,차대차 - 기타,안전운전불이행,건조,맑음,단일로 - 기타,승용,여,24세,경상,승용,남,35세,경상
2015090600100354,2015년 9월 6일 16시,일요일,경상북도 경주시 내남면,경상사고,0,0,1,0,차대차 - 추돌 - 진행중,안전운전불이행,건조,맑음,단일로 - 기타,승용,남,25세,상해없음,승용,남,51세,경상
2015090600100411,2015년 9월 6일 18시,일요일,경상북도 경주시 외동읍,중상사고,0,2,0,0,차대차 - 기타,안전운전불이행,습기,비,단일로 - 기타,승용,남,41세,상해없음,승용,남,37세,중상
2015090600100412,2015년 9월 6일 18시,일요일,경상북도 의성군 비안면,경상사고,0,0,2,0,차대차 - 측면직각충돌,안전운전불이행,건조,맑음,단일로 - 기타,승용,남,60세,상해없음,승용,남,59세,경상
2015090600100438,2015년 9월 6일 19시,일요일,경상북도 상주시 이안면,경상사고,0,0,1,0,차량단독 - 공작물충돌,안전운전불이행,건조,맑음,단일로 - 기타,화물,남,46세,경상,,,,
2015090600100439,2015년 9월 6일 19시,일요일,경상북도 경산시 압량면,경상사고,0,0,1,0,차대차 - 기타,안전운전불이행,건조,맑음,교차로 - 교차로부근,기타불명,기타불명,기타불명,기타불명,이륜,남,46세,경상
2015090600100440,2015년 9월 6일 19시,일요일,경상북도 구미시 사곡동,경상사고,0,0,1,0,차대차 - 기타,교차로운행방법위반,건조,맑음,교차로 - 교차로안,승용,남,55세,상해없음,자전거,남,12세,경상
2015090600100471,2015년 9월 6일 20시,일요일,경상북도 성주군 수륜면,중상사고,0,1,1,0,차대차 - 정면충돌,안전운전불이행,건조,맑음,교차로 - 교차로안,화물,남,62세,경상,승용,남,44세,중상
2015090600100501,2015년 9월 6일 21시,일요일,경상북도 안동시 옥야동,경상사고,0,0,1,0,차대차 - 추돌 - 주정차중,안전거리미확보,건조,맑음,단일로 - 기타,승용,남,64세,상해없음,승합,남,57세,경상
2015090600100524,2015년 9월 6일 22시,일요일,경상북도 문경시 흥덕동,부상신고사고,0,0,0,1,차대차 - 기타,안전운전불이행,건조,맑음,교차로 - 교차로안,승용,남,39세,상해없음,자전거,남,16세,부상신고
2015090600100525,2015년 9월 6일 22시,일요일,경상북도 예천군 예천읍,경상사고,0,0,1,0,차대차 - 측면직각충돌,중앙선침범,건조,맑음,교차로 - 교차로안,승용,남,44세,상해없음,승용,여,47세,상해없음
2015090600100526,2015년 9월 6일 22시,일요일,경상북도 구미시 구평동,중상사고,0,3,0,0,차대차 - 기타,안전운전불이행,건조,맑음,교차로 - 교차로안,승용,남,28세,상해없음,승용,남,60세,중상
2015090700100033,2015년 9월 7일 03시,월요일,경상북도 경주시 내남면,사망사고,1,3,9,0,차대차 - 추돌 - 진행중,안전운전불이행,건조,맑음,단일로 - 기타,승합,남,52세,사망,화물,남,61세,상해없음
2015090700100046,2015년 9월 7일 05시,월요일,경상북도 경산시 남천면,사망사고,1,0,0,0,차대사람 - 차도통행중,안전운전불이행,건조,맑음,단일로 - 기타,화물,남,40세,상해없음,보행자,남,39세,사망
2015090700100047,2015년 9월 7일 05시,월요일,경상북도 구미시 임수동,경상사고,0,0,2,0,차대차 - 기타,신호위반,건조,맑음,교차로 - 교차로안,승용,남,26세,상해없음,승용,남,25세,경상
2015090700100063,2015년 9월 7일 06시,월요일,경상북도 포항시 북구 대신동,경상사고,0,0,1,0,차대차 - 기타,안전거리미확보,건조,맑음,단일로 - 기타,승용,남,46세,상해없음,자전거,남,46세,경상
2015090700100064,2015년 9월 7일 06시,월요일,경상북도 칠곡군 왜관읍,경상사고,0,0,4,1,차대차 - 측면직각충돌,안전운전불이행,건조,맑음,교차로 - 교차로안,승용,남,60세,상해없음,승합,남,54세,경상
2015090700100065,2015년 9월 7일 06시,월요일,경상북도 울진군 후포면,부상신고사고,0,0,0,1,차량단독 - 공작물충돌,안전운전불이행,건조,맑음,단일로 - 기타,승용,여,45세,부상신고,,,,
2015090700100095,2015년 9월 7일 07시,월요일,경상북도 영주시 장수면,경상사고,0,0,3,0,차대차 - 추돌 - 주정차중,안전운전불이행,건조,맑음,단일로 - 기타,승용,남,25세,경상,화물,남,62세,경상
2015090700100151,2015년 9월 7일 08시,월요일,경상북도 문경시 모전동,경상사고,0,0,1,0,차대사람 - 기타,안전운전불이행,건조,맑음,단일로 - 기타,승용,남,50세,상해없음,보행자,여,54세,경상
2015090700100193,2015년 9월 7일 09시,월요일,경상북도 안동시 태화동,부상신고사고,0,0,0,1,차대차 - 기타,신호위반,건조,맑음,교차로 - 교차로안,자전거,남,50세,부상신고,승용,여,36세,상해없음
2015090700100194,2015년 9월 7일 09시,월요일,경상북도 영주시 하망동,경상사고,0,0,1,0,차대차 - 추돌 - 진행중,안전운전불이행,건조,맑음,교차로 - 교차로부근,승용,여,42세,상해없음,승용,남,49세,경상
2015090700100195,2015년 9월 7일 09시,월요일,경상북도 문경시 산양면,중상사고,0,1,3,0,차대차 - 측면직각충돌,교차로운행방법위반,건조,맑음,교차로 - 교차로안,승용,여,60세,경상,승용,여,39세,경상
2015090700100224,2015년 9월 7일 10시,월요일,경상북도 영천시 금호읍,중상사고,0,1,5,0,차대차 - 추돌 - 진행중,안전운전불이행,건조,맑음,단일로 - 기타,화물,남,66세,경상,승합,남,71세,중상
2015090700100226,2015년 9월 7일 10시,월요일,경상북도 경산시 중방동,경상사고,0,0,1,0,차대사람 - 기타,안전운전불이행,건조,맑음,교차로 - 교차로안,화물,남,55세,상해없음,보행자,여,66세,경상
2015090700100227,2015년 9월 7일 10시,월요일,경상북도 성주군 선남면,경상사고,0,0,3,0,차대차 - 추돌 - 진행중,안전거리미확보,건조,맑음,기타 - 기타,화물,남,68세,상해없음,승용,여,36세,경상
2015090700100260,2015년 9월 7일 11시,월요일,경상북도 구미시 원평동,중상사고,0,1,0,0,차대차 - 기타,안전운전불이행,건조,맑음,단일로 - 기타,승용,남,34세,상해없음,이륜,남,24세,중상
2015090700100294,2015년 9월 7일 12시,월요일,경상북도 포항시 북구 득량동,경상사고,0,0,1,0,차대차 - 기타,안전운전불이행,건조,맑음,단일로 - 기타,화물,남,54세,상해없음,자전거,남,26세,경상
2015090700100295,2015년 9월 7일 12시,월요일,경상북도 영천시 임고면,중상사고,0,2,0,0,차대차 - 측면직각충돌,교차로운행방법위반,건조,맑음,교차로 - 교차로안,화물,남,40세,상해없음,이륜,남,46세,중상
2015090700100296,2015년 9월 7일 12시,월요일,경상북도 포항시 남구 오천읍,중상사고,0,1,1,0,차대차 - 측면직각충돌,직진우회전진행방해,건조,맑음,교차로 - 교차로안,승용,남,50세,경상,승용,여,58세,중상
2015090700100330,2015년 9월 7일 13시,월요일,경상북도 안동시 북후면,중상사고,0,2,0,0,차량단독 - 도로외이탈 - 기타,안전운전불이행,건조,맑음,단일로 - 기타,이륜,남,74세,중상,,,,
2015090700100331,2015년 9월 7일 13시,월요일,경상북도 안동시 당북동,중상사고,0,1,0,0,차대차 - 기타,차로위반,건조,맑음,교차로 - 교차로부근,화물,남,62세,상해없음,승용,남,46세,중상
2015090700100332,2015년 9월 7일 13시,월요일,경상북도 의성군 사곡면,경상사고,0,0,4,0,차대차 - 측면직각충돌,안전운전불이행,건조,맑음,단일로 - 기타,화물,여,48세,상해없음,화물,남,64세,경상
2015090700100333,2015년 9월 7일 13시,월요일,경상북도 경산시 유곡동,경상사고,0,0,2,0,차대차 - 기타,안전운전불이행,건조,맑음,기타 - 기타,이륜,남,19세,상해없음,승용,여,36세,기타불명
2015090700100334,2015년 9월 7일 13시,월요일,경상북도 군위군 효령면,중상사고,0,1,0,0,차대차 - 기타,안전운전불이행,건조,맑음,단일로 - 기타,승용,여,52세,상해없음,자전거,남,76세,중상
2015090700100368,2015년 9월 7일 14시,월요일,경상북도 안동시 풍천면,경상사고,0,0,1,0,차대차 - 기타,안전운전불이행,건조,맑음,단일로 - 기타,건설기계,남,58세,상해없음,농기계,남,76세,경상
2015090700100369,2015년 9월 7일 14시,월요일,경상북도 봉화군 상운면,중상사고,0,1,0,0,차대차 - 정면충돌,중앙선침범,건조,맑음,단일로 - 기타,승용,남,62세,상해없음,승용,남,72세,중상
2015090700100418,2015년 9월 7일 15시,월요일,경상북도 안동시 와룡면,경상사고,0,0,1,0,차대차 - 기타,안전거리미확보,건조,맑음,기타 - 기타,이륜,남,53세,경상,화물,남,48세,상해없음
2015090700100419,2015년 9월 7일 15시,월요일,경상북도 안동시 도산면,경상사고,0,0,1,0,차대차 - 측면직각충돌,직진우회전진행방해,건조,맑음,교차로 - 교차로부근,승용,남,34세,상해없음,승용,여,50세,경상
2015090700100420,2015년 9월 7일 15시,월요일,경상북도 군위군 군위읍,경상사고,0,0,1,0,차대차 - 기타,안전운전불이행,건조,맑음,단일로 - 기타,화물,남,49세,상해없음,승용,남,73세,경상
2015090700100458,2015년 9월 7일 16시,월요일,경상북도 구미시 임수동,중상사고,0,2,0,0,차대차 - 기타,안전운전불이행,건조,맑음,단일로 - 기타,승용,여,30세,상해없음,이륜,남,47세,중상
2015090700100512,2015년 9월 7일 17시,월요일,경상북도 포항시 북구 흥해읍,경상사고,0,0,1,0,차대사람 - 기타,안전운전불이행,건조,맑음,단일로 - 기타,승용,여,55세,상해없음,보행자,여,56세,경상
2015090700100513,2015년 9월 7일 17시,월요일,경상북도 포항시 북구 장성동,경상사고,0,0,3,0,차대차 - 추돌 - 주정차중,안전거리미확보,건조,맑음,교차로 - 교차로부근,승용,남,66세,상해없음,승용,여,51세,경상
2015090700100514,2015년 9월 7일 17시,월요일,경상북도 칠곡군 왜관읍,경상사고,0,0,1,0,차대사람 - 기타,안전운전불이행,건조,맑음,단일로 - 기타,화물,남,63세,상해없음,보행자,남,19세,경상
2015090700100559,2015년 9월 7일 18시,월요일,경상북도 포항시 북구 양덕동,중상사고,0,1,0,0,차대차 - 기타,중앙선침범,건조,맑음,단일로 - 기타,승용,남,35세,상해없음,이륜,남,28세,중상
2015090700100560,2015년 9월 7일 18시,월요일,경상북도 울진군 후포면,중상사고,0,1,0,0,차대차 - 기타,안전거리미확보,건조,맑음,단일로 - 기타,승용,남,47세,상해없음,승용,남,78세,중상
2015090700100561,2015년 9월 7일 18시,월요일,경상북도 구미시 선산읍,중상사고,0,1,0,0,차대차 - 기타,교차로운행방법위반,건조,흐림,교차로 - 교차로안,자전거,남,17세,상해없음,자전거,여,65세,중상
2015090700100605,2015년 9월 7일 19시,월요일,경상북도 김천시 아포읍,사망사고,1,0,0,0,차대차 - 추돌 - 진행중,안전운전불이행,건조,맑음,단일로 - 기타,화물,남,48세,상해없음,이륜,남,59세,사망
2015090700100606,2015년 9월 7일 19시,월요일,경상북도 영주시 장수면,경상사고,0,0,1,0,차대차 - 측면직각충돌,안전운전불이행,건조,맑음,교차로 - 교차로안,승용,남,23세,상해없음,승용,남,49세,상해없음
2015090700100607,2015년 9월 7일 19시,월요일,경상북도 경산시 와촌면,경상사고,0,0,1,0,차대차 - 기타,안전운전불이행,건조,맑음,기타 - 기타,화물,남,60세,상해없음,자전거,남,57세,경상
2015090700100608,2015년 9월 7일 19시,월요일,경상북도 구미시 도량동,경상사고,0,0,1,0,차대차 - 기타,안전운전불이행,건조,맑음,교차로 - 교차로안,승용,남,56세,상해없음,승용,여,50세,경상
2015090700100609,2015년 9월 7일 19시,월요일,경상북도 포항시 남구 대잠동,중상사고,0,1,0,0,차대사람 - 횡단중,중앙선침범,건조,맑음,단일로 - 기타,승용,남,45세,상해없음,보행자,여,50세,중상
2015090700100648,2015년 9월 7일 20시,월요일,경상북도 군위군 부계면,경상사고,0,0,1,0,차대차 - 기타,중앙선침범,건조,맑음,단일로 - 기타,승용,남,25세,상해없음,승용,남,59세,경상
2015090700100649,2015년 9월 7일 20시,월요일,경상북도 포항시 남구 이동,경상사고,0,0,3,0,차대차 - 추돌 - 진행중,안전거리미확보,건조,맑음,교차로 - 교차로부근,승용,남,43세,상해없음,승용,남,41세,경상
2015090800100015,2015년 9월 8일 00시,화요일,경상북도 영천시 작산동,중상사고,0,1,2,0,차대차 - 정면충돌,중앙선침범,건조,맑음,교차로 - 교차로안,화물,남,51세,상해없음,승용,남,50세,중상
2015090800100033,2015년 9월 8일 01시,화요일,경상북도 칠곡군 동명면,부상신고사고,0,0,0,1,차대차 - 기타,안전운전불이행,건조,맑음,단일로 - 기타,승용,남,35세,부상신고,화물,여,45세,기타불명
2015090800100048,2015년 9월 8일 03시,화요일,경상북도 경산시 하양읍,중상사고,0,1,1,0,차대차 - 기타,안전운전불이행,건조,맑음,단일로 - 기타,승용,남,24세,중상,승용,남,60세,경상
2015090800100059,2015년 9월 8일 04시,화요일,경상북도 칠곡군 왜관읍,중상사고,0,1,0,0,차대사람 - 보도통행중,신호위반,건조,맑음,교차로 - 교차로안,승용,남,71세,상해없음,보행자,여,68세,중상
2015090800100083,2015년 9월 8일 06시,화요일,경상북도 구미시 황상동,경상사고,0,0,1,0,차대차 - 측면직각충돌,안전거리미확보,건조,맑음,단일로 - 기타,승용,남,24세,상해없음,화물,남,50세,경상
2015090800100113,2015년 9월 8일 07시,화요일,경상북도 구미시 산동면,중상사고,0,1,0,0,차대차 - 기타,안전운전불이행,건조,맑음,교차로 - 교차로부근,승용,남,55세,상해없음,이륜,남,77세,중상
2015090800100157,2015년 9월 8일 08시,화요일,경상북도 안동시 송천동,중상사고,0,1,0,0,차대차 - 추돌 - 주정차중,안전운전불이행,건조,맑음,단일로 - 기타,이륜,남,67세,중상,승용,남,72세,상해없음
2015090800100158,2015년 9월 8일 08시,화요일,경상북도 영주시 가흥동,경상사고,0,0,1,0,차대차 - 추돌 - 진행중,안전운전불이행,건조,맑음,단일로 - 기타,승용,여,40세,상해없음,화물,남,29세,경상
2015090800100159,2015년 9월 8일 08시,화요일,경상북도 경산시 하양읍,경상사고,0,0,1,0,차대차 - 측면직각충돌,안전운전불이행,건조,맑음,단일로 - 기타,건설기계,남,51세,상해없음,자전거,여,67세,경상
2015090800100160,2015년 9월 8일 08시,화요일,경상북도 예천군 예천읍,중상사고,0,1,0,0,차대차 - 측면직각충돌,안전운전불이행,건조,맑음,단일로 - 기타,승용,여,43세,상해없음,자전거,남,83세,중상
2015090800100214,2015년 9월 8일 09시,화요일,경상북도 포항시 북구 장성동,경상사고,0,0,1,0,차대차 - 기타,안전운전불이행,건조,맑음,단일로 - 기타,승용,여,38세,상해없음,승용,여,45세,경상
2015090800100215,2015년 9월 8일 09시,화요일,경상북도 영덕군 영해면,경상사고,0,0,1,0,차량단독 - 전도전복,안전운전불이행,건조,맑음,단일로 - 기타,원동기,남,82세,경상,,,,
2015090800100216,2015년 9월 8일 09시,화요일,경상북도 청도군 청도읍,경상사고,0,0,1,0,차대차 - 측면직각충돌,불법유턴,건조,맑음,단일로 - 기타,자전거,남,35세,경상,승용,여,50세,상해없음
2015090800100217,2015년 9월 8일 09시,화요일,경상북도 구미시 원평동,중상사고,0,1,0,0,차대차 - 기타,안전운전불이행,건조,맑음,교차로 - 교차로부근,승합,남,55세,상해없음,자전거,여,22세,중상
2015090800100218,2015년 9월 8일 09시,화요일,경상북도 구미시 산동면,사망사고,1,1,0,0,차대차 - 기타,안전운전불이행,건조,맑음,단일로 - 기타,화물,남,63세,상해없음,화물,남,62세,사망
2015090800100253,2015년 9월 8일 10시,화요일,경상북도 포항시 북구 학산동,중상사고,0,1,0,0,차대차 - 기타,안전거리미확보,건조,맑음,단일로 - 기타,승용,남,24세,상해없음,승용,남,35세,중상
2015090800100254,2015년 9월 8일 10시,화요일,경상북도 안동시 송현동,경상사고,0,0,2,0,차대차 - 추돌 - 주정차중,안전거리미확보,건조,맑음,교차로 - 교차로부근,승합,남,59세,상해없음,승용,남,56세,경상
2015090800100255,2015년 9월 8일 10시,화요일,경상북도 안동시 당북동,경상사고,0,0,1,0,차대차 - 기타,안전거리미확보,건조,맑음,단일로 - 기타,승용,남,62세,상해없음,승용,남,66세,경상
2015090800100256,2015년 9월 8일 10시,화요일,경상북도 구미시 오태동,중상사고,0,2,1,0,차대차 - 기타,안전운전불이행,건조,맑음,교차로 - 교차로안,건설기계,남,45세,상해없음,화물,남,67세,중상
2015090800100257,2015년 9월 8일 10시,화요일,경상북도 구미시 도량동,경상사고,0,0,1,0,차대사람 - 기타,신호위반,건조,맑음,단일로 - 기타,이륜,남,18세,상해없음,보행자,여,21세,경상
2015090800100258,2015년 9월 8일 10시,화요일,경상북도 포항시 남구 오천읍,경상사고,0,0,1,0,차대사람 - 기타,안전운전불이행,건조,맑음,기타 - 기타,승용,남,60세,상해없음,보행자,여,61세,경상
2015090800100288,2015년 9월 8일 11시,화요일,경상북도 김천시 개령면,경상사고,0,0,1,0,차대차 - 측면직각충돌,직진우회전진행방해,건조,맑음,교차로 - 교차로안,승용,남,33세,상해없음,이륜,남,38세,경상
2015090800100289,2015년 9월 8일 11시,화요일,경상북도 영주시 조암동,경상사고,0,0,1,0,차대차 - 기타,안전운전불이행,건조,맑음,교차로 - 교차로부근,승용,남,60세,상해없음,자전거,남,73세,경상
2015090800100290,2015년 9월 8일 11시,화요일,경상북도 영천시 임고면,중상사고,0,2,0,0,차대차 - 추돌 - 진행중,안전거리미확보,건조,맑음,단일로 - 기타,화물,남,62세,상해없음,이륜,남,68세,중상
2015090800100291,2015년 9월 8일 11시,화요일,경상북도 구미시 인의동,경상사고,0,0,1,0,차대차 - 기타,안전운전불이행,건조,맑음,교차로 - 교차로안,화물,남,46세,상해없음,승용,남,34세,경상
2015090800100318,2015년 9월 8일 12시,화요일,경상북도 안동시 송천동,경상사고,0,0,1,0,차대차 - 기타,안전운전불이행,건조,맑음,단일로 - 기타,승용,남,55세,상해없음,승용,남,57세,상해없음
2015090800100319,2015년 9월 8일 12시,화요일,경상북도 칠곡군 약목면,경상사고,0,0,1,0,차대차 - 기타,교차로운행방법위반,건조,맑음,교차로 - 교차로안,승용,여,46세,상해없음,이륜,남,52세,경상