사고번호,사고일시,요일,시군구,사고내용,사망자수,중상자수,경상자수,부상신고자수,사고유형,법규위반,노면상태,기상상태,도로형태,가해운전자 차종,가해운전자 성별,가해운전자 연령,가해운전자 상해정도,피해운전자 차종,피해운전자 성별,피해운전자 연령,피해운전자 상해정도
2015090800100320,2015년 9월 8일 12시,화요일,경상북도 문경시 문경읍,경상사고,0,0,1,0,차량단독 - 도로외이탈 - 기타,안전운전불이행,건조,맑음,단일로 - 기타,승용,남,74세,상해없음,,,,
2015090800100321,2015년 9월 8일 12시,화요일,경상북도 영덕군 병곡면,중상사고,0,1,0,0,차대차 - 측면직각충돌,교차로운행방법위반,건조,맑음,교차로 - 교차로안,승용,여,62세,상해없음,이륜,남,76세,중상
2015090800100322,2015년 9월 8일 12시,화요일,경상북도 구미시 지산동,경상사고,0,0,1,1,차대차 - 측면직각충돌,신호위반,건조,맑음,교차로 - 교차로안,승용,남,48세,부상신고,승용,여,57세,경상
2015090800100323,2015년 9월 8일 12시,화요일,경상북도 구미시 원평동,중상사고,0,1,0,0,차량단독 - 기타,안전운전불이행,건조,맑음,단일로 - 기타,자전거,남,48세,중상,,,,
2015090800100343,2015년 9월 8일 13시,화요일,경상북도 안동시 정하동,경상사고,0,0,1,0,차대사람 - 횡단중,보행자보호의무위반,건조,맑음,단일로 - 횡단보도상,승용,여,45세,상해없음,보행자,남,7세,경상
2015090800100344,2015년 9월 8일 13시,화요일,경상북도 안동시 남문동,중상사고,0,1,0,0,차대사람 - 횡단중,안전운전불이행,건조,맑음,교차로 - 교차로안,승용,남,55세,상해없음,보행자,여,72세,중상
2015090800100345,2015년 9월 8일 13시,화요일,경상북도 경산시 중방동,경상사고,0,0,1,0,차대사람 - 기타,안전운전불이행,건조,맑음,단일로 - 기타,화물,남,57세,상해없음,보행자,여,64세,경상
2015090800100383,2015년 9월 8일 14시,화요일,경상북도 포항시 북구 죽도동,경상사고,0,0,1,0,차대차 - 추돌 - 주정차중,안전거리미확보,건조,맑음,단일로 - 기타,화물,남,73세,상해없음,화물,남,37세,경상
2015090800100384,2015년 9월 8일 14시,화요일,경상북도 칠곡군 왜관읍,중상사고,0,1,0,0,차대차 - 추돌 - 진행중,안전운전불이행,건조,맑음,교차로 - 교차로안,승용,여,37세,상해없음,자전거,남,79세,중상
2015090800100385,2015년 9월 8일 14시,화요일,경상북도 포항시 남구 해도동,중상사고,0,1,2,0,차대차 - 추돌 - 진행중,직진우회전진행방해,건조,맑음,교차로 - 교차로안,이륜,여,18세,경상,승용,남,25세,경상
2015090800100426,2015년 9월 8일 15시,화요일,경상북도 경주시 외동읍,중상사고,0,1,2,0,차대차 - 측면직각충돌,안전운전불이행,건조,맑음,단일로 - 기타,화물,남,27세,상해없음,승용,여,47세,경상
2015090800100427,2015년 9월 8일 15시,화요일,경상북도 상주시 신봉동,중상사고,0,1,0,0,차대사람 - 길가장자리구역통행중,안전운전불이행,건조,맑음,단일로 - 기타,화물,여,57세,상해없음,보행자,여,84세,중상
2015090800100428,2015년 9월 8일 15시,화요일,경상북도 청도군 청도읍,중상사고,0,1,2,0,차대차 - 측면직각충돌,직진우회전진행방해,건조,맑음,교차로 - 교차로안,승용,남,66세,경상,화물,남,70세,경상
2015090800100429,2015년 9월 8일 15시,화요일,경상북도 고령군 다산면,중상사고,0,1,0,0,차대사람 - 횡단중,보행자보호의무위반,건조,맑음,단일로 - 횡단보도상,화물,여,51세,상해없음,보행자,남,9세,중상
2015090800100430,2015년 9월 8일 15시,화요일,경상북도 구미시 장천면,경상사고,0,0,1,0,차대차 - 측면직각충돌,안전운전불이행,건조,맑음,단일로 - 기타,승용,여,48세,상해없음,화물,남,43세,상해없음
2015090800100477,2015년 9월 8일 16시,화요일,경상북도 상주시 남성동,중상사고,0,1,0,0,차대사람 - 횡단중,안전운전불이행,건조,맑음,단일로 - 기타,승용,남,61세,상해없음,보행자,여,51세,중상
2015090800100478,2015년 9월 8일 16시,화요일,경상북도 칠곡군 왜관읍,부상신고사고,0,0,0,1,차대차 - 추돌 - 주정차중,안전운전불이행,건조,맑음,단일로 - 기타,자전거,남,17세,부상신고,승용,여,40세,상해없음
2015090800100527,2015년 9월 8일 17시,화요일,경상북도 문경시 점촌동,경상사고,0,0,1,0,차대차 - 추돌 - 주정차중,안전운전불이행,건조,맑음,교차로 - 교차로안,승용,여,37세,상해없음,승용,여,45세,경상
2015090800100528,2015년 9월 8일 17시,화요일,경상북도 경산시 중방동,경상사고,0,0,1,0,차대차 - 기타,안전운전불이행,건조,맑음,단일로 - 기타,승용,여,25세,상해없음,승용,남,26세,경상
2015090800100580,2015년 9월 8일 18시,화요일,경상북도 경산시 중방동,중상사고,0,1,0,0,차대차 - 기타,안전운전불이행,건조,맑음,교차로 - 교차로안,승용,기타불명,기타불명,기타불명,자전거,여,26세,중상
2015090800100581,2015년 9월 8일 18시,화요일,경상북도 영덕군 영해면,경상사고,0,0,1,0,차대차 - 측면직각충돌,교차로운행방법위반,건조,기타,교차로 - 교차로안,승합,남,46세,상해없음,승용,남,34세,경상
2015090800100582,2015년 9월 8일 18시,화요일,경상북도 청송군 현동면,경상사고,0,0,1,0,차대차 - 추돌 - 진행중,안전운전불이행,건조,맑음,단일로 - 기타,화물,남,60세,상해없음,농기계,남,51세,경상
2015090800100624,2015년 9월 8일 19시,화요일,경상북도 포항시 북구 득량동,경상사고,0,0,1,0,차대차 - 기타,안전거리미확보,건조,맑음,교차로 - 교차로안,승용,남,20세,상해없음,승용,여,54세,경상
2015090800100625,2015년 9월 8일 19시,화요일,경상북도 안동시 송현동,중상사고,0,1,0,0,차대차 - 기타,안전운전불이행,건조,맑음,단일로 - 기타,화물,남,48세,상해없음,승용,남,29세,상해없음
2015090800100626,2015년 9월 8일 19시,화요일,경상북도 상주시 공성면,사망사고,1,0,0,0,차대차 - 추돌 - 진행중,안전운전불이행,건조,맑음,교차로 - 교차로안,원동기,여,55세,사망,승용,남,65세,상해없음
2015090800100627,2015년 9월 8일 19시,화요일,경상북도 칠곡군 동명면,경상사고,0,0,6,0,차대차 - 추돌 - 진행중,안전운전불이행,건조,맑음,단일로 - 기타,승용,남,40세,상해없음,승용,남,45세,경상
2015090800100672,2015년 9월 8일 20시,화요일,경상북도 김천시 부곡동,중상사고,0,1,0,0,차대차 - 측면직각충돌,안전운전불이행,건조,맑음,교차로 - 교차로부근,승용,여,48세,상해없음,자전거,남,8세,중상
2015090800100673,2015년 9월 8일 20시,화요일,경상북도 칠곡군 석적읍,중상사고,0,1,1,0,차대차 - 기타,신호위반,건조,맑음,교차로 - 교차로안,승용,남,47세,중상,승합,남,53세,경상
2015090800100674,2015년 9월 8일 20시,화요일,경상북도 영천시 금호읍,경상사고,0,0,1,0,차대차 - 측면직각충돌,불법유턴,건조,맑음,단일로 - 기타,승용,여,23세,상해없음,자전거,여,23세,경상
2015090800100744,2015년 9월 8일 22시,화요일,경상북도 구미시 광평동,중상사고,0,1,0,0,차대차 - 기타,안전운전불이행,건조,맑음,교차로 - 교차로안,승용,남,34세,상해없음,승용,여,46세,중상
2015090800100770,2015년 9월 8일 23시,화요일,경상북도 영천시 창구동,부상신고사고,0,0,0,1,차대차 - 측면직각충돌,기타,건조,맑음,교차로 - 교차로안,승용,남,28세,상해없음,승용,남,44세,상해없음
2015090800100771,2015년 9월 8일 23시,화요일,경상북도 포항시 남구 인덕동,경상사고,0,0,1,0,차대차 - 기타,안전운전불이행,건조,맑음,교차로 - 교차로안,승용,여,47세,상해없음,이륜,남,27세,경상
2015090900100036,2015년 9월 9일 02시,수요일,경상북도 칠곡군 왜관읍,사망사고,1,1,0,1,차대차 - 추돌 - 주정차중,안전운전불이행,건조,맑음,단일로 - 기타,화물,남,35세,중상,화물,남,47세,사망
2015090900100044,2015년 9월 9일 03시,수요일,경상북도 경산시 대동,중상사고,0,1,0,0,차대차 - 기타,신호위반,건조,맑음,교차로 - 교차로안,승용,남,28세,상해없음,이륜,남,50세,중상
2015090900100075,2015년 9월 9일 06시,수요일,경상북도 상주시 모동면,중상사고,0,1,0,0,차대차 - 정면충돌,안전운전불이행,건조,맑음,단일로 - 기타,이륜,여,65세,중상,승합,여,60세,상해없음
2015090900100117,2015년 9월 9일 07시,수요일,경상북도 안동시 금곡동,중상사고,0,1,0,0,차대사람 - 횡단중,보행자보호의무위반,건조,맑음,교차로 - 교차로안,승용,남,46세,상해없음,보행자,여,41세,중상
2015090900100118,2015년 9월 9일 07시,수요일,경상북도 영천시 오미동,중상사고,0,1,0,0,차대차 - 측면직각충돌,안전운전불이행,건조,맑음,단일로 - 기타,승용,남,38세,상해없음,원동기,남,81세,중상
2015090900100119,2015년 9월 9일 07시,수요일,경상북도 구미시 구포동,중상사고,0,1,0,0,차대차 - 측면직각충돌,안전운전불이행,건조,맑음,교차로 - 교차로안,승용,남,34세,기타불명,자전거,남,34세,중상
2015090900100167,2015년 9월 9일 08시,수요일,경상북도 안동시 북후면,중상사고,0,1,0,0,차대차 - 측면직각충돌,안전운전불이행,건조,맑음,단일로 - 기타,농기계,남,71세,중상,화물,남,52세,상해없음
2015090900100168,2015년 9월 9일 08시,수요일,경상북도 의성군 안계면,중상사고,0,2,3,0,차대차 - 측면직각충돌,안전운전불이행,건조,맑음,교차로 - 교차로부근,화물,남,20세,상해없음,승용,남,55세,경상
2015090900100169,2015년 9월 9일 08시,수요일,경상북도 포항시 남구 상도동,경상사고,0,0,2,0,차대차 - 추돌 - 진행중,안전운전불이행,건조,맑음,교차로 - 교차로안,승용,남,67세,상해없음,승용,여,36세,경상
2015090900100211,2015년 9월 9일 09시,수요일,경상북도 안동시 남문동,경상사고,0,0,1,0,차대차 - 측면직각충돌,안전운전불이행,건조,맑음,단일로 - 기타,승용,남,65세,상해없음,자전거,남,18세,경상
2015090900100212,2015년 9월 9일 09시,수요일,경상북도 상주시 사벌면,중상사고,0,1,0,0,차대차 - 기타,안전운전불이행,건조,맑음,단일로 - 기타,화물,남,72세,상해없음,원동기,남,74세,중상
2015090900100213,2015년 9월 9일 09시,수요일,경상북도 영주시 가흥동,중상사고,0,1,0,0,차대차 - 기타,안전운전불이행,건조,맑음,교차로 - 교차로안,승용,여,47세,상해없음,자전거,남,78세,중상
2015090900100214,2015년 9월 9일 09시,수요일,경상북도 구미시 공단동,중상사고,0,1,0,0,차대사람 - 기타,보행자보호의무위반,건조,맑음,단일로 - 기타,화물,남,54세,상해없음,보행자,여,43세,중상
2015090900100242,2015년 9월 9일 10시,수요일,경상북도 경산시 하양읍,중상사고,0,1,0,0,차대사람 - 기타,보행자보호의무위반,건조,맑음,교차로 - 교차로안,승용,남,63세,상해없음,보행자,여,86세,중상
2015090900100243,2015년 9월 9일 10시,수요일,경상북도 경산시 계양동,중상사고,0,1,0,0,차대사람 - 기타,보행자보호의무위반,건조,맑음,교차로 - 교차로부근,승합,남,44세,상해없음,보행자,여,79세,중상
2015090900100244,2015년 9월 9일 10시,수요일,경상북도 경주시 내남면,경상사고,0,0,2,0,차대차 - 기타,안전운전불이행,건조,맑음,단일로 - 기타,화물,남,65세,경상,화물,남,76세,경상
2015090900100270,2015년 9월 9일 11시,수요일,경상북도 경주시 안강읍,경상사고,0,0,1,0,차대사람 - 기타,안전운전불이행,건조,맑음,단일로 - 기타,승용,남,79세,상해없음,보행자,남,50세,경상
2015090900100303,2015년 9월 9일 12시,수요일,경상북도 영천시 망정동,경상사고,0,0,1,0,차대차 - 측면직각충돌,안전운전불이행,건조,맑음,교차로 - 교차로안,승합,남,25세,경상,건설기계,남,40세,상해없음
2015090900100304,2015년 9월 9일 12시,수요일,경상북도 영덕군 영덕읍,중상사고,0,2,0,0,차대차 - 측면직각충돌,기타,건조,맑음,교차로 - 교차로안,농기계,남,72세,중상,승용,여,65세,중상
2015090900100338,2015년 9월 9일 13시,수요일,경상북도 김천시 감천면,경상사고,0,0,1,0,차대차 - 측면직각충돌,안전운전불이행,건조,맑음,교차로 - 교차로안,이륜,남,84세,경상,화물,남,41세,상해없음
2015090900100369,2015년 9월 9일 14시,수요일,경상북도 경주시 안강읍,중상사고,0,1,0,0,차대차 - 기타,안전운전불이행,건조,맑음,교차로 - 교차로안,이륜,남,75세,중상,승용,여,44세,상해없음
2015090900100370,2015년 9월 9일 14시,수요일,경상북도 경주시 노서동,중상사고,0,1,0,0,차대차 - 추돌 - 진행중,안전거리미확보,건조,맑음,교차로 - 교차로부근,승용,남,45세,상해없음,승용,여,46세,중상
2015090900100371,2015년 9월 9일 14시,수요일,경상북도 구미시 장천면,경상사고,0,0,1,1,차대차 - 기타,교차로운행방법위반,건조,맑음,교차로 - 교차로안,승용,남,52세,부상신고,승용,남,27세,경상
2015090900100372,2015년 9월 9일 14시,수요일,경상북도 구미시 공단동,경상사고,0,0,1,0,차대차 - 기타,안전운전불이행,건조,맑음,교차로 - 교차로부근,승용,여,28세,상해없음,승용,남,30세,상해없음
2015090900100409,2015년 9월 9일 15시,수요일,경상북도 경주시 시래동,중상사고,0,2,0,0,차대차 - 정면충돌,중앙선침범,건조,맑음,교차로 - 교차로부근,승용,여,53세,상해없음,승용,여,34세,중상
2015090900100410,2015년 9월 9일 15시,수요일,경상북도 포항시 북구 우현동,중상사고,0,1,0,0,차대차 - 기타,안전운전불이행,건조,맑음,단일로 - 기타,이륜,남,74세,중상,승용,남,56세,상해없음
2015090900100411,2015년 9월 9일 15시,수요일,경상북도 김천시 신음동,경상사고,0,0,1,0,차대차 - 측면직각충돌,안전운전불이행,건조,맑음,단일로 - 기타,승합,남,53세,상해없음,화물,남,57세,경상
2015090900100412,2015년 9월 9일 15시,수요일,경상북도 영천시 금호읍,중상사고,0,1,0,0,차대차 - 정면충돌,신호위반,건조,맑음,교차로 - 교차로안,화물,남,72세,상해없음,화물,남,46세,중상
2015090900100413,2015년 9월 9일 15시,수요일,경상북도 성주군 성주읍,중상사고,0,1,0,0,차대차 - 정면충돌,중앙선침범,건조,맑음,단일로 - 기타,화물,남,58세,상해없음,화물,남,51세,중상
2015090900100414,2015년 9월 9일 15시,수요일,경상북도 구미시 산동면,중상사고,0,1,0,0,차대차 - 기타,안전운전불이행,건조,맑음,단일로 - 기타,승용,남,56세,상해없음,자전거,남,75세,중상
2015090900100415,2015년 9월 9일 15시,수요일,경상북도 포항시 남구 대도동,경상사고,0,0,2,0,차대차 - 기타,직진우회전진행방해,건조,맑음,교차로 - 교차로안,승용,남,63세,경상,승용,남,36세,경상
2015090900100468,2015년 9월 9일 16시,수요일,경상북도 포항시 북구 항구동,경상사고,0,0,1,0,차대차 - 기타,신호위반,건조,맑음,교차로 - 교차로안,승용,남,77세,상해없음,승용,여,47세,경상
2015090900100469,2015년 9월 9일 16시,수요일,경상북도 포항시 북구 장성동,경상사고,0,0,1,0,차대차 - 기타,직진우회전진행방해,건조,맑음,교차로 - 교차로안,승용,남,33세,상해없음,승용,여,48세,경상
2015090900100470,2015년 9월 9일 16시,수요일,경상북도 청도군 금천면,경상사고,0,0,1,0,차대차 - 측면직각충돌,직진우회전진행방해,건조,맑음,교차로 - 교차로안,원동기,여,57세,경상,화물,남,50세,상해없음
2015090900100471,2015년 9월 9일 16시,수요일,경상북도 울진군 후포면,경상사고,0,0,2,0,차대차 - 기타,불법유턴,건조,맑음,교차로 - 교차로안,승용,여,68세,상해없음,승용,남,59세,경상
2015090900100531,2015년 9월 9일 17시,수요일,경상북도 포항시 북구 장성동,경상사고,0,0,1,0,차대차 - 기타,직진우회전진행방해,건조,맑음,교차로 - 교차로안,승용,여,53세,상해없음,승용,남,32세,경상
2015090900100532,2015년 9월 9일 17시,수요일,경상북도 안동시 풍산읍,중상사고,0,1,0,0,차대차 - 기타,안전운전불이행,건조,맑음,교차로 - 교차로부근,화물,남,48세,상해없음,승용,남,52세,중상
2015090900100533,2015년 9월 9일 17시,수요일,경상북도 김천시 감천면,중상사고,0,1,0,0,차대차 - 측면직각충돌,교차로운행방법위반,건조,맑음,교차로 - 교차로안,화물,남,50세,상해없음,화물,남,53세,중상
2015090900100534,2015년 9월 9일 17시,수요일,경상북도 상주시 남성동,중상사고,0,1,0,0,차대차 - 측면직각충돌,교차로운행방법위반,건조,맑음,교차로 - 교차로안,승용,여,31세,상해없음,이륜,남,57세,중상
2015090900100535,2015년 9월 9일 17시,수요일,경상북도 영주시 가흥동,경상사고,0,0,1,0,차대차 - 정면충돌,안전운전불이행,건조,맑음,단일로 - 기타,승용,남,74세,상해없음,자전거,남,72세,경상
2015090900100536,2015년 9월 9일 17시,수요일,경상북도 칠곡군 북삼읍,경상사고,0,0,1,1,차대차 - 추돌 - 주정차중,안전거리미확보,건조,맑음,교차로 - 교차로안,승용,여,33세,부상신고,승용,남,60세,경상
2015090900100537,2015년 9월 9일 17시,수요일,경상북도 영천시 화북면,경상사고,0,0,1,0,차대사람 - 길가장자리구역통행중,안전운전불이행,건조,맑음,단일로 - 기타,승용,남,51세,상해없음,보행자,남,52세,경상
2015090900100538,2015년 9월 9일 17시,수요일,경상북도 경산시 중방동,경상사고,0,0,1,0,차대차 - 기타,직진우회전진행방해,건조,맑음,교차로 - 교차로안,승용,남,39세,상해없음,자전거,남,11세,경상
2015090900100539,2015년 9월 9일 17시,수요일,경상북도 경산시 진량읍,부상신고사고,0,0,0,1,차대사람 - 기타,안전운전불이행,건조,맑음,단일로 - 기타,화물,남,47세,상해없음,보행자,여,56세,부상신고
2015090900100540,2015년 9월 9일 17시,수요일,경상북도 영덕군 영해면,중상사고,0,1,0,0,차대차 - 측면직각충돌,안전거리미확보,건조,맑음,단일로 - 기타,승합,남,59세,상해없음,화물,남,66세,중상
2015090900100541,2015년 9월 9일 17시,수요일,경상북도 구미시 산동면,경상사고,0,0,2,0,차대차 - 측면직각충돌,교차로운행방법위반,건조,맑음,교차로 - 교차로안,화물,남,31세,경상,승용,남,26세,경상
2015090900100597,2015년 9월 9일 18시,수요일,경상북도 포항시 북구 상원동,중상사고,0,1,0,0,차량단독 - 기타,안전운전불이행,건조,맑음,단일로 - 기타,이륜,남,17세,상해없음,,,,
2015090900100598,2015년 9월 9일 18시,수요일,경상북도 상주시 모서면,경상사고,0,0,1,0,차대사람 - 차도통행중,안전운전불이행,건조,맑음,교차로 - 교차로안,승용,남,47세,상해없음,보행자,남,30세,경상
2015090900100599,2015년 9월 9일 18시,수요일,경상북도 영주시 영주동,경상사고,0,0,1,0,차대사람 - 길가장자리구역통행중,안전운전불이행,건조,맑음,단일로 - 기타,승합,여,61세,상해없음,보행자,남,57세,경상
2015090900100600,2015년 9월 9일 18시,수요일,경상북도 경산시 진량읍,경상사고,0,0,3,0,차대차 - 기타,교차로운행방법위반,건조,맑음,교차로 - 교차로안,승용,남,57세,경상,승용,남,54세,경상
2015090900100601,2015년 9월 9일 18시,수요일,경상북도 경산시 백천동,중상사고,0,1,0,0,차대차 - 기타,안전운전불이행,건조,맑음,교차로 - 교차로안,화물,남,55세,상해없음,승용,여,44세,중상
2015090900100602,2015년 9월 9일 18시,수요일,경상북도 포항시 남구 동해면,경상사고,0,0,1,0,차대사람 - 횡단중,안전운전불이행,건조,맑음,단일로 - 기타,승용,남,73세,상해없음,보행자,여,7세,경상
2015090900100661,2015년 9월 9일 19시,수요일,경상북도 포항시 북구 장성동,경상사고,0,0,5,0,차대차 - 측면직각충돌,안전거리미확보,건조,맑음,단일로 - 기타,승합,여,59세,상해없음,승합,남,47세,경상
2015090900100662,2015년 9월 9일 19시,수요일,경상북도 안동시 수상동,중상사고,0,2,0,0,차대차 - 기타,안전운전불이행,건조,맑음,교차로 - 교차로안,화물,남,31세,상해없음,화물,남,56세,중상
2015090900100663,2015년 9월 9일 19시,수요일,경상북도 김천시 개령면,경상사고,0,0,1,0,차대차 - 추돌 - 주정차중,안전거리미확보,건조,맑음,교차로 - 교차로부근,승용,여,63세,상해없음,승용,여,40세,경상
2015090900100697,2015년 9월 9일 20시,수요일,경상북도 경주시 충효동,경상사고,0,0,1,0,차대차 - 기타,안전운전불이행,건조,맑음,단일로 - 기타,승용,남,33세,상해없음,자전거,남,9세,경상
2015090900100698,2015년 9월 9일 20시,수요일,경상북도 상주시 남장동,중상사고,0,1,0,0,차대차 - 추돌 - 진행중,안전운전불이행,건조,맑음,단일로 - 기타,화물,남,42세,상해없음,자전거,여,72세,중상
2015090900100699,2015년 9월 9일 20시,수요일,경상북도 구미시 진평동,경상사고,0,0,1,0,차대차 - 기타,안전운전불이행,건조,맑음,기타 - 기타,승용,남,48세,상해없음,승용,여,46세,경상
2015090900100729,2015년 9월 9일 21시,수요일,경상북도 경산시 정평동,경상사고,0,0,1,0,차대차 - 추돌 - 주정차중,안전운전불이행,건조,맑음,교차로 - 교차로부근,승용,남,27세,상해없음,승용,여,49세,경상
2015090900100757,2015년 9월 9일 22시,수요일,경상북도 경주시 성건동,경상사고,0,0,1,0,차대차 - 기타,신호위반,건조,맑음,교차로 - 교차로안,승용,남,56세,상해없음,자전거,남,48세,경상
2015090900100758,2015년 9월 9일 22시,수요일,경상북도 칠곡군 북삼읍,부상신고사고,0,0,0,1,차대차 - 측면직각충돌,안전운전불이행,건조,맑음,단일로 - 기타,승용,남,44세,부상신고,승용,여,53세,상해없음
2015090900100787,2015년 9월 9일 23시,수요일,경상북도 포항시 북구 양덕동,경상사고,0,0,1,0,차량단독 - 공작물충돌,안전운전불이행,건조,맑음,단일로 - 기타,화물,남,32세,경상,,,,
2015090900100788,2015년 9월 9일 23시,수요일,경상북도 포항시 북구 신흥동,중상사고,0,1,1,0,차대차 - 기타,중앙선침범,건조,맑음,단일로 - 기타,이륜,남,18세,경상,승용,남,68세,상해없음
2015090900100789,2015년 9월 9일 23시,수요일,경상북도 안동시 옥동,경상사고,0,0,1,0,차대차 - 기타,불법유턴,건조,맑음,기타 - 기타,승용,남,20세,상해없음,원동기,남,18세,경상
2015090900100790,2015년 9월 9일 23시,수요일,경상북도 영천시 금호읍,경상사고,0,0,1,0,차대차 - 측면직각충돌,안전운전불이행,건조,맑음,단일로 - 기타,승용,여,53세,상해없음,승용,여,48세,경상
2015091000100041,2015년 9월 10일 02시,목요일,경상북도 경산시 대동,부상신고사고,0,0,0,1,차량단독 - 전도전복,안전운전불이행,건조,맑음,단일로 - 기타,자전거,남,19세,부상신고,,,,
2015091000100062,2015년 9월 10일 05시,목요일,경상북도 영양군 수비면,부상신고사고,0,0,0,1,차량단독 - 도로외이탈 - 추락,안전운전불이행,건조,맑음,단일로 - 기타,화물,남,56세,부상신고,,,,
2015091000100079,2015년 9월 10일 06시,목요일,경상북도 경산시 계양동,경상사고,0,0,1,0,차대차 - 기타,직진우회전진행방해,건조,맑음,교차로 - 교차로안,화물,남,50세,상해없음,이륜,남,67세,경상
2015091000100080,2015년 9월 10일 06시,목요일,경상북도 포항시 남구 효자동,경상사고,0,0,1,0,차대사람 - 횡단중,안전운전불이행,건조,맑음,교차로 - 교차로부근,승용,여,56세,상해없음,보행자,남,56세,경상
2015091000100122,2015년 9월 10일 07시,목요일,경상북도 구미시 상모동,경상사고,0,0,2,0,차대차 - 기타,안전운전불이행,건조,맑음,단일로 - 기타,승용,남,41세,경상,승용,여,33세,상해없음
2015091000100123,2015년 9월 10일 07시,목요일,경상북도 포항시 남구 해도동,경상사고,0,0,1,0,차대차 - 기타,교차로운행방법위반,건조,맑음,단일로 - 기타,승용,남,56세,상해없음,자전거,남,17세,경상
2015091000100181,2015년 9월 10일 08시,목요일,경상북도 경산시 사동,중상사고,0,1,0,0,차대차 - 기타,안전운전불이행,건조,맑음,교차로 - 교차로안,승용,남,56세,상해없음,자전거,남,12세,중상
2015091000100182,2015년 9월 10일 08시,목요일,경상북도 구미시 임수동,경상사고,0,0,2,0,차대차 - 기타,안전운전불이행,건조,맑음,단일로 - 기타,승용,남,59세,상해없음,승용,여,36세,경상
2015091000100183,2015년 9월 10일 08시,목요일,경상북도 구미시 광평동,경상사고,0,0,1,0,차대차 - 기타,안전운전불이행,건조,맑음,단일로 - 기타,승용,남,56세,상해없음,자전거,남,29세,경상
2015091000100184,2015년 9월 10일 08시,목요일,경상북도 포항시 남구 연일읍,경상사고,0,0,2,0,차대차 - 추돌 - 진행중,안전운전불이행,건조,맑음,교차로 - 교차로안,승용,여,47세,상해없음,승용,여,35세,경상
2015091000100222,2015년 9월 10일 09시,목요일,경상북도 칠곡군 동명면,경상사고,0,0,1,0,차대사람 - 기타,안전운전불이행,건조,맑음,단일로 - 기타,승용,여,51세,상해없음,보행자,남,46세,경상
2015091000100223,2015년 9월 10일 09시,목요일,경상북도 영덕군 지품면,중상사고,0,1,1,0,차대차 - 정면충돌,중앙선침범,건조,맑음,단일로 - 기타,화물,남,57세,중상,승합,남,47세,상해없음
2015091000100262,2015년 9월 10일 10시,목요일,경상북도 군위군 소보면,사망사고,1,0,0,0,차대사람 - 길가장자리구역통행중,안전운전불이행,건조,맑음,단일로 - 기타,승용,여,61세,상해없음,보행자,여,83세,사망
2015091000100299,2015년 9월 10일 11시,목요일,경상북도 상주시 복룡동,중상사고,0,1,0,0,차대차 - 측면직각충돌,교차로운행방법위반,건조,맑음,교차로 - 교차로안,승합,남,46세,상해없음,이륜,여,79세,중상
2015091000100300,2015년 9월 10일 11시,목요일,경상북도 의성군 의성읍,중상사고,0,1,0,0,차대차 - 기타,안전운전불이행,건조,맑음,단일로 - 기타,승용,남,63세,상해없음,원동기,남,69세,중상
2015091000100301,2015년 9월 10일 11시,목요일,경상북도 문경시 문경읍,중상사고,0,1,0,0,차대차 - 기타,교차로운행방법위반,건조,맑음,교차로 - 교차로안,승용,남,45세,상해없음,원동기,남,82세,중상
2015091000100302,2015년 9월 10일 11시,목요일,경상북도 예천군 예천읍,중상사고,0,1,0,0,차대사람 - 차도통행중,안전운전불이행,건조,맑음,단일로 - 기타,승용,여,49세,상해없음,보행자,여,56세,중상
2015091000100332,2015년 9월 10일 12시,목요일,경상북도 안동시 옥야동,경상사고,0,0,1,0,차대차 - 측면직각충돌,차로위반,건조,맑음,단일로 - 기타,화물,남,34세,상해없음,승용,여,65세,경상
2015091000100333,2015년 9월 10일 12시,목요일,경상북도 영주시 휴천동,경상사고,0,0,2,0,차대차 - 추돌 - 진행중,안전운전불이행,건조,맑음,교차로 - 교차로부근,승용,남,57세,상해없음,승용,여,32세,경상
2015091000100363,2015년 9월 10일 13시,목요일,경상북도 안동시 서후면,사망사고,1,0,0,0,차대차 - 기타,중앙선침범,건조,맑음,단일로 - 기타,기타불명,기타불명,기타불명,기타불명,이륜,남,79세,사망
2015091000100364,2015년 9월 10일 13시,목요일,경상북도 영주시 문수면,경상사고,0,0,1,0,차량단독 - 전도전복,안전운전불이행,건조,맑음,단일로 - 기타,승용,남,63세,경상,,,,
2015091000100365,2015년 9월 10일 13시,목요일,경상북도 구미시 원평동,중상사고,0,1,1,0,차대차 - 측면직각충돌,안전운전불이행,건조,맑음,단일로 - 기타,승합,남,51세,상해없음,자전거,남,65세,경상
2015091000100366,2015년 9월 10일 13시,목요일,경상북도 포항시 남구 대송면,중상사고,0,1,0,0,차대사람 - 횡단중,과속,건조,맑음,단일로 - 기타,승용,남,54세,상해없음,보행자,여,71세,중상
2015091000100396,2015년 9월 10일 14시,목요일,경상북도 경주시 양남면,중상사고,0,2,0,0,차대차 - 기타,중앙선침범,건조,맑음,단일로 - 기타,화물,남,43세,상해없음,승용,남,66세,상해없음
2015091000100397,2015년 9월 10일 14시,목요일,경상북도 김천시 감호동,경상사고,0,0,1,0,차대차 - 측면직각충돌,안전거리미확보,건조,맑음,단일로 - 기타,승용,여,57세,상해없음,승용,여,54세,상해없음
2015091000100398,2015년 9월 10일 14시,목요일,경상북도 경산시 진량읍,경상사고,0,0,1,0,차대사람 - 기타,안전운전불이행,건조,맑음,단일로 - 기타,승용,남,72세,상해없음,보행자,남,70세,경상