사고번호,사고일시,요일,시군구,사고내용,사망자수,중상자수,경상자수,부상신고자수,사고유형,법규위반,노면상태,기상상태,도로형태,가해운전자 차종,가해운전자 성별,가해운전자 연령,가해운전자 상해정도,피해운전자 차종,피해운전자 성별,피해운전자 연령,피해운전자 상해정도
2015091500100504,2015년 9월 15일 17시,화요일,경상북도 포항시 남구 연일읍,중상사고,0,1,1,0,차대차 - 추돌 - 진행중,안전운전불이행,건조,맑음,단일로 - 기타,승용,남,54세,상해없음,승용,남,28세,경상
2015091500100547,2015년 9월 15일 18시,화요일,경상북도 경주시 황성동,경상사고,0,0,1,0,차대차 - 기타,차로위반,건조,맑음,단일로 - 기타,승용,남,66세,상해없음,화물,남,34세,경상
2015091500100548,2015년 9월 15일 18시,화요일,경상북도 김천시 대광동,경상사고,0,0,2,0,차대차 - 측면직각충돌,안전운전불이행,건조,맑음,단일로 - 기타,승용,여,39세,경상,승용,남,36세,경상
2015091500100549,2015년 9월 15일 18시,화요일,경상북도 문경시 마성면,중상사고,0,1,0,0,차대사람 - 횡단중,안전운전불이행,건조,맑음,교차로 - 교차로안,승용,여,58세,상해없음,보행자,여,83세,중상
2015091500100550,2015년 9월 15일 18시,화요일,경상북도 경산시 중방동,부상신고사고,0,0,0,1,차대차 - 기타,교차로운행방법위반,건조,맑음,교차로 - 교차로안,승용,남,34세,상해없음,이륜,남,22세,부상신고
2015091500100597,2015년 9월 15일 19시,화요일,경상북도 영천시 북안면,중상사고,0,1,0,0,차대사람 - 길가장자리구역통행중,안전운전불이행,건조,맑음,단일로 - 기타,화물,남,43세,상해없음,보행자,남,65세,중상
2015091500100598,2015년 9월 15일 19시,화요일,경상북도 청도군 매전면,중상사고,0,1,2,1,차대차 - 추돌 - 진행중,안전운전불이행,건조,맑음,단일로 - 기타,화물,남,62세,경상,농기계,남,64세,중상
2015091500100599,2015년 9월 15일 19시,화요일,경상북도 성주군 선남면,중상사고,0,1,0,0,차대사람 - 차도통행중,안전운전불이행,건조,맑음,단일로 - 기타,화물,남,68세,기타불명,보행자,여,80세,중상
2015091500100600,2015년 9월 15일 19시,화요일,경상북도 고령군 성산면,중상사고,0,1,0,0,차대차 - 추돌 - 진행중,안전운전불이행,건조,맑음,단일로 - 교량,승용,남,48세,상해없음,농기계,남,68세,중상
2015091500100631,2015년 9월 15일 20시,화요일,경상북도 포항시 북구 흥해읍,경상사고,0,0,2,0,차대차 - 기타,안전운전불이행,건조,맑음,단일로 - 기타,승용,여,50세,경상,화물,남,58세,경상
2015091500100632,2015년 9월 15일 20시,화요일,경상북도 안동시 남문동,중상사고,0,1,0,0,차대사람 - 횡단중,안전운전불이행,건조,맑음,단일로 - 횡단보도상,승용,남,40세,상해없음,보행자,남,66세,중상
2015091500100677,2015년 9월 15일 21시,화요일,경상북도 경주시 양남면,중상사고,0,1,1,0,차대차 - 추돌 - 주정차중,안전운전불이행,건조,맑음,단일로 - 기타,화물,남,41세,중상,승용,남,54세,경상
2015091500100703,2015년 9월 15일 22시,화요일,경상북도 경주시 동천동,경상사고,0,0,1,0,차대사람 - 기타,안전운전불이행,건조,맑음,단일로 - 기타,승용,남,32세,상해없음,보행자,남,39세,경상
2015091500100704,2015년 9월 15일 22시,화요일,경상북도 경주시 동천동,중상사고,0,1,0,0,차대사람 - 기타,안전운전불이행,건조,맑음,단일로 - 기타,승용,남,43세,상해없음,보행자,남,13세,중상
2015091500100705,2015년 9월 15일 22시,화요일,경상북도 칠곡군 약목면,중상사고,0,2,0,0,차대차 - 기타,신호위반,건조,맑음,교차로 - 교차로안,승용,남,31세,상해없음,화물,남,67세,중상
2015091500100706,2015년 9월 15일 22시,화요일,경상북도 구미시 상모동,경상사고,0,0,2,0,차대차 - 기타,중앙선침범,건조,맑음,교차로 - 교차로부근,승용,남,32세,상해없음,승용,여,43세,경상
2015091500100728,2015년 9월 15일 23시,화요일,경상북도 상주시 복룡동,중상사고,0,1,0,0,차량단독 - 전도전복,안전운전불이행,건조,맑음,단일로 - 기타,원동기,남,55세,중상,,,,
2015091600100017,2015년 9월 16일 00시,수요일,경상북도 안동시 옥동,중상사고,0,1,2,0,차대차 - 기타,중앙선침범,건조,맑음,단일로 - 기타,화물,남,51세,상해없음,승용,남,18세,경상
2015091600100030,2015년 9월 16일 01시,수요일,경상북도 포항시 남구 상도동,중상사고,0,2,1,0,차대차 - 기타,신호위반,건조,맑음,교차로 - 교차로안,승용,남,33세,중상,승용,남,67세,경상
2015091600100080,2015년 9월 16일 06시,수요일,경상북도 고령군 대가야읍,경상사고,0,0,1,0,차대차 - 측면직각충돌,교차로운행방법위반,건조,맑음,교차로 - 교차로안,승용,남,50세,상해없음,화물,여,64세,경상
2015091600100081,2015년 9월 16일 06시,수요일,경상북도 포항시 남구 효자동,중상사고,0,1,1,0,차대차 - 측면직각충돌,신호위반,습기,흐림,교차로 - 교차로안,승용,남,46세,경상,승용,남,50세,중상
2015091600100152,2015년 9월 16일 08시,수요일,경상북도 구미시 비산동,경상사고,0,0,1,0,차대차 - 기타,신호위반,건조,맑음,단일로 - 기타,승용,남,50세,상해없음,자전거,남,24세,경상
2015091600100186,2015년 9월 16일 09시,수요일,경상북도 경주시 천북면,중상사고,0,1,0,0,차대차 - 기타,안전운전불이행,건조,맑음,단일로 - 기타,화물,남,52세,상해없음,자전거,남,65세,중상
2015091600100187,2015년 9월 16일 09시,수요일,경상북도 안동시 임하면,경상사고,0,0,1,0,차대차 - 기타,중앙선침범,건조,맑음,단일로 - 기타,화물,남,45세,상해없음,승용,여,63세,경상
2015091600100188,2015년 9월 16일 09시,수요일,경상북도 의성군 단북면,중상사고,0,1,2,0,차대차 - 측면직각충돌,교차로운행방법위반,건조,맑음,교차로 - 교차로안,이륜,남,73세,경상,이륜,남,82세,경상
2015091600100189,2015년 9월 16일 09시,수요일,경상북도 청도군 청도읍,경상사고,0,0,2,0,차대차 - 측면직각충돌,직진우회전진행방해,건조,맑음,교차로 - 교차로안,승용,남,46세,경상,승용,남,61세,경상
2015091600100190,2015년 9월 16일 09시,수요일,경상북도 포항시 남구 호미곶면,사망사고,1,0,0,0,차량단독 - 공작물충돌,안전운전불이행,건조,맑음,단일로 - 기타,승용,남,53세,사망,,,,
2015091600100232,2015년 9월 16일 10시,수요일,경상북도 경주시 성건동,부상신고사고,0,0,0,1,차대차 - 기타,안전운전불이행,건조,맑음,교차로 - 교차로부근,원동기,남,36세,부상신고,승용,남,65세,상해없음
2015091600100233,2015년 9월 16일 10시,수요일,경상북도 경주시 용강동,중상사고,0,1,1,0,차대차 - 기타,신호위반,건조,맑음,교차로 - 교차로안,승용,남,78세,상해없음,승용,여,36세,경상
2015091600100234,2015년 9월 16일 10시,수요일,경상북도 안동시 금곡동,경상사고,0,0,1,0,차대차 - 측면직각충돌,안전거리미확보,건조,맑음,교차로 - 교차로부근,승용,남,21세,상해없음,승합,여,42세,경상
2015091600100235,2015년 9월 16일 10시,수요일,경상북도 영주시 휴천동,중상사고,0,1,0,0,차대차 - 기타,안전운전불이행,건조,맑음,교차로 - 교차로부근,화물,남,38세,상해없음,자전거,남,48세,중상
2015091600100236,2015년 9월 16일 10시,수요일,경상북도 칠곡군 약목면,경상사고,0,0,1,0,차대차 - 측면직각충돌,직진우회전진행방해,건조,맑음,교차로 - 교차로안,승용,여,45세,상해없음,승용,남,49세,경상
2015091600100237,2015년 9월 16일 10시,수요일,경상북도 문경시 가은읍,중상사고,0,1,0,0,차대차 - 기타,중앙선침범,건조,맑음,단일로 - 기타,화물,남,65세,상해없음,승합,남,52세,상해없음
2015091600100271,2015년 9월 16일 11시,수요일,경상북도 포항시 북구 흥해읍,사망사고,1,1,0,0,차대차 - 기타,중앙선침범,건조,맑음,단일로 - 기타,이륜,남,72세,사망,특수,남,61세,상해없음
2015091600100301,2015년 9월 16일 12시,수요일,경상북도 안동시 옥동,경상사고,0,0,1,0,차대차 - 기타,신호위반,건조,맑음,단일로 - 횡단보도상,자전거,남,46세,경상,승용,여,42세,상해없음
2015091600100302,2015년 9월 16일 12시,수요일,경상북도 영덕군 영해면,중상사고,0,1,0,0,차대차 - 측면직각충돌,직진우회전진행방해,건조,맑음,교차로 - 교차로안,화물,남,71세,상해없음,원동기,남,73세,중상
2015091600100303,2015년 9월 16일 12시,수요일,경상북도 군위군 의흥면,부상신고사고,0,0,0,1,차대차 - 기타,안전운전불이행,건조,맑음,교차로 - 교차로안,이륜,남,63세,부상신고,화물,남,58세,상해없음
2015091600100330,2015년 9월 16일 13시,수요일,경상북도 포항시 북구 죽도동,중상사고,0,1,0,0,차대차 - 측면직각충돌,신호위반,건조,맑음,교차로 - 교차로안,이륜,남,31세,중상,승용,여,38세,상해없음
2015091600100433,2015년 9월 16일 16시,수요일,경상북도 경주시 강동면,경상사고,0,0,1,0,차량단독 - 기타,안전운전불이행,건조,맑음,단일로 - 기타,승용,남,52세,상해없음,,,,
2015091600100469,2015년 9월 16일 17시,수요일,경상북도 포항시 북구 두호동,경상사고,0,0,2,0,차대차 - 기타,안전운전불이행,건조,맑음,교차로 - 교차로안,승용,여,43세,상해없음,자전거,남,29세,경상
2015091600100470,2015년 9월 16일 17시,수요일,경상북도 상주시 낙양동,중상사고,0,2,0,0,차대차 - 추돌 - 주정차중,안전운전불이행,건조,맑음,교차로 - 교차로부근,이륜,남,78세,중상,승용,남,61세,중상
2015091600100471,2015년 9월 16일 17시,수요일,경상북도 의성군 의성읍,중상사고,0,1,0,0,차대차 - 추돌 - 진행중,안전거리미확보,건조,흐림,단일로 - 기타,승용,여,45세,상해없음,승용,남,66세,중상
2015091600100472,2015년 9월 16일 17시,수요일,경상북도 영주시 문수면,중상사고,0,1,0,0,차대사람 - 길가장자리구역통행중,안전운전불이행,건조,맑음,단일로 - 기타,화물,남,54세,상해없음,보행자,여,90세 이상,중상
2015091600100473,2015년 9월 16일 17시,수요일,경상북도 영천시 신령면,경상사고,0,0,2,0,차대차 - 측면직각충돌,안전운전불이행,건조,맑음,단일로 - 기타,이륜,남,74세,경상,이륜,남,63세,경상
2015091600100474,2015년 9월 16일 17시,수요일,경상북도 울진군 울진읍,중상사고,0,1,0,0,차대차 - 측면직각충돌,안전운전불이행,건조,맑음,교차로 - 교차로안,승합,여,49세,상해없음,원동기,남,57세,중상
2015091600100475,2015년 9월 16일 17시,수요일,경상북도 구미시 선기동,중상사고,0,1,1,1,차대차 - 기타,안전운전불이행,건조,맑음,단일로 - 기타,승용,남,39세,부상신고,승용,여,30세,중상
2015091600100516,2015년 9월 16일 18시,수요일,경상북도 경주시 황성동,중상사고,0,1,0,0,차대차 - 측면직각충돌,안전운전불이행,건조,맑음,단일로 - 기타,승합,남,49세,상해없음,승용,남,42세,중상
2015091600100517,2015년 9월 16일 18시,수요일,경상북도 경주시 구황동,경상사고,0,0,1,0,차대차 - 정면충돌,안전운전불이행,건조,흐림,단일로 - 기타,승용,여,33세,상해없음,자전거,남,65세,경상
2015091600100518,2015년 9월 16일 18시,수요일,경상북도 경산시 압량면,경상사고,0,0,1,0,차대차 - 기타,교차로운행방법위반,건조,맑음,교차로 - 교차로부근,승용,남,56세,상해없음,승용,여,29세,경상
2015091600100568,2015년 9월 16일 19시,수요일,경상북도 포항시 북구 죽도동,경상사고,0,0,1,0,차대차 - 기타,직진우회전진행방해,건조,맑음,교차로 - 교차로안,승용,남,47세,상해없음,승용,남,55세,경상
2015091600100569,2015년 9월 16일 19시,수요일,경상북도 구미시 고아읍,경상사고,0,0,1,1,차대차 - 기타,안전운전불이행,건조,기타,교차로 - 교차로안,승용,여,38세,부상신고,승용,남,58세,경상
2015091600100608,2015년 9월 16일 20시,수요일,경상북도 경주시 외동읍,경상사고,0,0,1,0,차대차 - 측면직각충돌,안전운전불이행,건조,맑음,단일로 - 기타,승용,남,38세,상해없음,승용,남,49세,경상
2015091600100609,2015년 9월 16일 20시,수요일,경상북도 영천시 화남면,중상사고,0,1,0,0,차대차 - 추돌 - 진행중,안전운전불이행,건조,흐림,교차로 - 교차로부근,이륜,남,59세,중상,승용,남,50세,상해없음
2015091600100610,2015년 9월 16일 20시,수요일,경상북도 구미시 고아읍,중상사고,0,1,0,0,차대차 - 기타,안전운전불이행,건조,맑음,교차로 - 교차로안,자전거,남,18세,중상,승용,남,50세,상해없음
2015091600100651,2015년 9월 16일 21시,수요일,경상북도 상주시 이안면,경상사고,0,0,1,0,차량단독 - 전도전복,안전운전불이행,건조,맑음,단일로 - 기타,승용,여,49세,경상,,,,
2015091600100701,2015년 9월 16일 22시,수요일,경상북도 포항시 북구 덕수동,경상사고,0,0,1,0,차대차 - 기타,안전운전불이행,건조,맑음,단일로 - 기타,승용,남,43세,상해없음,승용,여,42세,경상
2015091600100734,2015년 9월 16일 23시,수요일,경상북도 경주시 성동동,경상사고,0,0,1,0,차대차 - 추돌 - 진행중,안전운전불이행,습기,비,교차로 - 교차로부근,승용,남,38세,상해없음,승용,남,47세,경상
2015091600100735,2015년 9월 16일 23시,수요일,경상북도 영주시 상망동,중상사고,0,1,1,0,차대차 - 측면직각충돌,직진우회전진행방해,건조,맑음,교차로 - 교차로안,승용,남,54세,상해없음,승용,여,60세,경상
2015091700100018,2015년 9월 17일 00시,목요일,경상북도 경주시 성건동,경상사고,0,0,1,0,차대차 - 추돌 - 주정차중,안전운전불이행,습기,비,단일로 - 기타,승용,남,48세,상해없음,승용,여,51세,경상
2015091700100019,2015년 9월 17일 00시,목요일,경상북도 구미시 구평동,경상사고,0,0,4,0,차대차 - 기타,안전운전불이행,건조,흐림,교차로 - 교차로부근,승용,남,36세,상해없음,승용,여,32세,경상
2015091700100034,2015년 9월 17일 01시,목요일,경상북도 영덕군 영덕읍,중상사고,0,1,0,0,차대사람 - 차도통행중,안전운전불이행,건조,맑음,단일로 - 기타,화물,남,44세,상해없음,보행자,남,37세,중상
2015091700100045,2015년 9월 17일 02시,목요일,경상북도 경주시 진현동,부상신고사고,0,0,0,1,차량단독 - 공작물충돌,안전운전불이행,습기,비,단일로 - 기타,승용,남,31세,상해없음,,,,
2015091700100046,2015년 9월 17일 02시,목요일,경상북도 포항시 남구 대잠동,경상사고,0,0,1,0,차대차 - 추돌 - 진행중,안전운전불이행,건조,맑음,교차로 - 교차로부근,이륜,여,53세,경상,승용,남,57세,상해없음
2015091700100084,2015년 9월 17일 05시,목요일,경상북도 포항시 북구 용흥동,경상사고,0,0,1,0,차대차 - 기타,중앙선침범,건조,맑음,단일로 - 기타,승용,남,71세,상해없음,승용,남,54세,경상
2015091700100085,2015년 9월 17일 05시,목요일,경상북도 영천시 문외동,중상사고,0,1,0,0,차량단독 - 공작물충돌,안전운전불이행,건조,맑음,교차로 - 교차로안,승용,남,73세,상해없음,,,,
2015091700100131,2015년 9월 17일 07시,목요일,경상북도 칠곡군 석적읍,경상사고,0,0,1,0,차대차 - 측면직각충돌,직진우회전진행방해,건조,맑음,교차로 - 교차로안,승용,남,27세,상해없음,승용,남,45세,경상
2015091700100132,2015년 9월 17일 07시,목요일,경상북도 칠곡군 석적읍,경상사고,0,0,1,0,차대차 - 기타,안전운전불이행,습기,비,교차로 - 교차로부근,승합,여,31세,상해없음,승용,남,40세,경상
2015091700100133,2015년 9월 17일 07시,목요일,경상북도 경산시 압량면,부상신고사고,0,0,0,4,차대차 - 기타,안전거리미확보,건조,맑음,단일로 - 기타,승용,남,71세,상해없음,승용,남,56세,상해없음
2015091700100134,2015년 9월 17일 07시,목요일,경상북도 구미시 선기동,중상사고,0,1,1,0,차대차 - 기타,중앙선침범,습기,흐림,단일로 - 기타,화물,남,65세,상해없음,승용,남,55세,경상
2015091700100181,2015년 9월 17일 08시,목요일,경상북도 경주시 외동읍,중상사고,0,2,0,0,차량단독 - 기타,안전운전불이행,습기,비,단일로 - 기타,승용,여,56세,중상,,,,
2015091700100182,2015년 9월 17일 08시,목요일,경상북도 포항시 북구 용흥동,경상사고,0,0,1,0,차대차 - 기타,신호위반,습기,비,교차로 - 교차로안,승용,여,30세,상해없음,승용,여,44세,경상
2015091700100183,2015년 9월 17일 08시,목요일,경상북도 상주시 신봉동,중상사고,0,1,0,0,차대차 - 측면직각충돌,안전거리미확보,건조,맑음,단일로 - 기타,승용,남,51세,상해없음,이륜,남,78세,중상
2015091700100184,2015년 9월 17일 08시,목요일,경상북도 상주시 지천동,중상사고,0,1,1,0,차대차 - 정면충돌,중앙선침범,건조,맑음,단일로 - 기타,승용,남,61세,상해없음,화물,남,29세,경상
2015091700100185,2015년 9월 17일 08시,목요일,경상북도 칠곡군 약목면,중상사고,0,1,0,0,차대차 - 측면직각충돌,신호위반,건조,흐림,교차로 - 교차로안,화물,남,57세,상해없음,승용,여,32세,중상
2015091700100186,2015년 9월 17일 08시,목요일,경상북도 경산시 사정동,중상사고,0,1,0,0,차대차 - 기타,안전운전불이행,습기,비,단일로 - 기타,화물,남,60세,상해없음,승용,여,50세,중상
2015091700100187,2015년 9월 17일 08시,목요일,경상북도 구미시 선기동,경상사고,0,0,1,0,차대차 - 기타,중앙선침범,건조,맑음,교차로 - 교차로부근,승용,여,29세,상해없음,승용,여,46세,경상
2015091700100188,2015년 9월 17일 08시,목요일,경상북도 포항시 남구 오천읍,중상사고,0,1,1,0,차대차 - 측면직각충돌,직진우회전진행방해,습기,비,교차로 - 교차로안,승용,여,42세,경상,원동기,남,29세,중상
2015091700100265,2015년 9월 17일 10시,목요일,경상북도 경주시 외동읍,중상사고,0,1,3,0,차대차 - 기타,안전운전불이행,습기,비,교차로 - 교차로부근,화물,남,43세,상해없음,승용,남,72세,경상
2015091700100266,2015년 9월 17일 10시,목요일,경상북도 영덕군 영덕읍,중상사고,0,1,0,0,차대사람 - 횡단중,안전운전불이행,습기,비,교차로 - 교차로안,화물,남,53세,상해없음,보행자,남,72세,중상
2015091700100267,2015년 9월 17일 10시,목요일,경상북도 구미시 인의동,경상사고,0,0,1,1,차대차 - 기타,안전운전불이행,건조,맑음,교차로 - 교차로부근,승용,남,29세,상해없음,승용,남,40세,부상신고
2015091700100268,2015년 9월 17일 10시,목요일,경상북도 포항시 남구 대송면,중상사고,0,1,1,0,차대차 - 측면직각충돌,직진우회전진행방해,습기,비,교차로 - 교차로안,화물,남,34세,경상,화물,남,54세,중상
2015091700100299,2015년 9월 17일 11시,목요일,경상북도 포항시 북구 용흥동,경상사고,0,0,2,0,차대차 - 측면직각충돌,신호위반,습기,비,교차로 - 교차로안,승용,남,32세,경상,승용,남,57세,경상
2015091700100300,2015년 9월 17일 11시,목요일,경상북도 포항시 북구 덕수동,중상사고,0,1,0,0,차대차 - 기타,직진우회전진행방해,습기,비,교차로 - 교차로안,승용,남,47세,상해없음,이륜,남,22세,중상
2015091700100301,2015년 9월 17일 11시,목요일,경상북도 안동시 일직면,중상사고,0,1,1,0,차대차 - 기타,신호위반,건조,맑음,교차로 - 교차로안,승용,남,62세,상해없음,화물,남,41세,중상
2015091700100302,2015년 9월 17일 11시,목요일,경상북도 영덕군 축산면,중상사고,0,3,1,0,차량단독 - 도로외이탈 - 추락,안전운전불이행,습기,비,단일로 - 기타,승용,여,49세,경상,,,,
2015091700100303,2015년 9월 17일 11시,목요일,경상북도 울진군 후포면,경상사고,0,0,1,0,차대차 - 측면직각충돌,교차로운행방법위반,건조,맑음,교차로 - 교차로안,승용,남,73세,상해없음,승용,남,34세,경상
2015091700100304,2015년 9월 17일 11시,목요일,경상북도 구미시 선산읍,경상사고,0,0,1,0,차대사람 - 기타,안전운전불이행,건조,맑음,단일로 - 기타,승용,여,53세,상해없음,보행자,여,55세,경상
2015091700100305,2015년 9월 17일 11시,목요일,경상북도 포항시 남구 상도동,경상사고,0,0,1,0,차대차 - 추돌 - 진행중,안전운전불이행,습기,비,단일로 - 기타,승용,여,43세,상해없음,승용,남,60세,상해없음
2015091700100337,2015년 9월 17일 12시,목요일,경상북도 경주시 배반동,경상사고,0,0,2,0,차대차 - 기타,안전운전불이행,습기,비,단일로 - 기타,승용,남,56세,상해없음,승용,여,53세,경상
2015091700100338,2015년 9월 17일 12시,목요일,경상북도 청송군 현서면,경상사고,0,0,2,0,차대차 - 측면직각충돌,중앙선침범,건조,맑음,단일로 - 기타,화물,남,67세,상해없음,승용,남,61세,경상
2015091700100371,2015년 9월 17일 13시,목요일,경상북도 경주시 현곡면,경상사고,0,0,1,0,차대차 - 측면직각충돌,안전운전불이행,습기,비,단일로 - 기타,승용,남,69세,상해없음,승용,여,35세,경상
2015091700100372,2015년 9월 17일 13시,목요일,경상북도 의성군 의성읍,경상사고,0,0,2,0,차대차 - 추돌 - 주정차중,기타,건조,흐림,교차로 - 교차로안,특수,남,45세,상해없음,승용,여,50세,경상
2015091700100373,2015년 9월 17일 13시,목요일,경상북도 칠곡군 약목면,중상사고,0,1,0,0,차대사람 - 기타,안전운전불이행,건조,맑음,교차로 - 교차로부근,화물,남,51세,상해없음,보행자,남,36세,중상
2015091700100374,2015년 9월 17일 13시,목요일,경상북도 구미시 구평동,경상사고,0,0,2,0,차대차 - 측면직각충돌,안전운전불이행,건조,맑음,단일로 - 기타,건설기계,남,47세,상해없음,승용,남,46세,경상
2015091700100403,2015년 9월 17일 14시,목요일,경상북도 경주시 율동,경상사고,0,0,3,0,차대차 - 기타,신호위반,습기,비,교차로 - 교차로안,승용,여,56세,경상,화물,남,58세,경상
2015091700100434,2015년 9월 17일 15시,목요일,경상북도 예천군 예천읍,경상사고,0,0,1,0,차대차 - 추돌 - 진행중,안전운전불이행,건조,맑음,교차로 - 교차로부근,화물,남,28세,상해없음,승용,남,61세,경상
2015091700100435,2015년 9월 17일 15시,목요일,경상북도 예천군 용궁면,경상사고,0,0,2,0,차대차 - 측면직각충돌,안전운전불이행,건조,맑음,교차로 - 교차로안,건설기계,남,58세,상해없음,승용,남,19세,경상
2015091700100474,2015년 9월 17일 16시,목요일,경상북도 경주시 외동읍,경상사고,0,0,1,0,차대차 - 기타,신호위반,습기,비,교차로 - 교차로안,승합,여,43세,상해없음,승용,남,37세,경상
2015091700100475,2015년 9월 17일 16시,목요일,경상북도 포항시 북구 득량동,경상사고,0,0,1,0,차대차 - 기타,교차로운행방법위반,건조,맑음,교차로 - 교차로안,승용,여,46세,상해없음,승합,남,53세,경상
2015091700100519,2015년 9월 17일 17시,목요일,경상북도 경주시 석장동,중상사고,0,1,0,0,차대차 - 기타,안전운전불이행,습기,비,교차로 - 교차로안,승용,여,30세,상해없음,승용,여,49세,중상
2015091700100520,2015년 9월 17일 17시,목요일,경상북도 경주시 황오동,경상사고,0,0,1,0,차대사람 - 기타,안전운전불이행,습기,비,단일로 - 기타,승용,남,52세,상해없음,보행자,남,13세,경상
2015091700100521,2015년 9월 17일 17시,목요일,경상북도 문경시 모전동,중상사고,0,1,2,0,차대차 - 추돌 - 주정차중,안전운전불이행,건조,맑음,교차로 - 교차로부근,승용,남,45세,상해없음,승용,여,42세,중상
2015091700100522,2015년 9월 17일 17시,목요일,경상북도 경산시 사동,중상사고,0,1,0,0,차대차 - 기타,안전운전불이행,건조,맑음,교차로 - 교차로안,자전거,남,62세,중상,승용,남,31세,상해없음
2015091700100523,2015년 9월 17일 17시,목요일,경상북도 포항시 남구 송도동,경상사고,0,0,1,0,차대차 - 측면직각충돌,직진우회전진행방해,습기,비,교차로 - 교차로안,승용,여,18세,경상,승용,남,54세,상해없음
2015091700100524,2015년 9월 17일 17시,목요일,경상북도 포항시 남구 상도동,경상사고,0,0,4,0,차대차 - 측면직각충돌,직진우회전진행방해,건조,맑음,교차로 - 교차로안,승용,여,35세,경상,승용,여,59세,경상
2015091700100575,2015년 9월 17일 18시,목요일,경상북도 경산시 진량읍,중상사고,0,2,0,0,차대차 - 기타,중앙선침범,건조,맑음,단일로 - 기타,승용,남,32세,중상,승용,남,46세,중상
2015091700100576,2015년 9월 17일 18시,목요일,경상북도 경산시 사동,경상사고,0,0,1,0,차대차 - 추돌 - 주정차중,안전운전불이행,건조,맑음,교차로 - 교차로부근,승합,남,44세,상해없음,화물,남,47세,경상
2015091700100577,2015년 9월 17일 18시,목요일,경상북도 청도군 청도읍,중상사고,0,1,1,0,차대차 - 측면직각충돌,직진우회전진행방해,습기,비,교차로 - 교차로안,승용,남,38세,경상,승용,남,45세,중상
2015091700100578,2015년 9월 17일 18시,목요일,경상북도 포항시 남구 청림동,경상사고,0,0,2,4,차대차 - 측면직각충돌,신호위반,습기,비,교차로 - 교차로안,승용,남,30세,경상,승합,남,53세,경상
2015091700100579,2015년 9월 17일 18시,목요일,경상북도 포항시 남구 구룡포읍,중상사고,0,1,0,0,차대사람 - 횡단중,신호위반,습기,비,단일로 - 횡단보도상,승용,여,46세,상해없음,보행자,남,78세,중상
2015091700100633,2015년 9월 17일 19시,목요일,경상북도 포항시 북구 장성동,중상사고,0,1,0,0,차대사람 - 기타,보행자보호의무위반,건조,맑음,단일로 - 횡단보도상,승용,남,50세,상해없음,보행자,남,6세,중상
2015091700100634,2015년 9월 17일 19시,목요일,경상북도 영주시 문수면,중상사고,0,1,1,0,차대사람 - 길가장자리구역통행중,중앙선침범,건조,맑음,단일로 - 기타,승합,남,72세,상해없음,보행자,남,55세,중상
2015091700100635,2015년 9월 17일 19시,목요일,경상북도 경산시 대동,경상사고,0,0,1,0,차대차 - 기타,안전운전불이행,건조,맑음,단일로 - 기타,승용,남,31세,상해없음,승용,남,40세,경상
2015091700100636,2015년 9월 17일 19시,목요일,경상북도 구미시 도량동,중상사고,0,1,0,0,차대차 - 기타,안전운전불이행,건조,흐림,단일로 - 횡단보도상,승합,남,56세,상해없음,자전거,여,51세,중상
2015091700100677,2015년 9월 17일 20시,목요일,경상북도 예천군 호명면,경상사고,0,0,1,0,차대차 - 측면직각충돌,안전운전불이행,건조,맑음,단일로 - 기타,승용,남,57세,상해없음,화물,남,63세,경상
2015091700100707,2015년 9월 17일 21시,목요일,경상북도 경주시 안강읍,경상사고,0,0,1,0,차대차 - 기타,안전운전불이행,건조,맑음,교차로 - 교차로안,승용,남,53세,상해없음,화물,남,49세,경상
2015091700100708,2015년 9월 17일 21시,목요일,경상북도 칠곡군 왜관읍,경상사고,0,0,1,0,차량단독 - 공작물충돌,안전운전불이행,건조,맑음,단일로 - 기타,화물,남,44세,경상,,,,
2015091700100709,2015년 9월 17일 21시,목요일,경상북도 구미시 송정동,경상사고,0,0,3,0,차대차 - 기타,안전운전불이행,건조,맑음,교차로 - 교차로부근,승합,남,33세,상해없음,승용,남,41세,경상
2015091700100710,2015년 9월 17일 21시,목요일,경상북도 포항시 남구 효자동,중상사고,0,2,4,0,차대차 - 정면충돌,신호위반,건조,맑음,교차로 - 교차로안,승용,남,45세,상해없음,승용,여,41세,경상
2015091700100711,2015년 9월 17일 21시,목요일,경상북도 포항시 남구 대잠동,경상사고,0,0,1,0,차대사람 - 횡단중,안전운전불이행,습기,비,단일로 - 기타,승용,남,27세,상해없음,보행자,남,57세,경상
2015091700100748,2015년 9월 17일 22시,목요일,경상북도 경산시 압량면,경상사고,0,0,1,0,차대사람 - 기타,안전운전불이행,건조,맑음,단일로 - 기타,승용,남,26세,상해없음,보행자,남,19세,경상
2015091700100749,2015년 9월 17일 22시,목요일,경상북도 경산시 조영동,경상사고,0,0,1,0,차대차 - 기타,중앙선침범,건조,맑음,단일로 - 기타,승용,남,37세,상해없음,승용,여,30세,경상
2015091700100750,2015년 9월 17일 22시,목요일,경상북도 구미시 임수동,경상사고,0,0,1,0,차대차 - 기타,안전운전불이행,건조,맑음,교차로 - 교차로부근,이륜,남,28세,경상,승용,남,34세,상해없음