사고번호,사고일시,요일,시군구,사고내용,사망자수,중상자수,경상자수,부상신고자수,사고유형,법규위반,노면상태,기상상태,도로형태,가해운전자 차종,가해운전자 성별,가해운전자 연령,가해운전자 상해정도,피해운전자 차종,피해운전자 성별,피해운전자 연령,피해운전자 상해정도
2015092000100484,2015년 9월 20일 19시,일요일,경상북도 안동시 옥동,경상사고,0,0,1,0,차대사람 - 기타,안전운전불이행,건조,맑음,단일로 - 기타,승용,남,58세,상해없음,보행자,남,54세,경상
2015092000100485,2015년 9월 20일 19시,일요일,경상북도 영천시 오미동,경상사고,0,0,2,0,차대차 - 추돌 - 진행중,안전운전불이행,건조,맑음,단일로 - 기타,승용,남,46세,상해없음,승합,남,54세,경상
2015092000100554,2015년 9월 20일 21시,일요일,경상북도 포항시 남구 오천읍,중상사고,0,1,0,0,차대사람 - 기타,안전운전불이행,건조,맑음,단일로 - 기타,승용,남,58세,상해없음,보행자,남,66세,중상
2015092000100574,2015년 9월 20일 22시,일요일,경상북도 경산시 대평동,경상사고,0,0,1,0,차대차 - 기타,안전운전불이행,건조,맑음,교차로 - 교차로부근,기타불명,기타불명,기타불명,기타불명,이륜,남,17세,경상
2015092100100009,2015년 9월 21일 00시,월요일,경상북도 경주시 용강동,경상사고,0,0,2,0,차대사람 - 기타,안전운전불이행,건조,맑음,교차로 - 교차로안,원동기,여,59세,경상,보행자,여,27세,경상
2015092100100051,2015년 9월 21일 05시,월요일,경상북도 영주시 장수면,경상사고,0,0,1,0,차대차 - 추돌 - 진행중,안전운전불이행,건조,맑음,단일로 - 기타,승용,남,58세,상해없음,승용,남,24세,경상
2015092100100069,2015년 9월 21일 06시,월요일,경상북도 경산시 압량면,경상사고,0,0,2,0,차대차 - 기타,교차로운행방법위반,건조,맑음,교차로 - 교차로안,승용,남,59세,경상,화물,남,36세,경상
2015092100100092,2015년 9월 21일 07시,월요일,경상북도 경주시 안강읍,중상사고,0,1,0,0,차대차 - 측면직각충돌,신호위반,습기,안개,교차로 - 교차로안,승용,남,55세,상해없음,승용,남,30세,중상
2015092100100129,2015년 9월 21일 08시,월요일,경상북도 영천시 성내동,경상사고,0,0,2,0,차대차 - 측면직각충돌,교차로운행방법위반,건조,맑음,교차로 - 교차로안,승용,여,61세,경상,승용,남,50세,경상
2015092100100130,2015년 9월 21일 08시,월요일,경상북도 예천군 예천읍,중상사고,0,1,0,0,차대차 - 추돌 - 진행중,안전운전불이행,건조,맑음,단일로 - 기타,승용,남,48세,상해없음,원동기,남,62세,중상
2015092100100131,2015년 9월 21일 08시,월요일,경상북도 구미시 구포동,경상사고,0,0,1,0,차대차 - 기타,중앙선침범,건조,맑음,단일로 - 기타,승용,남,32세,상해없음,승용,남,43세,경상
2015092100100132,2015년 9월 21일 08시,월요일,경상북도 구미시 원평동,경상사고,0,0,1,0,차대사람 - 기타,안전운전불이행,건조,맑음,단일로 - 기타,승용,여,72세,상해없음,보행자,남,54세,경상
2015092100100133,2015년 9월 21일 08시,월요일,경상북도 포항시 남구 대도동,경상사고,0,0,1,0,차대사람 - 기타,안전운전불이행,건조,맑음,교차로 - 교차로부근,승용,남,62세,상해없음,보행자,여,60세,경상
2015092100100134,2015년 9월 21일 08시,월요일,경상북도 포항시 남구 오천읍,중상사고,0,1,1,0,차대차 - 추돌 - 진행중,안전운전불이행,건조,맑음,단일로 - 기타,건설기계,남,60세,상해없음,승용,남,37세,경상
2015092100100173,2015년 9월 21일 09시,월요일,경상북도 경주시 사정동,중상사고,0,1,0,0,차대차 - 기타,안전운전불이행,건조,맑음,교차로 - 교차로부근,승용,남,72세,상해없음,자전거,남,79세,중상
2015092100100215,2015년 9월 21일 10시,월요일,경상북도 영주시 가흥동,경상사고,0,0,1,0,차대차 - 측면직각충돌,안전운전불이행,건조,맑음,단일로 - 기타,승용,남,79세,상해없음,자전거,남,27세,경상
2015092100100216,2015년 9월 21일 10시,월요일,경상북도 문경시 흥덕동,경상사고,0,0,1,0,차대차 - 측면직각충돌,안전운전불이행,건조,맑음,단일로 - 기타,승용,남,52세,상해없음,이륜,남,27세,경상
2015092100100217,2015년 9월 21일 10시,월요일,경상북도 경산시 사동,중상사고,0,1,0,0,차대차 - 기타,교차로운행방법위반,건조,맑음,교차로 - 교차로안,승용,남,55세,상해없음,승용,여,47세,중상
2015092100100247,2015년 9월 21일 11시,월요일,경상북도 칠곡군 약목면,중상사고,0,1,0,0,차대차 - 기타,직진우회전진행방해,건조,맑음,교차로 - 교차로안,이륜,남,53세,상해없음,승용,남,67세,상해없음
2015092100100248,2015년 9월 21일 11시,월요일,경상북도 문경시 마성면,경상사고,0,0,1,0,차대차 - 기타,안전운전불이행,건조,맑음,교차로 - 교차로안,승용,남,66세,상해없음,화물,남,31세,경상
2015092100100249,2015년 9월 21일 11시,월요일,경상북도 고령군 쌍림면,경상사고,0,0,1,0,차대차 - 측면직각충돌,교차로운행방법위반,건조,맑음,교차로 - 교차로안,화물,남,56세,상해없음,원동기,남,74세,경상
2015092100100250,2015년 9월 21일 11시,월요일,경상북도 구미시 비산동,중상사고,0,1,0,0,차대차 - 기타,안전운전불이행,건조,맑음,단일로 - 기타,특수,남,53세,상해없음,승용,여,58세,상해없음
2015092100100280,2015년 9월 21일 12시,월요일,경상북도 안동시 당북동,중상사고,0,3,1,0,차대차 - 추돌 - 진행중,안전거리미확보,건조,맑음,교차로 - 교차로부근,화물,남,36세,상해없음,승용,남,31세,경상
2015092100100281,2015년 9월 21일 12시,월요일,경상북도 상주시 신봉동,경상사고,0,0,1,0,차대차 - 측면직각충돌,중앙선침범,건조,맑음,단일로 - 기타,이륜,남,54세,경상,화물,남,46세,상해없음
2015092100100282,2015년 9월 21일 12시,월요일,경상북도 구미시 산동면,부상신고사고,0,0,0,1,차대차 - 기타,안전운전불이행,건조,맑음,단일로 - 기타,이륜,남,22세,부상신고,승합,남,64세,상해없음
2015092100100316,2015년 9월 21일 13시,월요일,경상북도 문경시 흥덕동,중상사고,0,1,0,0,차대차 - 측면직각충돌,안전운전불이행,건조,맑음,단일로 - 기타,자전거,여,72세,중상,승합,남,44세,상해없음
2015092100100317,2015년 9월 21일 13시,월요일,경상북도 경산시 남산면,경상사고,0,0,1,0,차대사람 - 기타,안전운전불이행,건조,맑음,교차로 - 교차로안,화물,남,28세,상해없음,보행자,남,70세,경상
2015092100100318,2015년 9월 21일 13시,월요일,경상북도 청도군 금천면,중상사고,0,1,0,0,차대차 - 측면직각충돌,안전운전불이행,건조,맑음,단일로 - 기타,원동기,남,49세,중상,화물,남,39세,상해없음
2015092100100319,2015년 9월 21일 13시,월요일,경상북도 구미시 형곡동,경상사고,0,0,1,0,차대차 - 기타,안전운전불이행,건조,맑음,교차로 - 교차로부근,승용,여,58세,상해없음,자전거,남,28세,경상
2015092100100357,2015년 9월 21일 14시,월요일,경상북도 상주시 이안면,중상사고,0,1,0,0,차대차 - 기타,교차로운행방법위반,건조,맑음,교차로 - 교차로안,자전거,남,86세,중상,승용,남,30세,상해없음
2015092100100358,2015년 9월 21일 14시,월요일,경상북도 문경시 농암면,중상사고,0,1,0,0,차대차 - 측면직각충돌,안전운전불이행,건조,맑음,단일로 - 기타,화물,남,49세,상해없음,원동기,남,79세,중상
2015092100100359,2015년 9월 21일 14시,월요일,경상북도 경산시 자인면,중상사고,0,1,0,0,차대차 - 기타,안전운전불이행,건조,맑음,교차로 - 교차로안,승용,남,74세,상해없음,이륜,남,20세,중상
2015092100100407,2015년 9월 21일 15시,월요일,경상북도 구미시 상모동,부상신고사고,0,0,0,1,차량단독 - 기타,안전운전불이행,건조,맑음,단일로 - 기타,이륜,남,72세,부상신고,,,,
2015092100100464,2015년 9월 21일 16시,월요일,경상북도 경주시 도지동,경상사고,0,0,2,0,차대사람 - 기타,안전운전불이행,건조,맑음,단일로 - 기타,승용,여,40세,상해없음,보행자,여,36세,경상
2015092100100465,2015년 9월 21일 16시,월요일,경상북도 포항시 남구 오천읍,경상사고,0,0,1,0,차대차 - 측면직각충돌,안전운전불이행,건조,맑음,교차로 - 교차로안,승용,남,44세,상해없음,승용,남,34세,경상
2015092100100524,2015년 9월 21일 17시,월요일,경상북도 경주시 서면,중상사고,0,1,0,0,차대차 - 기타,안전운전불이행,건조,맑음,단일로 - 기타,이륜,남,75세,중상,승합,남,66세,상해없음
2015092100100525,2015년 9월 21일 17시,월요일,경상북도 포항시 북구 장성동,경상사고,0,0,3,0,차대차 - 기타,안전운전불이행,건조,맑음,단일로 - 기타,승용,남,36세,상해없음,승용,남,48세,경상
2015092100100526,2015년 9월 21일 17시,월요일,경상북도 포항시 북구 장성동,경상사고,0,0,3,0,차대차 - 기타,안전운전불이행,건조,맑음,단일로 - 기타,승용,남,51세,상해없음,승용,남,45세,경상
2015092100100527,2015년 9월 21일 17시,월요일,경상북도 김천시 성내동,경상사고,0,0,1,0,차대사람 - 횡단중,보행자보호의무위반,건조,맑음,단일로 - 기타,승용,남,67세,상해없음,보행자,남,13세,경상
2015092100100528,2015년 9월 21일 17시,월요일,경상북도 영천시 완산동,중상사고,0,1,0,0,차대차 - 측면직각충돌,안전운전불이행,건조,맑음,교차로 - 교차로안,승용,남,63세,상해없음,이륜,남,45세,중상
2015092100100578,2015년 9월 21일 18시,월요일,경상북도 포항시 북구 두호동,경상사고,0,0,1,0,차대차 - 기타,안전운전불이행,건조,맑음,단일로 - 기타,자전거,남,16세,경상,승용,여,24세,상해없음
2015092100100579,2015년 9월 21일 18시,월요일,경상북도 영천시 완산동,경상사고,0,0,1,0,차대차 - 추돌 - 진행중,안전운전불이행,건조,맑음,단일로 - 기타,승용,여,42세,상해없음,승용,여,57세,경상
2015092100100580,2015년 9월 21일 18시,월요일,경상북도 문경시 산북면,중상사고,0,1,0,0,차대차 - 측면직각충돌,안전운전불이행,건조,맑음,교차로 - 교차로안,화물,남,48세,상해없음,이륜,남,55세,중상
2015092100100581,2015년 9월 21일 18시,월요일,경상북도 경산시 대평동,중상사고,0,1,0,0,차대차 - 기타,안전운전불이행,건조,맑음,교차로 - 교차로부근,승용,남,44세,상해없음,자전거,남,67세,중상
2015092100100582,2015년 9월 21일 18시,월요일,경상북도 구미시 원평동,경상사고,0,0,1,0,차대차 - 기타,안전운전불이행,건조,맑음,교차로 - 교차로안,승용,여,48세,경상,화물,남,65세,상해없음
2015092100100630,2015년 9월 21일 19시,월요일,경상북도 의성군 금성면,중상사고,0,1,0,0,차대차 - 추돌 - 진행중,안전운전불이행,건조,맑음,단일로 - 기타,화물,남,70세,상해없음,자전거,남,44세,중상
2015092100100631,2015년 9월 21일 19시,월요일,경상북도 영주시 봉현면,중상사고,0,2,1,0,차대차 - 정면충돌,안전운전불이행,건조,맑음,교차로 - 교차로안,화물,남,61세,경상,농기계,남,70세,중상
2015092100100632,2015년 9월 21일 19시,월요일,경상북도 영덕군 강구면,경상사고,0,0,2,0,차대차 - 측면직각충돌,기타,건조,맑음,단일로 - 기타,승용,남,58세,경상,화물,남,42세,경상
2015092100100633,2015년 9월 21일 19시,월요일,경상북도 포항시 남구 연일읍,경상사고,0,0,2,0,차대차 - 기타,교차로운행방법위반,건조,맑음,교차로 - 교차로안,승용,남,28세,상해없음,승용,남,31세,경상
2015092100100696,2015년 9월 21일 21시,월요일,경상북도 경주시 충효동,경상사고,0,0,1,0,차대차 - 기타,안전운전불이행,건조,맑음,단일로 - 기타,승용,남,55세,상해없음,자전거,여,26세,경상
2015092100100697,2015년 9월 21일 21시,월요일,경상북도 경주시 현곡면,경상사고,0,0,1,0,차대차 - 측면직각충돌,안전운전불이행,건조,맑음,단일로 - 기타,승용,여,24세,상해없음,승용,남,24세,경상
2015092100100698,2015년 9월 21일 21시,월요일,경상북도 영주시 영주동,부상신고사고,0,0,0,1,차대차 - 측면직각충돌,안전운전불이행,건조,맑음,교차로 - 교차로안,원동기,남,49세,부상신고,승용,남,42세,상해없음
2015092100100699,2015년 9월 21일 21시,월요일,경상북도 울진군 평해읍,경상사고,0,0,1,0,차량단독 - 전도전복,안전운전불이행,건조,맑음,단일로 - 기타,원동기,남,46세,경상,,,,
2015092100100726,2015년 9월 21일 22시,월요일,경상북도 경주시 황성동,중상사고,0,1,1,0,차대차 - 기타,신호위반,건조,맑음,교차로 - 교차로안,원동기,남,14세,경상,승합,남,39세,상해없음
2015092100100727,2015년 9월 21일 22시,월요일,경상북도 영천시 야사동,중상사고,0,1,0,0,차대사람 - 횡단중,안전운전불이행,건조,맑음,단일로 - 기타,승용,남,44세,상해없음,보행자,남,46세,중상
2015092100100728,2015년 9월 21일 22시,월요일,경상북도 경산시 계양동,경상사고,0,0,1,0,차대차 - 기타,안전운전불이행,건조,맑음,교차로 - 교차로안,승용,여,46세,상해없음,자전거,남,18세,경상
2015092200100011,2015년 9월 22일 00시,화요일,경상북도 칠곡군 북삼읍,중상사고,0,1,2,2,차대차 - 추돌 - 주정차중,신호위반,건조,맑음,교차로 - 교차로부근,승용,남,56세,중상,승합,남,58세,부상신고
2015092200100032,2015년 9월 22일 03시,화요일,경상북도 구미시 임은동,경상사고,0,0,1,0,차대차 - 기타,안전운전불이행,건조,맑음,교차로 - 교차로안,이륜,남,17세,경상,승용,남,32세,기타불명
2015092200100050,2015년 9월 22일 05시,화요일,경상북도 포항시 남구 대잠동,경상사고,0,0,4,0,차대차 - 추돌 - 진행중,안전운전불이행,건조,맑음,단일로 - 기타,승합,남,30세,상해없음,승용,남,25세,경상
2015092200100051,2015년 9월 22일 05시,화요일,경상북도 김천시 아포읍,경상사고,0,0,1,0,차대차 - 추돌 - 주정차중,기타,건조,맑음,단일로 - 기타,화물,남,57세,상해없음,화물,남,59세,기타불명
2015092200100095,2015년 9월 22일 07시,화요일,경상북도 상주시 공검면,중상사고,0,1,0,0,차대사람 - 차도통행중,교차로운행방법위반,건조,맑음,교차로 - 교차로안,화물,남,52세,상해없음,보행자,여,83세,중상
2015092200100152,2015년 9월 22일 08시,화요일,경상북도 포항시 북구 남빈동,부상신고사고,0,0,0,1,차대차 - 기타,안전운전불이행,건조,맑음,교차로 - 교차로부근,승용,남,63세,상해없음,이륜,남,21세,부상신고
2015092200100153,2015년 9월 22일 08시,화요일,경상북도 안동시 송현동,경상사고,0,0,1,0,차대차 - 기타,안전거리미확보,건조,맑음,단일로 - 기타,승용,여,47세,상해없음,승용,남,66세,경상
2015092200100154,2015년 9월 22일 08시,화요일,경상북도 안동시 노하동,경상사고,0,0,5,0,차대차 - 추돌 - 주정차중,안전거리미확보,건조,맑음,단일로 - 기타,승용,여,33세,상해없음,승용,여,48세,경상
2015092200100155,2015년 9월 22일 08시,화요일,경상북도 영주시 휴천동,경상사고,0,0,1,0,차대차 - 측면직각충돌,안전운전불이행,건조,맑음,교차로 - 교차로안,이륜,남,57세,상해없음,승용,여,45세,상해없음
2015092200100156,2015년 9월 22일 08시,화요일,경상북도 칠곡군 석적읍,경상사고,0,0,1,1,차대차 - 측면직각충돌,직진우회전진행방해,건조,맑음,교차로 - 교차로안,승용,여,40세,부상신고,원동기,남,23세,경상
2015092200100196,2015년 9월 22일 09시,화요일,경상북도 안동시 법흥동,중상사고,0,1,0,0,차대사람 - 횡단중,안전운전불이행,건조,맑음,단일로 - 기타,화물,남,71세,상해없음,보행자,여,57세,중상
2015092200100197,2015년 9월 22일 09시,화요일,경상북도 구미시 황상동,중상사고,0,1,0,0,차대차 - 기타,교차로운행방법위반,건조,맑음,교차로 - 교차로안,승용,남,38세,상해없음,승용,여,46세,중상
2015092200100237,2015년 9월 22일 10시,화요일,경상북도 포항시 남구 효자동,경상사고,0,0,1,0,차대차 - 측면직각충돌,안전운전불이행,건조,맑음,교차로 - 교차로안,화물,남,54세,상해없음,승용,여,58세,경상
2015092200100264,2015년 9월 22일 11시,화요일,경상북도 안동시 용상동,경상사고,0,0,2,0,차대차 - 기타,안전운전불이행,건조,맑음,단일로 - 기타,승용,여,46세,상해없음,화물,남,21세,경상
2015092200100265,2015년 9월 22일 11시,화요일,경상북도 의성군 안계면,중상사고,0,1,0,0,차대차 - 측면직각충돌,신호위반,건조,맑음,교차로 - 교차로안,화물,남,76세,상해없음,이륜,남,68세,중상
2015092200100266,2015년 9월 22일 11시,화요일,경상북도 영주시 조암동,경상사고,0,0,1,0,차대차 - 추돌 - 진행중,안전운전불이행,건조,맑음,단일로 - 기타,승용,여,44세,상해없음,화물,남,80세,경상
2015092200100293,2015년 9월 22일 12시,화요일,경상북도 경주시 충효동,경상사고,0,0,1,0,차대차 - 추돌 - 주정차중,안전운전불이행,건조,맑음,교차로 - 교차로부근,화물,남,73세,경상,승용,남,42세,상해없음
2015092200100294,2015년 9월 22일 12시,화요일,경상북도 경산시 중방동,경상사고,0,0,1,0,차대차 - 측면직각충돌,안전거리미확보,건조,맑음,단일로 - 기타,승용,여,28세,상해없음,승용,남,78세,상해없음
2015092200100295,2015년 9월 22일 12시,화요일,경상북도 봉화군 봉화읍,중상사고,0,1,0,0,차대사람 - 횡단중,안전운전불이행,건조,맑음,단일로 - 기타,화물,남,55세,상해없음,보행자,남,53세,중상
2015092200100337,2015년 9월 22일 13시,화요일,경상북도 포항시 북구 학산동,경상사고,0,0,1,0,차대차 - 측면직각충돌,신호위반,건조,맑음,교차로 - 교차로안,승용,기타불명,기타불명,기타불명,이륜,남,49세,경상
2015092200100338,2015년 9월 22일 13시,화요일,경상북도 의성군 단밀면,사망사고,1,1,0,0,차대차 - 정면충돌,중앙선침범,건조,맑음,단일로 - 기타,화물,남,73세,중상,화물,남,77세,사망
2015092200100339,2015년 9월 22일 13시,화요일,경상북도 경산시 계양동,중상사고,0,1,1,0,차대차 - 기타,안전거리미확보,건조,맑음,교차로 - 교차로부근,승용,여,55세,경상,승용,남,50세,중상
2015092200100340,2015년 9월 22일 13시,화요일,경상북도 경산시 계양동,경상사고,0,0,1,0,차대차 - 기타,안전운전불이행,건조,맑음,단일로 - 기타,화물,남,44세,상해없음,화물,남,29세,경상
2015092200100378,2015년 9월 22일 14시,화요일,경상북도 의성군 금성면,경상사고,0,0,1,0,차대차 - 측면직각충돌,기타,건조,맑음,교차로 - 교차로안,화물,남,45세,상해없음,승용,남,43세,경상
2015092200100379,2015년 9월 22일 14시,화요일,경상북도 영주시 영주동,중상사고,0,1,0,0,차대차 - 측면직각충돌,안전운전불이행,건조,맑음,교차로 - 교차로부근,이륜,남,64세,중상,승용,여,55세,상해없음
2015092200100380,2015년 9월 22일 14시,화요일,경상북도 구미시 송정동,경상사고,0,0,1,1,차대차 - 기타,안전운전불이행,건조,맑음,단일로 - 기타,이륜,남,28세,부상신고,이륜,남,18세,경상
2015092200100381,2015년 9월 22일 14시,화요일,경상북도 구미시 옥계동,경상사고,0,0,2,0,차대차 - 기타,안전운전불이행,건조,맑음,교차로 - 교차로부근,승용,남,39세,상해없음,승용,남,38세,경상
2015092200100429,2015년 9월 22일 15시,화요일,경상북도 의성군 의성읍,중상사고,0,1,0,0,차대차 - 측면직각충돌,안전운전불이행,건조,맑음,교차로 - 교차로안,승용,남,50세,상해없음,자전거,남,10세,중상
2015092200100430,2015년 9월 22일 15시,화요일,경상북도 봉화군 석포면,경상사고,0,0,2,0,차대차 - 추돌 - 진행중,안전거리미확보,건조,맑음,단일로 - 기타,승용,남,38세,경상,승용,남,47세,경상
2015092200100431,2015년 9월 22일 15시,화요일,경상북도 청도군 청도읍,중상사고,0,1,0,0,차대사람 - 기타,안전운전불이행,건조,맑음,교차로 - 교차로안,화물,남,65세,상해없음,보행자,여,76세,중상
2015092200100432,2015년 9월 22일 15시,화요일,경상북도 구미시 고아읍,경상사고,0,0,2,0,차대차 - 기타,안전운전불이행,건조,맑음,기타 - 기타,승용,남,44세,경상,화물,남,38세,경상
2015092200100476,2015년 9월 22일 16시,화요일,경상북도 포항시 북구 양덕동,경상사고,0,0,1,0,차대차 - 기타,직진우회전진행방해,건조,맑음,단일로 - 기타,승용,남,44세,상해없음,승용,여,55세,경상
2015092200100477,2015년 9월 22일 16시,화요일,경상북도 영주시 영주동,중상사고,0,1,0,0,차대사람 - 기타,안전운전불이행,건조,맑음,단일로 - 기타,승용,남,57세,상해없음,보행자,여,78세,중상
2015092200100478,2015년 9월 22일 16시,화요일,경상북도 청도군 풍각면,중상사고,0,1,3,0,차대차 - 정면충돌,중앙선침범,건조,맑음,단일로 - 기타,화물,남,56세,경상,승용,남,47세,중상
2015092200100525,2015년 9월 22일 17시,화요일,경상북도 안동시 대석동,경상사고,0,0,1,0,차대사람 - 횡단중,보행자보호의무위반,건조,맑음,기타 - 기타,화물,기타불명,기타불명,기타불명,보행자,남,15세,경상
2015092200100526,2015년 9월 22일 17시,화요일,경상북도 경산시 옥곡동,중상사고,0,1,0,0,차대사람 - 기타,안전운전불이행,건조,맑음,단일로 - 기타,승용,여,45세,상해없음,보행자,남,6세,중상
2015092200100527,2015년 9월 22일 17시,화요일,경상북도 예천군 예천읍,중상사고,0,3,0,0,차대차 - 측면직각충돌,안전운전불이행,건조,맑음,교차로 - 교차로안,화물,여,35세,중상,화물,남,64세,중상
2015092200100577,2015년 9월 22일 18시,화요일,경상북도 고령군 성산면,경상사고,0,0,1,0,차대차 - 측면직각충돌,안전거리미확보,건조,맑음,단일로 - 기타,승용,남,61세,상해없음,승용,여,42세,상해없음
2015092200100578,2015년 9월 22일 18시,화요일,경상북도 포항시 남구 오천읍,중상사고,0,1,0,0,차대사람 - 횡단중,안전운전불이행,건조,맑음,단일로 - 기타,승용,남,22세,상해없음,보행자,남,48세,중상
2015092200100624,2015년 9월 22일 19시,화요일,경상북도 경주시 강동면,경상사고,0,0,1,0,차량단독 - 전도전복,안전운전불이행,건조,맑음,단일로 - 기타,승용,남,24세,경상,,,,
2015092200100625,2015년 9월 22일 19시,화요일,경상북도 영주시 가흥동,중상사고,0,1,0,0,차대사람 - 횡단중,안전운전불이행,건조,맑음,단일로 - 기타,승용,남,20세,상해없음,보행자,여,87세,중상
2015092200100626,2015년 9월 22일 19시,화요일,경상북도 예천군 예천읍,중상사고,0,1,0,0,차대차 - 측면직각충돌,안전운전불이행,건조,맑음,교차로 - 교차로안,승용,남,61세,상해없음,자전거,남,63세,중상
2015092200100627,2015년 9월 22일 19시,화요일,경상북도 포항시 남구 송도동,중상사고,0,1,0,0,차대사람 - 기타,안전운전불이행,건조,맑음,교차로 - 교차로부근,승용,남,44세,상해없음,보행자,여,49세,중상
2015092200100662,2015년 9월 22일 20시,화요일,경상북도 경주시 동천동,중상사고,0,3,0,0,차대차 - 기타,안전운전불이행,건조,맑음,교차로 - 교차로안,승용,남,58세,상해없음,승용,남,24세,중상
2015092200100663,2015년 9월 22일 20시,화요일,경상북도 영주시 조암동,경상사고,0,0,1,0,차대차 - 정면충돌,중앙선침범,건조,맑음,교차로 - 교차로안,승용,남,33세,상해없음,화물,남,69세,경상
2015092200100664,2015년 9월 22일 20시,화요일,경상북도 칠곡군 동명면,중상사고,0,1,4,0,차대차 - 측면직각충돌,안전거리미확보,건조,맑음,단일로 - 기타,승용,남,61세,중상,승용,여,48세,경상
2015092200100665,2015년 9월 22일 20시,화요일,경상북도 영천시 대창면,경상사고,0,0,1,0,차대차 - 측면직각충돌,중앙선침범,건조,맑음,단일로 - 기타,화물,남,67세,상해없음,화물,남,53세,경상
2015092200100703,2015년 9월 22일 21시,화요일,경상북도 포항시 북구 우현동,경상사고,0,0,3,0,차대차 - 기타,안전운전불이행,건조,맑음,단일로 - 기타,화물,남,48세,상해없음,승용,여,33세,경상
2015092200100704,2015년 9월 22일 21시,화요일,경상북도 포항시 북구 덕산동,경상사고,0,0,1,0,차대차 - 기타,안전운전불이행,건조,맑음,단일로 - 기타,승용,남,25세,상해없음,승용,남,64세,경상
2015092200100705,2015년 9월 22일 21시,화요일,경상북도 경산시 하양읍,경상사고,0,0,1,0,차대차 - 기타,중앙선침범,건조,맑음,단일로 - 기타,화물,남,66세,상해없음,이륜,남,17세,경상
2015092200100706,2015년 9월 22일 21시,화요일,경상북도 구미시 고아읍,경상사고,0,0,1,0,차대사람 - 기타,안전운전불이행,건조,기타,단일로 - 기타,승용,여,45세,기타불명,보행자,남,57세,경상
2015092200100735,2015년 9월 22일 22시,화요일,경상북도 경주시 외동읍,중상사고,0,1,2,0,차대차 - 추돌 - 주정차중,안전운전불이행,건조,맑음,단일로 - 기타,화물,남,72세,상해없음,승용,남,38세,경상
2015092200100736,2015년 9월 22일 22시,화요일,경상북도 포항시 남구 대잠동,경상사고,0,0,1,0,차대차 - 추돌 - 진행중,안전운전불이행,건조,맑음,교차로 - 교차로안,승용,남,62세,기타불명,승용,여,26세,경상
2015092300100011,2015년 9월 23일 00시,수요일,경상북도 안동시 일직면,중상사고,0,2,0,0,차량단독 - 도로외이탈 - 추락,안전운전불이행,건조,맑음,단일로 - 기타,화물,여,53세,중상,,,,
2015092300100038,2015년 9월 23일 02시,수요일,경상북도 구미시 황상동,경상사고,0,0,3,0,차대차 - 기타,안전운전불이행,건조,맑음,교차로 - 교차로부근,승용,남,39세,상해없음,승용,남,19세,경상
2015092300100054,2015년 9월 23일 04시,수요일,경상북도 영덕군 축산면,중상사고,0,1,1,0,차대차 - 추돌 - 진행중,안전운전불이행,건조,맑음,단일로 - 기타,건설기계,남,66세,경상,건설기계,남,38세,중상
2015092300100108,2015년 9월 23일 07시,수요일,경상북도 김천시 부곡동,중상사고,0,1,0,0,차대차 - 측면직각충돌,직진우회전진행방해,건조,맑음,교차로 - 교차로안,승용,여,40세,상해없음,자전거,여,74세,중상
2015092300100152,2015년 9월 23일 08시,수요일,경상북도 포항시 북구 흥해읍,중상사고,0,1,0,0,차대차 - 기타,직진우회전진행방해,건조,맑음,교차로 - 교차로안,승용,여,40세,상해없음,자전거,여,52세,중상
2015092300100153,2015년 9월 23일 08시,수요일,경상북도 구미시 송정동,중상사고,0,2,0,0,차대차 - 기타,중앙선침범,건조,흐림,교차로 - 교차로부근,승합,남,61세,상해없음,승용,남,35세,중상
2015092300100154,2015년 9월 23일 08시,수요일,경상북도 구미시 임은동,경상사고,0,0,1,0,차대차 - 정면충돌,안전운전불이행,건조,맑음,단일로 - 기타,자전거,남,14세,경상,승용,남,34세,상해없음
2015092300100191,2015년 9월 23일 09시,수요일,경상북도 성주군 성주읍,중상사고,0,1,0,0,차대차 - 측면직각충돌,안전운전불이행,건조,맑음,교차로 - 교차로부근,승용,남,62세,상해없음,자전거,남,81세,중상
2015092300100192,2015년 9월 23일 09시,수요일,경상북도 구미시 공단동,경상사고,0,0,1,0,차대차 - 기타,안전운전불이행,건조,맑음,교차로 - 교차로안,자전거,남,23세,경상,승용,남,23세,상해없음
2015092300100217,2015년 9월 23일 10시,수요일,경상북도 상주시 무양동,경상사고,0,0,1,0,차대사람 - 기타,안전운전불이행,건조,맑음,단일로 - 기타,승용,남,64세,상해없음,보행자,여,88세,경상
2015092300100218,2015년 9월 23일 10시,수요일,경상북도 구미시 원평동,중상사고,0,1,0,0,차대차 - 기타,기타,건조,맑음,단일로 - 기타,승용,남,57세,상해없음,이륜,남,73세,중상
2015092300100247,2015년 9월 23일 11시,수요일,경상북도 포항시 북구 죽도동,중상사고,0,1,0,0,차대사람 - 기타,중앙선침범,건조,맑음,기타 - 기타,화물,남,33세,상해없음,보행자,여,59세,중상
2015092300100248,2015년 9월 23일 11시,수요일,경상북도 포항시 북구 항구동,경상사고,0,0,1,0,차대차 - 추돌 - 진행중,안전운전불이행,건조,맑음,단일로 - 기타,승용,남,41세,상해없음,승용,기타불명,기타불명,기타불명