사고번호,사고일시,요일,시군구,사고내용,사망자수,중상자수,경상자수,부상신고자수,사고유형,법규위반,노면상태,기상상태,도로형태,가해운전자 차종,가해운전자 성별,가해운전자 연령,가해운전자 상해정도,피해운전자 차종,피해운전자 성별,피해운전자 연령,피해운전자 상해정도
2015092800100187,2015년 9월 28일 13시,월요일,경상북도 경주시 양남면,경상사고,0,0,1,0,차대차 - 추돌 - 주정차중,안전운전불이행,건조,맑음,교차로 - 교차로부근,승용,남,33세,상해없음,승용,남,43세,경상
2015092800100188,2015년 9월 28일 13시,월요일,경상북도 안동시 풍산읍,경상사고,0,0,3,0,차대차 - 기타,중앙선침범,건조,맑음,단일로 - 기타,승합,남,66세,상해없음,승용,남,33세,경상
2015092800100189,2015년 9월 28일 13시,월요일,경상북도 영주시 가흥동,경상사고,0,0,1,0,차대차 - 측면직각충돌,안전운전불이행,건조,맑음,단일로 - 기타,자전거,남,13세,경상,승용,남,44세,상해없음
2015092800100210,2015년 9월 28일 14시,월요일,경상북도 영덕군 영덕읍,중상사고,0,1,0,0,차대사람 - 기타,안전운전불이행,건조,맑음,단일로 - 기타,승용,남,46세,상해없음,보행자,남,64세,중상
2015092800100211,2015년 9월 28일 14시,월요일,경상북도 청도군 각북면,중상사고,0,3,1,1,차대차 - 정면충돌,중앙선침범,건조,맑음,단일로 - 기타,승용,여,65세,중상,승용,남,69세,중상
2015092800100244,2015년 9월 28일 15시,월요일,경상북도 김천시 다수동,중상사고,0,1,1,0,차대차 - 측면직각충돌,안전운전불이행,건조,맑음,단일로 - 기타,승용,남,40세,상해없음,이륜,남,84세,경상
2015092800100245,2015년 9월 28일 15시,월요일,경상북도 포항시 남구 해도동,부상신고사고,0,0,0,1,차대차 - 측면직각충돌,안전운전불이행,건조,맑음,교차로 - 교차로안,승용,남,63세,상해없음,원동기,남,57세,부상신고
2015092800100272,2015년 9월 28일 16시,월요일,경상북도 구미시 선산읍,경상사고,0,0,1,0,차대차 - 기타,신호위반,건조,맑음,교차로 - 교차로안,승합,남,65세,상해없음,승용,여,22세,경상
2015092800100308,2015년 9월 28일 17시,월요일,경상북도 김천시 아포읍,경상사고,0,0,1,0,차대차 - 측면직각충돌,안전운전불이행,건조,맑음,교차로 - 교차로안,승용,남,43세,상해없음,승용,여,45세,경상
2015092800100334,2015년 9월 28일 18시,월요일,경상북도 포항시 북구 득량동,경상사고,0,0,3,0,차대차 - 기타,직진우회전진행방해,건조,맑음,교차로 - 교차로안,승용,남,62세,상해없음,승용,남,58세,경상
2015092800100335,2015년 9월 28일 18시,월요일,경상북도 포항시 북구 대흥동,경상사고,0,0,1,0,차대차 - 측면직각충돌,차로위반,건조,맑음,단일로 - 기타,승용,여,60세,상해없음,승용,남,42세,경상
2015092800100336,2015년 9월 28일 18시,월요일,경상북도 영주시 가흥동,경상사고,0,0,1,0,차대차 - 측면직각충돌,안전운전불이행,건조,맑음,단일로 - 기타,승용,남,50세,상해없음,자전거,남,11세,경상
2015092800100337,2015년 9월 28일 18시,월요일,경상북도 칠곡군 기산면,경상사고,0,0,5,0,차대차 - 기타,안전운전불이행,건조,맑음,단일로 - 기타,화물,남,36세,상해없음,승용,남,42세,경상
2015092800100338,2015년 9월 28일 18시,월요일,경상북도 군위군 효령면,경상사고,0,0,1,0,차대차 - 추돌 - 주정차중,안전운전불이행,건조,맑음,교차로 - 교차로안,승용,남,71세,상해없음,승용,남,33세,경상
2015092800100367,2015년 9월 28일 19시,월요일,경상북도 포항시 북구 흥해읍,경상사고,0,0,1,0,차대차 - 기타,교차로운행방법위반,건조,맑음,교차로 - 교차로안,승용,여,60세,상해없음,승용,남,36세,경상
2015092800100368,2015년 9월 28일 19시,월요일,경상북도 포항시 북구 두호동,경상사고,0,0,2,0,차대차 - 기타,차로위반,건조,맑음,단일로 - 기타,승용,여,65세,상해없음,승용,남,39세,경상
2015092800100369,2015년 9월 28일 19시,월요일,경상북도 김천시 덕곡동,경상사고,0,0,1,0,차대차 - 측면직각충돌,신호위반,건조,맑음,교차로 - 교차로안,화물,남,57세,상해없음,승용,남,27세,경상
2015092800100370,2015년 9월 28일 19시,월요일,경상북도 경산시 남산면,경상사고,0,0,1,0,차량단독 - 기타,안전운전불이행,건조,맑음,단일로 - 기타,승용,여,45세,경상,,,,
2015092800100371,2015년 9월 28일 19시,월요일,경상북도 구미시 원평동,경상사고,0,0,2,0,차대차 - 기타,보행자보호의무위반,건조,기타,단일로 - 기타,승용,남,57세,상해없음,승용,남,35세,경상
2015092800100372,2015년 9월 28일 19시,월요일,경상북도 포항시 남구 구룡포읍,경상사고,0,0,3,0,차대차 - 측면직각충돌,직진우회전진행방해,건조,맑음,교차로 - 교차로안,승용,남,59세,경상,승용,남,44세,경상
2015092800100432,2015년 9월 28일 21시,월요일,경상북도 포항시 북구 용흥동,경상사고,0,0,4,0,차대차 - 기타,안전운전불이행,건조,맑음,단일로 - 기타,승용,남,62세,경상,승용,남,44세,경상
2015092800100433,2015년 9월 28일 21시,월요일,경상북도 구미시 진평동,부상신고사고,0,0,0,1,차대차 - 기타,안전운전불이행,건조,맑음,단일로 - 기타,이륜,남,19세,부상신고,승용,남,19세,상해없음
2015092800100461,2015년 9월 28일 22시,월요일,경상북도 경산시 진량읍,중상사고,0,1,0,0,차대차 - 기타,신호위반,건조,맑음,교차로 - 교차로안,이륜,남,18세,중상,승용,남,26세,상해없음
2015092800100488,2015년 9월 28일 23시,월요일,경상북도 영주시 가흥동,경상사고,0,0,1,0,차대차 - 측면직각충돌,신호위반,건조,맑음,교차로 - 교차로안,화물,여,49세,상해없음,화물,남,46세,상해없음
2015092900100015,2015년 9월 29일 00시,화요일,경상북도 울진군 후포면,경상사고,0,0,1,0,차량단독 - 공작물충돌,안전운전불이행,건조,맑음,단일로 - 기타,승용,남,18세,상해없음,,,,
2015092900100027,2015년 9월 29일 01시,화요일,경상북도 포항시 북구 두호동,중상사고,0,1,0,0,차대사람 - 기타,안전운전불이행,건조,맑음,단일로 - 기타,승용,남,63세,상해없음,보행자,남,52세,중상
2015092900100054,2015년 9월 29일 03시,화요일,경상북도 포항시 북구 죽도동,경상사고,0,0,3,0,차대차 - 추돌 - 주정차중,안전운전불이행,건조,맑음,단일로 - 기타,승용,남,41세,상해없음,승용,남,71세,경상
2015092900100055,2015년 9월 29일 03시,화요일,경상북도 포항시 북구 청하면,부상신고사고,0,0,0,1,차량단독 - 공작물충돌,안전운전불이행,건조,맑음,단일로 - 기타,승용,여,42세,부상신고,,,,
2015092900100103,2015년 9월 29일 08시,화요일,경상북도 포항시 북구 흥해읍,중상사고,0,1,0,0,차량단독 - 기타,안전운전불이행,건조,맑음,단일로 - 기타,승합,남,55세,상해없음,,,,
2015092900100104,2015년 9월 29일 08시,화요일,경상북도 구미시 시미동,경상사고,0,0,1,0,차대차 - 추돌 - 주정차중,안전운전불이행,건조,맑음,단일로 - 기타,승용,남,24세,상해없음,승용,남,26세,경상
2015092900100117,2015년 9월 29일 09시,화요일,경상북도 영천시 북안면,중상사고,0,1,2,0,차대차 - 추돌 - 주정차중,안전운전불이행,건조,맑음,단일로 - 기타,승용,남,34세,상해없음,승용,남,50세,경상
2015092900100156,2015년 9월 29일 11시,화요일,경상북도 경주시 외동읍,중상사고,0,1,0,0,차대사람 - 횡단중,보행자보호의무위반,건조,맑음,교차로 - 교차로안,화물,남,75세,상해없음,보행자,여,73세,중상
2015092900100157,2015년 9월 29일 11시,화요일,경상북도 경주시 마동,중상사고,0,2,2,0,차대차 - 기타,안전운전불이행,건조,맑음,교차로 - 교차로안,승용,남,28세,상해없음,승용,남,41세,경상
2015092900100158,2015년 9월 29일 11시,화요일,경상북도 김천시 감문면,사망사고,1,0,0,0,차량단독 - 도로외이탈 - 추락,안전운전불이행,건조,맑음,단일로 - 기타,이륜,남,80세,사망,,,,
2015092900100159,2015년 9월 29일 11시,화요일,경상북도 영주시 가흥동,경상사고,0,0,1,0,차대차 - 측면직각충돌,안전운전불이행,건조,맑음,교차로 - 교차로안,승용,남,56세,상해없음,자전거,남,73세,경상
2015092900100160,2015년 9월 29일 11시,화요일,경상북도 영천시 북안면,경상사고,0,0,1,0,차대차 - 측면직각충돌,교차로운행방법위반,건조,맑음,단일로 - 기타,농기계,남,76세,경상,화물,남,71세,상해없음
2015092900100161,2015년 9월 29일 11시,화요일,경상북도 경산시 정평동,중상사고,0,1,1,0,차대차 - 측면직각충돌,신호위반,건조,맑음,교차로 - 교차로안,승용,여,66세,경상,승용,남,52세,중상
2015092900100162,2015년 9월 29일 11시,화요일,경상북도 구미시 형곡동,중상사고,0,1,0,0,차대차 - 측면직각충돌,안전운전불이행,건조,맑음,교차로 - 교차로안,승용,남,61세,상해없음,자전거,남,12세,중상
2015092900100219,2015년 9월 29일 13시,화요일,경상북도 포항시 북구 우현동,부상신고사고,0,0,0,1,차대차 - 기타,신호위반,건조,맑음,교차로 - 교차로안,이륜,남,20세,상해없음,승용,남,33세,상해없음
2015092900100220,2015년 9월 29일 13시,화요일,경상북도 영주시 풍기읍,경상사고,0,0,4,0,차대차 - 측면직각충돌,안전운전불이행,건조,맑음,교차로 - 교차로안,승용,여,48세,기타불명,승용,남,64세,경상
2015092900100252,2015년 9월 29일 14시,화요일,경상북도 문경시 영신동,경상사고,0,0,1,0,차대차 - 측면직각충돌,안전운전불이행,건조,맑음,단일로 - 기타,기타불명,기타불명,20세,기타불명,자전거,남,49세,경상
2015092900100253,2015년 9월 29일 14시,화요일,경상북도 영주시 장수면,중상사고,0,2,0,0,차대차 - 측면직각충돌,안전운전불이행,건조,맑음,교차로 - 교차로안,승합,남,54세,상해없음,화물,남,61세,중상
2015092900100254,2015년 9월 29일 14시,화요일,경상북도 칠곡군 북삼읍,경상사고,0,0,5,0,차대차 - 측면직각충돌,직진우회전진행방해,건조,맑음,교차로 - 교차로안,승용,남,42세,상해없음,승합,남,41세,경상
2015092900100255,2015년 9월 29일 14시,화요일,경상북도 영천시 금호읍,중상사고,0,1,0,0,차대차 - 측면직각충돌,안전운전불이행,건조,맑음,단일로 - 기타,승합,남,71세,상해없음,이륜,남,69세,중상
2015092900100256,2015년 9월 29일 14시,화요일,경상북도 포항시 남구 효자동,경상사고,0,0,1,0,차대차 - 추돌 - 진행중,안전운전불이행,건조,맑음,단일로 - 기타,승용,남,47세,상해없음,승용,남,42세,상해없음
2015092900100294,2015년 9월 29일 15시,화요일,경상북도 구미시 임은동,경상사고,0,0,1,1,차대차 - 추돌 - 주정차중,안전거리미확보,건조,맑음,단일로 - 기타,승용,남,43세,상해없음,승용,남,34세,상해없음
2015092900100328,2015년 9월 29일 16시,화요일,경상북도 고령군 쌍림면,중상사고,0,3,0,0,차대차 - 측면직각충돌,중앙선침범,건조,맑음,단일로 - 기타,승용,여,59세,상해없음,승용,여,41세,중상
2015092900100354,2015년 9월 29일 17시,화요일,경상북도 구미시 광평동,중상사고,0,1,0,0,차대차 - 기타,안전운전불이행,건조,맑음,교차로 - 교차로부근,승용,남,52세,상해없음,이륜,남,52세,중상
2015092900100355,2015년 9월 29일 17시,화요일,경상북도 포항시 남구 대도동,경상사고,0,0,1,0,차대차 - 측면직각충돌,안전운전불이행,건조,맑음,교차로 - 교차로안,승용,여,36세,상해없음,승용,여,29세,경상
2015092900100390,2015년 9월 29일 18시,화요일,경상북도 상주시 남성동,중상사고,0,1,0,0,차대차 - 측면직각충돌,안전운전불이행,건조,맑음,교차로 - 교차로안,승용,남,48세,상해없음,원동기,남,22세,중상
2015092900100391,2015년 9월 29일 18시,화요일,경상북도 영주시 가흥동,중상사고,0,1,0,0,차대차 - 측면직각충돌,안전운전불이행,건조,맑음,단일로 - 기타,승용,여,35세,상해없음,자전거,남,30세,중상
2015092900100392,2015년 9월 29일 18시,화요일,경상북도 구미시 신평동,경상사고,0,0,2,0,차대차 - 기타,안전운전불이행,건조,맑음,교차로 - 교차로안,승용,여,55세,상해없음,승용,남,65세,경상
2015092900100393,2015년 9월 29일 18시,화요일,경상북도 상주시 사벌면,중상사고,0,1,0,0,차대차 - 기타,안전운전불이행,건조,맑음,단일로 - 기타,승용,여,22세,상해없음,승용,남,33세,중상
2015092900100437,2015년 9월 29일 19시,화요일,경상북도 포항시 북구 양덕동,경상사고,0,0,1,0,차대차 - 측면직각충돌,중앙선침범,건조,맑음,단일로 - 기타,승용,남,72세,상해없음,이륜,남,19세,경상
2015092900100438,2015년 9월 29일 19시,화요일,경상북도 칠곡군 동명면,경상사고,0,0,3,0,차대차 - 측면직각충돌,안전운전불이행,건조,맑음,단일로 - 기타,승용,여,51세,경상,승용,남,60세,경상
2015092900100463,2015년 9월 29일 20시,화요일,경상북도 경산시 정평동,경상사고,0,0,1,0,차대차 - 기타,안전운전불이행,건조,맑음,단일로 - 기타,특수,남,26세,상해없음,승용,남,57세,경상
2015092900100464,2015년 9월 29일 20시,화요일,경상북도 경산시 중방동,경상사고,0,0,1,0,차대차 - 추돌 - 주정차중,안전운전불이행,건조,맑음,교차로 - 교차로부근,이륜,남,46세,경상,승용,남,28세,기타불명
2015092900100494,2015년 9월 29일 21시,화요일,경상북도 경주시 동천동,경상사고,0,0,1,0,차대차 - 측면직각충돌,신호위반,건조,맑음,교차로 - 교차로안,승용,남,51세,상해없음,화물,남,54세,경상
2015092900100495,2015년 9월 29일 21시,화요일,경상북도 김천시 부곡동,중상사고,0,1,0,0,차대차 - 측면직각충돌,안전운전불이행,건조,맑음,단일로 - 횡단보도부근,이륜,남,21세,상해없음,자전거,남,66세,중상
2015092900100533,2015년 9월 29일 22시,화요일,경상북도 구미시 원평동,중상사고,0,1,0,0,차대차 - 기타,교차로운행방법위반,건조,맑음,교차로 - 교차로안,승용,남,23세,상해없음,이륜,남,18세,중상
2015093000100050,2015년 9월 30일 04시,수요일,경상북도 포항시 남구 오천읍,경상사고,0,0,3,0,차대차 - 추돌 - 진행중,직진우회전진행방해,건조,맑음,교차로 - 교차로안,승용,남,43세,상해없음,승용,남,49세,상해없음
2015093000100073,2015년 9월 30일 06시,수요일,경상북도 구미시 봉곡동,경상사고,0,0,1,2,차대차 - 기타,직진우회전진행방해,건조,맑음,교차로 - 교차로안,이륜,남,16세,부상신고,승용,남,24세,경상
2015093000100096,2015년 9월 30일 07시,수요일,경상북도 포항시 북구 죽도동,경상사고,0,0,1,0,차대사람 - 길가장자리구역통행중,안전운전불이행,건조,맑음,교차로 - 교차로부근,화물,남,71세,상해없음,보행자,남,32세,경상
2015093000100097,2015년 9월 30일 07시,수요일,경상북도 김천시 대광동,경상사고,0,0,1,0,차대사람 - 차도통행중,안전운전불이행,건조,맑음,단일로 - 기타,화물,남,59세,상해없음,보행자,여,74세,경상
2015093000100098,2015년 9월 30일 07시,수요일,경상북도 상주시 함창읍,경상사고,0,0,1,0,차량단독 - 공작물충돌,안전운전불이행,건조,맑음,단일로 - 기타,화물,남,36세,경상,,,,
2015093000100139,2015년 9월 30일 08시,수요일,경상북도 영천시 북안면,중상사고,0,3,0,0,차대차 - 정면충돌,안전운전불이행,건조,맑음,단일로 - 기타,화물,남,49세,중상,승용,남,70세,중상
2015093000100140,2015년 9월 30일 08시,수요일,경상북도 봉화군 봉화읍,부상신고사고,0,0,0,1,차대차 - 측면직각충돌,안전운전불이행,건조,맑음,단일로 - 기타,자전거,남,67세,부상신고,승합,남,57세,상해없음
2015093000100141,2015년 9월 30일 08시,수요일,경상북도 고령군 대가야읍,경상사고,0,0,1,0,차대차 - 측면직각충돌,안전운전불이행,건조,맑음,교차로 - 교차로안,승용,여,29세,상해없음,자전거,남,64세,경상
2015093000100142,2015년 9월 30일 08시,수요일,경상북도 포항시 남구 연일읍,중상사고,0,1,1,0,차대차 - 추돌 - 진행중,교차로운행방법위반,건조,맑음,교차로 - 교차로안,승용,남,29세,중상,승용,남,64세,경상
2015093000100181,2015년 9월 30일 09시,수요일,경상북도 경주시 성건동,중상사고,0,1,0,0,차대차 - 기타,안전운전불이행,건조,맑음,교차로 - 교차로안,승용,남,57세,상해없음,자전거,남,81세,중상
2015093000100182,2015년 9월 30일 09시,수요일,경상북도 영주시 조암동,경상사고,0,0,1,0,차대차 - 측면직각충돌,안전운전불이행,건조,맑음,단일로 - 기타,건설기계,남,42세,상해없음,승용,남,58세,경상
2015093000100183,2015년 9월 30일 09시,수요일,경상북도 성주군 초전면,경상사고,0,0,2,0,차대차 - 측면직각충돌,기타,건조,맑음,기타 - 기타,승용,남,61세,상해없음,승용,남,51세,경상
2015093000100216,2015년 9월 30일 10시,수요일,경상북도 경주시 성건동,경상사고,0,0,1,0,차대사람 - 횡단중,보행자보호의무위반,건조,맑음,교차로 - 교차로부근,승용,여,36세,상해없음,보행자,남,46세,경상
2015093000100245,2015년 9월 30일 11시,수요일,경상북도 구미시 진평동,경상사고,0,0,1,1,차대차 - 기타,교차로운행방법위반,건조,맑음,교차로 - 교차로안,승용,여,59세,부상신고,승용,남,24세,상해없음
2015093000100308,2015년 9월 30일 13시,수요일,경상북도 고령군 다산면,경상사고,0,0,1,0,차대차 - 정면충돌,안전운전불이행,건조,맑음,단일로 - 기타,원동기,남,33세,경상,승용,여,34세,상해없음
2015093000100309,2015년 9월 30일 13시,수요일,경상북도 포항시 남구 오천읍,중상사고,0,1,1,0,차대차 - 추돌 - 진행중,안전운전불이행,건조,맑음,단일로 - 기타,승용,여,52세,상해없음,이륜,남,69세,경상
2015093000100347,2015년 9월 30일 14시,수요일,경상북도 경주시 안강읍,중상사고,0,1,1,0,차대차 - 추돌 - 진행중,안전운전불이행,건조,맑음,단일로 - 기타,승용,남,64세,상해없음,승용,여,52세,중상
2015093000100348,2015년 9월 30일 14시,수요일,경상북도 경산시 중방동,중상사고,0,1,0,0,차대사람 - 기타,안전운전불이행,건조,맑음,단일로 - 기타,승용,남,48세,상해없음,보행자,여,86세,중상
2015093000100389,2015년 9월 30일 15시,수요일,경상북도 구미시 구평동,경상사고,0,0,1,0,차대차 - 기타,안전운전불이행,건조,맑음,기타 - 기타,승용,여,23세,상해없음,자전거,남,11세,경상
2015093000100417,2015년 9월 30일 16시,수요일,경상북도 경주시 성건동,경상사고,0,0,1,0,차대차 - 기타,안전운전불이행,건조,맑음,단일로 - 기타,자전거,남,79세,경상,승용,남,46세,상해없음
2015093000100418,2015년 9월 30일 16시,수요일,경상북도 김천시 어모면,중상사고,0,1,0,0,차량단독 - 도로외이탈 - 추락,기타,건조,맑음,단일로 - 기타,이륜,남,75세,중상,,,,
2015093000100419,2015년 9월 30일 16시,수요일,경상북도 영주시 영주동,중상사고,0,1,0,0,차대차 - 측면직각충돌,안전운전불이행,건조,맑음,교차로 - 교차로안,승용,남,59세,상해없음,자전거,여,34세,중상
2015093000100420,2015년 9월 30일 16시,수요일,경상북도 경산시 하양읍,부상신고사고,0,0,0,1,차대차 - 기타,교차로운행방법위반,건조,맑음,교차로 - 교차로안,자전거,남,14세,부상신고,화물,남,29세,상해없음
2015093000100421,2015년 9월 30일 16시,수요일,경상북도 포항시 남구 송도동,경상사고,0,0,2,0,차대차 - 추돌 - 진행중,안전거리미확보,건조,맑음,교차로 - 교차로부근,승용,남,41세,상해없음,승합,남,65세,경상
2015093000100458,2015년 9월 30일 17시,수요일,경상북도 경주시 천군동,중상사고,0,1,0,0,차대차 - 측면직각충돌,안전운전불이행,건조,맑음,단일로 - 기타,승용,남,47세,상해없음,화물,남,57세,중상
2015093000100459,2015년 9월 30일 17시,수요일,경상북도 포항시 북구 흥해읍,경상사고,0,0,1,0,차대사람 - 기타,안전운전불이행,건조,맑음,단일로 - 기타,승용,남,61세,상해없음,보행자,남,7세,경상
2015093000100460,2015년 9월 30일 17시,수요일,경상북도 칠곡군 가산면,중상사고,0,1,1,1,차대차 - 측면직각충돌,안전운전불이행,건조,맑음,교차로 - 교차로안,승용,여,20세,부상신고,이륜,남,33세,중상
2015093000100509,2015년 9월 30일 18시,수요일,경상북도 경주시 현곡면,중상사고,0,1,0,0,차량단독 - 공작물충돌,안전운전불이행,건조,맑음,단일로 - 기타,승용,여,50세,중상,,,,
2015093000100510,2015년 9월 30일 18시,수요일,경상북도 경주시 외동읍,중상사고,0,2,3,0,차대차 - 추돌 - 주정차중,안전운전불이행,건조,맑음,단일로 - 기타,승용,남,25세,상해없음,승용,여,25세,중상
2015093000100511,2015년 9월 30일 18시,수요일,경상북도 상주시 냉림동,중상사고,0,1,0,0,차대사람 - 횡단중,안전운전불이행,건조,맑음,교차로 - 교차로안,승용,여,61세,상해없음,보행자,남,51세,중상
2015093000100512,2015년 9월 30일 18시,수요일,경상북도 포항시 남구 연일읍,부상신고사고,0,0,0,1,차대차 - 추돌 - 주정차중,안전운전불이행,건조,맑음,교차로 - 교차로부근,승용,남,42세,상해없음,승용,남,38세,부상신고
2015093000100588,2015년 9월 30일 20시,수요일,경상북도 포항시 북구 우현동,부상신고사고,0,0,0,1,차대차 - 정면충돌,안전운전불이행,건조,맑음,단일로 - 기타,원동기,여,36세,부상신고,자전거,여,45세,상해없음
2015093000100589,2015년 9월 30일 20시,수요일,경상북도 고령군 대가야읍,중상사고,0,1,0,0,차대사람 - 길가장자리구역통행중,안전운전불이행,건조,맑음,단일로 - 기타,승용,남,53세,상해없음,보행자,여,66세,중상
2015093000100615,2015년 9월 30일 21시,수요일,경상북도 김천시 부곡동,경상사고,0,0,1,0,차대차 - 측면직각충돌,안전운전불이행,건조,맑음,단일로 - 기타,승용,남,42세,상해없음,승용,남,61세,상해없음
2015093000100616,2015년 9월 30일 21시,수요일,경상북도 경산시 압량면,사망사고,1,0,1,1,차대차 - 추돌 - 진행중,과속,건조,맑음,단일로 - 기타,화물,남,20세,경상,농기계,남,56세,사망
2015093000100644,2015년 9월 30일 22시,수요일,경상북도 영천시 도동,경상사고,0,0,1,0,차대차 - 추돌 - 진행중,안전운전불이행,건조,맑음,단일로 - 기타,승용,남,43세,상해없음,승용,남,50세,경상
2015093000100670,2015년 9월 30일 23시,수요일,경상북도 포항시 북구 죽도동,경상사고,0,0,1,0,차대사람 - 기타,안전운전불이행,건조,맑음,단일로 - 기타,승용,기타불명,기타불명,기타불명,보행자,남,36세,경상
2015093000100671,2015년 9월 30일 23시,수요일,경상북도 안동시 송천동,경상사고,0,0,1,0,차대사람 - 차도통행중,안전운전불이행,건조,맑음,단일로 - 기타,승용,남,57세,상해없음,보행자,남,61세,경상
2015093000100672,2015년 9월 30일 23시,수요일,경상북도 안동시 평화동,경상사고,0,0,3,0,차대차 - 추돌 - 진행중,안전거리미확보,건조,맑음,교차로 - 교차로부근,승용,남,43세,상해없음,승용,여,47세,경상
2015093000100673,2015년 9월 30일 23시,수요일,경상북도 울진군 북면,중상사고,0,1,0,0,차량단독 - 공작물충돌,안전운전불이행,건조,맑음,단일로 - 기타,승용,남,35세,중상,,,,
2015100100100061,2015년 10월 1일 02시,목요일,경상북도 구미시 비산동,경상사고,0,0,1,0,차량단독 - 공작물충돌,안전운전불이행,습기,비,단일로 - 기타,화물,남,23세,경상,,,,
2015100100100097,2015년 10월 1일 05시,목요일,경상북도 칠곡군 왜관읍,경상사고,0,0,2,0,차대차 - 추돌 - 주정차중,안전거리미확보,습기,비,교차로 - 교차로부근,승용,남,48세,상해없음,승용,남,32세,경상
2015100100100111,2015년 10월 1일 06시,목요일,경상북도 안동시 송현동,중상사고,0,1,1,0,차대차 - 정면충돌,중앙선침범,습기,비,단일로 - 기타,승합,남,69세,상해없음,승용,남,47세,경상
2015100100100133,2015년 10월 1일 07시,목요일,경상북도 포항시 남구 송도동,경상사고,0,0,1,0,차대차 - 추돌 - 진행중,안전운전불이행,습기,비,단일로 - 기타,자전거,여,68세,경상,승용,여,65세,상해없음
2015100100100166,2015년 10월 1일 08시,목요일,경상북도 의성군 의성읍,중상사고,0,1,1,0,차대차 - 정면충돌,중앙선침범,습기,비,단일로 - 기타,승용,여,50세,중상,화물,남,24세,경상
2015100100100167,2015년 10월 1일 08시,목요일,경상북도 칠곡군 왜관읍,경상사고,0,0,1,0,차대차 - 측면직각충돌,신호위반,습기,비,교차로 - 교차로안,승용,여,54세,경상,승합,남,35세,상해없음
2015100100100168,2015년 10월 1일 08시,목요일,경상북도 구미시 구평동,경상사고,0,0,1,0,차대차 - 기타,교차로운행방법위반,습기,비,교차로 - 교차로안,화물,남,51세,상해없음,승용,여,47세,경상
2015100100100169,2015년 10월 1일 08시,목요일,경상북도 구미시 형곡동,경상사고,0,0,1,1,차대차 - 기타,교차로운행방법위반,습기,비,교차로 - 교차로안,승용,여,33세,부상신고,화물,남,31세,경상
2015100100100170,2015년 10월 1일 08시,목요일,경상북도 포항시 남구 상도동,경상사고,0,0,1,0,차대차 - 측면직각충돌,안전운전불이행,습기,비,교차로 - 교차로부근,승용,여,33세,상해없음,화물,남,63세,경상
2015100100100210,2015년 10월 1일 09시,목요일,경상북도 포항시 북구 죽도동,중상사고,0,1,0,0,차대차 - 기타,직진우회전진행방해,습기,비,교차로 - 교차로안,승용,남,60세,상해없음,자전거,남,63세,중상
2015100100100211,2015년 10월 1일 09시,목요일,경상북도 포항시 남구 효자동,경상사고,0,0,1,0,차대차 - 추돌 - 진행중,안전운전불이행,습기,비,교차로 - 교차로부근,승용,남,66세,상해없음,승용,남,58세,경상
2015100100100235,2015년 10월 1일 10시,목요일,경상북도 칠곡군 왜관읍,경상사고,0,0,1,1,차량단독 - 전도전복,안전운전불이행,습기,비,단일로 - 기타,승합,남,29세,경상,,,,
2015100100100236,2015년 10월 1일 10시,목요일,경상북도 문경시 모전동,경상사고,0,0,2,0,차대차 - 측면직각충돌,안전운전불이행,습기,비,교차로 - 교차로안,승합,남,62세,경상,승용,남,21세,경상
2015100100100237,2015년 10월 1일 10시,목요일,경상북도 구미시 공단동,경상사고,0,0,1,0,차대차 - 기타,안전운전불이행,건조,맑음,교차로 - 교차로안,승용,여,34세,경상,화물,남,48세,상해없음
2015100100100257,2015년 10월 1일 11시,목요일,경상북도 경주시 석장동,경상사고,0,0,1,0,차대사람 - 기타,안전운전불이행,습기,비,단일로 - 기타,승용,남,50세,기타불명,보행자,남,22세,경상
2015100100100258,2015년 10월 1일 11시,목요일,경상북도 경산시 중방동,경상사고,0,0,1,0,차대차 - 기타,교차로운행방법위반,습기,비,교차로 - 교차로안,승용,남,57세,경상,승합,남,60세,상해없음
2015100100100259,2015년 10월 1일 11시,목요일,경상북도 울진군 근남면,중상사고,0,1,1,0,차대차 - 기타,중앙선침범,습기,비,단일로 - 기타,화물,남,32세,중상,화물,남,47세,경상
2015100100100260,2015년 10월 1일 11시,목요일,경상북도 구미시 형곡동,경상사고,0,0,2,0,차대차 - 기타,안전운전불이행,습기,비,기타 - 기타,승용,남,60세,상해없음,승용,남,35세,경상
2015100100100261,2015년 10월 1일 11시,목요일,경상북도 경산시 진량읍,중상사고,0,1,0,0,차대차 - 추돌 - 진행중,안전거리미확보,습기,비,단일로 - 기타,화물,남,43세,상해없음,승합,남,49세,중상
2015100100100293,2015년 10월 1일 12시,목요일,경상북도 포항시 북구 두호동,중상사고,0,1,0,0,차대차 - 기타,안전운전불이행,건조,맑음,단일로 - 기타,승용,여,55세,상해없음,원동기,남,32세,중상
2015100100100294,2015년 10월 1일 12시,목요일,경상북도 문경시 흥덕동,경상사고,0,0,2,0,차대차 - 측면직각충돌,안전운전불이행,습기,비,교차로 - 교차로안,승용,남,33세,상해없음,이륜,남,74세,경상
2015100100100295,2015년 10월 1일 12시,목요일,경상북도 구미시 광평동,중상사고,0,2,0,0,차대차 - 기타,안전거리미확보,습기,비,단일로 - 기타,기타불명,기타불명,기타불명,기타불명,승용,여,50세,중상