사고번호,사고일시,요일,시군구,사고내용,사망자수,중상자수,경상자수,부상신고자수,사고유형,법규위반,노면상태,기상상태,도로형태,가해운전자 차종,가해운전자 성별,가해운전자 연령,가해운전자 상해정도,피해운전자 차종,피해운전자 성별,피해운전자 연령,피해운전자 상해정도
2015100300100541,2015년 10월 3일 19시,토요일,경상북도 경주시 노서동,중상사고,0,1,6,0,차대차 - 기타,중앙선침범,건조,맑음,단일로 - 기타,승용,여,48세,경상,승합,남,47세,상해없음
2015100300100542,2015년 10월 3일 19시,토요일,경상북도 김천시 감문면,사망사고,1,0,0,0,차대사람 - 기타,안전운전불이행,건조,맑음,단일로 - 기타,승용,남,34세,상해없음,보행자,남,55세,사망
2015100300100580,2015년 10월 3일 20시,토요일,경상북도 영천시 임고면,경상사고,0,0,1,0,차대차 - 정면충돌,안전운전불이행,건조,맑음,단일로 - 기타,원동기,남,73세,경상,승합,남,55세,상해없음
2015100300100610,2015년 10월 3일 21시,토요일,경상북도 구미시 남통동,부상신고사고,0,0,0,1,차대차 - 기타,안전운전불이행,건조,맑음,단일로 - 기타,승용,남,53세,상해없음,승용,남,22세,상해없음
2015100300100638,2015년 10월 3일 22시,토요일,경상북도 군위군 군위읍,경상사고,0,0,1,0,차대차 - 기타,안전운전불이행,건조,맑음,교차로 - 교차로안,자전거,남,17세,경상,승용,남,36세,상해없음
2015100300100659,2015년 10월 3일 23시,토요일,경상북도 영주시 가흥동,경상사고,0,0,1,0,차대차 - 측면직각충돌,안전운전불이행,건조,맑음,교차로 - 교차로안,원동기,남,39세,경상,승용,남,52세,상해없음
2015100400100011,2015년 10월 4일 00시,일요일,경상북도 포항시 북구 두호동,사망사고,1,0,0,0,차대사람 - 횡단중,과속,건조,맑음,단일로 - 기타,승용,남,32세,상해없음,보행자,남,56세,사망
2015100400100028,2015년 10월 4일 01시,일요일,경상북도 구미시 신평동,부상신고사고,0,0,0,1,차대차 - 기타,안전운전불이행,건조,맑음,단일로 - 기타,승용,여,30세,부상신고,승용,남,55세,상해없음
2015100400100085,2015년 10월 4일 05시,일요일,경상북도 김천시 구성면,중상사고,0,6,1,0,차량단독 - 공작물충돌,안전운전불이행,건조,맑음,단일로 - 기타,승용,남,65세,경상,,,,
2015100400100086,2015년 10월 4일 05시,일요일,경상북도 구미시 광평동,부상신고사고,0,0,0,1,차대차 - 기타,안전운전불이행,건조,맑음,단일로 - 기타,승용,남,26세,부상신고,승용,남,37세,기타불명
2015100400100092,2015년 10월 4일 06시,일요일,경상북도 구미시 도량동,중상사고,0,1,0,0,차대차 - 기타,신호위반,건조,맑음,교차로 - 교차로안,승용,여,55세,상해없음,승용,여,23세,중상
2015100400100116,2015년 10월 4일 08시,일요일,경상북도 경주시 감포읍,사망사고,1,0,0,0,차량단독 - 도로외이탈 - 추락,안전운전불이행,건조,맑음,단일로 - 기타,농기계,남,81세,사망,,,,
2015100400100117,2015년 10월 4일 08시,일요일,경상북도 영덕군 영해면,중상사고,0,1,0,0,차대차 - 측면직각충돌,직진우회전진행방해,건조,맑음,교차로 - 교차로안,승용,남,47세,상해없음,이륜,남,57세,중상
2015100400100118,2015년 10월 4일 08시,일요일,경상북도 청도군 풍각면,중상사고,0,1,0,0,차대차 - 추돌 - 진행중,안전운전불이행,건조,맑음,단일로 - 기타,승용,남,59세,상해없음,원동기,남,73세,중상
2015100400100119,2015년 10월 4일 08시,일요일,경상북도 구미시 봉곡동,경상사고,0,0,2,1,차대차 - 기타,중앙선침범,건조,맑음,단일로 - 기타,승용,여,47세,부상신고,승합,남,72세,경상
2015100400100148,2015년 10월 4일 10시,일요일,경상북도 경주시 광명동,중상사고,0,1,0,0,차대차 - 기타,안전운전불이행,건조,맑음,단일로 - 기타,승용,여,49세,상해없음,승용,남,60세,중상
2015100400100149,2015년 10월 4일 10시,일요일,경상북도 성주군 대가면,중상사고,0,1,0,0,차대차 - 추돌 - 진행중,안전운전불이행,건조,맑음,기타 - 기타,승용,여,53세,상해없음,농기계,남,84세,중상
2015100400100150,2015년 10월 4일 10시,일요일,경상북도 성주군 대가면,중상사고,0,1,0,0,차대차 - 추돌 - 진행중,안전운전불이행,건조,맑음,기타 - 기타,승용,여,53세,상해없음,농기계,남,84세,중상
2015100400100151,2015년 10월 4일 10시,일요일,경상북도 포항시 남구 인덕동,중상사고,0,1,0,0,차대사람 - 횡단중,신호위반,건조,맑음,교차로 - 교차로안,승용,여,49세,상해없음,보행자,여,61세,중상
2015100400100152,2015년 10월 4일 10시,일요일,경상북도 경주시 내남면,중상사고,0,1,4,0,차대차 - 추돌 - 진행중,안전운전불이행,건조,맑음,단일로 - 기타,승용,여,44세,경상,화물,남,58세,중상
2015100400100170,2015년 10월 4일 11시,일요일,경상북도 김천시 아포읍,중상사고,0,1,1,0,차대차 - 측면직각충돌,안전운전불이행,건조,맑음,단일로 - 기타,승합,남,63세,상해없음,이륜,남,44세,경상
2015100400100172,2015년 10월 4일 11시,일요일,경상북도 고령군 대가야읍,중상사고,0,1,0,0,차대사람 - 길가장자리구역통행중,안전운전불이행,건조,맑음,단일로 - 기타,화물,여,58세,상해없음,보행자,남,80세,중상
2015100400100196,2015년 10월 4일 12시,일요일,경상북도 상주시 남성동,부상신고사고,0,0,0,1,차대차 - 추돌 - 주정차중,안전운전불이행,건조,맑음,단일로 - 기타,승용,여,61세,상해없음,자전거,남,18세,부상신고
2015100400100217,2015년 10월 4일 13시,일요일,경상북도 영주시 풍기읍,경상사고,0,0,1,0,차대사람 - 기타,안전운전불이행,건조,맑음,단일로 - 기타,승용,남,55세,상해없음,보행자,여,50세,경상
2015100400100218,2015년 10월 4일 13시,일요일,경상북도 경산시 대평동,경상사고,0,0,1,0,차대차 - 기타,안전운전불이행,건조,맑음,단일로 - 기타,승용,여,59세,상해없음,이륜,남,19세,경상
2015100400100219,2015년 10월 4일 13시,일요일,경상북도 구미시 진평동,중상사고,0,1,4,0,차대차 - 기타,안전운전불이행,건조,맑음,교차로 - 교차로부근,이륜,남,23세,중상,승용,남,36세,경상
2015100400100220,2015년 10월 4일 13시,일요일,경상북도 예천군 보문면,중상사고,0,3,3,0,차대차 - 추돌 - 진행중,안전운전불이행,건조,맑음,단일로 - 기타,승용,남,59세,상해없음,승용,남,51세,경상
2015100400100246,2015년 10월 4일 14시,일요일,경상북도 포항시 북구 우현동,경상사고,0,0,1,0,차대차 - 기타,안전거리미확보,건조,맑음,단일로 - 기타,승용,남,33세,상해없음,이륜,남,39세,경상
2015100400100247,2015년 10월 4일 14시,일요일,경상북도 구미시 원평동,중상사고,0,2,0,0,차대차 - 기타,교차로운행방법위반,건조,맑음,교차로 - 교차로안,승용,남,30세,상해없음,승용,남,22세,중상
2015100400100248,2015년 10월 4일 14시,일요일,경상북도 포항시 남구 오천읍,경상사고,0,0,1,0,차대차 - 기타,신호위반,건조,맑음,교차로 - 교차로안,승용,남,64세,상해없음,승용,남,68세,상해없음
2015100400100276,2015년 10월 4일 15시,일요일,경상북도 안동시 풍천면,중상사고,0,1,0,0,차대차 - 측면직각충돌,안전운전불이행,건조,맑음,단일로 - 기타,승용,남,22세,상해없음,이륜,남,71세,중상
2015100400100277,2015년 10월 4일 15시,일요일,경상북도 울진군 북면,경상사고,0,0,1,0,차대사람 - 기타,보행자보호의무위반,건조,맑음,교차로 - 교차로부근,승합,남,54세,상해없음,보행자,남,54세,경상
2015100400100303,2015년 10월 4일 16시,일요일,경상북도 상주시 복룡동,중상사고,0,1,0,0,차대차 - 측면직각충돌,불법유턴,건조,맑음,단일로 - 기타,자전거,여,68세,중상,화물,여,56세,상해없음
2015100400100304,2015년 10월 4일 16시,일요일,경상북도 예천군 호명면,중상사고,0,1,0,0,차대차 - 측면직각충돌,안전운전불이행,건조,맑음,단일로 - 기타,화물,남,59세,상해없음,농기계,남,46세,중상
2015100400100305,2015년 10월 4일 16시,일요일,경상북도 영양군 영양읍,경상사고,0,0,2,0,차대차 - 정면충돌,중앙선침범,건조,맑음,단일로 - 기타,승용,남,83세,상해없음,화물,남,66세,경상
2015100400100344,2015년 10월 4일 17시,일요일,경상북도 영천시 완산동,중상사고,0,1,1,0,차대차 - 측면직각충돌,신호위반,건조,맑음,교차로 - 교차로안,승용,여,52세,경상,화물,남,56세,중상
2015100400100384,2015년 10월 4일 18시,일요일,경상북도 경주시 노서동,중상사고,0,1,0,0,차대사람 - 기타,안전운전불이행,건조,맑음,단일로 - 기타,승용,남,67세,상해없음,보행자,남,64세,중상
2015100400100411,2015년 10월 4일 19시,일요일,경상북도 경산시 중방동,경상사고,0,0,1,0,차대사람 - 기타,안전운전불이행,건조,맑음,단일로 - 기타,승합,남,40세,상해없음,보행자,남,24세,경상
2015100400100412,2015년 10월 4일 19시,일요일,경상북도 청도군 매전면,부상신고사고,0,0,0,1,차량단독 - 공작물충돌,안전운전불이행,건조,맑음,단일로 - 기타,화물,남,68세,부상신고,,,,
2015100400100413,2015년 10월 4일 19시,일요일,경상북도 구미시 비산동,경상사고,0,0,1,0,차대차 - 기타,안전운전불이행,건조,맑음,교차로 - 교차로안,기타불명,기타불명,기타불명,기타불명,자전거,남,27세,경상
2015100400100437,2015년 10월 4일 20시,일요일,경상북도 구미시 원평동,사망사고,1,0,0,0,차대사람 - 차도통행중,안전운전불이행,건조,맑음,단일로 - 기타,승합,남,54세,상해없음,보행자,남,41세,사망
2015100400100456,2015년 10월 4일 21시,일요일,경상북도 청도군 풍각면,경상사고,0,0,1,0,차대차 - 측면직각충돌,중앙선침범,건조,맑음,단일로 - 기타,승용,남,33세,상해없음,승용,남,48세,경상
2015100400100457,2015년 10월 4일 21시,일요일,경상북도 고령군 다산면,중상사고,0,2,0,0,차량단독 - 공작물충돌,안전운전불이행,건조,맑음,단일로 - 기타,승용,남,55세,중상,,,,
2015100500100025,2015년 10월 5일 01시,월요일,경상북도 칠곡군 왜관읍,경상사고,0,0,1,0,차대사람 - 보도통행중,안전운전불이행,건조,맑음,단일로 - 기타,기타불명,기타불명,기타불명,기타불명,보행자,남,51세,경상
2015100500100049,2015년 10월 5일 05시,월요일,경상북도 칠곡군 왜관읍,중상사고,0,1,1,0,차대차 - 추돌 - 진행중,안전운전불이행,건조,맑음,단일로 - 기타,승용,남,32세,중상,건설기계,남,40세,경상
2015100500100096,2015년 10월 5일 07시,월요일,경상북도 구미시 형곡동,부상신고사고,0,0,0,1,차대차 - 기타,교차로운행방법위반,건조,맑음,교차로 - 교차로부근,원동기,남,16세,부상신고,승합,남,57세,상해없음
2015100500100145,2015년 10월 5일 08시,월요일,경상북도 의성군 다인면,중상사고,0,1,1,0,차대차 - 추돌 - 진행중,안전운전불이행,건조,맑음,교차로 - 교차로부근,건설기계,남,59세,상해없음,승용,남,30세,중상
2015100500100146,2015년 10월 5일 08시,월요일,경상북도 구미시 공단동,중상사고,0,1,1,0,차대차 - 기타,직진우회전진행방해,건조,맑음,기타 - 기타,승용,남,76세,중상,승용,남,55세,경상
2015100500100147,2015년 10월 5일 08시,월요일,경상북도 구미시 송정동,중상사고,0,1,0,0,차대차 - 기타,안전운전불이행,건조,맑음,단일로 - 횡단보도상,승용,남,62세,상해없음,자전거,남,12세,중상
2015100500100176,2015년 10월 5일 09시,월요일,경상북도 경주시 감포읍,경상사고,0,0,1,0,차대차 - 기타,중앙선침범,건조,맑음,단일로 - 기타,화물,남,62세,상해없음,승합,남,55세,상해없음
2015100500100177,2015년 10월 5일 09시,월요일,경상북도 안동시 태화동,경상사고,0,0,3,0,차대차 - 측면직각충돌,안전운전불이행,건조,맑음,교차로 - 교차로안,화물,남,60세,상해없음,화물,남,64세,경상
2015100500100178,2015년 10월 5일 09시,월요일,경상북도 안동시 옥동,경상사고,0,0,1,0,차대차 - 기타,안전운전불이행,건조,맑음,교차로 - 교차로안,승용,여,43세,상해없음,자전거,남,64세,경상
2015100500100179,2015년 10월 5일 09시,월요일,경상북도 영주시 영주동,경상사고,0,0,1,0,차대차 - 측면직각충돌,안전운전불이행,건조,맑음,교차로 - 교차로안,이륜,여,49세,경상,승용,남,55세,상해없음
2015100500100180,2015년 10월 5일 09시,월요일,경상북도 영천시 화룡동,경상사고,0,0,1,0,차대차 - 추돌 - 진행중,안전운전불이행,건조,맑음,단일로 - 기타,화물,남,20세,상해없음,화물,남,71세,경상
2015100500100181,2015년 10월 5일 09시,월요일,경상북도 경산시 사동,경상사고,0,0,1,0,차대차 - 기타,안전운전불이행,건조,맑음,단일로 - 기타,승용,여,24세,상해없음,승용,여,41세,경상
2015100500100182,2015년 10월 5일 09시,월요일,경상북도 봉화군 법전면,중상사고,0,1,0,0,차대차 - 측면직각충돌,안전운전불이행,건조,맑음,단일로 - 기타,화물,남,76세,상해없음,이륜,남,78세,중상
2015100500100218,2015년 10월 5일 10시,월요일,경상북도 경산시 진량읍,중상사고,0,1,0,0,차대차 - 기타,안전운전불이행,건조,맑음,단일로 - 기타,이륜,남,76세,중상,승용,남,23세,상해없음
2015100500100219,2015년 10월 5일 10시,월요일,경상북도 구미시 송정동,경상사고,0,0,1,0,차대차 - 기타,안전운전불이행,건조,맑음,교차로 - 교차로안,승용,여,47세,상해없음,승용,여,59세,경상
2015100500100247,2015년 10월 5일 11시,월요일,경상북도 경산시 진량읍,경상사고,0,0,1,0,차대차 - 기타,안전운전불이행,건조,맑음,교차로 - 교차로안,기타불명,기타불명,기타불명,기타불명,자전거,남,24세,경상
2015100500100282,2015년 10월 5일 12시,월요일,경상북도 의성군 의성읍,중상사고,0,1,0,0,차대차 - 기타,안전운전불이행,건조,맑음,단일로 - 기타,화물,남,62세,상해없음,자전거,여,74세,중상
2015100500100283,2015년 10월 5일 12시,월요일,경상북도 울진군 평해읍,중상사고,0,1,0,0,차량단독 - 전도전복,안전운전불이행,건조,맑음,교차로 - 교차로안,이륜,남,66세,중상,,,,
2015100500100316,2015년 10월 5일 13시,월요일,경상북도 김천시 신음동,중상사고,0,1,0,0,차대차 - 측면직각충돌,불법유턴,건조,맑음,단일로 - 기타,승합,여,49세,상해없음,이륜,남,55세,중상
2015100500100317,2015년 10월 5일 13시,월요일,경상북도 예천군 예천읍,중상사고,0,1,0,0,차대차 - 측면직각충돌,안전운전불이행,건조,맑음,교차로 - 교차로안,승용,남,57세,상해없음,원동기,여,41세,중상
2015100500100385,2015년 10월 5일 15시,월요일,경상북도 경주시 감포읍,경상사고,0,0,1,4,차대차 - 기타,중앙선침범,건조,맑음,단일로 - 기타,승용,남,35세,상해없음,승용,남,59세,경상
2015100500100386,2015년 10월 5일 15시,월요일,경상북도 봉화군 소천면,경상사고,0,0,4,0,차대차 - 추돌 - 진행중,안전거리미확보,건조,맑음,단일로 - 기타,화물,남,66세,상해없음,승용,여,55세,경상
2015100500100387,2015년 10월 5일 15시,월요일,경상북도 구미시 인의동,중상사고,0,1,0,0,차대차 - 기타,안전운전불이행,건조,맑음,교차로 - 교차로안,승용,여,37세,상해없음,이륜,남,23세,중상
2015100500100431,2015년 10월 5일 16시,월요일,경상북도 경주시 용강동,중상사고,0,1,0,0,차대사람 - 횡단중,안전운전불이행,건조,맑음,단일로 - 기타,승용,남,83세,상해없음,보행자,남,53세,중상
2015100500100432,2015년 10월 5일 16시,월요일,경상북도 안동시 남부동,경상사고,0,0,1,0,차대사람 - 기타,안전운전불이행,건조,맑음,단일로 - 기타,승용,남,54세,상해없음,보행자,남,54세,경상
2015100500100433,2015년 10월 5일 16시,월요일,경상북도 경산시 중방동,경상사고,0,0,2,0,차대차 - 기타,교차로운행방법위반,건조,맑음,교차로 - 교차로안,승용,남,56세,경상,화물,남,27세,경상
2015100500100434,2015년 10월 5일 16시,월요일,경상북도 경산시 하양읍,경상사고,0,0,1,0,차대차 - 기타,안전운전불이행,건조,맑음,단일로 - 기타,승용,남,55세,상해없음,승용,남,42세,경상
2015100500100435,2015년 10월 5일 16시,월요일,경상북도 경산시 백천동,경상사고,0,0,1,0,차대차 - 기타,안전운전불이행,건조,맑음,미분류 - 미분류,승용,남,26세,상해없음,승용,여,30세,경상
2015100500100436,2015년 10월 5일 16시,월요일,경상북도 예천군 지보면,사망사고,1,2,0,0,차량단독 - 도로외이탈 - 기타,안전운전불이행,건조,맑음,단일로 - 기타,승용,남,73세,중상,,,,
2015100500100437,2015년 10월 5일 16시,월요일,경상북도 울진군 평해읍,경상사고,0,0,1,0,차대차 - 측면직각충돌,교차로운행방법위반,건조,맑음,교차로 - 교차로안,승용,여,56세,경상,승용,남,48세,상해없음
2015100500100483,2015년 10월 5일 17시,월요일,경상북도 영천시 대창면,중상사고,0,1,0,0,차량단독 - 도로외이탈 - 기타,안전운전불이행,건조,맑음,단일로 - 기타,화물,남,72세,중상,,,,
2015100500100545,2015년 10월 5일 18시,월요일,경상북도 구미시 공단동,경상사고,0,0,1,0,차대사람 - 기타,안전운전불이행,건조,맑음,단일로 - 기타,승용,여,37세,상해없음,보행자,여,86세,경상
2015100500100588,2015년 10월 5일 19시,월요일,경상북도 안동시 옥야동,경상사고,0,0,1,0,차대차 - 기타,안전운전불이행,건조,맑음,단일로 - 기타,승용,여,55세,상해없음,자전거,남,23세,경상
2015100500100589,2015년 10월 5일 19시,월요일,경상북도 문경시 모전동,중상사고,0,1,2,0,차대차 - 추돌 - 주정차중,안전운전불이행,건조,맑음,단일로 - 기타,승용,남,41세,상해없음,승용,남,38세,중상
2015100500100590,2015년 10월 5일 19시,월요일,경상북도 포항시 남구 대잠동,경상사고,0,0,3,0,차대차 - 추돌 - 진행중,안전거리미확보,건조,맑음,단일로 - 기타,승용,남,50세,상해없음,승용,여,42세,경상
2015100500100624,2015년 10월 5일 20시,월요일,경상북도 경주시 동부동,경상사고,0,0,1,0,차대사람 - 기타,안전운전불이행,건조,맑음,단일로 - 기타,승용,남,67세,상해없음,보행자,남,59세,경상
2015100500100625,2015년 10월 5일 20시,월요일,경상북도 포항시 북구 양덕동,부상신고사고,0,0,0,2,차대차 - 기타,불법유턴,건조,맑음,단일로 - 기타,화물,여,32세,상해없음,승용,남,41세,부상신고
2015100500100626,2015년 10월 5일 20시,월요일,경상북도 상주시 무양동,경상사고,0,0,1,0,차대차 - 측면직각충돌,안전운전불이행,건조,맑음,단일로 - 기타,승용,남,27세,상해없음,자전거,남,62세,경상
2015100500100627,2015년 10월 5일 20시,월요일,경상북도 문경시 모전동,중상사고,0,1,0,0,차대차 - 추돌 - 진행중,안전운전불이행,건조,맑음,교차로 - 교차로부근,승용,남,48세,상해없음,화물,남,48세,중상
2015100500100628,2015년 10월 5일 20시,월요일,경상북도 포항시 남구 오천읍,경상사고,0,0,1,0,차대차 - 추돌 - 주정차중,안전운전불이행,건조,맑음,단일로 - 기타,승용,남,31세,상해없음,승용,여,44세,상해없음
2015100500100659,2015년 10월 5일 21시,월요일,경상북도 경산시 중방동,경상사고,0,0,1,0,차대차 - 기타,안전운전불이행,건조,맑음,단일로 - 기타,화물,남,52세,상해없음,승용,남,45세,경상
2015100500100702,2015년 10월 5일 22시,월요일,경상북도 경주시 성건동,중상사고,0,1,0,0,차대차 - 기타,안전운전불이행,건조,맑음,단일로 - 기타,승용,남,66세,상해없음,승용,남,36세,상해없음
2015100500100730,2015년 10월 5일 23시,월요일,경상북도 구미시 도량동,중상사고,0,1,0,0,차대차 - 기타,교차로운행방법위반,건조,맑음,교차로 - 교차로안,이륜,남,19세,상해없음,승용,남,51세,상해없음
2015100500100731,2015년 10월 5일 23시,월요일,경상북도 포항시 남구 대도동,중상사고,0,1,0,0,차대차 - 추돌 - 주정차중,안전운전불이행,건조,맑음,교차로 - 교차로부근,자전거,여,24세,중상,승용,여,기타불명,기타불명
2015100600100013,2015년 10월 6일 00시,화요일,경상북도 경주시 황성동,경상사고,0,0,1,0,차대차 - 기타,안전운전불이행,건조,맑음,교차로 - 교차로안,원동기,남,19세,상해없음,자전거,남,26세,경상
2015100600100014,2015년 10월 6일 00시,화요일,경상북도 포항시 남구 해도동,경상사고,0,0,2,0,차대차 - 기타,신호위반,건조,맑음,교차로 - 교차로안,이륜,남,64세,경상,승용,남,28세,경상
2015100600100034,2015년 10월 6일 01시,화요일,경상북도 경산시 자인면,중상사고,0,1,0,0,차대차 - 기타,신호위반,건조,맑음,단일로 - 기타,승용,남,56세,상해없음,승용,여,54세,중상
2015100600100105,2015년 10월 6일 07시,화요일,경상북도 경주시 충효동,중상사고,0,1,0,0,차량단독 - 기타,안전운전불이행,건조,맑음,단일로 - 기타,원동기,남,20세,중상,,,,
2015100600100142,2015년 10월 6일 08시,화요일,경상북도 영주시 영주동,중상사고,0,1,1,0,차대차 - 측면직각충돌,안전운전불이행,건조,맑음,교차로 - 교차로안,화물,남,76세,상해없음,승용,여,46세,중상
2015100600100143,2015년 10월 6일 08시,화요일,경상북도 구미시 구평동,경상사고,0,0,1,0,차대사람 - 기타,보행자보호의무위반,건조,맑음,단일로 - 기타,승용,여,48세,상해없음,보행자,여,14세,경상
2015100600100144,2015년 10월 6일 08시,화요일,경상북도 구미시 형곡동,중상사고,0,1,1,0,차대차 - 기타,안전운전불이행,건조,맑음,교차로 - 교차로안,승용,남,59세,상해없음,이륜,남,35세,경상
2015100600100145,2015년 10월 6일 08시,화요일,경상북도 구미시 구평동,경상사고,0,0,1,0,차대차 - 기타,안전운전불이행,건조,맑음,단일로 - 기타,승용,여,42세,상해없음,자전거,남,17세,경상
2015100600100146,2015년 10월 6일 08시,화요일,경상북도 포항시 남구 연일읍,중상사고,0,1,3,0,차대차 - 측면직각충돌,직진우회전진행방해,건조,맑음,교차로 - 교차로안,화물,남,56세,상해없음,승용,여,51세,중상
2015100600100186,2015년 10월 6일 09시,화요일,경상북도 안동시 길안면,중상사고,0,1,0,0,차대사람 - 횡단중,안전운전불이행,건조,맑음,단일로 - 기타,화물,남,32세,상해없음,보행자,남,2세,중상
2015100600100187,2015년 10월 6일 09시,화요일,경상북도 영덕군 영덕읍,사망사고,1,0,0,0,차대사람 - 차도통행중,안전운전불이행,건조,맑음,단일로 - 기타,화물,남,43세,상해없음,보행자,여,81세,사망
2015100600100188,2015년 10월 6일 09시,화요일,경상북도 청송군 현서면,경상사고,0,0,1,0,차대사람 - 횡단중,보행자보호의무위반,건조,맑음,교차로 - 교차로안,승용,여,55세,상해없음,보행자,여,63세,경상
2015100600100222,2015년 10월 6일 10시,화요일,경상북도 안동시 금곡동,경상사고,0,0,1,0,차대차 - 정면충돌,차로위반,건조,맑음,단일로 - 기타,승용,남,27세,상해없음,승용,남,63세,경상
2015100600100223,2015년 10월 6일 10시,화요일,경상북도 구미시 진평동,중상사고,0,1,0,0,차대사람 - 차도통행중,안전운전불이행,건조,맑음,교차로 - 교차로부근,승용,남,41세,상해없음,보행자,남,32세,중상
2015100600100224,2015년 10월 6일 10시,화요일,경상북도 구미시 도량동,경상사고,0,0,1,0,차대차 - 기타,교차로운행방법위반,건조,맑음,교차로 - 교차로안,승용,여,42세,상해없음,승용,남,69세,경상
2015100600100253,2015년 10월 6일 11시,화요일,경상북도 경주시 천북면,중상사고,0,1,0,0,차대차 - 기타,안전운전불이행,건조,맑음,교차로 - 교차로안,승용,남,75세,상해없음,이륜,남,77세,중상
2015100600100254,2015년 10월 6일 11시,화요일,경상북도 칠곡군 가산면,경상사고,0,0,1,0,차대차 - 측면직각충돌,교차로운행방법위반,건조,맑음,교차로 - 교차로안,화물,남,62세,상해없음,승용,남,44세,경상
2015100600100255,2015년 10월 6일 11시,화요일,경상북도 울진군 평해읍,사망사고,1,0,0,0,차대차 - 추돌 - 진행중,안전운전불이행,건조,맑음,교차로 - 교차로안,이륜,남,80세,사망,화물,남,48세,상해없음
2015100600100283,2015년 10월 6일 12시,화요일,경상북도 경주시 용강동,중상사고,0,1,0,0,차대차 - 기타,중앙선침범,건조,맑음,단일로 - 기타,승용,여,47세,상해없음,화물,남,26세,중상
2015100600100284,2015년 10월 6일 12시,화요일,경상북도 포항시 남구 괴동동,경상사고,0,0,1,0,차대차 - 기타,안전운전불이행,건조,맑음,교차로 - 교차로안,기타불명,기타불명,기타불명,기타불명,이륜,남,60세,경상
2015100600100285,2015년 10월 6일 12시,화요일,경상북도 안동시 남후면,중상사고,0,2,1,0,차대차 - 추돌 - 진행중,안전운전불이행,건조,맑음,단일로 - 기타,승용,여,19세,경상,승용,남,27세,중상
2015100600100328,2015년 10월 6일 13시,화요일,경상북도 경주시 동천동,경상사고,0,0,1,0,차대사람 - 횡단중,보행자보호의무위반,건조,맑음,단일로 - 횡단보도상,승용,남,54세,상해없음,보행자,여,27세,경상
2015100600100329,2015년 10월 6일 13시,화요일,경상북도 상주시 낙양동,경상사고,0,0,1,0,차대차 - 측면직각충돌,안전운전불이행,건조,맑음,단일로 - 기타,승용,여,47세,상해없음,자전거,남,13세,경상
2015100600100330,2015년 10월 6일 13시,화요일,경상북도 영천시 임고면,중상사고,0,2,0,0,차대차 - 측면직각충돌,교차로운행방법위반,건조,맑음,교차로 - 교차로안,화물,남,75세,중상,화물,남,57세,상해없음
2015100600100331,2015년 10월 6일 13시,화요일,경상북도 경산시 백천동,중상사고,0,1,0,0,차대사람 - 기타,안전운전불이행,건조,맑음,단일로 - 기타,화물,남,47세,상해없음,보행자,여,60세,중상
2015100600100382,2015년 10월 6일 14시,화요일,경상북도 의성군 안계면,경상사고,0,0,1,0,차대차 - 기타,안전운전불이행,건조,맑음,단일로 - 기타,자전거,남,16세,경상,화물,남,73세,상해없음
2015100600100383,2015년 10월 6일 14시,화요일,경상북도 영주시 평은면,경상사고,0,0,1,0,차량단독 - 기타,안전운전불이행,건조,맑음,교차로 - 교차로부근,자전거,남,34세,경상,,,,
2015100600100384,2015년 10월 6일 14시,화요일,경상북도 영주시 영주동,중상사고,0,1,0,0,차대사람 - 횡단중,보행자보호의무위반,건조,맑음,단일로 - 기타,승용,여,53세,상해없음,보행자,여,9세,중상
2015100600100385,2015년 10월 6일 14시,화요일,경상북도 포항시 남구 연일읍,경상사고,0,0,1,0,차대차 - 추돌 - 진행중,교차로운행방법위반,건조,맑음,교차로 - 교차로안,화물,남,54세,상해없음,승용,여,36세,경상
2015100600100431,2015년 10월 6일 15시,화요일,경상북도 경주시 천북면,중상사고,0,1,0,0,차대사람 - 기타,안전운전불이행,건조,맑음,단일로 - 기타,화물,남,72세,상해없음,보행자,남,42세,중상
2015100600100432,2015년 10월 6일 15시,화요일,경상북도 포항시 북구 장성동,경상사고,0,0,1,0,차대차 - 측면직각충돌,안전운전불이행,건조,맑음,교차로 - 교차로부근,승용,여,67세,상해없음,승용,남,52세,경상
2015100600100433,2015년 10월 6일 15시,화요일,경상북도 경산시 압량면,중상사고,0,1,0,0,차대차 - 기타,신호위반,건조,맑음,교차로 - 교차로부근,화물,남,76세,상해없음,이륜,남,34세,중상
2015100600100434,2015년 10월 6일 15시,화요일,경상북도 봉화군 소천면,경상사고,0,0,1,0,차대차 - 측면직각충돌,안전운전불이행,건조,맑음,단일로 - 기타,화물,남,54세,상해없음,승용,남,75세,경상
2015100600100469,2015년 10월 6일 16시,화요일,경상북도 경주시 외동읍,중상사고,0,1,0,0,차대차 - 기타,안전운전불이행,건조,맑음,단일로 - 기타,승용,남,44세,상해없음,화물,남,55세,중상
2015100600100470,2015년 10월 6일 16시,화요일,경상북도 김천시 용두동,중상사고,0,1,0,0,차대사람 - 길가장자리구역통행중,안전운전불이행,건조,맑음,단일로 - 기타,화물,남,45세,상해없음,보행자,여,50세,중상
2015100600100471,2015년 10월 6일 16시,화요일,경상북도 칠곡군 북삼읍,경상사고,0,0,1,0,차대차 - 측면직각충돌,신호위반,건조,맑음,교차로 - 교차로안,이륜,남,69세,상해없음,승용,여,35세,경상