사고번호,사고일시,요일,시군구,사고내용,사망자수,중상자수,경상자수,부상신고자수,사고유형,법규위반,노면상태,기상상태,도로형태,가해운전자 차종,가해운전자 성별,가해운전자 연령,가해운전자 상해정도,피해운전자 차종,피해운전자 성별,피해운전자 연령,피해운전자 상해정도
2015100600100472,2015년 10월 6일 16시,화요일,경상북도 봉화군 봉화읍,경상사고,0,0,2,0,차대차 - 측면직각충돌,신호위반,건조,맑음,교차로 - 교차로안,승용,남,79세,경상,승용,남,53세,경상
2015100600100473,2015년 10월 6일 16시,화요일,경상북도 구미시 신평동,중상사고,0,1,0,0,차대차 - 기타,안전운전불이행,건조,맑음,단일로 - 기타,승용,여,41세,상해없음,이륜,남,78세,중상
2015100600100474,2015년 10월 6일 16시,화요일,경상북도 구미시 신평동,경상사고,0,0,1,0,차대차 - 기타,교차로운행방법위반,건조,맑음,교차로 - 교차로안,승용,남,63세,기타불명,이륜,여,39세,경상
2015100600100504,2015년 10월 6일 17시,화요일,경상북도 경주시 노서동,경상사고,0,0,1,0,차대차 - 기타,안전운전불이행,건조,맑음,단일로 - 횡단보도부근,특수,남,35세,상해없음,승용,여,35세,경상
2015100600100505,2015년 10월 6일 17시,화요일,경상북도 김천시 덕곡동,경상사고,0,0,1,0,차대차 - 추돌 - 주정차중,중앙선침범,건조,맑음,교차로 - 교차로부근,이륜,남,57세,경상,승합,여,32세,상해없음
2015100600100506,2015년 10월 6일 17시,화요일,경상북도 문경시 점촌동,경상사고,0,0,2,0,차대차 - 측면직각충돌,직진우회전진행방해,건조,맑음,교차로 - 교차로안,승용,남,71세,상해없음,승용,여,50세,경상
2015100600100549,2015년 10월 6일 18시,화요일,경상북도 경주시 용강동,경상사고,0,0,1,0,차대차 - 기타,안전운전불이행,건조,맑음,단일로 - 기타,승용,여,59세,상해없음,승용,여,51세,경상
2015100600100550,2015년 10월 6일 18시,화요일,경상북도 포항시 북구 기계면,중상사고,0,1,0,0,차대차 - 기타,안전운전불이행,건조,맑음,교차로 - 교차로안,화물,남,44세,상해없음,자전거,남,52세,중상
2015100600100551,2015년 10월 6일 18시,화요일,경상북도 안동시 일직면,경상사고,0,0,1,0,차대차 - 기타,안전운전불이행,건조,맑음,교차로 - 교차로부근,화물,남,62세,상해없음,화물,남,60세,경상
2015100600100552,2015년 10월 6일 18시,화요일,경상북도 안동시 금곡동,경상사고,0,0,1,0,차대차 - 정면충돌,교차로운행방법위반,건조,맑음,교차로 - 교차로안,승용,남,54세,상해없음,승용,여,54세,경상
2015100600100553,2015년 10월 6일 18시,화요일,경상북도 영천시 금호읍,경상사고,0,0,2,0,차대차 - 추돌 - 주정차중,안전운전불이행,건조,흐림,교차로 - 교차로부근,화물,남,55세,상해없음,승용,남,36세,경상
2015100600100554,2015년 10월 6일 18시,화요일,경상북도 영양군 일월면,경상사고,0,0,1,0,차대차 - 추돌 - 주정차중,안전운전불이행,건조,맑음,단일로 - 기타,원동기,남,65세,경상,승용,여,60세,상해없음
2015100600100555,2015년 10월 6일 18시,화요일,경상북도 포항시 남구 상도동,경상사고,0,0,1,0,차대차 - 기타,안전운전불이행,건조,맑음,교차로 - 교차로안,승용,남,56세,상해없음,이륜,남,20세,경상
2015100600100588,2015년 10월 6일 19시,화요일,경상북도 포항시 북구 대신동,경상사고,0,0,1,0,차대차 - 기타,안전운전불이행,건조,맑음,단일로 - 기타,승용,여,30세,상해없음,승용,남,57세,경상
2015100600100589,2015년 10월 6일 19시,화요일,경상북도 포항시 북구 흥해읍,중상사고,0,1,0,0,차대사람 - 기타,안전운전불이행,건조,맑음,단일로 - 기타,승용,남,32세,상해없음,보행자,여,72세,중상
2015100600100590,2015년 10월 6일 19시,화요일,경상북도 칠곡군 왜관읍,경상사고,0,0,1,0,차대차 - 추돌 - 주정차중,안전운전불이행,건조,맑음,단일로 - 기타,승용,남,52세,상해없음,승용,남,55세,경상
2015100600100591,2015년 10월 6일 19시,화요일,경상북도 울진군 기성면,중상사고,0,1,1,0,차대차 - 추돌 - 진행중,중앙선침범,건조,맑음,단일로 - 기타,승용,여,45세,상해없음,승용,남,29세,중상
2015100600100634,2015년 10월 6일 20시,화요일,경상북도 경산시 옥산동,경상사고,0,0,1,0,차대차 - 기타,안전운전불이행,건조,맑음,교차로 - 교차로안,승용,여,56세,상해없음,승용,여,36세,경상
2015100600100676,2015년 10월 6일 21시,화요일,경상북도 구미시 공단동,중상사고,0,1,0,0,차대차 - 기타,안전운전불이행,건조,맑음,단일로 - 기타,승용,남,29세,상해없음,이륜,남,31세,중상
2015100600100702,2015년 10월 6일 22시,화요일,경상북도 영주시 가흥동,부상신고사고,0,0,0,1,차대차 - 측면직각충돌,안전운전불이행,건조,맑음,교차로 - 교차로안,승용,여,45세,부상신고,승용,남,51세,상해없음
2015100600100703,2015년 10월 6일 22시,화요일,경상북도 칠곡군 석적읍,경상사고,0,0,2,0,차대차 - 추돌 - 진행중,안전운전불이행,건조,맑음,교차로 - 교차로부근,승합,남,33세,상해없음,승용,남,62세,경상
2015100600100722,2015년 10월 6일 23시,화요일,경상북도 포항시 북구 대신동,경상사고,0,0,2,0,차대차 - 추돌 - 주정차중,안전운전불이행,건조,맑음,단일로 - 기타,승합,남,58세,상해없음,승용,남,60세,경상
2015100600100723,2015년 10월 6일 23시,화요일,경상북도 구미시 도량동,경상사고,0,0,1,0,차대차 - 기타,중앙선침범,건조,맑음,교차로 - 교차로안,승용,남,21세,상해없음,승용,남,38세,경상
2015100700100025,2015년 10월 7일 01시,수요일,경상북도 경주시 강동면,부상신고사고,0,0,0,1,차대사람 - 기타,안전운전불이행,건조,맑음,단일로 - 기타,기타불명,기타불명,기타불명,기타불명,보행자,남,57세,부상신고
2015100700100034,2015년 10월 7일 02시,수요일,경상북도 봉화군 소천면,부상신고사고,0,0,0,1,차량단독 - 공작물충돌,안전운전불이행,건조,맑음,단일로 - 기타,승용,남,48세,부상신고,,,,
2015100700100078,2015년 10월 7일 06시,수요일,경상북도 경주시 안강읍,경상사고,0,0,1,0,차대차 - 기타,중앙선침범,건조,맑음,단일로 - 기타,승용,여,73세,상해없음,승용,여,58세,경상
2015100700100100,2015년 10월 7일 07시,수요일,경상북도 구미시 선산읍,경상사고,0,0,1,0,차대차 - 기타,안전운전불이행,건조,맑음,교차로 - 교차로안,승용,남,58세,상해없음,화물,여,47세,경상
2015100700100101,2015년 10월 7일 07시,수요일,경상북도 구미시 오태동,경상사고,0,0,1,1,차대차 - 기타,신호위반,건조,맑음,교차로 - 교차로안,승용,남,19세,부상신고,승용,남,31세,경상
2015100700100102,2015년 10월 7일 07시,수요일,경상북도 구미시 구평동,경상사고,0,0,1,0,차대차 - 측면직각충돌,안전운전불이행,건조,맑음,기타 - 기타,승용,남,36세,상해없음,자전거,남,32세,경상
2015100700100136,2015년 10월 7일 08시,수요일,경상북도 경주시 성건동,중상사고,0,1,0,0,차대차 - 기타,신호위반,건조,맑음,교차로 - 교차로안,화물,남,46세,상해없음,승용,여,41세,중상
2015100700100137,2015년 10월 7일 08시,수요일,경상북도 포항시 북구 득량동,중상사고,0,1,0,0,차대차 - 기타,교차로운행방법위반,건조,맑음,교차로 - 교차로안,승용,여,32세,상해없음,이륜,남,44세,상해없음
2015100700100138,2015년 10월 7일 08시,수요일,경상북도 상주시 냉림동,중상사고,0,1,0,0,차대차 - 측면직각충돌,안전운전불이행,건조,맑음,교차로 - 교차로안,승용,여,49세,상해없음,자전거,여,26세,중상
2015100700100217,2015년 10월 7일 10시,수요일,경상북도 포항시 북구 청하면,중상사고,0,1,3,0,차대차 - 기타,안전거리미확보,건조,맑음,교차로 - 교차로부근,승용,남,63세,상해없음,승용,여,46세,경상
2015100700100218,2015년 10월 7일 10시,수요일,경상북도 안동시 풍산읍,중상사고,0,1,0,0,차대사람 - 기타,안전운전불이행,건조,맑음,교차로 - 교차로안,건설기계,남,48세,상해없음,보행자,여,84세,중상
2015100700100252,2015년 10월 7일 11시,수요일,경상북도 청도군 각남면,경상사고,0,0,1,0,차대차 - 기타,중앙선침범,건조,맑음,단일로 - 기타,이륜,남,72세,상해없음,화물,남,58세,경상
2015100700100253,2015년 10월 7일 11시,수요일,경상북도 구미시 송정동,경상사고,0,0,1,0,차대차 - 기타,안전운전불이행,건조,맑음,단일로 - 기타,승용,여,65세,상해없음,이륜,남,23세,경상
2015100700100284,2015년 10월 7일 12시,수요일,경상북도 경주시 성건동,중상사고,0,1,0,0,차대사람 - 기타,안전운전불이행,건조,맑음,단일로 - 기타,승용,남,78세,상해없음,보행자,여,86세,중상
2015100700100285,2015년 10월 7일 12시,수요일,경상북도 포항시 북구 용흥동,중상사고,0,1,0,0,차대차 - 기타,직진우회전진행방해,건조,맑음,교차로 - 교차로부근,승용,여,34세,상해없음,이륜,남,62세,중상
2015100700100308,2015년 10월 7일 13시,수요일,경상북도 경주시 서면,부상신고사고,0,0,0,1,차대차 - 기타,안전운전불이행,건조,맑음,단일로 - 기타,승용,남,75세,부상신고,건설기계,남,47세,상해없음
2015100700100309,2015년 10월 7일 13시,수요일,경상북도 영양군 입암면,중상사고,0,2,0,0,차대차 - 추돌 - 주정차중,안전운전불이행,건조,맑음,단일로 - 기타,화물,남,67세,중상,화물,남,62세,기타불명
2015100700100310,2015년 10월 7일 13시,수요일,경상북도 울릉군 서면,경상사고,0,0,1,0,차량단독 - 공작물충돌,안전운전불이행,건조,맑음,단일로 - 기타,승용,여,32세,경상,,,,
2015100700100311,2015년 10월 7일 13시,수요일,경상북도 구미시 진평동,경상사고,0,0,1,0,차량단독 - 기타,교차로운행방법위반,건조,맑음,교차로 - 교차로부근,승용,남,49세,상해없음,,,,
2015100700100348,2015년 10월 7일 14시,수요일,경상북도 안동시 광석동,중상사고,0,1,0,0,차대사람 - 기타,안전운전불이행,건조,맑음,단일로 - 기타,승용,여,62세,상해없음,보행자,여,63세,중상
2015100700100349,2015년 10월 7일 14시,수요일,경상북도 칠곡군 북삼읍,경상사고,0,0,3,0,차대차 - 측면직각충돌,직진우회전진행방해,건조,맑음,교차로 - 교차로안,승용,남,33세,상해없음,승용,남,44세,경상
2015100700100350,2015년 10월 7일 14시,수요일,경상북도 경산시 중방동,중상사고,0,2,0,0,차대사람 - 기타,보행자보호의무위반,건조,맑음,단일로 - 기타,화물,남,64세,상해없음,보행자,여,55세,중상
2015100700100351,2015년 10월 7일 14시,수요일,경상북도 예천군 용궁면,중상사고,0,1,0,0,차량단독 - 공작물충돌,안전운전불이행,건조,맑음,단일로 - 기타,원동기,남,35세,중상,,,,
2015100700100352,2015년 10월 7일 14시,수요일,경상북도 청송군 청송읍,중상사고,0,1,0,0,차대사람 - 기타,안전운전불이행,건조,맑음,단일로 - 기타,승용,남,69세,상해없음,보행자,남,58세,중상
2015100700100378,2015년 10월 7일 15시,수요일,경상북도 포항시 북구 장성동,경상사고,0,0,1,0,차대차 - 기타,안전운전불이행,건조,맑음,교차로 - 교차로부근,승용,남,47세,상해없음,승합,남,26세,경상
2015100700100379,2015년 10월 7일 15시,수요일,경상북도 칠곡군 기산면,부상신고사고,0,0,0,4,차대차 - 추돌 - 주정차중,안전운전불이행,건조,맑음,교차로 - 교차로부근,승용,남,45세,상해없음,승용,남,73세,부상신고
2015100700100380,2015년 10월 7일 15시,수요일,경상북도 칠곡군 왜관읍,중상사고,0,1,0,0,차대사람 - 횡단중,보행자보호의무위반,건조,맑음,단일로 - 횡단보도상,화물,남,66세,상해없음,보행자,여,62세,중상
2015100700100381,2015년 10월 7일 15시,수요일,경상북도 포항시 남구 연일읍,중상사고,0,1,0,0,차대사람 - 횡단중,보행자보호의무위반,건조,맑음,단일로 - 기타,화물,남,41세,상해없음,보행자,여,7세,중상
2015100700100412,2015년 10월 7일 16시,수요일,경상북도 문경시 흥덕동,경상사고,0,0,5,0,차대차 - 추돌 - 주정차중,안전운전불이행,건조,맑음,교차로 - 교차로부근,승용,여,27세,경상,승합,남,64세,경상
2015100700100494,2015년 10월 7일 18시,수요일,경상북도 경주시 율동,경상사고,0,0,1,0,차대차 - 측면직각충돌,안전운전불이행,건조,맑음,단일로 - 기타,화물,남,59세,상해없음,승합,남,31세,경상
2015100700100495,2015년 10월 7일 18시,수요일,경상북도 안동시 태화동,중상사고,0,1,0,0,차대차 - 추돌 - 진행중,안전거리미확보,건조,맑음,교차로 - 교차로부근,화물,남,44세,상해없음,승합,남,66세,중상
2015100700100496,2015년 10월 7일 18시,수요일,경상북도 김천시 지좌동,경상사고,0,0,2,0,차대차 - 추돌 - 주정차중,안전운전불이행,건조,맑음,교차로 - 교차로부근,승용,여,44세,상해없음,승용,여,39세,상해없음
2015100700100497,2015년 10월 7일 18시,수요일,경상북도 김천시 구성면,중상사고,0,1,0,0,차대차 - 측면직각충돌,안전운전불이행,건조,맑음,교차로 - 교차로안,화물,남,50세,상해없음,원동기,남,65세,중상
2015100700100498,2015년 10월 7일 18시,수요일,경상북도 구미시 형곡동,부상신고사고,0,0,0,1,차대차 - 측면직각충돌,안전운전불이행,건조,맑음,교차로 - 교차로안,원동기,남,17세,부상신고,화물,남,56세,상해없음
2015100700100499,2015년 10월 7일 18시,수요일,경상북도 포항시 남구 오천읍,중상사고,0,1,0,0,차대차 - 추돌 - 주정차중,안전운전불이행,건조,맑음,교차로 - 교차로부근,승용,여,41세,상해없음,원동기,남,35세,중상
2015100700100547,2015년 10월 7일 19시,수요일,경상북도 포항시 북구 상원동,경상사고,0,0,1,0,차대차 - 기타,중앙선침범,건조,맑음,교차로 - 교차로안,승용,남,42세,상해없음,승용,여,57세,경상
2015100700100548,2015년 10월 7일 19시,수요일,경상북도 포항시 북구 죽도동,경상사고,0,0,1,0,차대차 - 기타,안전운전불이행,건조,맑음,단일로 - 기타,승용,남,47세,상해없음,자전거,여,14세,경상
2015100700100549,2015년 10월 7일 19시,수요일,경상북도 경산시 계양동,중상사고,0,1,0,0,차대차 - 기타,신호위반,건조,맑음,교차로 - 교차로안,자전거,남,13세,중상,승용,여,34세,상해없음
2015100700100550,2015년 10월 7일 19시,수요일,경상북도 경산시 진량읍,중상사고,0,1,0,0,차대사람 - 기타,신호위반,건조,맑음,교차로 - 교차로안,승용,남,54세,상해없음,보행자,남,21세,중상
2015100700100551,2015년 10월 7일 19시,수요일,경상북도 경산시 하양읍,경상사고,0,0,1,1,차대차 - 측면직각충돌,직진우회전진행방해,건조,맑음,교차로 - 교차로안,이륜,남,21세,경상,화물,여,51세,상해없음
2015100700100552,2015년 10월 7일 19시,수요일,경상북도 포항시 남구 상도동,경상사고,0,0,1,0,차대차 - 추돌 - 주정차중,안전운전불이행,건조,맑음,교차로 - 교차로부근,승용,남,34세,상해없음,승용,남,24세,경상
2015100700100595,2015년 10월 7일 20시,수요일,경상북도 포항시 남구 해도동,경상사고,0,0,1,0,차대차 - 추돌 - 진행중,안전운전불이행,건조,맑음,단일로 - 기타,승용,남,55세,상해없음,이륜,남,23세,경상
2015100700100629,2015년 10월 7일 21시,수요일,경상북도 김천시 감문면,중상사고,0,1,0,0,차대사람 - 횡단중,안전운전불이행,건조,맑음,교차로 - 교차로안,승용,여,60세,상해없음,보행자,여,49세,중상
2015100700100630,2015년 10월 7일 21시,수요일,경상북도 경산시 옥곡동,경상사고,0,0,1,0,차대차 - 측면직각충돌,안전운전불이행,건조,맑음,단일로 - 기타,승용,여,25세,상해없음,승용,여,33세,경상
2015100700100662,2015년 10월 7일 22시,수요일,경상북도 경주시 외동읍,중상사고,0,1,0,0,차대차 - 기타,안전운전불이행,건조,맑음,단일로 - 기타,화물,남,69세,상해없음,승용,남,32세,중상
2015100700100663,2015년 10월 7일 22시,수요일,경상북도 의성군 단북면,사망사고,1,0,0,0,차량단독 - 공작물충돌,안전운전불이행,건조,맑음,단일로 - 교량,화물,남,48세,사망,,,,
2015100700100664,2015년 10월 7일 22시,수요일,경상북도 청도군 청도읍,부상신고사고,0,0,0,1,차대차 - 추돌 - 주정차중,안전운전불이행,건조,맑음,단일로 - 기타,기타불명,기타불명,기타불명,기타불명,화물,남,40세,기타불명
2015100700100665,2015년 10월 7일 22시,수요일,경상북도 구미시 원평동,중상사고,0,1,0,0,차대사람 - 횡단중,보행자보호의무위반,건조,기타,단일로 - 기타,승용,남,47세,상해없음,보행자,여,43세,중상
2015100700100690,2015년 10월 7일 23시,수요일,경상북도 포항시 북구 용흥동,경상사고,0,0,2,0,차대차 - 기타,안전운전불이행,건조,맑음,교차로 - 교차로부근,승용,여,48세,상해없음,승용,남,28세,경상
2015100700100691,2015년 10월 7일 23시,수요일,경상북도 경산시 임당동,경상사고,0,0,1,0,차대차 - 기타,기타,건조,맑음,단일로 - 기타,승용,남,60세,상해없음,원동기,남,17세,경상
2015100800100020,2015년 10월 8일 00시,목요일,경상북도 경주시 양북면,사망사고,1,0,0,0,차량단독 - 도로외이탈 - 기타,안전운전불이행,건조,맑음,교차로 - 교차로안,화물,남,61세,사망,,,,
2015100800100021,2015년 10월 8일 00시,목요일,경상북도 칠곡군 석적읍,중상사고,0,1,0,1,차대차 - 추돌 - 진행중,안전운전불이행,건조,기타,단일로 - 기타,승용,남,45세,부상신고,승용,남,27세,중상
2015100800100022,2015년 10월 8일 00시,목요일,경상북도 포항시 남구 오천읍,경상사고,0,0,1,0,차대차 - 측면직각충돌,안전운전불이행,건조,맑음,교차로 - 교차로안,승용,남,56세,상해없음,승용,남,37세,경상
2015100800100043,2015년 10월 8일 01시,목요일,경상북도 경산시 중방동,경상사고,0,0,3,0,차대차 - 측면직각충돌,신호위반,건조,맑음,교차로 - 교차로안,승용,남,29세,상해없음,승용,남,52세,경상
2015100800100059,2015년 10월 8일 02시,목요일,경상북도 구미시 옥계동,경상사고,0,0,1,0,차량단독 - 공작물충돌,안전운전불이행,건조,맑음,단일로 - 기타,승용,여,31세,경상,,,,
2015100800100119,2015년 10월 8일 07시,목요일,경상북도 경산시 진량읍,중상사고,0,1,0,0,차대차 - 기타,안전운전불이행,건조,맑음,교차로 - 교차로안,이륜,남,24세,중상,승용,남,42세,상해없음
2015100800100165,2015년 10월 8일 08시,목요일,경상북도 경주시 율동,중상사고,0,1,0,0,차대차 - 기타,안전운전불이행,건조,맑음,단일로 - 기타,화물,남,49세,상해없음,승용,여,29세,중상
2015100800100166,2015년 10월 8일 08시,목요일,경상북도 김천시 구성면,경상사고,0,0,1,0,차대차 - 추돌 - 진행중,중앙선침범,건조,맑음,단일로 - 기타,승용,남,61세,상해없음,승용,여,29세,경상
2015100800100167,2015년 10월 8일 08시,목요일,경상북도 경산시 하양읍,경상사고,0,0,1,0,차대차 - 기타,안전운전불이행,건조,맑음,단일로 - 기타,승용,남,42세,상해없음,승용,남,40세,상해없음
2015100800100168,2015년 10월 8일 08시,목요일,경상북도 포항시 남구 대잠동,경상사고,0,0,1,0,차대차 - 추돌 - 진행중,안전운전불이행,건조,맑음,단일로 - 기타,화물,남,53세,상해없음,승합,여,22세,경상
2015100800100169,2015년 10월 8일 08시,목요일,경상북도 포항시 남구 송도동,중상사고,0,1,0,0,차대사람 - 기타,보행자보호의무위반,건조,맑음,단일로 - 횡단보도상,승용,남,58세,상해없음,보행자,여,75세,중상
2015100800100205,2015년 10월 8일 09시,목요일,경상북도 김천시 응명동,경상사고,0,0,1,0,차대차 - 측면직각충돌,안전운전불이행,건조,맑음,교차로 - 교차로부근,승용,남,68세,상해없음,이륜,남,80세,경상
2015100800100206,2015년 10월 8일 09시,목요일,경상북도 영주시 영주동,중상사고,0,1,0,0,차대사람 - 횡단중,안전운전불이행,건조,맑음,단일로 - 기타,승합,여,52세,상해없음,보행자,남,76세,중상
2015100800100246,2015년 10월 8일 10시,목요일,경상북도 포항시 북구 죽도동,경상사고,0,0,1,0,차대차 - 기타,교차로운행방법위반,건조,맑음,교차로 - 교차로부근,승용,남,54세,상해없음,승용,남,38세,경상
2015100800100247,2015년 10월 8일 10시,목요일,경상북도 안동시 옥동,경상사고,0,0,1,0,차대차 - 측면직각충돌,안전거리미확보,건조,맑음,단일로 - 기타,원동기,남,31세,경상,승용,남,47세,상해없음
2015100800100248,2015년 10월 8일 10시,목요일,경상북도 문경시 흥덕동,중상사고,0,2,0,0,차대차 - 측면직각충돌,신호위반,건조,맑음,교차로 - 교차로안,이륜,남,76세,중상,승용,남,57세,상해없음
2015100800100249,2015년 10월 8일 10시,목요일,경상북도 성주군 성주읍,사망사고,1,0,0,0,차대차 - 추돌 - 진행중,안전운전불이행,건조,맑음,기타 - 기타,화물,여,58세,상해없음,원동기,남,76세,사망
2015100800100250,2015년 10월 8일 10시,목요일,경상북도 구미시 형곡동,경상사고,0,0,1,1,차대차 - 기타,안전운전불이행,건조,맑음,단일로 - 기타,이륜,남,81세,부상신고,자전거,남,24세,경상
2015100800100281,2015년 10월 8일 11시,목요일,경상북도 김천시 응명동,중상사고,0,1,0,0,차대차 - 측면직각충돌,직진우회전진행방해,건조,맑음,교차로 - 교차로안,화물,남,32세,상해없음,승용,남,57세,중상
2015100800100282,2015년 10월 8일 11시,목요일,경상북도 상주시 모서면,중상사고,0,1,0,0,차대사람 - 횡단중,안전운전불이행,건조,맑음,단일로 - 기타,화물,남,38세,상해없음,보행자,여,72세,중상
2015100800100315,2015년 10월 8일 12시,목요일,경상북도 경주시 양북면,사망사고,1,0,0,0,차대차 - 기타,안전운전불이행,건조,맑음,단일로 - 기타,승용,남,54세,상해없음,농기계,남,70세,사망
2015100800100316,2015년 10월 8일 12시,목요일,경상북도 상주시 함창읍,경상사고,0,0,7,0,차대차 - 추돌 - 주정차중,안전운전불이행,건조,맑음,단일로 - 기타,화물,남,72세,상해없음,승용,남,60세,경상
2015100800100317,2015년 10월 8일 12시,목요일,경상북도 영천시 성내동,경상사고,0,0,1,0,차대차 - 정면충돌,신호위반,건조,맑음,교차로 - 교차로안,승용,남,35세,상해없음,화물,남,40세,경상
2015100800100318,2015년 10월 8일 12시,목요일,경상북도 성주군 성주읍,중상사고,0,1,0,0,차대차 - 측면직각충돌,안전운전불이행,건조,맑음,교차로 - 교차로부근,원동기,남,60세,중상,화물,남,69세,상해없음
2015100800100319,2015년 10월 8일 12시,목요일,경상북도 구미시 임은동,경상사고,0,0,1,0,차대차 - 기타,안전운전불이행,건조,맑음,단일로 - 기타,화물,남,60세,상해없음,이륜,남,26세,경상
2015100800100320,2015년 10월 8일 12시,목요일,경상북도 포항시 남구 지곡동,중상사고,0,1,0,0,차대사람 - 기타,안전운전불이행,건조,맑음,기타 - 기타,승용,남,46세,상해없음,보행자,남,50세,중상
2015100800100351,2015년 10월 8일 13시,목요일,경상북도 상주시 신봉동,경상사고,0,0,1,0,차대차 - 측면직각충돌,안전운전불이행,건조,맑음,교차로 - 교차로부근,승용,여,38세,상해없음,원동기,남,47세,경상
2015100800100352,2015년 10월 8일 13시,목요일,경상북도 의성군 금성면,경상사고,0,0,1,0,차대차 - 측면직각충돌,직진우회전진행방해,건조,기타,교차로 - 교차로안,승용,여,53세,상해없음,이륜,남,78세,경상
2015100800100420,2015년 10월 8일 15시,목요일,경상북도 상주시 도남동,중상사고,0,1,1,0,차대차 - 측면직각충돌,교차로운행방법위반,건조,맑음,교차로 - 교차로안,건설기계,남,53세,상해없음,승용,남,31세,경상
2015100800100421,2015년 10월 8일 15시,목요일,경상북도 영천시 신령면,경상사고,0,0,1,0,차대차 - 추돌 - 진행중,기타,건조,맑음,교차로 - 교차로안,승용,남,52세,상해없음,승용,여,59세,경상
2015100800100422,2015년 10월 8일 15시,목요일,경상북도 문경시 문경읍,경상사고,0,0,1,0,차대차 - 기타,안전운전불이행,건조,맑음,교차로 - 교차로안,승용,남,29세,상해없음,승합,여,29세,경상
2015100800100423,2015년 10월 8일 15시,목요일,경상북도 포항시 남구 대도동,경상사고,0,0,1,0,차대차 - 추돌 - 진행중,안전운전불이행,건조,맑음,교차로 - 교차로안,자전거,남,83세,경상,이륜,남,31세,상해없음
2015100800100455,2015년 10월 8일 16시,목요일,경상북도 경주시 동천동,부상신고사고,0,0,0,1,차대차 - 정면충돌,안전운전불이행,건조,맑음,교차로 - 교차로안,자전거,남,7세,부상신고,승용,남,49세,상해없음
2015100800100456,2015년 10월 8일 16시,목요일,경상북도 경주시 동방동,중상사고,0,1,1,0,차대차 - 측면직각충돌,중앙선침범,건조,맑음,단일로 - 기타,화물,남,27세,상해없음,승용,남,41세,중상
2015100800100457,2015년 10월 8일 16시,목요일,경상북도 안동시 옥동,경상사고,0,0,3,0,차대차 - 추돌 - 진행중,안전운전불이행,건조,맑음,단일로 - 기타,이륜,남,66세,경상,승용,여,38세,경상
2015100800100458,2015년 10월 8일 16시,목요일,경상북도 칠곡군 왜관읍,경상사고,0,0,1,0,차대차 - 기타,안전거리미확보,건조,맑음,단일로 - 기타,화물,남,68세,상해없음,승용,여,61세,경상
2015100800100459,2015년 10월 8일 16시,목요일,경상북도 경산시 진량읍,경상사고,0,0,4,0,차대차 - 기타,안전운전불이행,건조,맑음,단일로 - 기타,화물,남,62세,상해없음,화물,남,25세,경상
2015100800100460,2015년 10월 8일 16시,목요일,경상북도 상주시 낙동면,경상사고,0,0,2,0,차대차 - 측면직각충돌,차로위반,건조,맑음,단일로 - 기타,화물,남,50세,상해없음,승용,남,29세,경상
2015100800100499,2015년 10월 8일 17시,목요일,경상북도 경산시 진량읍,경상사고,0,0,2,0,차대차 - 기타,신호위반,건조,맑음,교차로 - 교차로안,승용,남,33세,상해없음,승용,남,40세,경상
2015100800100500,2015년 10월 8일 17시,목요일,경상북도 포항시 남구 동촌동,경상사고,0,0,1,0,차대차 - 측면직각충돌,교차로운행방법위반,건조,맑음,교차로 - 교차로안,건설기계,남,49세,상해없음,승용,남,56세,경상
2015100800100567,2015년 10월 8일 18시,목요일,경상북도 김천시 봉산면,경상사고,0,0,1,0,차대차 - 추돌 - 주정차중,안전운전불이행,건조,맑음,교차로 - 교차로안,화물,남,45세,상해없음,화물,여,54세,경상
2015100800100604,2015년 10월 8일 19시,목요일,경상북도 안동시 옥동,경상사고,0,0,1,0,차대차 - 추돌 - 주정차중,안전운전불이행,건조,맑음,교차로 - 교차로부근,승용,남,61세,상해없음,화물,남,35세,경상
2015100800100605,2015년 10월 8일 19시,목요일,경상북도 안동시 옥동,경상사고,0,0,2,0,차대차 - 추돌 - 주정차중,안전운전불이행,건조,맑음,단일로 - 기타,승용,여,35세,상해없음,승용,남,36세,경상
2015100800100606,2015년 10월 8일 19시,목요일,경상북도 안동시 옥동,중상사고,0,1,0,0,차대사람 - 기타,기타,건조,맑음,단일로 - 기타,자전거,남,9세,상해없음,보행자,여,50세,중상
2015100800100664,2015년 10월 8일 20시,목요일,경상북도 경산시 진량읍,경상사고,0,0,1,0,차대차 - 기타,안전운전불이행,건조,맑음,단일로 - 기타,승용,남,27세,상해없음,원동기,남,20세,경상
2015100800100701,2015년 10월 8일 21시,목요일,경상북도 김천시 부곡동,중상사고,0,1,0,0,차대사람 - 길가장자리구역통행중,안전운전불이행,건조,맑음,단일로 - 기타,승용,남,40세,상해없음,보행자,남,51세,중상
2015100800100702,2015년 10월 8일 21시,목요일,경상북도 경산시 옥산동,경상사고,0,0,2,0,차대차 - 추돌 - 진행중,안전운전불이행,건조,맑음,단일로 - 기타,승용,남,32세,상해없음,승용,여,54세,경상
2015100800100703,2015년 10월 8일 21시,목요일,경상북도 경산시 대동,중상사고,0,1,0,0,차대차 - 측면직각충돌,기타,건조,맑음,교차로 - 교차로안,승용,남,40세,상해없음,승용,여,48세,중상
2015100800100704,2015년 10월 8일 21시,목요일,경상북도 구미시 신평동,경상사고,0,0,1,0,차대차 - 기타,안전운전불이행,건조,맑음,교차로 - 교차로안,승용,남,36세,상해없음,승용,남,50세,경상