사고번호,사고일시,요일,시군구,사고내용,사망자수,중상자수,경상자수,부상신고자수,사고유형,법규위반,노면상태,기상상태,도로형태,가해운전자 차종,가해운전자 성별,가해운전자 연령,가해운전자 상해정도,피해운전자 차종,피해운전자 성별,피해운전자 연령,피해운전자 상해정도
2015100800100733,2015년 10월 8일 22시,목요일,경상북도 안동시 임하면,경상사고,0,0,1,0,차량단독 - 기타,안전운전불이행,건조,맑음,단일로 - 기타,승용,남,42세,경상,,,,
2015100800100734,2015년 10월 8일 22시,목요일,경상북도 영천시 문외동,경상사고,0,0,1,0,차대사람 - 횡단중,안전운전불이행,건조,맑음,단일로 - 기타,승용,남,55세,상해없음,보행자,남,30세,경상
2015100800100777,2015년 10월 8일 23시,목요일,경상북도 상주시 외서면,중상사고,0,1,0,0,차량단독 - 공작물충돌,안전운전불이행,건조,맑음,단일로 - 기타,이륜,남,47세,중상,,,,
2015100900100070,2015년 10월 9일 02시,금요일,경상북도 포항시 남구 대도동,경상사고,0,0,1,0,차대차 - 측면직각충돌,신호위반,건조,맑음,교차로 - 교차로안,승용,남,50세,상해없음,원동기,남,16세,경상
2015100900100086,2015년 10월 9일 03시,금요일,경상북도 안동시 삼산동,경상사고,0,0,1,0,차대차 - 기타,안전운전불이행,건조,맑음,단일로 - 기타,승용,남,22세,상해없음,승용,남,22세,경상
2015100900100087,2015년 10월 9일 03시,금요일,경상북도 포항시 남구 대도동,중상사고,0,1,0,0,차대사람 - 횡단중,안전운전불이행,건조,맑음,단일로 - 기타,승용,남,25세,상해없음,보행자,남,51세,중상
2015100900100106,2015년 10월 9일 04시,금요일,경상북도 성주군 성주읍,경상사고,0,0,1,0,차대차 - 측면직각충돌,중앙선침범,건조,맑음,기타 - 기타,승용,남,34세,상해없음,승용,여,51세,경상
2015100900100107,2015년 10월 9일 04시,금요일,경상북도 포항시 남구 대잠동,경상사고,0,0,2,0,차대차 - 측면직각충돌,중앙선침범,건조,맑음,교차로 - 교차로부근,승용,여,45세,상해없음,승용,여,48세,경상
2015100900100155,2015년 10월 9일 07시,금요일,경상북도 구미시 인의동,중상사고,0,2,1,0,차대차 - 기타,안전운전불이행,건조,맑음,교차로 - 교차로안,승용,여,49세,상해없음,승용,여,27세,중상
2015100900100179,2015년 10월 9일 08시,금요일,경상북도 울진군 죽변면,중상사고,0,1,0,1,차대차 - 기타,안전운전불이행,건조,맑음,단일로 - 기타,승용,여,27세,부상신고,승용,남,56세,중상
2015100900100205,2015년 10월 9일 09시,금요일,경상북도 상주시 모서면,중상사고,0,1,0,0,차대차 - 추돌 - 진행중,과속,건조,맑음,단일로 - 기타,화물,남,40세,상해없음,농기계,남,78세,중상
2015100900100206,2015년 10월 9일 09시,금요일,경상북도 영주시 휴천동,경상사고,0,0,1,0,차대차 - 측면직각충돌,안전운전불이행,건조,맑음,교차로 - 교차로안,승용,여,31세,상해없음,이륜,남,73세,경상
2015100900100207,2015년 10월 9일 09시,금요일,경상북도 구미시 지산동,경상사고,0,0,1,0,차대차 - 추돌 - 주정차중,안전운전불이행,건조,맑음,교차로 - 교차로부근,승용,남,44세,상해없음,승용,여,46세,경상
2015100900100208,2015년 10월 9일 09시,금요일,경상북도 칠곡군 동명면,중상사고,0,8,0,0,차대차 - 추돌 - 주정차중,안전거리미확보,건조,맑음,단일로 - 기타,화물,남,24세,상해없음,승합,남,57세,중상
2015100900100247,2015년 10월 9일 10시,금요일,경상북도 포항시 북구 장성동,경상사고,0,0,4,0,차대차 - 측면직각충돌,안전운전불이행,건조,맑음,교차로 - 교차로안,승용,남,60세,경상,승용,남,58세,경상
2015100900100248,2015년 10월 9일 10시,금요일,경상북도 안동시 남문동,경상사고,0,0,1,1,차대차 - 측면직각충돌,직진우회전진행방해,건조,맑음,교차로 - 교차로안,승용,남,38세,부상신고,승용,여,38세,경상
2015100900100249,2015년 10월 9일 10시,금요일,경상북도 청송군 진보면,중상사고,0,4,0,0,차대차 - 정면충돌,중앙선침범,건조,맑음,단일로 - 기타,승용,남,28세,중상,승용,남,55세,중상
2015100900100250,2015년 10월 9일 10시,금요일,경상북도 구미시 도량동,경상사고,0,0,2,0,차대차 - 기타,안전운전불이행,건조,맑음,교차로 - 교차로안,승용,남,51세,상해없음,승용,남,32세,상해없음
2015100900100251,2015년 10월 9일 10시,금요일,경상북도 문경시 유곡동,중상사고,0,1,0,0,차대사람 - 기타,안전운전불이행,건조,맑음,단일로 - 기타,기타불명,기타불명,기타불명,기타불명,보행자,여,12세,중상
2015100900100283,2015년 10월 9일 11시,금요일,경상북도 안동시 송천동,경상사고,0,0,1,0,차대차 - 기타,직진우회전진행방해,건조,맑음,교차로 - 교차로안,이륜,남,20세,경상,화물,남,42세,상해없음
2015100900100313,2015년 10월 9일 12시,금요일,경상북도 경주시 용강동,중상사고,0,3,6,1,차대차 - 기타,안전운전불이행,건조,맑음,단일로 - 기타,승합,남,55세,상해없음,건설기계,남,46세,경상
2015100900100314,2015년 10월 9일 12시,금요일,경상북도 포항시 북구 흥해읍,사망사고,4,3,13,3,차대차 - 측면직각충돌,기타,건조,맑음,교차로 - 교차로안,승합,남,41세,사망,승합,남,60세,상해없음
2015100900100315,2015년 10월 9일 12시,금요일,경상북도 포항시 북구 용흥동,중상사고,0,1,1,0,차대차 - 기타,신호위반,건조,맑음,교차로 - 교차로안,승용,남,24세,경상,승용,여,48세,중상
2015100900100316,2015년 10월 9일 12시,금요일,경상북도 영천시 청통면,중상사고,0,3,1,0,차대차 - 측면직각충돌,교차로운행방법위반,건조,맑음,교차로 - 교차로안,승용,남,53세,중상,화물,남,81세,경상
2015100900100345,2015년 10월 9일 13시,금요일,경상북도 경주시 신평동,경상사고,0,0,1,0,차대차 - 기타,안전거리미확보,건조,맑음,교차로 - 교차로부근,승용,남,55세,상해없음,승용,여,41세,경상
2015100900100346,2015년 10월 9일 13시,금요일,경상북도 포항시 북구 청하면,경상사고,0,0,1,0,차대차 - 기타,안전운전불이행,건조,맑음,단일로 - 기타,화물,남,52세,상해없음,화물,남,50세,경상
2015100900100347,2015년 10월 9일 13시,금요일,경상북도 포항시 북구 대흥동,경상사고,0,0,2,0,차대차 - 기타,교차로운행방법위반,건조,맑음,교차로 - 교차로안,승용,남,55세,상해없음,자전거,여,41세,경상
2015100900100348,2015년 10월 9일 13시,금요일,경상북도 영주시 휴천동,경상사고,0,0,1,0,차대차 - 측면직각충돌,신호위반,건조,맑음,교차로 - 교차로안,승용,남,27세,상해없음,승용,여,48세,경상
2015100900100349,2015년 10월 9일 13시,금요일,경상북도 경산시 중방동,경상사고,0,0,1,0,차대사람 - 기타,보행자보호의무위반,건조,맑음,교차로 - 교차로부근,화물,남,38세,상해없음,보행자,여,30세,경상
2015100900100383,2015년 10월 9일 14시,금요일,경상북도 포항시 북구 용흥동,중상사고,0,1,1,0,차대차 - 기타,안전운전불이행,건조,맑음,단일로 - 기타,이륜,남,22세,경상,승용,남,46세,상해없음
2015100900100384,2015년 10월 9일 14시,금요일,경상북도 상주시 함창읍,경상사고,0,0,1,0,차대차 - 측면직각충돌,안전거리미확보,건조,맑음,단일로 - 기타,승용,남,47세,상해없음,승용,여,45세,경상
2015100900100385,2015년 10월 9일 14시,금요일,경상북도 영덕군 강구면,경상사고,0,0,3,0,차대차 - 추돌 - 주정차중,안전거리미확보,건조,맑음,단일로 - 기타,화물,남,55세,상해없음,승용,남,67세,경상
2015100900100386,2015년 10월 9일 14시,금요일,경상북도 봉화군 봉화읍,중상사고,0,1,0,0,차대사람 - 길가장자리구역통행중,안전운전불이행,건조,맑음,단일로 - 기타,승용,남,65세,상해없음,보행자,여,54세,중상
2015100900100387,2015년 10월 9일 14시,금요일,경상북도 청송군 진보면,사망사고,1,0,0,1,차대차 - 정면충돌,중앙선침범,건조,맑음,단일로 - 기타,건설기계,남,48세,부상신고,화물,남,45세,사망
2015100900100419,2015년 10월 9일 15시,금요일,경상북도 경주시 충효동,경상사고,0,0,2,0,차대차 - 기타,안전운전불이행,건조,맑음,단일로 - 기타,화물,남,43세,상해없음,승용,여,46세,경상
2015100900100420,2015년 10월 9일 15시,금요일,경상북도 김천시 평화동,중상사고,0,1,0,0,차대차 - 추돌 - 주정차중,안전운전불이행,건조,맑음,단일로 - 기타,이륜,남,77세,중상,승용,남,63세,상해없음
2015100900100461,2015년 10월 9일 16시,금요일,경상북도 경주시 도지동,중상사고,0,3,0,0,차대차 - 추돌 - 주정차중,안전운전불이행,건조,맑음,단일로 - 기타,화물,남,57세,상해없음,승용,남,38세,상해없음
2015100900100462,2015년 10월 9일 16시,금요일,경상북도 포항시 북구 용흥동,경상사고,0,0,3,0,차대차 - 기타,직진우회전진행방해,건조,맑음,교차로 - 교차로안,승용,여,54세,상해없음,승용,남,35세,경상
2015100900100463,2015년 10월 9일 16시,금요일,경상북도 구미시 봉곡동,부상신고사고,0,0,0,1,차대차 - 기타,안전운전불이행,건조,맑음,단일로 - 기타,자전거,남,18세,부상신고,승합,남,44세,상해없음
2015100900100511,2015년 10월 9일 17시,금요일,경상북도 포항시 북구 대신동,경상사고,0,0,1,0,차대차 - 기타,안전운전불이행,건조,맑음,단일로 - 기타,승합,남,44세,상해없음,이륜,남,59세,상해없음
2015100900100512,2015년 10월 9일 17시,금요일,경상북도 안동시 태화동,경상사고,0,0,1,0,차대차 - 측면직각충돌,안전운전불이행,건조,맑음,단일로 - 기타,승용,여,33세,상해없음,화물,남,58세,경상
2015100900100513,2015년 10월 9일 17시,금요일,경상북도 영주시 풍기읍,경상사고,0,0,1,0,차대차 - 측면직각충돌,안전운전불이행,건조,맑음,교차로 - 교차로안,승용,여,39세,상해없음,승용,남,34세,경상
2015100900100514,2015년 10월 9일 17시,금요일,경상북도 영주시 풍기읍,사망사고,1,0,0,0,차대차 - 측면직각충돌,안전운전불이행,건조,맑음,교차로 - 교차로안,승용,남,57세,상해없음,원동기,남,86세,사망
2015100900100515,2015년 10월 9일 17시,금요일,경상북도 경산시 하양읍,경상사고,0,0,1,0,차대차 - 기타,신호위반,건조,맑음,교차로 - 교차로안,승용,여,51세,상해없음,이륜,남,41세,경상
2015100900100516,2015년 10월 9일 17시,금요일,경상북도 포항시 남구 오천읍,경상사고,0,0,1,0,차대차 - 추돌 - 진행중,중앙선침범,건조,맑음,단일로 - 기타,원동기,남,35세,경상,승용,남,53세,상해없음
2015100900100550,2015년 10월 9일 18시,금요일,경상북도 포항시 북구 죽도동,경상사고,0,0,1,0,차대사람 - 횡단중,안전운전불이행,건조,맑음,단일로 - 기타,이륜,남,66세,상해없음,보행자,여,63세,경상
2015100900100551,2015년 10월 9일 18시,금요일,경상북도 안동시 용상동,경상사고,0,0,1,0,차대사람 - 기타,기타,건조,맑음,단일로 - 기타,승합,남,62세,상해없음,보행자,여,31세,경상
2015100900100552,2015년 10월 9일 18시,금요일,경상북도 영천시 금호읍,중상사고,0,1,0,0,차대차 - 추돌 - 진행중,교차로운행방법위반,건조,맑음,교차로 - 교차로안,화물,여,48세,상해없음,농기계,남,74세,중상
2015100900100592,2015년 10월 9일 19시,금요일,경상북도 청도군 각북면,중상사고,0,2,3,0,차대차 - 측면직각충돌,직진우회전진행방해,건조,맑음,교차로 - 교차로안,승용,여,47세,경상,승용,남,44세,중상
2015100900100635,2015년 10월 9일 20시,금요일,경상북도 경주시 외동읍,경상사고,0,0,1,0,차대차 - 측면직각충돌,안전운전불이행,건조,맑음,교차로 - 교차로부근,승용,남,66세,상해없음,승합,남,54세,경상
2015100900100636,2015년 10월 9일 20시,금요일,경상북도 청도군 화양읍,경상사고,0,0,3,0,차대차 - 정면충돌,신호위반,건조,맑음,교차로 - 교차로안,승용,남,33세,상해없음,승용,여,34세,경상
2015100900100637,2015년 10월 9일 20시,금요일,경상북도 포항시 남구 대잠동,중상사고,0,1,1,0,차대차 - 측면직각충돌,신호위반,건조,맑음,교차로 - 교차로안,원동기,남,32세,중상,승용,여,32세,경상
2015100900100667,2015년 10월 9일 21시,금요일,경상북도 김천시 신음동,경상사고,0,0,2,0,차대차 - 측면직각충돌,안전운전불이행,건조,맑음,교차로 - 교차로안,승용,남,18세,상해없음,승용,여,43세,경상
2015100900100691,2015년 10월 9일 22시,금요일,경상북도 경주시 성건동,중상사고,0,1,0,0,차대차 - 기타,안전운전불이행,건조,맑음,교차로 - 교차로부근,승용,남,70세,상해없음,자전거,여,48세,중상
2015100900100692,2015년 10월 9일 22시,금요일,경상북도 경산시 중방동,경상사고,0,0,1,0,차대차 - 기타,안전운전불이행,건조,맑음,단일로 - 기타,이륜,남,18세,상해없음,승용,여,45세,경상
2015100900100693,2015년 10월 9일 22시,금요일,경상북도 포항시 남구 대잠동,경상사고,0,0,1,0,차대차 - 추돌 - 진행중,안전운전불이행,건조,맑음,교차로 - 교차로안,승용,남,60세,상해없음,원동기,남,24세,경상
2015100900100719,2015년 10월 9일 23시,금요일,경상북도 포항시 남구 효자동,중상사고,0,1,0,0,차대차 - 추돌 - 진행중,신호위반,건조,맑음,교차로 - 교차로안,승용,남,25세,상해없음,승용,남,63세,중상
2015101000100016,2015년 10월 10일 00시,토요일,경상북도 칠곡군 지천면,중상사고,0,4,0,0,차대차 - 정면충돌,안전운전불이행,건조,맑음,단일로 - 기타,승용,남,24세,상해없음,승용,남,43세,중상
2015101000100049,2015년 10월 10일 02시,토요일,경상북도 구미시 임은동,중상사고,0,1,0,0,차량단독 - 전도전복,안전운전불이행,건조,맑음,교차로 - 교차로부근,이륜,남,25세,중상,,,,
2015101000100061,2015년 10월 10일 03시,토요일,경상북도 포항시 남구 오천읍,경상사고,0,0,2,0,차대차 - 추돌 - 진행중,교차로운행방법위반,건조,맑음,교차로 - 교차로안,승용,남,47세,경상,승용,여,52세,경상
2015101000100073,2015년 10월 10일 04시,토요일,경상북도 칠곡군 북삼읍,부상신고사고,0,0,0,1,차대차 - 측면직각충돌,안전운전불이행,건조,맑음,단일로 - 기타,원동기,남,41세,부상신고,화물,남,48세,기타불명
2015101000100095,2015년 10월 10일 05시,토요일,경상북도 영천시 금호읍,사망사고,2,0,1,0,차대차 - 정면충돌,중앙선침범,건조,맑음,단일로 - 기타,승용,남,38세,사망,승용,남,48세,사망
2015101000100144,2015년 10월 10일 07시,토요일,경상북도 봉화군 법전면,경상사고,0,0,2,0,차대차 - 측면직각충돌,신호위반,건조,맑음,단일로 - 기타,승용,남,27세,상해없음,화물,남,46세,경상
2015101000100164,2015년 10월 10일 08시,토요일,경상북도 경주시 내남면,경상사고,0,0,1,0,차대사람 - 길가장자리구역통행중,안전운전불이행,건조,맑음,단일로 - 기타,화물,남,40세,상해없음,보행자,여,23세,경상
2015101000100165,2015년 10월 10일 08시,토요일,경상북도 경주시 황오동,중상사고,0,1,0,0,차대차 - 추돌 - 진행중,안전운전불이행,건조,맑음,교차로 - 교차로부근,승용,여,34세,상해없음,자전거,남,13세,중상
2015101000100190,2015년 10월 10일 09시,토요일,경상북도 경주시 황오동,중상사고,0,1,0,0,차대차 - 기타,안전운전불이행,건조,맑음,단일로 - 기타,승용,남,41세,상해없음,자전거,남,56세,중상
2015101000100191,2015년 10월 10일 09시,토요일,경상북도 포항시 북구 학산동,사망사고,1,0,0,0,차대차 - 기타,안전운전불이행,건조,맑음,교차로 - 교차로안,승용,남,54세,상해없음,이륜,남,86세,사망
2015101000100192,2015년 10월 10일 09시,토요일,경상북도 김천시 덕곡동,중상사고,0,1,0,0,차대차 - 추돌 - 주정차중,안전운전불이행,건조,맑음,교차로 - 교차로안,이륜,남,84세,중상,승용,남,46세,상해없음
2015101000100193,2015년 10월 10일 09시,토요일,경상북도 영천시 임고면,경상사고,0,0,1,0,차대차 - 측면직각충돌,신호위반,건조,맑음,교차로 - 교차로안,화물,남,76세,상해없음,화물,남,76세,경상
2015101000100194,2015년 10월 10일 09시,토요일,경상북도 경산시 진량읍,경상사고,0,0,1,0,차대차 - 기타,안전운전불이행,건조,맑음,단일로 - 기타,승용,남,39세,상해없음,승용,여,41세,경상
2015101000100224,2015년 10월 10일 10시,토요일,경상북도 경주시 서악동,중상사고,0,1,0,0,차대차 - 기타,중앙선침범,건조,맑음,단일로 - 기타,승용,남,54세,상해없음,원동기,남,72세,중상
2015101000100225,2015년 10월 10일 10시,토요일,경상북도 영천시 망정동,중상사고,0,1,1,0,차대차 - 추돌 - 진행중,안전운전불이행,건조,맑음,단일로 - 기타,이륜,남,74세,경상,승용,남,26세,상해없음
2015101000100226,2015년 10월 10일 10시,토요일,경상북도 문경시 공평동,경상사고,0,0,1,0,차대차 - 측면직각충돌,직진우회전진행방해,건조,맑음,교차로 - 교차로안,승용,남,25세,상해없음,승용,여,56세,경상
2015101000100256,2015년 10월 10일 11시,토요일,경상북도 경산시 계양동,사망사고,1,0,0,0,차대사람 - 길가장자리구역통행중,안전운전불이행,건조,맑음,단일로 - 기타,승용,남,40세,상해없음,보행자,남,81세,사망
2015101000100257,2015년 10월 10일 11시,토요일,경상북도 울릉군 울릉읍,경상사고,0,0,1,0,차대사람 - 기타,안전운전불이행,건조,맑음,단일로 - 기타,승용,남,54세,상해없음,보행자,남,60세,경상
2015101000100283,2015년 10월 10일 12시,토요일,경상북도 상주시 도남동,중상사고,0,1,1,0,차대차 - 정면충돌,안전운전불이행,건조,맑음,단일로 - 기타,화물,남,48세,상해없음,승용,여,40세,경상
2015101000100284,2015년 10월 10일 12시,토요일,경상북도 상주시 초산동,중상사고,0,1,0,0,차량단독 - 기타,안전운전불이행,건조,맑음,단일로 - 기타,승용,여,41세,상해없음,,,,
2015101000100285,2015년 10월 10일 12시,토요일,경상북도 구미시 남통동,중상사고,0,1,0,0,차대사람 - 기타,안전운전불이행,건조,맑음,단일로 - 기타,승용,남,35세,상해없음,보행자,남,50세,중상
2015101000100319,2015년 10월 10일 13시,토요일,경상북도 경산시 옥산동,중상사고,0,1,0,0,차대차 - 기타,안전운전불이행,건조,맑음,단일로 - 기타,자전거,여,80세,중상,승용,남,51세,상해없음
2015101000100320,2015년 10월 10일 13시,토요일,경상북도 울진군 북면,경상사고,0,0,2,0,차량단독 - 공작물충돌,기타,건조,맑음,교차로 - 교차로안,화물,남,72세,경상,,,,
2015101000100321,2015년 10월 10일 13시,토요일,경상북도 군위군 효령면,중상사고,0,1,0,0,차대차 - 기타,안전운전불이행,건조,맑음,단일로 - 기타,승용,여,56세,상해없음,농기계,남,73세,중상
2015101000100322,2015년 10월 10일 13시,토요일,경상북도 포항시 남구 대송면,중상사고,0,1,0,0,차대차 - 기타,안전운전불이행,건조,맑음,교차로 - 교차로안,승용,남,47세,상해없음,이륜,남,42세,중상
2015101000100323,2015년 10월 10일 13시,토요일,경상북도 포항시 남구 상도동,경상사고,0,0,3,0,차대차 - 측면직각충돌,안전운전불이행,건조,맑음,단일로 - 기타,승용,여,53세,상해없음,승용,여,37세,경상
2015101000100357,2015년 10월 10일 14시,토요일,경상북도 포항시 북구 환호동,경상사고,0,0,1,0,차대차 - 기타,안전운전불이행,건조,맑음,교차로 - 교차로부근,승용,여,58세,상해없음,자전거,여,63세,경상
2015101000100358,2015년 10월 10일 14시,토요일,경상북도 영주시 상망동,경상사고,0,0,1,0,차대차 - 추돌 - 진행중,안전운전불이행,건조,맑음,단일로 - 기타,화물,남,64세,상해없음,승용,여,57세,경상
2015101000100359,2015년 10월 10일 14시,토요일,경상북도 영주시 가흥동,중상사고,0,1,0,0,차대차 - 측면직각충돌,안전운전불이행,건조,맑음,교차로 - 교차로안,화물,남,53세,상해없음,원동기,남,53세,중상
2015101000100360,2015년 10월 10일 14시,토요일,경상북도 영주시 가흥동,경상사고,0,0,1,0,차대차 - 기타,신호위반,건조,맑음,교차로 - 교차로안,승용,남,66세,상해없음,승합,남,52세,상해없음
2015101000100394,2015년 10월 10일 15시,토요일,경상북도 포항시 남구 대도동,경상사고,0,0,1,0,차대차 - 기타,신호위반,건조,맑음,교차로 - 교차로안,승용,남,59세,상해없음,승합,남,69세,경상
2015101000100456,2015년 10월 10일 17시,토요일,경상북도 구미시 오태동,중상사고,0,1,0,0,차대사람 - 기타,안전운전불이행,건조,맑음,단일로 - 기타,승용,여,48세,상해없음,보행자,여,6세,중상
2015101000100457,2015년 10월 10일 17시,토요일,경상북도 구미시 장천면,경상사고,0,0,4,0,차대차 - 기타,신호위반,건조,맑음,교차로 - 교차로안,승용,남,33세,경상,화물,남,61세,경상
2015101000100523,2015년 10월 10일 18시,토요일,경상북도 의성군 가음면,경상사고,0,0,2,0,차대차 - 정면충돌,중앙선침범,건조,맑음,단일로 - 기타,승용,남,41세,상해없음,승용,여,37세,경상
2015101000100524,2015년 10월 10일 18시,토요일,경상북도 구미시 진평동,경상사고,0,0,1,0,차대차 - 기타,안전운전불이행,건조,맑음,단일로 - 기타,이륜,남,25세,기타불명,승용,여,45세,경상
2015101000100525,2015년 10월 10일 18시,토요일,경상북도 포항시 남구 대송면,중상사고,0,1,0,0,차대사람 - 횡단중,안전운전불이행,건조,맑음,교차로 - 교차로부근,화물,남,70세,상해없음,보행자,여,84세,중상
2015101000100580,2015년 10월 10일 19시,토요일,경상북도 안동시 수상동,중상사고,0,1,0,0,차대차 - 측면직각충돌,안전거리미확보,습기,비,단일로 - 기타,승용,남,50세,상해없음,승용,남,39세,중상
2015101000100581,2015년 10월 10일 19시,토요일,경상북도 구미시 공단동,중상사고,0,1,0,0,차대차 - 추돌 - 주정차중,안전운전불이행,습기,비,교차로 - 교차로부근,승용,남,28세,상해없음,승용,남,34세,중상
2015101000100619,2015년 10월 10일 20시,토요일,경상북도 구미시 인의동,경상사고,0,0,3,0,차대차 - 기타,중앙선침범,습기,비,교차로 - 교차로부근,승용,여,31세,상해없음,승용,남,43세,경상
2015101000100656,2015년 10월 10일 21시,토요일,경상북도 칠곡군 왜관읍,경상사고,0,0,1,0,차대차 - 기타,직진우회전진행방해,습기,비,교차로 - 교차로안,승용,여,49세,상해없음,원동기,남,33세,경상
2015101000100657,2015년 10월 10일 21시,토요일,경상북도 영천시 신령면,중상사고,0,2,1,0,차대차 - 정면충돌,중앙선침범,습기,비,단일로 - 기타,승용,여,44세,중상,승합,남,50세,경상
2015101000100658,2015년 10월 10일 21시,토요일,경상북도 경산시 진량읍,경상사고,0,0,1,0,차대사람 - 횡단중,안전운전불이행,습기,비,단일로 - 기타,승용,남,53세,상해없음,보행자,남,41세,경상
2015101000100735,2015년 10월 10일 23시,토요일,경상북도 경주시 노동동,경상사고,0,0,1,0,차대차 - 기타,신호위반,습기,비,교차로 - 교차로안,승용,남,26세,상해없음,자전거,남,34세,경상
2015101000100736,2015년 10월 10일 23시,토요일,경상북도 경주시 외동읍,부상신고사고,0,0,0,2,차대차 - 측면직각충돌,중앙선침범,건조,맑음,단일로 - 기타,이륜,남,35세,부상신고,승용,남,61세,상해없음
2015101100100039,2015년 10월 11일 01시,일요일,경상북도 김천시 다수동,중상사고,0,4,0,0,차대차 - 측면직각충돌,차로위반,습기,비,교차로 - 교차로안,화물,남,62세,중상,승용,남,20세,중상
2015101100100040,2015년 10월 11일 01시,일요일,경상북도 영주시 가흥동,중상사고,0,1,0,0,차대차 - 기타,안전운전불이행,건조,맑음,교차로 - 교차로안,승용,여,59세,상해없음,승용,남,54세,중상
2015101100100069,2015년 10월 11일 03시,일요일,경상북도 경산시 조영동,경상사고,0,0,1,0,차대사람 - 기타,기타,습기,비,단일로 - 기타,기타불명,기타불명,기타불명,기타불명,보행자,남,22세,경상
2015101100100070,2015년 10월 11일 03시,일요일,경상북도 구미시 구평동,중상사고,0,1,0,0,차대차 - 기타,신호위반,건조,기타,단일로 - 기타,승용,여,44세,상해없음,원동기,남,22세,중상
2015101100100087,2015년 10월 11일 05시,일요일,경상북도 경주시 충효동,사망사고,1,0,0,0,차대차 - 추돌 - 진행중,안전운전불이행,건조,맑음,단일로 - 기타,승용,남,57세,상해없음,자전거,남,62세,사망
2015101100100096,2015년 10월 11일 06시,일요일,경상북도 경산시 진량읍,경상사고,0,0,1,0,차대차 - 기타,안전운전불이행,건조,맑음,단일로 - 기타,승용,남,24세,경상,승용,남,35세,기타불명
2015101100100105,2015년 10월 11일 07시,일요일,경상북도 경주시 탑동,경상사고,0,0,3,0,차대차 - 기타,안전운전불이행,건조,맑음,교차로 - 교차로안,승용,남,42세,경상,승용,남,21세,경상
2015101100100106,2015년 10월 11일 07시,일요일,경상북도 영주시 영주동,경상사고,0,0,2,0,차대차 - 추돌 - 진행중,안전운전불이행,건조,맑음,단일로 - 기타,화물,남,55세,상해없음,승용,남,42세,경상
2015101100100135,2015년 10월 11일 09시,일요일,경상북도 경주시 구황동,중상사고,0,2,0,0,차대차 - 기타,안전운전불이행,건조,맑음,단일로 - 기타,승용,남,29세,상해없음,승용,남,32세,중상
2015101100100136,2015년 10월 11일 09시,일요일,경상북도 영주시 풍기읍,경상사고,0,0,9,0,차대차 - 추돌 - 진행중,안전운전불이행,건조,맑음,교차로 - 교차로안,승용,남,35세,상해없음,승용,남,50세,경상
2015101100100137,2015년 10월 11일 09시,일요일,경상북도 영주시 상망동,중상사고,0,1,0,0,차량단독 - 기타,안전운전불이행,습기,흐림,단일로 - 기타,원동기,남,79세,상해없음,,,,
2015101100100138,2015년 10월 11일 09시,일요일,경상북도 군위군 우보면,중상사고,0,1,0,0,차대사람 - 기타,안전운전불이행,습기,맑음,단일로 - 기타,승용,남,68세,상해없음,보행자,여,42세,중상
2015101100100163,2015년 10월 11일 10시,일요일,경상북도 문경시 모전동,경상사고,0,0,1,0,차대차 - 기타,안전운전불이행,건조,맑음,단일로 - 기타,승용,남,62세,상해없음,승용,남,31세,경상
2015101100100164,2015년 10월 11일 10시,일요일,경상북도 경산시 대동,경상사고,0,0,4,0,차대차 - 기타,안전운전불이행,건조,맑음,단일로 - 기타,승합,남,60세,상해없음,승용,남,30세,경상
2015101100100192,2015년 10월 11일 11시,일요일,경상북도 경주시 양남면,경상사고,0,0,1,0,차량단독 - 기타,안전운전불이행,건조,맑음,단일로 - 기타,농기계,남,80세,경상,,,,
2015101100100220,2015년 10월 11일 12시,일요일,경상북도 경산시 하양읍,중상사고,0,1,0,0,차대차 - 기타,직진우회전진행방해,건조,맑음,교차로 - 교차로안,승합,남,58세,상해없음,승용,남,23세,중상
2015101100100221,2015년 10월 11일 12시,일요일,경상북도 포항시 남구 해도동,경상사고,0,0,1,2,차대차 - 추돌 - 주정차중,안전운전불이행,건조,맑음,단일로 - 기타,승합,남,47세,상해없음,승용,남,46세,경상
2015101100100246,2015년 10월 11일 13시,일요일,경상북도 경주시 황오동,경상사고,0,0,1,0,차대차 - 측면직각충돌,안전운전불이행,건조,맑음,교차로 - 교차로부근,승용,남,71세,상해없음,승용,남,55세,경상
2015101100100247,2015년 10월 11일 13시,일요일,경상북도 경산시 계양동,중상사고,0,1,0,0,차대사람 - 기타,보행자보호의무위반,건조,맑음,교차로 - 교차로안,승용,남,64세,상해없음,보행자,여,57세,중상
2015101100100270,2015년 10월 11일 14시,일요일,경상북도 포항시 북구 양덕동,경상사고,0,0,1,0,차대차 - 기타,직진우회전진행방해,건조,맑음,교차로 - 교차로부근,승용,여,48세,상해없음,승용,여,56세,경상
2015101100100297,2015년 10월 11일 15시,일요일,경상북도 영덕군 축산면,중상사고,0,3,0,0,차대차 - 기타,안전거리미확보,건조,맑음,단일로 - 기타,승용,여,47세,상해없음,승합,남,54세,상해없음
2015101100100331,2015년 10월 11일 16시,일요일,경상북도 상주시 함창읍,중상사고,0,1,1,0,차대차 - 정면충돌,신호위반,습기,비,단일로 - 기타,화물,남,60세,중상,승합,남,55세,경상