사고번호,사고일시,요일,시군구,사고내용,사망자수,중상자수,경상자수,부상신고자수,사고유형,법규위반,노면상태,기상상태,도로형태,가해운전자 차종,가해운전자 성별,가해운전자 연령,가해운전자 상해정도,피해운전자 차종,피해운전자 성별,피해운전자 연령,피해운전자 상해정도
2015101100100332,2015년 10월 11일 16시,일요일,경상북도 고령군 다산면,중상사고,0,3,0,0,차대차 - 정면충돌,안전운전불이행,건조,맑음,교차로 - 교차로안,화물,남,53세,중상,화물,남,37세,중상
2015101100100333,2015년 10월 11일 16시,일요일,경상북도 구미시 고아읍,중상사고,0,3,1,0,차대차 - 추돌 - 주정차중,안전거리미확보,건조,맑음,교차로 - 교차로부근,승용,여,48세,상해없음,화물,남,49세,상해없음
2015101100100366,2015년 10월 11일 17시,일요일,경상북도 안동시 옥동,중상사고,0,3,0,0,차대차 - 측면직각충돌,안전운전불이행,습기,비,교차로 - 교차로안,승용,여,56세,중상,승용,남,58세,상해없음
2015101100100367,2015년 10월 11일 17시,일요일,경상북도 김천시 아포읍,경상사고,0,0,3,0,차대차 - 측면직각충돌,신호위반,습기,비,교차로 - 교차로안,승용,남,57세,상해없음,승용,남,54세,경상
2015101100100368,2015년 10월 11일 17시,일요일,경상북도 상주시 낙동면,중상사고,0,6,1,0,차대차 - 측면직각충돌,안전운전불이행,습기,비,단일로 - 기타,승용,남,44세,중상,화물,남,53세,상해없음
2015101100100369,2015년 10월 11일 17시,일요일,경상북도 문경시 영순면,중상사고,0,1,2,0,차대차 - 측면직각충돌,안전운전불이행,습기,비,교차로 - 교차로안,승용,남,19세,경상,화물,남,39세,경상
2015101100100403,2015년 10월 11일 18시,일요일,경상북도 구미시 원평동,중상사고,0,1,0,0,차대사람 - 기타,신호위반,습기,비,교차로 - 교차로안,이륜,남,20세,상해없음,보행자,남,18세,중상
2015101100100435,2015년 10월 11일 19시,일요일,경상북도 경주시 황성동,경상사고,0,0,1,0,차대사람 - 기타,안전운전불이행,건조,맑음,교차로 - 교차로부근,승용,남,30세,상해없음,보행자,남,46세,경상
2015101100100436,2015년 10월 11일 19시,일요일,경상북도 안동시 송현동,중상사고,0,3,0,0,차대차 - 추돌 - 주정차중,안전운전불이행,건조,흐림,교차로 - 교차로부근,승용,여,53세,중상,승용,남,61세,중상
2015101100100437,2015년 10월 11일 19시,일요일,경상북도 칠곡군 동명면,경상사고,0,0,1,0,차대차 - 측면직각충돌,신호위반,습기,비,교차로 - 교차로안,화물,남,50세,상해없음,승용,남,42세,상해없음
2015101100100438,2015년 10월 11일 19시,일요일,경상북도 경산시 정평동,경상사고,0,0,4,0,차대차 - 측면직각충돌,안전운전불이행,건조,맑음,단일로 - 기타,이륜,남,16세,경상,승용,여,56세,경상
2015101100100439,2015년 10월 11일 19시,일요일,경상북도 포항시 남구 호동,경상사고,0,0,2,0,차대차 - 추돌 - 진행중,안전운전불이행,습기,비,단일로 - 터널,승용,남,50세,경상,화물,남,57세,경상
2015101100100467,2015년 10월 11일 20시,일요일,경상북도 영천시 고경면,중상사고,0,1,0,0,차대사람 - 횡단중,안전운전불이행,습기,비,단일로 - 기타,승용,남,36세,상해없음,보행자,남,55세,중상
2015101100100468,2015년 10월 11일 20시,일요일,경상북도 경산시 와촌면,중상사고,0,1,0,0,차대차 - 기타,신호위반,습기,비,교차로 - 교차로안,승용,여,50세,상해없음,승용,여,57세,중상
2015101100100469,2015년 10월 11일 20시,일요일,경상북도 구미시 구평동,중상사고,0,1,0,0,차대사람 - 기타,안전운전불이행,습기,비,단일로 - 기타,승용,남,23세,상해없음,보행자,남,56세,중상
2015101100100496,2015년 10월 11일 21시,일요일,경상북도 경산시 조영동,경상사고,0,0,1,0,차대차 - 기타,중앙선침범,습기,비,단일로 - 기타,승용,여,36세,상해없음,특수,남,30세,경상
2015101100100497,2015년 10월 11일 21시,일요일,경상북도 구미시 시미동,경상사고,0,0,2,0,차대차 - 기타,안전운전불이행,건조,맑음,단일로 - 기타,승용,남,59세,상해없음,승용,남,29세,경상
2015101100100517,2015년 10월 11일 22시,일요일,경상북도 포항시 북구 죽도동,경상사고,0,0,1,0,차대차 - 기타,안전운전불이행,건조,맑음,단일로 - 횡단보도상,이륜,남,58세,상해없음,승용,남,39세,상해없음
2015101100100518,2015년 10월 11일 22시,일요일,경상북도 포항시 북구 죽도동,경상사고,0,0,1,0,차대차 - 추돌 - 주정차중,안전거리미확보,습기,비,단일로 - 기타,승용,여,61세,상해없음,승용,여,44세,경상
2015101100100534,2015년 10월 11일 23시,일요일,경상북도 영천시 금호읍,경상사고,0,0,1,0,철길건널목 - 기타,기타,건조,흐림,단일로 - 철길건널목,승용,여,51세,경상,기타불명,남,33세,상해없음
2015101200100009,2015년 10월 12일 00시,월요일,경상북도 영주시 영주동,중상사고,0,1,0,0,차대차 - 추돌 - 주정차중,안전운전불이행,건조,맑음,교차로 - 교차로부근,승용,여,47세,상해없음,승용,남,22세,중상
2015101200100010,2015년 10월 12일 00시,월요일,경상북도 포항시 남구 오천읍,중상사고,0,1,0,0,차대사람 - 길가장자리구역통행중,중앙선침범,건조,맑음,교차로 - 교차로부근,승용,남,27세,상해없음,보행자,여,19세,중상
2015101200100021,2015년 10월 12일 01시,월요일,경상북도 구미시 오태동,사망사고,1,0,0,0,차대사람 - 보도통행중,안전운전불이행,건조,흐림,교차로 - 교차로안,승용,남,19세,상해없음,보행자,남,37세,사망
2015101200100045,2015년 10월 12일 05시,월요일,경상북도 안동시 수상동,중상사고,0,1,0,0,차대차 - 측면직각충돌,중앙선침범,건조,흐림,단일로 - 기타,승용,남,50세,상해없음,승용,여,54세,중상
2015101200100046,2015년 10월 12일 05시,월요일,경상북도 구미시 원평동,중상사고,0,3,2,0,차대차 - 측면직각충돌,신호위반,건조,맑음,교차로 - 교차로안,승용,남,57세,중상,승합,남,44세,경상
2015101200100047,2015년 10월 12일 05시,월요일,경상북도 포항시 남구 연일읍,경상사고,0,0,1,0,차량단독 - 전도전복,안전운전불이행,건조,흐림,단일로 - 기타,이륜,남,18세,경상,,,,
2015101200100069,2015년 10월 12일 06시,월요일,경상북도 상주시 공성면,중상사고,0,1,1,0,차량단독 - 전도전복,안전운전불이행,습기,맑음,단일로 - 기타,화물,여,54세,중상,,,,
2015101200100070,2015년 10월 12일 06시,월요일,경상북도 군위군 군위읍,중상사고,0,2,0,0,차대차 - 기타,직진우회전진행방해,습기,흐림,교차로 - 교차로안,화물,남,57세,중상,승용,여,43세,중상
2015101200100099,2015년 10월 12일 07시,월요일,경상북도 봉화군 석포면,경상사고,0,0,1,0,차량단독 - 도로외이탈 - 기타,안전운전불이행,습기,맑음,단일로 - 기타,화물,남,23세,경상,,,,
2015101200100100,2015년 10월 12일 07시,월요일,경상북도 구미시 고아읍,부상신고사고,0,0,0,1,차대차 - 기타,안전운전불이행,건조,맑음,교차로 - 교차로부근,승용,여,50세,기타불명,승용,여,32세,상해없음
2015101200100101,2015년 10월 12일 07시,월요일,경상북도 구미시 인의동,경상사고,0,0,1,0,차대차 - 기타,교차로운행방법위반,건조,맑음,교차로 - 교차로안,승용,남,30세,경상,승용,남,29세,상해없음
2015101200100148,2015년 10월 12일 08시,월요일,경상북도 경주시 강동면,경상사고,0,0,3,0,차대차 - 기타,차로위반,건조,맑음,단일로 - 기타,승용,여,61세,경상,승용,남,62세,경상
2015101200100149,2015년 10월 12일 08시,월요일,경상북도 칠곡군 가산면,경상사고,0,0,1,1,차대차 - 측면직각충돌,안전거리미확보,건조,맑음,교차로 - 교차로부근,승용,여,38세,부상신고,승용,남,34세,경상
2015101200100150,2015년 10월 12일 08시,월요일,경상북도 포항시 남구 오천읍,경상사고,0,0,1,0,차대차 - 추돌 - 진행중,안전운전불이행,건조,맑음,단일로 - 기타,승용,여,42세,상해없음,승용,남,46세,경상
2015101200100192,2015년 10월 12일 09시,월요일,경상북도 경주시 강동면,경상사고,0,0,1,0,차대차 - 추돌 - 주정차중,안전운전불이행,건조,맑음,단일로 - 기타,화물,남,66세,상해없음,승용,남,46세,상해없음
2015101200100193,2015년 10월 12일 09시,월요일,경상북도 경주시 강동면,부상신고사고,0,0,0,1,차량단독 - 기타,안전운전불이행,건조,맑음,단일로 - 기타,화물,남,41세,부상신고,,,,
2015101200100194,2015년 10월 12일 09시,월요일,경상북도 경주시 안강읍,경상사고,0,0,1,0,차대차 - 기타,안전운전불이행,건조,맑음,교차로 - 교차로안,승용,남,70세,상해없음,자전거,남,64세,경상
2015101200100195,2015년 10월 12일 09시,월요일,경상북도 영천시 대창면,경상사고,0,0,1,0,차대차 - 측면직각충돌,안전운전불이행,건조,맑음,단일로 - 기타,화물,남,66세,상해없음,화물,남,63세,경상
2015101200100196,2015년 10월 12일 09시,월요일,경상북도 군위군 고로면,중상사고,0,1,1,4,차량단독 - 도로외이탈 - 기타,안전운전불이행,건조,맑음,단일로 - 기타,승합,남,57세,상해없음,,,,
2015101200100234,2015년 10월 12일 10시,월요일,경상북도 경주시 용강동,경상사고,0,0,1,0,차대차 - 추돌 - 주정차중,안전운전불이행,건조,맑음,단일로 - 기타,화물,남,50세,상해없음,승용,남,61세,경상
2015101200100235,2015년 10월 12일 10시,월요일,경상북도 문경시 문경읍,경상사고,0,0,2,0,차대차 - 기타,안전운전불이행,건조,맑음,단일로 - 기타,화물,남,60세,상해없음,승합,여,55세,경상
2015101200100267,2015년 10월 12일 11시,월요일,경상북도 경주시 동천동,경상사고,0,0,3,0,차대차 - 기타,안전운전불이행,건조,맑음,교차로 - 교차로안,화물,남,74세,경상,승용,여,45세,경상
2015101200100268,2015년 10월 12일 11시,월요일,경상북도 영주시 봉현면,경상사고,0,0,1,0,차대차 - 기타,안전운전불이행,건조,맑음,단일로 - 기타,화물,여,63세,상해없음,이륜,남,77세,경상
2015101200100302,2015년 10월 12일 12시,월요일,경상북도 경산시 압량면,경상사고,0,0,2,0,차대차 - 기타,중앙선침범,건조,맑음,단일로 - 기타,승용,남,32세,상해없음,승합,남,63세,경상
2015101200100303,2015년 10월 12일 12시,월요일,경상북도 구미시 선산읍,중상사고,0,2,0,0,차대차 - 측면직각충돌,교차로운행방법위반,건조,맑음,교차로 - 교차로안,승용,남,36세,상해없음,이륜,남,76세,중상
2015101200100334,2015년 10월 12일 13시,월요일,경상북도 상주시 남성동,경상사고,0,0,1,0,차대사람 - 기타,안전운전불이행,건조,맑음,교차로 - 교차로부근,승용,남,50세,상해없음,보행자,남,75세,경상
2015101200100335,2015년 10월 12일 13시,월요일,경상북도 칠곡군 왜관읍,중상사고,0,1,0,0,차대차 - 측면직각충돌,안전운전불이행,건조,맑음,단일로 - 기타,화물,남,46세,상해없음,승용,여,55세,중상
2015101200100336,2015년 10월 12일 13시,월요일,경상북도 군위군 효령면,사망사고,2,3,0,0,차대차 - 정면충돌,중앙선침범,건조,맑음,단일로 - 기타,승용,남,19세,중상,화물,남,63세,상해없음
2015101200100377,2015년 10월 12일 14시,월요일,경상북도 포항시 북구 죽도동,중상사고,0,1,0,0,차대사람 - 기타,신호위반,건조,맑음,교차로 - 교차로안,승용,여,41세,상해없음,보행자,여,87세,중상
2015101200100378,2015년 10월 12일 14시,월요일,경상북도 상주시 만산동,경상사고,0,0,1,0,차대차 - 측면직각충돌,교차로운행방법위반,건조,맑음,교차로 - 교차로안,승용,남,71세,상해없음,원동기,남,74세,경상
2015101200100379,2015년 10월 12일 14시,월요일,경상북도 의성군 의성읍,중상사고,0,1,0,0,차대사람 - 기타,중앙선침범,건조,맑음,단일로 - 기타,승용,남,66세,상해없음,보행자,여,39세,중상
2015101200100380,2015년 10월 12일 14시,월요일,경상북도 영천시 고경면,중상사고,0,2,0,0,차량단독 - 공작물충돌,기타,건조,맑음,단일로 - 기타,승합,남,57세,상해없음,,,,
2015101200100416,2015년 10월 12일 15시,월요일,경상북도 경주시 노서동,중상사고,0,1,0,0,차대차 - 기타,안전운전불이행,건조,맑음,단일로 - 기타,승용,남,22세,상해없음,이륜,여,25세,중상
2015101200100417,2015년 10월 12일 15시,월요일,경상북도 영주시 봉현면,경상사고,0,0,2,0,차대차 - 추돌 - 진행중,안전운전불이행,건조,맑음,교차로 - 교차로안,화물,남,24세,상해없음,승합,남,56세,상해없음
2015101200100418,2015년 10월 12일 15시,월요일,경상북도 구미시 선산읍,부상신고사고,0,0,0,1,차대차 - 측면직각충돌,안전운전불이행,건조,맑음,단일로 - 기타,이륜,남,73세,부상신고,승용,남,60세,상해없음
2015101200100454,2015년 10월 12일 16시,월요일,경상북도 안동시 용상동,중상사고,0,1,0,0,차대차 - 추돌 - 주정차중,안전운전불이행,건조,맑음,미분류 - 미분류,승용,남,34세,상해없음,화물,남,71세,중상
2015101200100455,2015년 10월 12일 16시,월요일,경상북도 청도군 청도읍,경상사고,0,0,1,0,차대차 - 기타,안전운전불이행,건조,맑음,교차로 - 교차로안,자전거,남,60세,경상,승용,남,55세,상해없음
2015101200100456,2015년 10월 12일 16시,월요일,경상북도 구미시 임은동,중상사고,0,1,2,0,차대차 - 추돌 - 진행중,안전운전불이행,건조,맑음,단일로 - 기타,승용,남,46세,상해없음,승용,남,51세,경상
2015101200100457,2015년 10월 12일 16시,월요일,경상북도 포항시 남구 송도동,중상사고,0,1,0,0,차대차 - 추돌 - 진행중,교차로운행방법위반,건조,맑음,교차로 - 교차로안,이륜,남,60세,중상,승용,남,66세,상해없음
2015101200100503,2015년 10월 12일 17시,월요일,경상북도 경주시 율동,중상사고,0,2,0,0,차대차 - 측면직각충돌,안전운전불이행,건조,맑음,단일로 - 기타,승용,여,48세,상해없음,화물,남,44세,중상
2015101200100504,2015년 10월 12일 17시,월요일,경상북도 김천시 평화동,중상사고,0,2,0,0,차대차 - 추돌 - 주정차중,안전운전불이행,건조,맑음,교차로 - 교차로안,화물,남,64세,상해없음,승용,남,63세,중상
2015101200100505,2015년 10월 12일 17시,월요일,경상북도 상주시 청리면,경상사고,0,0,1,0,차대차 - 측면직각충돌,교차로운행방법위반,건조,맑음,교차로 - 교차로안,승용,남,31세,상해없음,자전거,여,17세,경상
2015101200100506,2015년 10월 12일 17시,월요일,경상북도 칠곡군 왜관읍,경상사고,0,0,1,0,차대차 - 측면직각충돌,신호위반,건조,맑음,교차로 - 교차로안,화물,남,41세,상해없음,화물,남,56세,경상
2015101200100507,2015년 10월 12일 17시,월요일,경상북도 경산시 대평동,중상사고,0,1,0,0,차대차 - 기타,안전운전불이행,건조,맑음,단일로 - 기타,승합,남,67세,상해없음,이륜,여,52세,중상
2015101200100508,2015년 10월 12일 17시,월요일,경상북도 청도군 이서면,중상사고,0,1,0,0,차대사람 - 횡단중,안전운전불이행,건조,맑음,단일로 - 기타,승용,여,59세,상해없음,보행자,여,81세,중상
2015101200100509,2015년 10월 12일 17시,월요일,경상북도 구미시 공단동,중상사고,0,1,0,0,차대차 - 측면직각충돌,신호위반,건조,맑음,교차로 - 교차로안,승용,여,28세,상해없음,이륜,남,31세,중상
2015101200100559,2015년 10월 12일 18시,월요일,경상북도 경주시 노서동,경상사고,0,0,1,0,차대사람 - 기타,보행자보호의무위반,건조,맑음,교차로 - 교차로안,이륜,여,29세,상해없음,보행자,여,64세,경상
2015101200100560,2015년 10월 12일 18시,월요일,경상북도 경주시 인왕동,경상사고,0,0,1,0,차대사람 - 횡단중,안전운전불이행,건조,맑음,단일로 - 기타,자전거,남,67세,상해없음,보행자,여,75세,경상
2015101200100561,2015년 10월 12일 18시,월요일,경상북도 안동시 안흥동,경상사고,0,0,2,0,차대차 - 기타,차로위반,건조,맑음,단일로 - 기타,승용,남,54세,상해없음,화물,남,28세,경상
2015101200100562,2015년 10월 12일 18시,월요일,경상북도 경산시 조영동,경상사고,0,0,1,0,차대차 - 기타,안전운전불이행,건조,맑음,교차로 - 교차로안,이륜,남,18세,상해없음,승용,남,59세,경상
2015101200100563,2015년 10월 12일 18시,월요일,경상북도 성주군 용암면,사망사고,1,3,0,0,차대차 - 정면충돌,안전운전불이행,건조,맑음,교차로 - 교차로안,화물,남,57세,중상,화물,남,33세,중상
2015101200100564,2015년 10월 12일 18시,월요일,경상북도 포항시 남구 연일읍,부상신고사고,0,0,0,1,차대사람 - 길가장자리구역통행중,안전운전불이행,건조,맑음,단일로 - 기타,기타불명,기타불명,기타불명,기타불명,보행자,여,12세,부상신고
2015101200100612,2015년 10월 12일 19시,월요일,경상북도 안동시 태화동,중상사고,0,1,0,0,차대차 - 측면직각충돌,안전운전불이행,건조,흐림,교차로 - 교차로안,이륜,남,59세,중상,화물,남,39세,상해없음
2015101200100613,2015년 10월 12일 19시,월요일,경상북도 경산시 중방동,경상사고,0,0,1,0,차대차 - 기타,안전운전불이행,건조,맑음,교차로 - 교차로부근,승용,남,35세,상해없음,이륜,남,31세,경상
2015101200100614,2015년 10월 12일 19시,월요일,경상북도 경산시 임당동,중상사고,0,1,0,0,차대사람 - 기타,보행자보호의무위반,건조,맑음,교차로 - 교차로부근,승합,남,38세,상해없음,보행자,남,28세,중상
2015101200100615,2015년 10월 12일 19시,월요일,경상북도 구미시 진평동,중상사고,0,1,0,0,차대차 - 기타,교차로운행방법위반,건조,맑음,교차로 - 교차로안,승합,남,54세,상해없음,원동기,남,35세,중상
2015101200100644,2015년 10월 12일 20시,월요일,경상북도 안동시 옥동,경상사고,0,0,1,0,차대차 - 기타,안전거리미확보,건조,맑음,교차로 - 교차로부근,승용,여,52세,상해없음,승용,남,52세,상해없음
2015101200100645,2015년 10월 12일 20시,월요일,경상북도 문경시 점촌동,부상신고사고,0,0,0,1,차대사람 - 기타,안전운전불이행,건조,맑음,단일로 - 기타,승용,여,57세,상해없음,보행자,남,57세,부상신고
2015101200100675,2015년 10월 12일 21시,월요일,경상북도 경산시 하양읍,경상사고,0,0,2,0,차대차 - 추돌 - 진행중,안전거리미확보,건조,맑음,단일로 - 기타,승용,남,48세,상해없음,승용,남,24세,경상
2015101200100676,2015년 10월 12일 21시,월요일,경상북도 구미시 봉곡동,경상사고,0,0,1,0,차대차 - 기타,교차로운행방법위반,건조,맑음,교차로 - 교차로안,승용,여,43세,기타불명,승용,남,25세,경상
2015101200100704,2015년 10월 12일 22시,월요일,경상북도 구미시 봉곡동,부상신고사고,0,0,0,1,차대차 - 기타,교차로운행방법위반,건조,맑음,교차로 - 교차로안,원동기,남,17세,부상신고,승용,남,48세,상해없음
2015101200100728,2015년 10월 12일 23시,월요일,경상북도 칠곡군 북삼읍,경상사고,0,0,1,0,차량단독 - 기타,안전운전불이행,건조,맑음,단일로 - 기타,자전거,남,35세,경상,,,,
2015101300100004,2015년 10월 13일 00시,화요일,경상북도 경주시 성건동,경상사고,0,0,1,0,차대차 - 추돌 - 주정차중,안전운전불이행,건조,맑음,단일로 - 기타,승용,남,54세,상해없음,승용,남,36세,경상
2015101300100005,2015년 10월 13일 00시,화요일,경상북도 구미시 형곡동,경상사고,0,0,2,0,차대사람 - 기타,안전운전불이행,건조,맑음,기타 - 기타,기타불명,기타불명,기타불명,기타불명,보행자,여,54세,경상
2015101300100006,2015년 10월 13일 00시,화요일,경상북도 포항시 남구 대잠동,경상사고,0,0,2,0,차대차 - 측면직각충돌,직진우회전진행방해,건조,맑음,교차로 - 교차로안,승용,여,46세,경상,승용,남,63세,경상
2015101300100027,2015년 10월 13일 01시,화요일,경상북도 구미시 옥계동,중상사고,0,3,0,0,차대차 - 기타,신호위반,건조,맑음,교차로 - 교차로안,승용,남,37세,상해없음,승용,남,46세,중상
2015101300100041,2015년 10월 13일 03시,화요일,경상북도 경산시 하양읍,중상사고,0,2,0,0,차대차 - 기타,안전운전불이행,건조,맑음,단일로 - 기타,승용,남,28세,상해없음,승용,남,38세,중상
2015101300100042,2015년 10월 13일 03시,화요일,경상북도 구미시 임수동,중상사고,0,1,1,0,차대차 - 기타,안전운전불이행,건조,맑음,교차로 - 교차로안,승용,남,33세,상해없음,승용,남,35세,경상
2015101300100072,2015년 10월 13일 06시,화요일,경상북도 영덕군 영덕읍,중상사고,0,1,1,0,차대차 - 측면직각충돌,기타,건조,맑음,교차로 - 교차로안,화물,여,55세,중상,화물,남,59세,경상
2015101300100095,2015년 10월 13일 07시,화요일,경상북도 영주시 풍기읍,경상사고,0,0,1,0,차대차 - 기타,안전운전불이행,건조,맑음,교차로 - 교차로안,승용,남,59세,상해없음,승용,남,51세,상해없음
2015101300100096,2015년 10월 13일 07시,화요일,경상북도 경산시 압량면,중상사고,0,1,0,0,차대사람 - 기타,안전운전불이행,건조,맑음,단일로 - 기타,화물,남,59세,상해없음,보행자,남,81세,중상
2015101300100097,2015년 10월 13일 07시,화요일,경상북도 경산시 하양읍,경상사고,0,0,1,0,차대차 - 기타,신호위반,건조,맑음,교차로 - 교차로부근,화물,남,33세,상해없음,승용,남,26세,경상
2015101300100098,2015년 10월 13일 07시,화요일,경상북도 포항시 남구 오천읍,중상사고,0,1,0,0,차대차 - 추돌 - 진행중,중앙선침범,건조,맑음,단일로 - 기타,화물,남,59세,상해없음,승용,남,32세,중상
2015101300100099,2015년 10월 13일 07시,화요일,경상북도 포항시 남구 오천읍,경상사고,0,0,2,0,차대차 - 기타,직진우회전진행방해,건조,맑음,교차로 - 교차로안,승용,남,31세,상해없음,승용,남,27세,경상
2015101300100152,2015년 10월 13일 08시,화요일,경상북도 경주시 동천동,경상사고,0,0,1,0,차대차 - 기타,안전운전불이행,건조,맑음,단일로 - 기타,승용,남,21세,상해없음,자전거,여,23세,경상
2015101300100154,2015년 10월 13일 08시,화요일,경상북도 영천시 야사동,부상신고사고,0,0,0,1,차대차 - 측면직각충돌,안전운전불이행,건조,맑음,단일로 - 기타,승용,남,62세,상해없음,승용,남,53세,부상신고
2015101300100191,2015년 10월 13일 09시,화요일,경상북도 상주시 낙양동,경상사고,0,0,2,0,차대차 - 측면직각충돌,신호위반,건조,맑음,교차로 - 교차로안,화물,남,60세,경상,승용,남,37세,경상
2015101300100192,2015년 10월 13일 09시,화요일,경상북도 칠곡군 가산면,부상신고사고,0,0,0,1,차량단독 - 전도전복,안전운전불이행,건조,맑음,단일로 - 기타,이륜,남,18세,부상신고,,,,
2015101300100231,2015년 10월 13일 10시,화요일,경상북도 포항시 북구 기계면,경상사고,0,0,1,0,차대차 - 측면직각충돌,교차로운행방법위반,건조,맑음,교차로 - 교차로안,승합,남,55세,상해없음,화물,남,49세,경상
2015101300100232,2015년 10월 13일 10시,화요일,경상북도 예천군 예천읍,중상사고,0,1,0,0,차대차 - 측면직각충돌,안전운전불이행,건조,맑음,교차로 - 교차로안,승용,여,55세,상해없음,원동기,여,60세,중상
2015101300100233,2015년 10월 13일 10시,화요일,경상북도 울진군 온정면,경상사고,0,0,1,0,차량단독 - 공작물충돌,안전운전불이행,건조,맑음,기타 - 기타,승용,여,61세,경상,,,,
2015101300100259,2015년 10월 13일 11시,화요일,경상북도 포항시 북구 죽도동,경상사고,0,0,1,0,차대사람 - 기타,안전운전불이행,건조,맑음,단일로 - 기타,승용,여,28세,상해없음,보행자,여,73세,경상
2015101300100289,2015년 10월 13일 12시,화요일,경상북도 영천시 금호읍,중상사고,0,1,0,0,차대사람 - 횡단중,안전운전불이행,건조,맑음,단일로 - 기타,화물,남,56세,상해없음,보행자,여,76세,중상
2015101300100290,2015년 10월 13일 12시,화요일,경상북도 구미시 원평동,경상사고,0,0,1,0,차대사람 - 기타,보행자보호의무위반,건조,맑음,교차로 - 교차로안,화물,남,71세,상해없음,보행자,여,77세,경상
2015101300100323,2015년 10월 13일 13시,화요일,경상북도 안동시 송현동,경상사고,0,0,1,0,차대차 - 기타,신호위반,건조,맑음,교차로 - 교차로안,승용,남,61세,상해없음,승용,여,40세,경상
2015101300100324,2015년 10월 13일 13시,화요일,경상북도 영덕군 영덕읍,중상사고,0,1,0,0,차대차 - 측면직각충돌,교차로운행방법위반,건조,맑음,교차로 - 교차로안,승용,여,51세,상해없음,이륜,남,19세,중상
2015101300100352,2015년 10월 13일 14시,화요일,경상북도 청도군 청도읍,경상사고,0,0,1,0,차대차 - 추돌 - 주정차중,안전운전불이행,건조,맑음,단일로 - 기타,화물,남,34세,상해없음,승용,남,33세,경상
2015101300100393,2015년 10월 13일 15시,화요일,경상북도 경주시 황남동,경상사고,0,0,1,0,차대차 - 기타,안전운전불이행,건조,맑음,교차로 - 교차로부근,승용,남,71세,상해없음,승용,남,61세,경상
2015101300100394,2015년 10월 13일 15시,화요일,경상북도 안동시 송현동,부상신고사고,0,0,0,1,차대차 - 기타,안전운전불이행,건조,맑음,단일로 - 기타,이륜,남,29세,부상신고,승용,남,72세,상해없음
2015101300100395,2015년 10월 13일 15시,화요일,경상북도 구미시 고아읍,부상신고사고,0,0,0,1,차대사람 - 기타,안전운전불이행,건조,맑음,기타 - 기타,기타불명,기타불명,기타불명,기타불명,보행자,남,10세,부상신고
2015101300100434,2015년 10월 13일 16시,화요일,경상북도 포항시 북구 덕산동,경상사고,0,0,2,0,차대차 - 기타,신호위반,건조,맑음,교차로 - 교차로안,승합,남,53세,상해없음,승용,여,45세,경상
2015101300100435,2015년 10월 13일 16시,화요일,경상북도 경산시 하양읍,경상사고,0,0,1,0,차대차 - 측면직각충돌,안전거리미확보,건조,맑음,교차로 - 교차로부근,건설기계,남,49세,상해없음,승용,여,42세,경상
2015101300100468,2015년 10월 13일 17시,화요일,경상북도 경주시 양북면,중상사고,0,1,0,0,차대차 - 기타,중앙선침범,건조,맑음,교차로 - 교차로부근,이륜,남,70세,중상,승용,남,58세,상해없음
2015101300100469,2015년 10월 13일 17시,화요일,경상북도 포항시 북구 대흥동,경상사고,0,0,1,0,차대차 - 기타,교차로운행방법위반,건조,맑음,교차로 - 교차로안,화물,남,56세,상해없음,화물,남,63세,경상
2015101300100470,2015년 10월 13일 17시,화요일,경상북도 안동시 풍산읍,경상사고,0,0,1,0,차대차 - 기타,안전운전불이행,건조,맑음,교차로 - 교차로안,화물,남,45세,상해없음,승용,여,30세,경상
2015101300100471,2015년 10월 13일 17시,화요일,경상북도 안동시 와룡면,중상사고,0,1,0,0,차량단독 - 기타,안전운전불이행,건조,맑음,단일로 - 기타,이륜,남,70세,중상,,,,
2015101300100472,2015년 10월 13일 17시,화요일,경상북도 영주시 풍기읍,경상사고,0,0,1,0,차대차 - 추돌 - 진행중,안전운전불이행,건조,맑음,교차로 - 교차로안,화물,남,63세,상해없음,승용,여,43세,경상
2015101300100519,2015년 10월 13일 18시,화요일,경상북도 경주시 사정동,중상사고,0,1,0,0,차대차 - 기타,안전운전불이행,건조,맑음,단일로 - 기타,화물,남,57세,상해없음,자전거,남,54세,중상
2015101300100520,2015년 10월 13일 18시,화요일,경상북도 경주시 양남면,경상사고,0,0,1,0,차대사람 - 길가장자리구역통행중,안전운전불이행,건조,맑음,교차로 - 교차로안,승용,남,36세,상해없음,보행자,남,43세,경상
2015101300100521,2015년 10월 13일 18시,화요일,경상북도 포항시 북구 우현동,부상신고사고,0,0,0,1,차량단독 - 전도전복,안전운전불이행,건조,맑음,교차로 - 교차로부근,이륜,남,18세,부상신고,,,,
2015101300100522,2015년 10월 13일 18시,화요일,경상북도 경산시 옥산동,경상사고,0,0,1,0,차대차 - 기타,안전운전불이행,건조,맑음,교차로 - 교차로부근,승용,남,51세,상해없음,승용,여,51세,경상
2015101300100523,2015년 10월 13일 18시,화요일,경상북도 영양군 청기면,경상사고,0,0,1,0,차대차 - 정면충돌,중앙선침범,건조,맑음,단일로 - 기타,화물,남,71세,상해없음,승합,남,55세,상해없음