사고번호,사고일시,요일,시군구,사고내용,사망자수,중상자수,경상자수,부상신고자수,사고유형,법규위반,노면상태,기상상태,도로형태,가해운전자 차종,가해운전자 성별,가해운전자 연령,가해운전자 상해정도,피해운전자 차종,피해운전자 성별,피해운전자 연령,피해운전자 상해정도
2015101300100524,2015년 10월 13일 18시,화요일,경상북도 포항시 남구 오천읍,경상사고,0,0,1,0,차대차 - 추돌 - 주정차중,안전운전불이행,건조,맑음,단일로 - 기타,승용,여,51세,상해없음,승용,남,33세,상해없음
2015101300100578,2015년 10월 13일 19시,화요일,경상북도 안동시 안막동,경상사고,0,0,1,0,차대사람 - 기타,안전운전불이행,건조,맑음,단일로 - 기타,화물,남,55세,상해없음,보행자,남,53세,경상
2015101300100579,2015년 10월 13일 19시,화요일,경상북도 경산시 조영동,경상사고,0,0,1,0,차대사람 - 기타,보행자보호의무위반,건조,맑음,교차로 - 교차로부근,기타불명,기타불명,기타불명,기타불명,보행자,남,52세,경상
2015101300100580,2015년 10월 13일 19시,화요일,경상북도 구미시 구평동,경상사고,0,0,1,0,차대차 - 기타,안전운전불이행,건조,맑음,단일로 - 기타,승용,여,53세,상해없음,승용,여,31세,경상
2015101300100612,2015년 10월 13일 20시,화요일,경상북도 예천군 지보면,중상사고,0,1,0,0,차대사람 - 횡단중,과속,건조,맑음,교차로 - 교차로부근,승용,남,48세,상해없음,보행자,여,67세,중상
2015101300100613,2015년 10월 13일 20시,화요일,경상북도 구미시 도량동,경상사고,0,0,1,0,차대차 - 측면직각충돌,교차로운행방법위반,건조,맑음,교차로 - 교차로안,승용,남,39세,상해없음,승용,남,31세,경상
2015101300100614,2015년 10월 13일 20시,화요일,경상북도 구미시 남통동,경상사고,0,0,1,0,차대차 - 측면직각충돌,안전운전불이행,건조,맑음,교차로 - 교차로부근,승용,남,40세,상해없음,승용,여,40세,경상
2015101300100654,2015년 10월 13일 21시,화요일,경상북도 상주시 함창읍,경상사고,0,0,1,0,차대차 - 추돌 - 주정차중,안전운전불이행,건조,맑음,단일로 - 기타,승용,남,30세,상해없음,승용,남,56세,경상
2015101300100655,2015년 10월 13일 21시,화요일,경상북도 경산시 남산면,중상사고,0,1,0,0,차대차 - 기타,안전운전불이행,건조,맑음,단일로 - 기타,승용,남,58세,상해없음,승용,여,37세,중상
2015101300100671,2015년 10월 13일 22시,화요일,경상북도 포항시 북구 죽도동,중상사고,0,1,2,0,차대차 - 기타,신호위반,건조,맑음,교차로 - 교차로안,승용,남,21세,경상,승용,남,46세,중상
2015101300100672,2015년 10월 13일 22시,화요일,경상북도 문경시 모전동,중상사고,0,2,0,0,차대차 - 기타,직진우회전진행방해,건조,맑음,교차로 - 교차로안,승용,여,28세,상해없음,승용,남,49세,중상
2015101300100673,2015년 10월 13일 22시,화요일,경상북도 경산시 사동,중상사고,0,1,0,0,차대사람 - 기타,안전운전불이행,건조,맑음,교차로 - 교차로안,이륜,남,26세,상해없음,보행자,남,69세,중상
2015101400100014,2015년 10월 14일 00시,수요일,경상북도 칠곡군 약목면,경상사고,0,0,1,0,차대사람 - 기타,안전운전불이행,건조,맑음,단일로 - 기타,승용,남,39세,상해없음,보행자,남,52세,경상
2015101400100029,2015년 10월 14일 01시,수요일,경상북도 경주시 석장동,경상사고,0,0,1,0,차대사람 - 기타,안전운전불이행,건조,맑음,교차로 - 교차로안,승용,남,47세,상해없음,보행자,여,19세,경상
2015101400100039,2015년 10월 14일 02시,수요일,경상북도 경주시 성동동,경상사고,0,0,2,0,차대차 - 기타,안전운전불이행,건조,맑음,단일로 - 기타,승용,남,34세,상해없음,승용,남,47세,경상
2015101400100066,2015년 10월 14일 05시,수요일,경상북도 포항시 북구 대흥동,경상사고,0,0,1,0,차대차 - 기타,중앙선침범,건조,맑음,단일로 - 기타,승용,여,42세,상해없음,승용,남,59세,경상
2015101400100081,2015년 10월 14일 06시,수요일,경상북도 안동시 임동면,중상사고,0,4,1,0,차량단독 - 기타,안전운전불이행,건조,맑음,단일로 - 기타,화물,남,60세,경상,,,,
2015101400100082,2015년 10월 14일 06시,수요일,경상북도 상주시 공성면,경상사고,0,0,1,0,차대사람 - 횡단중,안전운전불이행,건조,맑음,교차로 - 교차로안,화물,남,45세,상해없음,보행자,여,76세,경상
2015101400100083,2015년 10월 14일 06시,수요일,경상북도 영주시 상망동,경상사고,0,0,2,0,차대차 - 추돌 - 진행중,신호위반,건조,맑음,교차로 - 교차로안,화물,남,70세,상해없음,승용,남,60세,경상
2015101400100100,2015년 10월 14일 07시,수요일,경상북도 경주시 탑동,중상사고,0,1,1,0,차대차 - 추돌 - 진행중,안전거리미확보,건조,맑음,단일로 - 기타,승합,남,46세,상해없음,승용,남,60세,상해없음
2015101400100101,2015년 10월 14일 07시,수요일,경상북도 포항시 북구 기계면,경상사고,0,0,2,0,차대차 - 기타,안전거리미확보,건조,맑음,교차로 - 교차로부근,승용,남,77세,상해없음,승용,남,56세,경상
2015101400100102,2015년 10월 14일 07시,수요일,경상북도 경산시 진량읍,중상사고,0,1,0,0,차대차 - 측면직각충돌,안전운전불이행,건조,맑음,단일로 - 기타,승용,남,28세,상해없음,이륜,남,33세,중상
2015101400100103,2015년 10월 14일 07시,수요일,경상북도 예천군 예천읍,중상사고,0,1,0,0,차대사람 - 횡단중,안전운전불이행,건조,맑음,교차로 - 교차로안,승용,남,61세,상해없음,보행자,여,75세,중상
2015101400100104,2015년 10월 14일 07시,수요일,경상북도 성주군 성주읍,경상사고,0,0,1,0,차대차 - 측면직각충돌,중앙선침범,건조,맑음,기타 - 기타,화물,남,52세,상해없음,승용,남,22세,경상
2015101400100158,2015년 10월 14일 08시,수요일,경상북도 청도군 각남면,중상사고,0,1,0,0,차대차 - 측면직각충돌,안전운전불이행,건조,맑음,단일로 - 기타,원동기,남,63세,상해없음,원동기,남,77세,중상
2015101400100159,2015년 10월 14일 08시,수요일,경상북도 군위군 고로면,경상사고,0,0,1,0,차대차 - 기타,중앙선침범,건조,맑음,단일로 - 기타,승용,여,27세,경상,승용,남,75세,상해없음
2015101400100160,2015년 10월 14일 08시,수요일,경상북도 포항시 남구 지곡동,경상사고,0,0,1,0,차대차 - 측면직각충돌,교차로운행방법위반,건조,맑음,교차로 - 교차로안,승용,남,57세,상해없음,승합,여,41세,경상
2015101400100200,2015년 10월 14일 09시,수요일,경상북도 경산시 하양읍,중상사고,0,1,0,0,차대차 - 기타,안전운전불이행,건조,맑음,단일로 - 기타,승용,남,60세,상해없음,승용,여,37세,중상
2015101400100227,2015년 10월 14일 10시,수요일,경상북도 청도군 청도읍,중상사고,0,1,0,0,차대차 - 추돌 - 진행중,안전운전불이행,건조,맑음,단일로 - 기타,승용,여,37세,상해없음,이륜,여,34세,중상
2015101400100228,2015년 10월 14일 10시,수요일,경상북도 구미시 도량동,경상사고,0,0,1,0,차대사람 - 기타,안전운전불이행,건조,맑음,단일로 - 기타,화물,남,44세,상해없음,보행자,여,83세,경상
2015101400100259,2015년 10월 14일 11시,수요일,경상북도 문경시 가은읍,중상사고,0,1,0,0,차대사람 - 기타,안전운전불이행,건조,맑음,단일로 - 기타,기타불명,기타불명,기타불명,기타불명,보행자,남,67세,중상
2015101400100260,2015년 10월 14일 11시,수요일,경상북도 영천시 금호읍,중상사고,0,1,0,0,차대차 - 측면직각충돌,안전운전불이행,건조,맑음,단일로 - 기타,승용,남,37세,상해없음,화물,남,50세,중상
2015101400100310,2015년 10월 14일 13시,수요일,경상북도 포항시 북구 덕수동,중상사고,0,1,0,0,차대사람 - 횡단중,안전운전불이행,건조,맑음,단일로 - 기타,화물,남,30세,상해없음,보행자,남,72세,중상
2015101400100311,2015년 10월 14일 13시,수요일,경상북도 영천시 완산동,중상사고,0,1,0,0,차대사람 - 길가장자리구역통행중,안전운전불이행,건조,맑음,단일로 - 기타,승용,여,35세,상해없음,보행자,여,49세,중상
2015101400100312,2015년 10월 14일 13시,수요일,경상북도 구미시 부곡동,경상사고,0,0,7,0,차대차 - 기타,안전운전불이행,건조,맑음,교차로 - 교차로부근,승용,남,58세,상해없음,승용,남,19세,경상
2015101400100349,2015년 10월 14일 14시,수요일,경상북도 청도군 각남면,중상사고,0,1,1,1,차대차 - 측면직각충돌,직진우회전진행방해,건조,맑음,교차로 - 교차로안,화물,남,64세,상해없음,승용,여,33세,경상
2015101400100350,2015년 10월 14일 14시,수요일,경상북도 고령군 성산면,경상사고,0,0,1,0,차대차 - 측면직각충돌,안전운전불이행,건조,맑음,단일로 - 기타,화물,남,48세,상해없음,승합,남,63세,경상
2015101400100439,2015년 10월 14일 16시,수요일,경상북도 포항시 북구 양덕동,경상사고,0,0,1,0,차대차 - 기타,신호위반,건조,맑음,교차로 - 교차로안,이륜,남,33세,경상,승용,남,21세,상해없음
2015101400100440,2015년 10월 14일 16시,수요일,경상북도 경산시 하양읍,중상사고,0,1,0,0,차대사람 - 기타,안전운전불이행,건조,맑음,교차로 - 교차로부근,이륜,남,19세,상해없음,보행자,여,64세,중상
2015101400100441,2015년 10월 14일 16시,수요일,경상북도 고령군 덕곡면,중상사고,0,1,0,0,차대차 - 측면직각충돌,교차로운행방법위반,건조,맑음,교차로 - 교차로안,원동기,남,59세,중상,승용,남,71세,상해없음
2015101400100495,2015년 10월 14일 17시,수요일,경상북도 경주시 노서동,중상사고,0,1,1,1,차대차 - 기타,보행자보호의무위반,건조,맑음,단일로 - 횡단보도상,승합,남,50세,부상신고,승용,남,41세,경상
2015101400100496,2015년 10월 14일 17시,수요일,경상북도 포항시 북구 학산동,경상사고,0,0,1,0,차대차 - 기타,안전거리미확보,건조,맑음,단일로 - 기타,화물,남,53세,상해없음,승용,여,43세,경상
2015101400100497,2015년 10월 14일 17시,수요일,경상북도 김천시 아포읍,경상사고,0,0,2,0,차대차 - 측면직각충돌,안전운전불이행,건조,맑음,교차로 - 교차로안,승용,여,48세,상해없음,승용,여,46세,경상
2015101400100549,2015년 10월 14일 18시,수요일,경상북도 경주시 광명동,중상사고,0,1,0,0,차대차 - 기타,안전운전불이행,건조,맑음,단일로 - 기타,화물,남,40세,상해없음,승용,여,59세,중상
2015101400100550,2015년 10월 14일 18시,수요일,경상북도 경주시 용강동,경상사고,0,0,2,0,차대차 - 추돌 - 주정차중,안전운전불이행,건조,맑음,단일로 - 기타,승용,남,63세,상해없음,승용,남,60세,경상
2015101400100551,2015년 10월 14일 18시,수요일,경상북도 안동시 임동면,사망사고,1,0,3,0,차대사람 - 기타,보행자보호의무위반,건조,맑음,교차로 - 교차로안,화물,남,56세,상해없음,보행자,남,90세 이상,사망
2015101400100552,2015년 10월 14일 18시,수요일,경상북도 안동시 수상동,중상사고,0,2,4,0,차대차 - 측면직각충돌,중앙선침범,건조,맑음,단일로 - 기타,화물,여,59세,경상,화물,남,51세,경상
2015101400100553,2015년 10월 14일 18시,수요일,경상북도 칠곡군 석적읍,경상사고,0,0,1,0,차대차 - 기타,안전운전불이행,건조,맑음,교차로 - 교차로안,승용,남,28세,상해없음,화물,남,53세,경상
2015101400100554,2015년 10월 14일 18시,수요일,경상북도 영덕군 지품면,경상사고,0,0,1,0,차량단독 - 공작물충돌,안전운전불이행,건조,흐림,단일로 - 기타,이륜,여,76세,경상,,,,
2015101400100555,2015년 10월 14일 18시,수요일,경상북도 구미시 옥성면,부상신고사고,0,0,0,1,차대차 - 기타,안전운전불이행,건조,맑음,단일로 - 기타,승용,여,61세,부상신고,농기계,남,66세,상해없음
2015101400100614,2015년 10월 14일 19시,수요일,경상북도 상주시 함창읍,경상사고,0,0,1,0,차대차 - 측면직각충돌,교차로운행방법위반,건조,맑음,교차로 - 교차로안,이륜,남,62세,경상,승용,남,58세,상해없음
2015101400100660,2015년 10월 14일 20시,수요일,경상북도 경주시 남산동,중상사고,0,1,0,0,차대차 - 기타,안전운전불이행,건조,맑음,단일로 - 기타,승용,남,33세,중상,농기계,남,58세,기타불명
2015101400100661,2015년 10월 14일 20시,수요일,경상북도 포항시 북구 죽도동,경상사고,0,0,1,0,차대차 - 측면직각충돌,안전운전불이행,건조,맑음,교차로 - 교차로부근,승용,여,41세,상해없음,승용,여,55세,경상
2015101400100662,2015년 10월 14일 20시,수요일,경상북도 경산시 옥산동,경상사고,0,0,1,0,차대차 - 기타,안전운전불이행,건조,맑음,단일로 - 기타,화물,남,51세,상해없음,승용,남,49세,경상
2015101400100698,2015년 10월 14일 21시,수요일,경상북도 포항시 북구 죽도동,경상사고,0,0,1,0,차대차 - 기타,안전운전불이행,건조,맑음,교차로 - 교차로부근,이륜,남,33세,상해없음,승용,여,54세,경상
2015101400100699,2015년 10월 14일 21시,수요일,경상북도 구미시 송정동,경상사고,0,0,1,0,차대사람 - 기타,보행자보호의무위반,건조,맑음,교차로 - 교차로부근,승용,남,53세,상해없음,보행자,남,34세,경상
2015101400100700,2015년 10월 14일 21시,수요일,경상북도 포항시 남구 구룡포읍,경상사고,0,0,1,0,차대사람 - 길가장자리구역통행중,안전운전불이행,건조,맑음,단일로 - 기타,승용,남,50세,상해없음,보행자,남,38세,경상
2015101400100727,2015년 10월 14일 22시,수요일,경상북도 경산시 하양읍,경상사고,0,0,1,0,차대차 - 기타,중앙선침범,건조,맑음,단일로 - 기타,승용,여,46세,상해없음,이륜,남,20세,경상
2015101400100752,2015년 10월 14일 23시,수요일,경상북도 문경시 산양면,경상사고,0,0,1,0,차량단독 - 전도전복,안전운전불이행,건조,맑음,단일로 - 기타,화물,남,37세,경상,,,,
2015101500100032,2015년 10월 15일 02시,목요일,경상북도 청도군 청도읍,경상사고,0,0,1,0,차대차 - 추돌 - 주정차중,안전운전불이행,건조,맑음,기타 - 기타,화물,남,48세,상해없음,화물,남,53세,경상
2015101500100038,2015년 10월 15일 03시,목요일,경상북도 구미시 지산동,중상사고,0,1,2,0,차대차 - 기타,안전운전불이행,건조,맑음,단일로 - 기타,승용,여,52세,상해없음,화물,남,37세,경상
2015101500100092,2015년 10월 15일 07시,목요일,경상북도 포항시 북구 양덕동,경상사고,0,0,1,0,차대차 - 기타,직진우회전진행방해,건조,맑음,교차로 - 교차로안,승용,남,51세,상해없음,승용,남,49세,경상
2015101500100093,2015년 10월 15일 07시,목요일,경상북도 영주시 휴천동,경상사고,0,0,2,0,차대차 - 추돌 - 진행중,안전운전불이행,건조,맑음,교차로 - 교차로안,승용,남,55세,기타불명,승용,여,39세,경상
2015101500100133,2015년 10월 15일 08시,목요일,경상북도 포항시 북구 우현동,중상사고,0,1,1,0,차대차 - 기타,신호위반,건조,맑음,교차로 - 교차로안,승용,여,52세,경상,승용,여,42세,중상
2015101500100134,2015년 10월 15일 08시,목요일,경상북도 영주시 영주동,경상사고,0,0,1,0,차대차 - 측면직각충돌,안전운전불이행,건조,맑음,교차로 - 교차로안,승용,남,68세,상해없음,승용,여,49세,경상
2015101500100204,2015년 10월 15일 10시,목요일,경상북도 경주시 보문동,중상사고,0,1,0,0,차량단독 - 기타,안전운전불이행,건조,맑음,단일로 - 기타,승용,여,32세,중상,,,,
2015101500100205,2015년 10월 15일 10시,목요일,경상북도 안동시 용상동,중상사고,0,1,0,0,차대사람 - 보도통행중,신호위반,건조,맑음,교차로 - 교차로안,승용,남,54세,상해없음,보행자,남,89세,중상
2015101500100206,2015년 10월 15일 10시,목요일,경상북도 상주시 성동동,중상사고,0,1,0,0,차대차 - 추돌 - 진행중,안전운전불이행,건조,맑음,교차로 - 교차로안,화물,남,47세,상해없음,이륜,남,85세,중상
2015101500100207,2015년 10월 15일 10시,목요일,경상북도 봉화군 봉화읍,경상사고,0,0,1,0,차대차 - 측면직각충돌,중앙선침범,건조,맑음,교차로 - 교차로안,승용,남,55세,상해없음,승용,남,41세,경상
2015101500100262,2015년 10월 15일 12시,목요일,경상북도 문경시 마성면,경상사고,0,0,2,0,차대차 - 기타,안전운전불이행,건조,맑음,단일로 - 기타,승용,남,28세,경상,화물,남,51세,상해없음
2015101500100263,2015년 10월 15일 12시,목요일,경상북도 구미시 형곡동,경상사고,0,0,1,0,차대차 - 기타,안전운전불이행,건조,맑음,단일로 - 기타,승용,여,46세,기타불명,화물,남,30세,경상
2015101500100288,2015년 10월 15일 13시,목요일,경상북도 경산시 진량읍,경상사고,0,0,1,0,차대사람 - 기타,안전운전불이행,건조,맑음,단일로 - 횡단보도부근,화물,남,23세,상해없음,보행자,남,21세,경상
2015101500100289,2015년 10월 15일 13시,목요일,경상북도 예천군 예천읍,중상사고,0,1,3,0,차대차 - 측면직각충돌,안전운전불이행,건조,맑음,단일로 - 기타,승용,남,53세,경상,승용,남,33세,상해없음
2015101500100290,2015년 10월 15일 13시,목요일,경상북도 예천군 용궁면,중상사고,0,1,0,0,차대차 - 측면직각충돌,안전운전불이행,건조,맑음,단일로 - 기타,원동기,여,65세,중상,승합,남,52세,상해없음
2015101500100291,2015년 10월 15일 13시,목요일,경상북도 포항시 남구 대도동,경상사고,0,0,1,0,차대차 - 추돌 - 진행중,안전운전불이행,건조,맑음,교차로 - 교차로안,승용,남,54세,경상,승합,여,53세,상해없음
2015101500100330,2015년 10월 15일 14시,목요일,경상북도 경주시 용강동,중상사고,0,1,0,0,차대차 - 기타,안전운전불이행,건조,맑음,교차로 - 교차로부근,원동기,남,24세,중상,승용,여,48세,상해없음
2015101500100331,2015년 10월 15일 14시,목요일,경상북도 포항시 북구 죽도동,중상사고,0,1,0,0,차대차 - 측면직각충돌,안전운전불이행,건조,맑음,단일로 - 기타,승용,남,63세,상해없음,원동기,남,41세,중상
2015101500100332,2015년 10월 15일 14시,목요일,경상북도 영천시 도동,경상사고,0,0,1,0,차대차 - 추돌 - 주정차중,교차로운행방법위반,건조,맑음,교차로 - 교차로부근,승용,남,72세,상해없음,화물,남,37세,경상
2015101500100333,2015년 10월 15일 14시,목요일,경상북도 구미시 고아읍,사망사고,1,0,0,0,차대차 - 기타,안전운전불이행,건조,맑음,단일로 - 교량,이륜,남,68세,사망,건설기계,남,46세,상해없음
2015101500100362,2015년 10월 15일 15시,목요일,경상북도 영주시 영주동,경상사고,0,0,1,0,차대차 - 측면직각충돌,안전운전불이행,건조,맑음,교차로 - 교차로안,승용,여,41세,상해없음,자전거,여,72세,경상
2015101500100363,2015년 10월 15일 15시,목요일,경상북도 경산시 사동,경상사고,0,0,1,0,차대차 - 기타,교차로운행방법위반,건조,맑음,교차로 - 교차로안,승용,여,37세,상해없음,원동기,남,17세,경상
2015101500100390,2015년 10월 15일 16시,목요일,경상북도 포항시 북구 흥해읍,중상사고,0,1,0,0,차대차 - 측면직각충돌,안전운전불이행,건조,맑음,단일로 - 기타,승합,남,55세,상해없음,자전거,남,72세,중상
2015101500100391,2015년 10월 15일 16시,목요일,경상북도 영천시 신령면,경상사고,0,0,1,0,차대차 - 측면직각충돌,교차로운행방법위반,건조,맑음,교차로 - 교차로부근,화물,남,57세,상해없음,승용,여,60세,경상
2015101500100392,2015년 10월 15일 16시,목요일,경상북도 구미시 구평동,중상사고,0,1,0,0,차대차 - 기타,안전운전불이행,건조,맑음,교차로 - 교차로부근,기타불명,기타불명,기타불명,기타불명,자전거,남,10세,중상
2015101500100435,2015년 10월 15일 17시,목요일,경상북도 김천시 평화동,경상사고,0,0,1,0,차대사람 - 차도통행중,안전운전불이행,건조,맑음,단일로 - 기타,승용,남,40세,상해없음,보행자,남,29세,경상
2015101500100436,2015년 10월 15일 17시,목요일,경상북도 칠곡군 약목면,경상사고,0,0,7,0,차대차 - 추돌 - 진행중,안전거리미확보,건조,맑음,단일로 - 기타,승용,여,58세,상해없음,승합,여,47세,경상
2015101500100437,2015년 10월 15일 17시,목요일,경상북도 경산시 압량면,경상사고,0,0,1,0,차대차 - 기타,교차로운행방법위반,건조,맑음,교차로 - 교차로안,승용,여,50세,상해없음,승용,남,45세,경상
2015101500100487,2015년 10월 15일 18시,목요일,경상북도 경주시 현곡면,중상사고,0,1,0,0,차대사람 - 기타,안전운전불이행,건조,맑음,단일로 - 기타,승용,남,52세,상해없음,보행자,남,47세,중상
2015101500100488,2015년 10월 15일 18시,목요일,경상북도 상주시 화북면,경상사고,0,0,2,0,차대차 - 측면직각충돌,중앙선침범,건조,맑음,단일로 - 기타,화물,남,64세,상해없음,승합,남,45세,상해없음
2015101500100489,2015년 10월 15일 18시,목요일,경상북도 상주시 함창읍,중상사고,0,1,1,0,차대차 - 추돌 - 진행중,중앙선침범,건조,맑음,단일로 - 기타,승용,남,71세,상해없음,화물,남,54세,경상
2015101500100490,2015년 10월 15일 18시,목요일,경상북도 영주시 가흥동,경상사고,0,0,2,0,차대차 - 측면직각충돌,안전운전불이행,건조,맑음,단일로 - 기타,화물,남,66세,상해없음,승합,남,25세,경상
2015101500100491,2015년 10월 15일 18시,목요일,경상북도 칠곡군 석적읍,경상사고,0,0,1,0,차대차 - 추돌 - 주정차중,안전운전불이행,건조,맑음,단일로 - 기타,화물,여,35세,상해없음,승용,여,31세,경상
2015101500100492,2015년 10월 15일 18시,목요일,경상북도 포항시 남구 연일읍,중상사고,0,1,0,0,차대차 - 추돌 - 진행중,안전운전불이행,건조,맑음,교차로 - 교차로안,승용,남,51세,상해없음,원동기,남,38세,중상
2015101500100542,2015년 10월 15일 19시,목요일,경상북도 경주시 현곡면,중상사고,0,1,0,0,차대차 - 기타,안전운전불이행,건조,맑음,단일로 - 기타,원동기,여,30세,중상,승용,남,59세,상해없음
2015101500100543,2015년 10월 15일 19시,목요일,경상북도 포항시 북구 양덕동,경상사고,0,0,1,0,차대차 - 기타,안전운전불이행,건조,맑음,단일로 - 기타,승용,여,33세,상해없음,원동기,남,34세,경상
2015101500100544,2015년 10월 15일 19시,목요일,경상북도 안동시 태화동,경상사고,0,0,1,0,차대차 - 측면직각충돌,직진우회전진행방해,건조,맑음,교차로 - 교차로안,승용,여,37세,상해없음,이륜,남,50세,경상
2015101500100545,2015년 10월 15일 19시,목요일,경상북도 경산시 압량면,경상사고,0,0,1,0,차대차 - 기타,교차로운행방법위반,건조,맑음,교차로 - 교차로안,승용,여,50세,상해없음,승용,여,55세,경상
2015101500100546,2015년 10월 15일 19시,목요일,경상북도 경산시 중방동,경상사고,0,0,1,0,차대차 - 기타,안전운전불이행,건조,맑음,교차로 - 교차로안,승용,남,66세,상해없음,자전거,여,64세,경상
2015101500100547,2015년 10월 15일 19시,목요일,경상북도 경산시 하양읍,중상사고,0,1,0,0,차대사람 - 기타,안전운전불이행,건조,맑음,단일로 - 기타,승용,여,59세,상해없음,보행자,남,57세,중상
2015101500100575,2015년 10월 15일 20시,목요일,경상북도 경주시 성건동,중상사고,0,1,0,0,차대차 - 기타,중앙선침범,건조,맑음,교차로 - 교차로부근,승용,여,22세,기타불명,승용,남,46세,중상
2015101500100576,2015년 10월 15일 20시,목요일,경상북도 경주시 황성동,중상사고,0,1,0,0,차대차 - 기타,안전운전불이행,건조,맑음,교차로 - 교차로안,자전거,여,55세,중상,승용,남,61세,상해없음
2015101500100577,2015년 10월 15일 20시,목요일,경상북도 포항시 북구 우현동,경상사고,0,0,1,0,차대사람 - 기타,안전운전불이행,건조,맑음,기타 - 기타,승용,여,46세,상해없음,보행자,여,13세,경상
2015101500100578,2015년 10월 15일 20시,목요일,경상북도 영주시 조암동,경상사고,0,0,5,0,차대차 - 추돌 - 주정차중,안전운전불이행,건조,맑음,단일로 - 기타,화물,남,65세,상해없음,승용,남,50세,경상
2015101500100579,2015년 10월 15일 20시,목요일,경상북도 영주시 휴천동,경상사고,0,0,1,0,차량단독 - 공작물충돌,안전운전불이행,건조,맑음,단일로 - 기타,원동기,남,47세,경상,,,,
2015101500100603,2015년 10월 15일 21시,목요일,경상북도 경주시 충효동,중상사고,0,1,0,0,차대차 - 기타,안전운전불이행,건조,맑음,교차로 - 교차로부근,승용,남,53세,상해없음,자전거,여,33세,중상
2015101500100604,2015년 10월 15일 21시,목요일,경상북도 구미시 신평동,중상사고,0,1,5,0,차대차 - 기타,안전운전불이행,건조,맑음,단일로 - 기타,승용,남,50세,상해없음,승용,남,37세,경상
2015101500100628,2015년 10월 15일 22시,목요일,경상북도 안동시 일직면,경상사고,0,0,2,0,차대차 - 추돌 - 진행중,안전운전불이행,건조,맑음,단일로 - 기타,화물,남,52세,상해없음,승용,남,40세,경상
2015101500100629,2015년 10월 15일 22시,목요일,경상북도 경산시 대동,경상사고,0,0,1,0,차대사람 - 기타,안전운전불이행,건조,맑음,단일로 - 기타,승용,남,25세,상해없음,보행자,남,25세,경상
2015101500100630,2015년 10월 15일 22시,목요일,경상북도 구미시 인의동,중상사고,0,1,0,0,차대차 - 기타,교차로운행방법위반,건조,맑음,교차로 - 교차로안,승용,남,57세,상해없음,승용,여,35세,중상
2015101500100656,2015년 10월 15일 23시,목요일,경상북도 경산시 하양읍,경상사고,0,0,1,0,차대차 - 기타,안전거리미확보,건조,맑음,교차로 - 교차로부근,승용,남,53세,상해없음,승용,여,55세,경상
2015101600100010,2015년 10월 16일 00시,금요일,경상북도 포항시 북구 장성동,경상사고,0,0,1,0,차대차 - 기타,안전운전불이행,건조,맑음,단일로 - 기타,승용,여,49세,상해없음,승용,남,47세,경상
2015101600100032,2015년 10월 16일 01시,금요일,경상북도 안동시 옥동,중상사고,0,1,0,0,차대차 - 측면직각충돌,안전운전불이행,건조,맑음,교차로 - 교차로안,승용,남,44세,상해없음,승용,여,23세,중상
2015101600100049,2015년 10월 16일 03시,금요일,경상북도 포항시 북구 양덕동,중상사고,0,2,0,0,차대사람 - 기타,보행자보호의무위반,건조,맑음,단일로 - 횡단보도상,원동기,남,20세,상해없음,보행자,남,42세,중상
2015101600100061,2015년 10월 16일 05시,금요일,경상북도 영주시 휴천동,중상사고,0,1,0,0,차대사람 - 횡단중,보행자보호의무위반,건조,맑음,교차로 - 교차로안,승용,남,72세,상해없음,보행자,여,59세,중상
2015101600100081,2015년 10월 16일 06시,금요일,경상북도 구미시 구평동,경상사고,0,0,1,0,차대차 - 기타,안전운전불이행,건조,맑음,교차로 - 교차로안,승용,여,47세,경상,승용,남,44세,상해없음
2015101600100103,2015년 10월 16일 07시,금요일,경상북도 포항시 북구 양덕동,경상사고,0,0,2,0,차대차 - 기타,안전운전불이행,건조,맑음,단일로 - 기타,화물,남,52세,상해없음,화물,남,49세,경상
2015101600100104,2015년 10월 16일 07시,금요일,경상북도 구미시 봉곡동,경상사고,0,0,1,0,차대차 - 측면직각충돌,중앙선침범,건조,맑음,단일로 - 기타,승용,여,36세,상해없음,승용,여,46세,경상
2015101600100155,2015년 10월 16일 08시,금요일,경상북도 문경시 점촌동,부상신고사고,0,0,0,1,차대차 - 측면직각충돌,안전운전불이행,건조,맑음,교차로 - 교차로부근,자전거,남,13세,부상신고,승용,남,56세,상해없음
2015101600100156,2015년 10월 16일 08시,금요일,경상북도 청도군 금천면,경상사고,0,0,2,1,차대차 - 측면직각충돌,안전운전불이행,습기,안개,단일로 - 기타,화물,남,81세,부상신고,화물,남,59세,경상
2015101600100195,2015년 10월 16일 09시,금요일,경상북도 칠곡군 석적읍,중상사고,0,1,0,0,차대차 - 측면직각충돌,신호위반,건조,맑음,교차로 - 교차로안,화물,남,67세,상해없음,화물,남,23세,중상
2015101600100196,2015년 10월 16일 09시,금요일,경상북도 예천군 개포면,중상사고,0,2,1,0,차대차 - 측면직각충돌,중앙선침범,건조,맑음,단일로 - 기타,승용,남,42세,중상,승용,남,46세,경상