사고번호,사고일시,요일,시군구,사고내용,사망자수,중상자수,경상자수,부상신고자수,사고유형,법규위반,노면상태,기상상태,도로형태,가해운전자 차종,가해운전자 성별,가해운전자 연령,가해운전자 상해정도,피해운전자 차종,피해운전자 성별,피해운전자 연령,피해운전자 상해정도
2015101600100227,2015년 10월 16일 10시,금요일,경상북도 경주시 황성동,경상사고,0,0,2,0,차대차 - 측면직각충돌,직진우회전진행방해,건조,맑음,교차로 - 교차로안,화물,남,44세,상해없음,승용,여,56세,경상
2015101600100228,2015년 10월 16일 10시,금요일,경상북도 포항시 북구 용흥동,경상사고,0,0,1,0,차대차 - 기타,안전운전불이행,건조,맑음,단일로 - 기타,승용,여,37세,상해없음,승용,여,26세,경상
2015101600100229,2015년 10월 16일 10시,금요일,경상북도 영천시 야사동,경상사고,0,0,1,0,차대차 - 기타,안전운전불이행,건조,맑음,단일로 - 기타,승용,여,38세,상해없음,이륜,남,56세,경상
2015101600100230,2015년 10월 16일 10시,금요일,경상북도 경산시 삼북동,경상사고,0,0,2,0,차대차 - 기타,차로위반,건조,맑음,단일로 - 기타,원동기,남,57세,경상,원동기,남,21세,경상
2015101600100231,2015년 10월 16일 10시,금요일,경상북도 경산시 중방동,중상사고,0,1,0,0,차대차 - 기타,교차로운행방법위반,건조,맑음,교차로 - 교차로안,승용,남,25세,상해없음,승용,여,37세,중상
2015101600100232,2015년 10월 16일 10시,금요일,경상북도 경산시 갑제동,경상사고,0,0,1,0,차대차 - 기타,교차로운행방법위반,건조,맑음,교차로 - 교차로안,승용,남,51세,상해없음,승용,여,39세,경상
2015101600100281,2015년 10월 16일 12시,금요일,경상북도 경산시 하양읍,사망사고,1,0,0,0,차대차 - 기타,안전운전불이행,건조,맑음,단일로 - 기타,화물,남,54세,상해없음,이륜,남,59세,사망
2015101600100282,2015년 10월 16일 12시,금요일,경상북도 경산시 삼북동,중상사고,0,1,0,0,차대차 - 측면직각충돌,안전운전불이행,건조,맑음,교차로 - 교차로부근,자전거,남,77세,중상,승용,남,39세,상해없음
2015101600100283,2015년 10월 16일 12시,금요일,경상북도 경산시 압량면,경상사고,0,0,1,0,차대차 - 기타,안전운전불이행,건조,맑음,단일로 - 기타,승용,남,40세,상해없음,특수,남,33세,경상
2015101600100284,2015년 10월 16일 12시,금요일,경상북도 영덕군 강구면,중상사고,0,1,0,0,차대차 - 추돌 - 진행중,안전거리미확보,건조,맑음,단일로 - 기타,특수,남,50세,상해없음,승용,여,77세,중상
2015101600100316,2015년 10월 16일 13시,금요일,경상북도 포항시 남구 대송면,경상사고,0,0,1,0,차대차 - 기타,직진우회전진행방해,건조,맑음,교차로 - 교차로안,화물,남,46세,상해없음,승용,남,46세,경상
2015101600100358,2015년 10월 16일 14시,금요일,경상북도 안동시 태화동,경상사고,0,0,1,0,차대차 - 기타,안전운전불이행,건조,맑음,교차로 - 교차로부근,승용,여,53세,상해없음,원동기,남,72세,경상
2015101600100359,2015년 10월 16일 14시,금요일,경상북도 의성군 안계면,중상사고,0,1,0,0,차대차 - 측면직각충돌,중앙선침범,건조,맑음,교차로 - 교차로부근,승용,여,58세,상해없음,이륜,남,60세,중상
2015101600100360,2015년 10월 16일 14시,금요일,경상북도 울진군 울진읍,중상사고,0,1,0,0,차대차 - 추돌 - 진행중,안전운전불이행,건조,맑음,단일로 - 기타,화물,남,51세,상해없음,원동기,남,81세,중상
2015101600100391,2015년 10월 16일 15시,금요일,경상북도 포항시 북구 장성동,경상사고,0,0,2,0,차대차 - 측면직각충돌,안전운전불이행,건조,맑음,단일로 - 기타,승용,남,33세,경상,승용,여,47세,경상
2015101600100392,2015년 10월 16일 15시,금요일,경상북도 김천시 지례면,중상사고,0,1,0,0,차량단독 - 도로외이탈 - 추락,안전운전불이행,건조,맑음,단일로 - 기타,이륜,남,79세,중상,,,,
2015101600100393,2015년 10월 16일 15시,금요일,경상북도 영주시 봉현면,중상사고,0,1,0,0,차대차 - 기타,안전운전불이행,건조,맑음,단일로 - 기타,화물,남,22세,상해없음,자전거,여,54세,중상
2015101600100394,2015년 10월 16일 15시,금요일,경상북도 군위군 의흥면,경상사고,0,0,1,0,차대차 - 기타,직진우회전진행방해,건조,맑음,교차로 - 교차로안,이륜,남,50세,경상,승용,여,45세,상해없음
2015101600100431,2015년 10월 16일 16시,금요일,경상북도 경주시 동천동,중상사고,0,1,0,0,차대사람 - 기타,안전운전불이행,건조,맑음,교차로 - 교차로부근,승용,남,42세,상해없음,보행자,여,15세,중상
2015101600100432,2015년 10월 16일 16시,금요일,경상북도 안동시 평화동,경상사고,0,0,1,0,차대차 - 기타,안전거리미확보,건조,맑음,교차로 - 교차로부근,승용,남,55세,상해없음,원동기,남,45세,경상
2015101600100433,2015년 10월 16일 16시,금요일,경상북도 김천시 성내동,경상사고,0,0,1,0,차대차 - 측면직각충돌,안전거리미확보,건조,맑음,교차로 - 교차로부근,승합,남,65세,상해없음,승용,남,53세,경상
2015101600100479,2015년 10월 16일 17시,금요일,경상북도 포항시 북구 청하면,경상사고,0,0,5,0,차대차 - 기타,안전거리미확보,건조,맑음,단일로 - 기타,승용,남,54세,경상,승용,남,49세,상해없음
2015101600100480,2015년 10월 16일 17시,금요일,경상북도 경산시 하양읍,경상사고,0,0,1,0,차대차 - 기타,교차로운행방법위반,건조,맑음,교차로 - 교차로안,승합,남,67세,상해없음,승용,여,49세,경상
2015101600100481,2015년 10월 16일 17시,금요일,경상북도 포항시 남구 오천읍,경상사고,0,0,3,0,차대차 - 기타,직진우회전진행방해,건조,맑음,교차로 - 교차로안,승합,남,52세,경상,승용,여,48세,경상
2015101600100525,2015년 10월 16일 18시,금요일,경상북도 영주시 안정면,경상사고,0,0,1,0,차대차 - 추돌 - 진행중,안전운전불이행,건조,맑음,단일로 - 기타,농기계,남,45세,상해없음,승용,남,54세,경상
2015101600100526,2015년 10월 16일 18시,금요일,경상북도 영천시 문외동,사망사고,1,2,0,0,차대사람 - 횡단중,보행자보호의무위반,건조,맑음,교차로 - 교차로안,승합,남,47세,상해없음,보행자,여,34세,사망
2015101600100584,2015년 10월 16일 19시,금요일,경상북도 포항시 북구 흥해읍,중상사고,0,1,1,0,차대차 - 기타,안전운전불이행,건조,맑음,단일로 - 기타,화물,남,59세,상해없음,승용,남,47세,경상
2015101600100585,2015년 10월 16일 19시,금요일,경상북도 경산시 압량면,경상사고,0,0,1,0,차대사람 - 횡단중,안전운전불이행,건조,맑음,교차로 - 교차로안,승용,남,24세,상해없음,보행자,남,26세,경상
2015101600100586,2015년 10월 16일 19시,금요일,경상북도 구미시 옥계동,경상사고,0,0,1,0,차대사람 - 기타,안전운전불이행,건조,맑음,단일로 - 기타,이륜,남,18세,상해없음,보행자,여,12세,경상
2015101600100587,2015년 10월 16일 19시,금요일,경상북도 포항시 남구 대도동,경상사고,0,0,1,0,차대차 - 추돌 - 진행중,차로위반,건조,맑음,단일로 - 기타,승용,남,29세,상해없음,이륜,남,18세,경상
2015101600100588,2015년 10월 16일 19시,금요일,경상북도 성주군 성주읍,중상사고,0,1,0,0,차대차 - 추돌 - 진행중,안전운전불이행,건조,맑음,단일로 - 기타,화물,남,60세,상해없음,화물,남,46세,중상
2015101600100639,2015년 10월 16일 20시,금요일,경상북도 영주시 상망동,경상사고,0,0,1,0,차대사람 - 길가장자리구역통행중,안전운전불이행,건조,맑음,교차로 - 교차로부근,승용,여,53세,상해없음,보행자,여,32세,경상
2015101600100640,2015년 10월 16일 20시,금요일,경상북도 영천시 오미동,경상사고,0,0,2,0,차대차 - 추돌 - 주정차중,교차로운행방법위반,건조,맑음,교차로 - 교차로부근,승용,남,53세,경상,승용,여,34세,경상
2015101600100673,2015년 10월 16일 21시,금요일,경상북도 칠곡군 왜관읍,사망사고,1,0,0,1,차대차 - 측면직각충돌,안전운전불이행,건조,맑음,단일로 - 기타,승용,남,31세,부상신고,화물,남,36세,사망
2015101600100674,2015년 10월 16일 21시,금요일,경상북도 고령군 다산면,중상사고,0,1,0,0,차대차 - 추돌 - 주정차중,안전운전불이행,건조,맑음,교차로 - 교차로부근,승용,남,50세,상해없음,승용,남,53세,중상
2015101600100675,2015년 10월 16일 21시,금요일,경상북도 구미시 도량동,경상사고,0,0,1,0,차대차 - 측면직각충돌,안전운전불이행,건조,맑음,단일로 - 기타,승용,남,28세,상해없음,자전거,여,39세,경상
2015101600100701,2015년 10월 16일 22시,금요일,경상북도 포항시 남구 해도동,경상사고,0,0,1,0,차대차 - 추돌 - 진행중,안전운전불이행,건조,맑음,단일로 - 기타,승용,남,56세,상해없음,승용,여,33세,경상
2015101700100019,2015년 10월 17일 00시,토요일,경상북도 경산시 계양동,중상사고,0,1,0,0,차대사람 - 횡단중,신호위반,건조,맑음,교차로 - 교차로안,승용,남,64세,상해없음,보행자,여,34세,중상
2015101700100020,2015년 10월 17일 00시,토요일,경상북도 구미시 신평동,경상사고,0,0,2,0,차대차 - 기타,안전운전불이행,건조,맑음,단일로 - 기타,기타불명,기타불명,기타불명,기타불명,승용,남,48세,상해없음
2015101700100058,2015년 10월 17일 02시,토요일,경상북도 경산시 남천면,중상사고,0,3,0,0,차량단독 - 공작물충돌,안전운전불이행,건조,맑음,단일로 - 기타,승용,남,23세,중상,,,,
2015101700100113,2015년 10월 17일 06시,토요일,경상북도 안동시 와룡면,중상사고,0,1,6,0,차대차 - 기타,안전거리미확보,습기,안개,단일로 - 기타,승용,남,28세,상해없음,승용,남,65세,경상
2015101700100114,2015년 10월 17일 06시,토요일,경상북도 포항시 남구 오천읍,중상사고,0,1,0,0,차대사람 - 길가장자리구역통행중,안전운전불이행,건조,맑음,단일로 - 기타,승용,남,27세,상해없음,보행자,남,47세,중상
2015101700100157,2015년 10월 17일 08시,토요일,경상북도 구미시 시미동,중상사고,0,1,0,0,차대차 - 기타,안전운전불이행,건조,맑음,교차로 - 교차로안,승용,남,55세,상해없음,이륜,남,53세,중상
2015101700100158,2015년 10월 17일 08시,토요일,경상북도 구미시 광평동,부상신고사고,0,0,0,1,차량단독 - 전도전복,안전운전불이행,건조,맑음,기타 - 기타,자전거,남,51세,부상신고,,,,
2015101700100190,2015년 10월 17일 09시,토요일,경상북도 경주시 감포읍,중상사고,0,2,0,0,차대차 - 기타,안전운전불이행,건조,맑음,단일로 - 기타,승용,남,75세,상해없음,원동기,남,84세,중상
2015101700100191,2015년 10월 17일 09시,토요일,경상북도 포항시 북구 우현동,중상사고,0,1,0,0,차대사람 - 기타,보행자보호의무위반,건조,맑음,단일로 - 횡단보도상,승용,여,48세,상해없음,보행자,여,43세,중상
2015101700100192,2015년 10월 17일 09시,토요일,경상북도 포항시 북구 흥해읍,경상사고,0,0,1,0,차대차 - 정면충돌,안전거리미확보,건조,맑음,단일로 - 기타,승용,남,55세,상해없음,승용,남,74세,경상
2015101700100224,2015년 10월 17일 10시,토요일,경상북도 안동시 목성동,경상사고,0,0,4,0,차대차 - 기타,안전운전불이행,건조,맑음,교차로 - 교차로부근,승용,남,47세,상해없음,승용,남,79세,경상
2015101700100225,2015년 10월 17일 10시,토요일,경상북도 경산시 중방동,경상사고,0,0,1,0,차대사람 - 기타,안전운전불이행,건조,맑음,단일로 - 기타,승용,여,50세,상해없음,보행자,남,72세,경상
2015101700100226,2015년 10월 17일 10시,토요일,경상북도 경산시 사정동,경상사고,0,0,1,0,차대사람 - 기타,안전운전불이행,건조,맑음,단일로 - 기타,승용,남,76세,상해없음,보행자,여,53세,경상
2015101700100254,2015년 10월 17일 11시,토요일,경상북도 울진군 울진읍,중상사고,0,1,0,0,차대차 - 기타,교차로운행방법위반,건조,맑음,교차로 - 교차로안,승용,남,68세,상해없음,승용,여,38세,중상
2015101700100333,2015년 10월 17일 13시,토요일,경상북도 포항시 북구 흥해읍,중상사고,0,2,0,0,차대차 - 기타,안전운전불이행,건조,맑음,단일로 - 기타,승용,남,48세,상해없음,이륜,남,37세,중상
2015101700100334,2015년 10월 17일 13시,토요일,경상북도 문경시 흥덕동,경상사고,0,0,1,0,차대차 - 측면직각충돌,교차로운행방법위반,건조,맑음,교차로 - 교차로안,승용,남,62세,상해없음,승용,남,59세,경상
2015101700100335,2015년 10월 17일 13시,토요일,경상북도 문경시 점촌동,중상사고,0,3,0,0,차대차 - 측면직각충돌,신호위반,건조,맑음,교차로 - 교차로안,화물,남,65세,중상,승용,여,46세,중상
2015101700100336,2015년 10월 17일 13시,토요일,경상북도 경산시 삼풍동,경상사고,0,0,1,0,차대차 - 기타,차로위반,건조,맑음,단일로 - 기타,승용,남,26세,상해없음,승용,남,28세,경상
2015101700100337,2015년 10월 17일 13시,토요일,경상북도 고령군 다산면,중상사고,0,1,0,0,차대차 - 기타,안전운전불이행,건조,맑음,단일로 - 기타,이륜,남,33세,중상,승용,남,29세,상해없음
2015101700100338,2015년 10월 17일 13시,토요일,경상북도 상주시 낙동면,경상사고,0,0,4,0,차대차 - 추돌 - 주정차중,안전거리미확보,건조,맑음,단일로 - 터널,승용,남,54세,상해없음,화물,남,33세,경상
2015101700100377,2015년 10월 17일 14시,토요일,경상북도 경주시 황오동,경상사고,0,0,1,0,차대사람 - 기타,안전운전불이행,건조,맑음,단일로 - 기타,승용,여,42세,상해없음,보행자,여,64세,경상
2015101700100378,2015년 10월 17일 14시,토요일,경상북도 경산시 와촌면,경상사고,0,0,2,0,차대차 - 추돌 - 진행중,안전운전불이행,건조,맑음,단일로 - 기타,승용,남,68세,상해없음,승합,남,50세,경상
2015101700100379,2015년 10월 17일 14시,토요일,경상북도 포항시 남구 대잠동,중상사고,0,1,0,0,차대차 - 측면직각충돌,안전운전불이행,건조,맑음,교차로 - 교차로안,승용,남,35세,상해없음,원동기,남,19세,중상
2015101700100421,2015년 10월 17일 15시,토요일,경상북도 안동시 태화동,경상사고,0,0,1,0,차대차 - 기타,안전운전불이행,건조,맑음,교차로 - 교차로부근,자전거,남,75세,경상,이륜,남,41세,상해없음
2015101700100422,2015년 10월 17일 15시,토요일,경상북도 봉화군 춘양면,중상사고,0,1,0,0,차대차 - 측면직각충돌,안전운전불이행,건조,맑음,단일로 - 기타,화물,여,59세,상해없음,원동기,남,53세,중상
2015101700100423,2015년 10월 17일 15시,토요일,경상북도 구미시 인의동,중상사고,0,1,0,0,차대사람 - 기타,안전운전불이행,건조,맑음,교차로 - 교차로안,화물,남,43세,상해없음,보행자,여,77세,중상
2015101700100424,2015년 10월 17일 15시,토요일,경상북도 포항시 남구 구룡포읍,경상사고,0,0,2,0,차대차 - 기타,안전운전불이행,건조,맑음,단일로 - 기타,승용,남,57세,상해없음,승용,남,50세,경상
2015101700100468,2015년 10월 17일 16시,토요일,경상북도 안동시 서부동,경상사고,0,0,1,0,차대사람 - 차도통행중,안전운전불이행,건조,맑음,단일로 - 기타,승용,여,52세,상해없음,보행자,여,45세,경상
2015101700100469,2015년 10월 17일 16시,토요일,경상북도 상주시 공검면,경상사고,0,0,1,0,차대차 - 추돌 - 진행중,안전운전불이행,건조,맑음,단일로 - 기타,화물,남,35세,상해없음,농기계,남,72세,경상
2015101700100470,2015년 10월 17일 16시,토요일,경상북도 칠곡군 석적읍,중상사고,0,1,1,1,차대차 - 정면충돌,중앙선침범,건조,맑음,교차로 - 교차로부근,승용,남,56세,부상신고,승용,남,62세,경상
2015101700100471,2015년 10월 17일 16시,토요일,경상북도 구미시 고아읍,중상사고,0,1,0,0,차대차 - 기타,안전운전불이행,건조,맑음,교차로 - 교차로부근,원동기,남,77세,중상,승합,남,50세,상해없음
2015101700100552,2015년 10월 17일 18시,토요일,경상북도 경주시 성건동,경상사고,0,0,1,0,차대사람 - 기타,안전운전불이행,건조,맑음,단일로 - 횡단보도상,원동기,남,16세,상해없음,보행자,여,18세,경상
2015101700100553,2015년 10월 17일 18시,토요일,경상북도 안동시 길안면,중상사고,0,1,1,0,차대차 - 기타,중앙선침범,건조,맑음,단일로 - 기타,화물,남,50세,상해없음,화물,남,30세,경상
2015101700100554,2015년 10월 17일 18시,토요일,경상북도 김천시 아포읍,중상사고,0,1,0,0,차대사람 - 길가장자리구역통행중,안전운전불이행,건조,맑음,단일로 - 기타,승용,여,54세,상해없음,보행자,남,74세,중상
2015101700100555,2015년 10월 17일 18시,토요일,경상북도 성주군 수륜면,경상사고,0,0,4,0,차대차 - 정면충돌,중앙선침범,건조,맑음,기타 - 기타,화물,남,55세,상해없음,승용,여,38세,경상
2015101700100600,2015년 10월 17일 19시,토요일,경상북도 경산시 중방동,경상사고,0,0,1,0,차대차 - 기타,안전운전불이행,건조,맑음,단일로 - 기타,승용,남,28세,상해없음,승용,남,33세,경상
2015101700100601,2015년 10월 17일 19시,토요일,경상북도 군위군 의흥면,경상사고,0,0,1,0,차대차 - 기타,안전운전불이행,건조,맑음,교차로 - 교차로안,화물,남,58세,상해없음,이륜,남,73세,경상
2015101700100602,2015년 10월 17일 19시,토요일,경상북도 구미시 원평동,경상사고,0,0,1,0,차대차 - 기타,중앙선침범,건조,맑음,단일로 - 기타,승용,남,68세,상해없음,원동기,여,60세,경상
2015101700100652,2015년 10월 17일 20시,토요일,경상북도 경산시 중방동,경상사고,0,0,1,0,차대차 - 측면직각충돌,직진우회전진행방해,건조,맑음,교차로 - 교차로안,이륜,남,46세,상해없음,자전거,남,71세,경상
2015101700100692,2015년 10월 17일 21시,토요일,경상북도 구미시 도량동,중상사고,0,1,0,0,차대차 - 기타,안전운전불이행,건조,맑음,교차로 - 교차로안,승용,남,62세,상해없음,이륜,남,19세,중상
2015101700100693,2015년 10월 17일 21시,토요일,경상북도 포항시 남구 대도동,중상사고,0,1,0,0,차대차 - 측면직각충돌,안전운전불이행,건조,맑음,교차로 - 교차로안,승용,남,42세,상해없음,자전거,남,30세,중상
2015101700100725,2015년 10월 17일 22시,토요일,경상북도 구미시 구평동,중상사고,0,1,0,0,차대차 - 기타,안전운전불이행,건조,맑음,단일로 - 기타,이륜,남,31세,중상,승용,남,48세,상해없음
2015101700100746,2015년 10월 17일 23시,토요일,경상북도 안동시 당북동,경상사고,0,0,2,0,차대차 - 기타,신호위반,건조,맑음,교차로 - 교차로안,승용,남,20세,상해없음,승용,남,42세,경상
2015101700100747,2015년 10월 17일 23시,토요일,경상북도 경산시 삼북동,경상사고,0,0,1,0,차대사람 - 기타,기타,건조,맑음,단일로 - 기타,이륜,여,58세,상해없음,보행자,남,23세,경상
2015101800100043,2015년 10월 18일 01시,일요일,경상북도 구미시 고아읍,중상사고,0,1,2,0,차대차 - 기타,안전운전불이행,건조,맑음,단일로 - 기타,승용,여,40세,상해없음,승합,남,29세,경상
2015101800100086,2015년 10월 18일 04시,일요일,경상북도 구미시 임은동,중상사고,0,1,0,0,차량단독 - 공작물충돌,안전운전불이행,건조,맑음,단일로 - 기타,승용,남,26세,중상,,,,
2015101800100119,2015년 10월 18일 07시,일요일,경상북도 포항시 남구 괴동동,중상사고,0,1,0,0,차대차 - 추돌 - 진행중,안전운전불이행,건조,맑음,교차로 - 교차로안,승용,여,54세,상해없음,이륜,남,58세,중상
2015101800100125,2015년 10월 18일 08시,일요일,경상북도 안동시 풍산읍,중상사고,0,2,0,0,차대차 - 측면직각충돌,직진우회전진행방해,건조,맑음,교차로 - 교차로안,승용,여,56세,상해없음,이륜,남,67세,중상
2015101800100126,2015년 10월 18일 08시,일요일,경상북도 봉화군 봉화읍,경상사고,0,0,1,0,차량단독 - 공작물충돌,안전운전불이행,건조,맑음,단일로 - 기타,승용,여,55세,경상,,,,
2015101800100127,2015년 10월 18일 08시,일요일,경상북도 청송군 현동면,중상사고,0,1,0,0,차대차 - 측면직각충돌,안전운전불이행,건조,맑음,단일로 - 기타,승용,남,56세,상해없음,화물,남,73세,중상
2015101800100128,2015년 10월 18일 08시,일요일,경상북도 구미시 지산동,경상사고,0,0,1,0,차대차 - 기타,안전운전불이행,건조,맑음,교차로 - 교차로부근,승용,남,60세,상해없음,승용,여,58세,경상
2015101800100150,2015년 10월 18일 09시,일요일,경상북도 경주시 용강동,경상사고,0,0,1,0,차대차 - 추돌 - 주정차중,안전거리미확보,건조,맑음,단일로 - 기타,승용,남,54세,상해없음,승용,남,75세,경상
2015101800100151,2015년 10월 18일 09시,일요일,경상북도 경주시 양남면,사망사고,1,0,0,0,차대사람 - 차도통행중,안전운전불이행,건조,맑음,단일로 - 기타,화물,여,60세,상해없음,보행자,남,88세,사망
2015101800100152,2015년 10월 18일 09시,일요일,경상북도 안동시 풍산읍,사망사고,1,0,0,0,차대사람 - 횡단중,안전운전불이행,건조,맑음,교차로 - 교차로안,건설기계,남,51세,상해없음,보행자,여,62세,사망
2015101800100153,2015년 10월 18일 09시,일요일,경상북도 영천시 신령면,중상사고,0,1,0,0,차대사람 - 횡단중,안전운전불이행,건조,맑음,교차로 - 교차로안,승용,여,50세,상해없음,보행자,여,76세,중상
2015101800100154,2015년 10월 18일 09시,일요일,경상북도 칠곡군 동명면,경상사고,0,0,8,0,차대차 - 추돌 - 주정차중,안전거리미확보,건조,맑음,단일로 - 기타,승용,여,59세,경상,승용,남,53세,상해없음
2015101800100183,2015년 10월 18일 10시,일요일,경상북도 영주시 가흥동,경상사고,0,0,1,0,차대차 - 추돌 - 진행중,신호위반,건조,맑음,교차로 - 교차로안,승용,남,54세,상해없음,승용,남,50세,상해없음
2015101800100211,2015년 10월 18일 11시,일요일,경상북도 경주시 안강읍,경상사고,0,0,3,0,차대차 - 측면직각충돌,중앙선침범,건조,맑음,단일로 - 기타,승용,남,66세,상해없음,승용,남,37세,경상
2015101800100212,2015년 10월 18일 11시,일요일,경상북도 경산시 신천동,경상사고,0,0,2,0,차대차 - 기타,안전운전불이행,건조,맑음,교차로 - 교차로안,승용,남,58세,상해없음,승용,남,54세,경상
2015101800100213,2015년 10월 18일 11시,일요일,경상북도 예천군 감천면,중상사고,0,2,0,0,차대차 - 측면직각충돌,중앙선침범,건조,맑음,단일로 - 기타,화물,여,55세,상해없음,이륜,남,71세,중상
2015101800100236,2015년 10월 18일 12시,일요일,경상북도 구미시 공단동,중상사고,0,1,0,0,차대차 - 기타,교차로운행방법위반,건조,맑음,교차로 - 교차로안,승용,여,38세,상해없음,원동기,남,53세,중상
2015101800100263,2015년 10월 18일 13시,일요일,경상북도 칠곡군 석적읍,경상사고,0,0,1,0,차대사람 - 횡단중,보행자보호의무위반,건조,맑음,단일로 - 횡단보도상,승용,여,43세,상해없음,보행자,남,4세,경상
2015101800100312,2015년 10월 18일 14시,일요일,경상북도 안동시 용상동,경상사고,0,0,1,0,차대차 - 기타,안전운전불이행,건조,맑음,교차로 - 교차로부근,자전거,남,13세,경상,승용,남,49세,상해없음
2015101800100313,2015년 10월 18일 14시,일요일,경상북도 칠곡군 왜관읍,경상사고,0,0,5,2,차대차 - 추돌 - 주정차중,안전운전불이행,건조,맑음,단일로 - 기타,승용,여,46세,부상신고,화물,남,65세,경상
2015101800100339,2015년 10월 18일 15시,일요일,경상북도 포항시 북구 상원동,경상사고,0,0,1,0,차대차 - 기타,안전운전불이행,건조,맑음,단일로 - 기타,승용,남,67세,상해없음,승용,남,63세,경상
2015101800100340,2015년 10월 18일 15시,일요일,경상북도 청도군 화양읍,경상사고,0,0,1,0,차대사람 - 기타,안전운전불이행,건조,맑음,단일로 - 기타,승용,남,67세,상해없음,보행자,여,38세,경상
2015101800100341,2015년 10월 18일 15시,일요일,경상북도 구미시 선산읍,경상사고,0,0,6,0,차대차 - 기타,안전운전불이행,건조,맑음,교차로 - 교차로부근,승용,남,55세,상해없음,승용,여,53세,경상
2015101800100365,2015년 10월 18일 16시,일요일,경상북도 포항시 북구 학잠동,경상사고,0,0,2,0,차대차 - 기타,안전운전불이행,건조,맑음,교차로 - 교차로부근,승용,남,47세,상해없음,승용,여,40세,상해없음
2015101800100366,2015년 10월 18일 16시,일요일,경상북도 안동시 안흥동,경상사고,0,0,1,0,차대차 - 기타,안전운전불이행,건조,맑음,단일로 - 기타,승용,남,64세,상해없음,자전거,여,73세,경상
2015101800100367,2015년 10월 18일 16시,일요일,경상북도 경산시 자인면,경상사고,0,0,1,0,차대차 - 기타,중앙선침범,건조,맑음,단일로 - 기타,승용,남,77세,상해없음,승용,여,56세,경상
2015101800100368,2015년 10월 18일 16시,일요일,경상북도 구미시 원평동,경상사고,0,0,2,0,차대차 - 기타,차로위반,건조,맑음,교차로 - 교차로부근,승용,남,63세,상해없음,승용,남,30세,경상
2015101800100404,2015년 10월 18일 17시,일요일,경상북도 경주시 현곡면,경상사고,0,0,2,0,차대차 - 기타,중앙선침범,건조,맑음,단일로 - 기타,승용,남,54세,상해없음,화물,남,32세,경상
2015101800100405,2015년 10월 18일 17시,일요일,경상북도 영덕군 강구면,중상사고,0,1,0,0,차대사람 - 횡단중,안전운전불이행,건조,맑음,단일로 - 기타,승용,여,30세,상해없음,보행자,여,72세,중상
2015101800100406,2015년 10월 18일 17시,일요일,경상북도 구미시 선산읍,중상사고,0,2,0,0,차대차 - 측면직각충돌,교차로운행방법위반,건조,맑음,교차로 - 교차로안,승용,남,50세,상해없음,이륜,남,76세,중상
2015101800100407,2015년 10월 18일 17시,일요일,경상북도 포항시 남구 구룡포읍,중상사고,0,1,1,0,차량단독 - 공작물충돌,안전운전불이행,건조,맑음,단일로 - 기타,승용,남,57세,상해없음,,,,
2015101800100448,2015년 10월 18일 18시,일요일,경상북도 상주시 청리면,경상사고,0,0,1,0,차량단독 - 기타,안전운전불이행,건조,맑음,단일로 - 기타,원동기,남,48세,경상,,,,
2015101800100449,2015년 10월 18일 18시,일요일,경상북도 칠곡군 동명면,중상사고,0,1,4,0,차대차 - 추돌 - 주정차중,안전운전불이행,건조,맑음,단일로 - 기타,승용,남,63세,상해없음,승용,여,27세,경상
2015101800100450,2015년 10월 18일 18시,일요일,경상북도 경산시 중방동,중상사고,0,3,3,0,차대차 - 측면직각충돌,안전거리미확보,건조,맑음,단일로 - 기타,승용,남,24세,상해없음,승용,남,54세,중상
2015101800100451,2015년 10월 18일 18시,일요일,경상북도 청도군 매전면,중상사고,0,4,4,0,차대차 - 측면직각충돌,안전운전불이행,건조,맑음,교차로 - 교차로안,승용,남,23세,경상,승용,남,60세,중상
2015101800100452,2015년 10월 18일 18시,일요일,경상북도 구미시 진평동,중상사고,0,1,0,0,차대사람 - 횡단중,안전운전불이행,건조,맑음,단일로 - 기타,승용,남,56세,상해없음,보행자,남,8세,중상
2015101800100453,2015년 10월 18일 18시,일요일,경상북도 구미시 고아읍,경상사고,0,0,2,0,차대차 - 기타,교차로운행방법위반,건조,기타,교차로 - 교차로안,승용,남,39세,상해없음,승용,남,58세,경상
2015101800100454,2015년 10월 18일 18시,일요일,경상북도 구미시 송정동,부상신고사고,0,0,0,1,차대차 - 기타,안전운전불이행,건조,맑음,단일로 - 기타,승용,남,24세,부상신고,화물,남,66세,상해없음
2015101800100489,2015년 10월 18일 19시,일요일,경상북도 울진군 북면,경상사고,0,0,1,0,차대차 - 측면직각충돌,안전운전불이행,건조,맑음,단일로 - 기타,승용,남,34세,상해없음,농기계,남,76세,경상
2015101800100490,2015년 10월 18일 19시,일요일,경상북도 포항시 남구 송도동,중상사고,0,1,0,0,차대차 - 측면직각충돌,중앙선침범,건조,맑음,단일로 - 기타,승용,남,47세,상해없음,원동기,남,62세,중상
2015101800100518,2015년 10월 18일 20시,일요일,경상북도 경주시 황성동,중상사고,0,1,0,0,차대사람 - 기타,안전운전불이행,건조,맑음,단일로 - 기타,기타불명,기타불명,기타불명,기타불명,보행자,남,22세,중상