사고번호,사고일시,요일,시군구,사고내용,사망자수,중상자수,경상자수,부상신고자수,사고유형,법규위반,노면상태,기상상태,도로형태,가해운전자 차종,가해운전자 성별,가해운전자 연령,가해운전자 상해정도,피해운전자 차종,피해운전자 성별,피해운전자 연령,피해운전자 상해정도
2015101800100519,2015년 10월 18일 20시,일요일,경상북도 영천시 성내동,경상사고,0,0,2,0,차대차 - 추돌 - 주정차중,안전운전불이행,건조,맑음,단일로 - 기타,승용,남,56세,상해없음,승용,남,47세,경상
2015101800100520,2015년 10월 18일 20시,일요일,경상북도 영천시 문외동,경상사고,0,0,1,0,차대사람 - 횡단중,안전운전불이행,건조,맑음,단일로 - 기타,승합,남,37세,상해없음,보행자,남,72세,경상
2015101800100521,2015년 10월 18일 20시,일요일,경상북도 영천시 완산동,경상사고,0,0,2,0,차대차 - 측면직각충돌,안전운전불이행,건조,맑음,단일로 - 기타,승용,남,68세,상해없음,승용,남,21세,경상
2015101800100522,2015년 10월 18일 20시,일요일,경상북도 청도군 화양읍,부상신고사고,0,0,0,1,차대차 - 측면직각충돌,안전운전불이행,건조,맑음,단일로 - 기타,이륜,남,63세,부상신고,승용,남,45세,상해없음
2015101800100542,2015년 10월 18일 21시,일요일,경상북도 포항시 남구 연일읍,경상사고,0,0,1,1,차대차 - 측면직각충돌,직진우회전진행방해,건조,맑음,교차로 - 교차로안,승용,여,39세,상해없음,원동기,남,19세,경상
2015101800100543,2015년 10월 18일 21시,일요일,경상북도 포항시 남구 대잠동,경상사고,0,0,4,0,차대차 - 측면직각충돌,교차로운행방법위반,건조,맑음,교차로 - 교차로안,승용,남,54세,경상,승용,남,66세,경상
2015101900100021,2015년 10월 19일 01시,월요일,경상북도 상주시 무양동,사망사고,1,0,0,0,차량단독 - 전도전복,안전운전불이행,건조,맑음,단일로 - 기타,이륜,남,30세,사망,,,,
2015101900100022,2015년 10월 19일 01시,월요일,경상북도 구미시 장천면,경상사고,0,0,1,0,차량단독 - 공작물충돌,안전운전불이행,건조,맑음,단일로 - 기타,승용,남,52세,경상,,,,
2015101900100035,2015년 10월 19일 02시,월요일,경상북도 구미시 장천면,중상사고,0,1,1,0,차대차 - 정면충돌,중앙선침범,건조,맑음,단일로 - 기타,승용,남,44세,중상,화물,남,53세,경상
2015101900100106,2015년 10월 19일 07시,월요일,경상북도 경산시 진량읍,경상사고,0,0,2,0,차대차 - 기타,교차로운행방법위반,건조,맑음,교차로 - 교차로안,승용,남,23세,경상,승용,남,30세,경상
2015101900100146,2015년 10월 19일 08시,월요일,경상북도 김천시 개령면,중상사고,0,1,0,0,차대차 - 측면직각충돌,교차로운행방법위반,건조,맑음,교차로 - 교차로안,화물,남,52세,상해없음,이륜,남,18세,중상
2015101900100187,2015년 10월 19일 09시,월요일,경상북도 경주시 배반동,중상사고,0,1,1,0,차대차 - 기타,신호위반,건조,맑음,교차로 - 교차로안,화물,남,63세,경상,승용,여,58세,중상
2015101900100188,2015년 10월 19일 09시,월요일,경상북도 포항시 북구 흥해읍,중상사고,0,1,0,0,차대차 - 측면직각충돌,중앙선침범,건조,맑음,단일로 - 기타,승용,여,38세,상해없음,승용,여,43세,중상
2015101900100189,2015년 10월 19일 09시,월요일,경상북도 영주시 안정면,경상사고,0,0,3,0,차대차 - 측면직각충돌,안전운전불이행,건조,맑음,교차로 - 교차로안,승용,남,52세,경상,화물,남,39세,경상
2015101900100219,2015년 10월 19일 10시,월요일,경상북도 성주군 용암면,경상사고,0,0,1,0,차대차 - 측면직각충돌,안전운전불이행,건조,맑음,교차로 - 교차로부근,화물,남,34세,상해없음,화물,남,59세,경상
2015101900100220,2015년 10월 19일 10시,월요일,경상북도 구미시 고아읍,중상사고,0,1,0,0,차대차 - 기타,신호위반,건조,맑음,교차로 - 교차로안,승용,남,33세,기타불명,이륜,남,32세,중상
2015101900100221,2015년 10월 19일 10시,월요일,경상북도 포항시 남구 대잠동,경상사고,0,0,2,0,차대차 - 측면직각충돌,안전운전불이행,건조,맑음,교차로 - 교차로안,승용,남,46세,경상,건설기계,남,46세,경상
2015101900100247,2015년 10월 19일 11시,월요일,경상북도 안동시 화성동,경상사고,0,0,1,0,차대사람 - 횡단중,보행자보호의무위반,건조,맑음,교차로 - 교차로안,화물,남,55세,상해없음,보행자,남,74세,경상
2015101900100248,2015년 10월 19일 11시,월요일,경상북도 영주시 영주동,경상사고,0,0,1,0,차대차 - 측면직각충돌,안전운전불이행,건조,맑음,교차로 - 교차로안,승용,남,68세,상해없음,승용,남,59세,경상
2015101900100249,2015년 10월 19일 11시,월요일,경상북도 영천시 망정동,중상사고,0,1,0,0,차대사람 - 길가장자리구역통행중,기타,건조,맑음,단일로 - 기타,승합,남,55세,상해없음,보행자,여,72세,중상
2015101900100273,2015년 10월 19일 12시,월요일,경상북도 경주시 감포읍,경상사고,0,0,1,0,차대사람 - 기타,안전운전불이행,건조,맑음,단일로 - 기타,특수,남,59세,상해없음,보행자,남,65세,경상
2015101900100274,2015년 10월 19일 12시,월요일,경상북도 경산시 사동,중상사고,0,1,0,0,차대차 - 측면직각충돌,직진우회전진행방해,건조,맑음,교차로 - 교차로안,이륜,남,57세,중상,승용,남,37세,상해없음
2015101900100299,2015년 10월 19일 13시,월요일,경상북도 경주시 동천동,경상사고,0,0,1,0,차대차 - 기타,안전운전불이행,건조,맑음,교차로 - 교차로부근,승용,남,62세,상해없음,이륜,남,33세,경상
2015101900100300,2015년 10월 19일 13시,월요일,경상북도 경주시 노서동,중상사고,0,1,0,0,차대사람 - 기타,신호위반,건조,맑음,단일로 - 횡단보도상,승용,여,57세,상해없음,보행자,남,71세,중상
2015101900100301,2015년 10월 19일 13시,월요일,경상북도 경산시 옥산동,중상사고,0,1,0,0,차대차 - 기타,안전운전불이행,건조,맑음,단일로 - 기타,승용,여,61세,상해없음,승용,여,34세,중상
2015101900100302,2015년 10월 19일 13시,월요일,경상북도 봉화군 소천면,중상사고,0,1,1,0,차대차 - 정면충돌,안전운전불이행,건조,맑음,단일로 - 기타,화물,남,39세,중상,화물,남,43세,상해없음
2015101900100303,2015년 10월 19일 13시,월요일,경상북도 구미시 형곡동,중상사고,0,1,0,0,차대차 - 기타,안전운전불이행,건조,맑음,단일로 - 기타,승용,여,37세,상해없음,이륜,남,57세,중상
2015101900100340,2015년 10월 19일 14시,월요일,경상북도 포항시 북구 죽도동,경상사고,0,0,1,0,차대차 - 기타,신호위반,건조,맑음,단일로 - 횡단보도상,자전거,남,67세,상해없음,자전거,여,55세,경상
2015101900100341,2015년 10월 19일 14시,월요일,경상북도 상주시 낙양동,중상사고,0,1,0,0,차대사람 - 차도통행중,안전운전불이행,건조,맑음,단일로 - 기타,건설기계,남,52세,상해없음,보행자,남,80세,중상
2015101900100342,2015년 10월 19일 14시,월요일,경상북도 영주시 하망동,경상사고,0,0,2,0,차대차 - 추돌 - 주정차중,안전운전불이행,건조,맑음,교차로 - 교차로부근,승용,남,80세,상해없음,승용,남,39세,경상
2015101900100343,2015년 10월 19일 14시,월요일,경상북도 영천시 조교동,경상사고,0,0,1,0,차대차 - 추돌 - 진행중,안전운전불이행,건조,맑음,단일로 - 기타,화물,남,59세,상해없음,승용,여,42세,경상
2015101900100344,2015년 10월 19일 14시,월요일,경상북도 경산시 진량읍,경상사고,0,0,1,0,차대차 - 기타,안전운전불이행,건조,맑음,단일로 - 기타,화물,남,55세,경상,승용,남,33세,상해없음
2015101900100388,2015년 10월 19일 15시,월요일,경상북도 포항시 북구 남빈동,부상신고사고,0,0,0,1,차대차 - 기타,안전운전불이행,건조,맑음,단일로 - 기타,승용,여,32세,상해없음,이륜,남,24세,부상신고
2015101900100389,2015년 10월 19일 15시,월요일,경상북도 영천시 금호읍,중상사고,0,1,0,0,차대차 - 추돌 - 진행중,안전운전불이행,건조,맑음,교차로 - 교차로부근,화물,남,45세,상해없음,이륜,남,73세,중상
2015101900100390,2015년 10월 19일 15시,월요일,경상북도 영천시 도동,경상사고,0,0,1,0,차량단독 - 공작물충돌,안전운전불이행,건조,맑음,단일로 - 기타,화물,남,55세,경상,,,,
2015101900100391,2015년 10월 19일 15시,월요일,경상북도 경산시 하양읍,경상사고,0,0,1,0,차대차 - 기타,안전운전불이행,건조,맑음,단일로 - 기타,승용,여,44세,상해없음,이륜,남,17세,경상
2015101900100393,2015년 10월 19일 15시,월요일,경상북도 군위군 효령면,경상사고,0,0,1,0,차대차 - 기타,안전운전불이행,건조,맑음,교차로 - 교차로안,화물,남,49세,상해없음,승용,남,45세,경상
2015101900100432,2015년 10월 19일 16시,월요일,경상북도 경주시 동천동,중상사고,0,1,0,0,차대차 - 측면직각충돌,안전운전불이행,건조,맑음,교차로 - 교차로안,승용,여,51세,상해없음,이륜,여,29세,중상
2015101900100433,2015년 10월 19일 16시,월요일,경상북도 상주시 화개동,중상사고,0,1,0,0,차량단독 - 기타,안전운전불이행,건조,맑음,단일로 - 기타,자전거,여,57세,중상,,,,
2015101900100434,2015년 10월 19일 16시,월요일,경상북도 경산시 대동,경상사고,0,0,3,0,차대차 - 기타,안전운전불이행,건조,맑음,단일로 - 기타,승용,남,70세,상해없음,승용,여,29세,경상
2015101900100435,2015년 10월 19일 16시,월요일,경상북도 고령군 다산면,중상사고,0,1,0,0,차대사람 - 길가장자리구역통행중,안전운전불이행,건조,맑음,단일로 - 기타,승용,남,52세,상해없음,보행자,여,66세,중상
2015101900100436,2015년 10월 19일 16시,월요일,경상북도 고령군 쌍림면,중상사고,0,2,0,0,차량단독 - 공작물충돌,안전운전불이행,건조,맑음,단일로 - 기타,승용,남,59세,중상,,,,
2015101900100473,2015년 10월 19일 17시,월요일,경상북도 고령군 쌍림면,중상사고,0,1,0,0,차량단독 - 전도전복,안전운전불이행,건조,맑음,단일로 - 기타,원동기,남,86세,중상,,,,
2015101900100534,2015년 10월 19일 18시,월요일,경상북도 경주시 양남면,경상사고,0,0,2,1,차대차 - 기타,안전운전불이행,건조,맑음,교차로 - 교차로안,승용,남,24세,상해없음,승용,여,60세,경상
2015101900100535,2015년 10월 19일 18시,월요일,경상북도 포항시 북구 우현동,중상사고,0,1,0,0,차대차 - 측면직각충돌,안전운전불이행,건조,맑음,교차로 - 교차로안,승용,남,66세,상해없음,승용,여,39세,중상
2015101900100536,2015년 10월 19일 18시,월요일,경상북도 영천시 임고면,사망사고,1,0,0,0,차대사람 - 길가장자리구역통행중,안전운전불이행,건조,맑음,단일로 - 기타,승용,남,51세,상해없음,보행자,여,74세,사망
2015101900100537,2015년 10월 19일 18시,월요일,경상북도 예천군 지보면,중상사고,0,2,2,0,차대차 - 추돌 - 진행중,안전운전불이행,건조,맑음,단일로 - 기타,승용,남,55세,경상,농기계,남,65세,중상
2015101900100538,2015년 10월 19일 18시,월요일,경상북도 예천군 예천읍,경상사고,0,0,1,0,차대차 - 측면직각충돌,안전운전불이행,건조,맑음,교차로 - 교차로안,승용,남,54세,상해없음,승용,여,28세,경상
2015101900100587,2015년 10월 19일 19시,월요일,경상북도 김천시 황금동,경상사고,0,0,1,0,차대사람 - 보도통행중,안전운전불이행,건조,맑음,교차로 - 교차로부근,승합,남,67세,상해없음,보행자,남,57세,경상
2015101900100588,2015년 10월 19일 19시,월요일,경상북도 김천시 부곡동,경상사고,0,0,1,0,차대차 - 측면직각충돌,안전운전불이행,건조,맑음,교차로 - 교차로부근,승용,남,20세,상해없음,승합,여,45세,경상
2015101900100589,2015년 10월 19일 19시,월요일,경상북도 경산시 계양동,경상사고,0,0,1,0,차대차 - 기타,안전운전불이행,건조,맑음,교차로 - 교차로부근,승용,여,52세,상해없음,승용,여,45세,상해없음
2015101900100590,2015년 10월 19일 19시,월요일,경상북도 예천군 예천읍,경상사고,0,0,1,0,차량단독 - 공작물충돌,안전운전불이행,건조,맑음,단일로 - 기타,이륜,남,70세,경상,,,,
2015101900100591,2015년 10월 19일 19시,월요일,경상북도 포항시 남구 송내동,경상사고,0,0,1,0,차대차 - 기타,안전운전불이행,건조,맑음,교차로 - 교차로안,자전거,남,34세,경상,승용,남,44세,상해없음
2015101900100627,2015년 10월 19일 20시,월요일,경상북도 포항시 남구 오천읍,경상사고,0,0,1,0,차대차 - 기타,기타,건조,맑음,교차로 - 교차로부근,원동기,남,21세,경상,승용,여,43세,상해없음
2015101900100648,2015년 10월 19일 21시,월요일,경상북도 구미시 선기동,중상사고,0,1,1,0,차대차 - 기타,안전운전불이행,건조,맑음,단일로 - 기타,승용,여,59세,중상,승용,남,29세,경상
2015101900100669,2015년 10월 19일 22시,월요일,경상북도 의성군 단촌면,경상사고,0,0,2,0,차대차 - 측면직각충돌,안전운전불이행,건조,맑음,단일로 - 기타,승합,남,59세,상해없음,승용,여,40세,경상
2015101900100670,2015년 10월 19일 22시,월요일,경상북도 구미시 옥계동,부상신고사고,0,0,0,1,차대사람 - 기타,안전운전불이행,건조,맑음,단일로 - 기타,기타불명,기타불명,기타불명,기타불명,보행자,남,25세,부상신고
2015101900100687,2015년 10월 19일 23시,월요일,경상북도 안동시 송현동,중상사고,0,1,0,0,차대차 - 기타,안전운전불이행,건조,맑음,교차로 - 교차로안,승용,남,34세,상해없음,자전거,남,14세,중상
2015102000100008,2015년 10월 20일 00시,화요일,경상북도 경산시 옥산동,경상사고,0,0,1,0,차대차 - 기타,안전운전불이행,건조,맑음,단일로 - 기타,승용,여,50세,상해없음,승용,남,44세,경상
2015102000100009,2015년 10월 20일 00시,화요일,경상북도 청송군 부남면,중상사고,0,1,0,0,차대차 - 정면충돌,중앙선침범,건조,맑음,단일로 - 기타,화물,남,52세,상해없음,자전거,남,21세,중상
2015102000100036,2015년 10월 20일 02시,화요일,경상북도 칠곡군 왜관읍,부상신고사고,0,0,0,1,차대차 - 측면직각충돌,직진우회전진행방해,건조,맑음,교차로 - 교차로안,승용,남,25세,상해없음,승용,남,45세,부상신고
2015102000100042,2015년 10월 20일 03시,화요일,경상북도 영주시 가흥동,경상사고,0,0,1,0,차량단독 - 공작물충돌,안전운전불이행,건조,맑음,교차로 - 교차로안,승용,여,45세,경상,,,,
2015102000100062,2015년 10월 20일 05시,화요일,경상북도 경주시 황남동,중상사고,0,2,0,0,차대차 - 기타,안전운전불이행,습기,안개,교차로 - 교차로부근,화물,남,55세,상해없음,승용,남,22세,중상
2015102000100063,2015년 10월 20일 05시,화요일,경상북도 구미시 송정동,중상사고,0,1,0,0,차대차 - 기타,안전운전불이행,건조,맑음,교차로 - 교차로안,승용,남,46세,상해없음,승용,남,52세,중상
2015102000100064,2015년 10월 20일 05시,화요일,경상북도 포항시 북구 기계면,중상사고,0,1,1,0,차대차 - 기타,안전운전불이행,건조,맑음,단일로 - 기타,화물,남,50세,상해없음,화물,남,65세,중상
2015102000100071,2015년 10월 20일 06시,화요일,경상북도 경산시 옥곡동,중상사고,0,1,0,0,차대차 - 기타,신호위반,건조,맑음,교차로 - 교차로부근,승용,남,81세,상해없음,이륜,남,55세,중상
2015102000100092,2015년 10월 20일 07시,화요일,경상북도 포항시 북구 남빈동,경상사고,0,0,1,0,차대차 - 기타,안전운전불이행,건조,맑음,단일로 - 기타,승용,남,75세,상해없음,승용,남,58세,경상
2015102000100093,2015년 10월 20일 07시,화요일,경상북도 영양군 영양읍,경상사고,0,0,1,0,차대차 - 추돌 - 진행중,안전거리미확보,건조,맑음,단일로 - 기타,화물,남,40세,상해없음,원동기,남,44세,경상
2015102000100135,2015년 10월 20일 08시,화요일,경상북도 경주시 현곡면,중상사고,0,1,0,0,차량단독 - 기타,안전운전불이행,건조,맑음,단일로 - 기타,승용,여,57세,중상,,,,
2015102000100136,2015년 10월 20일 08시,화요일,경상북도 영주시 가흥동,중상사고,0,1,0,0,차대차 - 측면직각충돌,안전운전불이행,건조,맑음,교차로 - 교차로부근,승용,여,39세,상해없음,자전거,남,76세,중상
2015102000100137,2015년 10월 20일 08시,화요일,경상북도 고령군 다산면,중상사고,0,1,0,0,차대차 - 측면직각충돌,교차로운행방법위반,건조,맑음,교차로 - 교차로안,이륜,남,50세,중상,화물,남,38세,상해없음
2015102000100138,2015년 10월 20일 08시,화요일,경상북도 포항시 남구 구룡포읍,중상사고,0,1,1,0,차대차 - 추돌 - 진행중,안전운전불이행,건조,맑음,교차로 - 교차로안,승용,남,73세,상해없음,원동기,남,55세,중상
2015102000100139,2015년 10월 20일 08시,화요일,경상북도 포항시 남구 연일읍,중상사고,0,2,0,0,차량단독 - 공작물충돌,안전운전불이행,건조,맑음,단일로 - 기타,승용,남,77세,중상,,,,
2015102000100186,2015년 10월 20일 09시,화요일,경상북도 청송군 안덕면,중상사고,0,2,0,0,차량단독 - 기타,안전운전불이행,건조,맑음,단일로 - 기타,원동기,여,48세,중상,,,,
2015102000100187,2015년 10월 20일 09시,화요일,경상북도 구미시 송정동,경상사고,0,0,1,0,차대차 - 기타,안전운전불이행,건조,맑음,단일로 - 기타,승용,남,29세,상해없음,원동기,남,44세,경상
2015102000100188,2015년 10월 20일 09시,화요일,경상북도 포항시 남구 구룡포읍,경상사고,0,0,1,0,차대차 - 측면직각충돌,신호위반,건조,맑음,교차로 - 교차로안,화물,남,63세,상해없음,승용,여,44세,경상
2015102000100224,2015년 10월 20일 10시,화요일,경상북도 의성군 안평면,경상사고,0,0,1,0,차대사람 - 길가장자리구역통행중,안전운전불이행,건조,맑음,단일로 - 기타,승용,여,69세,상해없음,보행자,남,81세,경상
2015102000100225,2015년 10월 20일 10시,화요일,경상북도 구미시 신평동,사망사고,1,0,0,0,차대사람 - 기타,안전운전불이행,건조,맑음,교차로 - 교차로안,화물,남,64세,상해없음,보행자,남,72세,사망
2015102000100271,2015년 10월 20일 11시,화요일,경상북도 경주시 안강읍,경상사고,0,0,1,0,차대차 - 기타,안전운전불이행,건조,맑음,교차로 - 교차로부근,승용,남,50세,상해없음,승용,여,51세,경상
2015102000100272,2015년 10월 20일 11시,화요일,경상북도 경주시 노서동,중상사고,0,1,0,0,차대차 - 기타,안전운전불이행,건조,맑음,단일로 - 기타,화물,남,39세,상해없음,승용,남,67세,상해없음
2015102000100273,2015년 10월 20일 11시,화요일,경상북도 청송군 부남면,경상사고,0,0,1,0,차대차 - 측면직각충돌,기타,건조,맑음,단일로 - 기타,원동기,여,42세,경상,승용,여,34세,상해없음
2015102000100304,2015년 10월 20일 12시,화요일,경상북도 포항시 북구 두호동,경상사고,0,0,2,0,차대차 - 기타,직진우회전진행방해,건조,맑음,단일로 - 기타,승용,여,52세,상해없음,승용,여,24세,경상
2015102000100305,2015년 10월 20일 12시,화요일,경상북도 영주시 이산면,중상사고,0,1,0,0,차대차 - 추돌 - 진행중,안전운전불이행,건조,맑음,단일로 - 기타,화물,남,33세,상해없음,승용,남,61세,중상
2015102000100306,2015년 10월 20일 12시,화요일,경상북도 칠곡군 동명면,중상사고,0,1,0,0,차대차 - 측면직각충돌,안전운전불이행,건조,맑음,단일로 - 기타,건설기계,남,60세,상해없음,이륜,남,50세,중상
2015102000100307,2015년 10월 20일 12시,화요일,경상북도 영천시 과전동,경상사고,0,0,1,0,차대차 - 기타,안전운전불이행,건조,흐림,단일로 - 기타,승용,여,37세,상해없음,이륜,남,19세,경상
2015102000100308,2015년 10월 20일 12시,화요일,경상북도 경산시 하양읍,경상사고,0,0,1,0,차량단독 - 기타,안전운전불이행,건조,맑음,단일로 - 기타,승합,남,44세,상해없음,,,,
2015102000100309,2015년 10월 20일 12시,화요일,경상북도 성주군 초전면,중상사고,0,1,0,0,차대차 - 기타,안전운전불이행,건조,맑음,단일로 - 기타,화물,남,53세,상해없음,승용,여,40세,중상
2015102000100335,2015년 10월 20일 13시,화요일,경상북도 의성군 점곡면,경상사고,0,0,1,0,차량단독 - 전도전복,안전운전불이행,건조,맑음,단일로 - 기타,화물,남,34세,경상,,,,
2015102000100336,2015년 10월 20일 13시,화요일,경상북도 구미시 신평동,부상신고사고,0,0,0,1,차대차 - 기타,안전운전불이행,건조,맑음,단일로 - 기타,자전거,남,74세,부상신고,승합,남,25세,상해없음
2015102000100370,2015년 10월 20일 14시,화요일,경상북도 김천시 감문면,중상사고,0,2,1,0,차대차 - 측면직각충돌,안전운전불이행,건조,맑음,단일로 - 기타,승용,남,72세,경상,승용,남,50세,중상
2015102000100371,2015년 10월 20일 14시,화요일,경상북도 김천시 남면,경상사고,0,0,2,0,차대차 - 측면직각충돌,안전운전불이행,건조,맑음,교차로 - 교차로안,승용,여,48세,경상,승용,남,52세,경상
2015102000100372,2015년 10월 20일 14시,화요일,경상북도 칠곡군 왜관읍,중상사고,0,1,0,0,차대차 - 측면직각충돌,안전운전불이행,건조,맑음,교차로 - 교차로안,승합,남,54세,상해없음,자전거,남,80세,중상
2015102000100373,2015년 10월 20일 14시,화요일,경상북도 청송군 현서면,중상사고,0,1,0,0,차대차 - 추돌 - 진행중,과속,건조,맑음,단일로 - 기타,화물,남,43세,상해없음,화물,남,70세,중상
2015102000100402,2015년 10월 20일 15시,화요일,경상북도 포항시 북구 장성동,중상사고,0,1,0,0,차대차 - 기타,안전운전불이행,건조,맑음,교차로 - 교차로부근,화물,남,52세,상해없음,이륜,여,48세,중상
2015102000100403,2015년 10월 20일 15시,화요일,경상북도 김천시 아포읍,경상사고,0,0,1,0,차대차 - 측면직각충돌,안전운전불이행,건조,맑음,단일로 - 기타,이륜,남,87세,경상,승용,남,34세,상해없음
2015102000100404,2015년 10월 20일 15시,화요일,경상북도 영천시 금호읍,중상사고,0,1,0,0,차대사람 - 횡단중,기타,건조,맑음,단일로 - 기타,승합,남,57세,상해없음,보행자,여,64세,중상
2015102000100405,2015년 10월 20일 15시,화요일,경상북도 경산시 임당동,경상사고,0,0,2,0,차대차 - 기타,교차로운행방법위반,건조,맑음,교차로 - 교차로안,승용,남,47세,경상,화물,남,37세,경상
2015102000100443,2015년 10월 20일 16시,화요일,경상북도 경주시 외동읍,경상사고,0,0,1,0,차대차 - 측면직각충돌,안전운전불이행,건조,맑음,교차로 - 교차로안,승용,여,49세,경상,승용,남,66세,상해없음
2015102000100444,2015년 10월 20일 16시,화요일,경상북도 포항시 북구 학산동,경상사고,0,0,1,0,차대차 - 기타,교차로운행방법위반,건조,맑음,교차로 - 교차로안,화물,남,64세,상해없음,이륜,남,18세,경상
2015102000100445,2015년 10월 20일 16시,화요일,경상북도 포항시 북구 장성동,경상사고,0,0,2,0,차대차 - 기타,안전운전불이행,건조,맑음,교차로 - 교차로부근,승용,남,50세,상해없음,승용,여,37세,경상
2015102000100446,2015년 10월 20일 16시,화요일,경상북도 영천시 대창면,경상사고,0,0,1,0,차대차 - 추돌 - 진행중,안전운전불이행,건조,맑음,교차로 - 교차로부근,화물,남,47세,상해없음,화물,남,60세,경상
2015102000100447,2015년 10월 20일 16시,화요일,경상북도 울진군 울진읍,경상사고,0,0,1,0,차대차 - 기타,중앙선침범,건조,맑음,교차로 - 교차로부근,화물,남,57세,상해없음,원동기,남,36세,경상
2015102000100448,2015년 10월 20일 16시,화요일,경상북도 울진군 기성면,중상사고,0,1,0,0,차대차 - 기타,직진우회전진행방해,건조,맑음,교차로 - 교차로안,승용,여,51세,상해없음,승용,여,59세,중상
2015102000100449,2015년 10월 20일 16시,화요일,경상북도 구미시 형곡동,부상신고사고,0,0,0,1,차대차 - 기타,안전운전불이행,건조,맑음,교차로 - 교차로안,자전거,남,71세,부상신고,승용,여,27세,상해없음
2015102000100476,2015년 10월 20일 17시,화요일,경상북도 안동시 태화동,중상사고,0,1,0,0,차대차 - 측면직각충돌,교차로운행방법위반,건조,맑음,교차로 - 교차로안,승합,남,55세,상해없음,승용,남,40세,중상
2015102000100477,2015년 10월 20일 17시,화요일,경상북도 김천시 부곡동,중상사고,0,1,0,0,차대차 - 측면직각충돌,안전운전불이행,건조,맑음,단일로 - 기타,자전거,남,74세,중상,승용,여,54세,상해없음
2015102000100478,2015년 10월 20일 17시,화요일,경상북도 경산시 압량면,경상사고,0,0,1,0,차대사람 - 기타,보행자보호의무위반,건조,맑음,단일로 - 기타,승용,남,20세,상해없음,보행자,여,11세,경상
2015102000100537,2015년 10월 20일 18시,화요일,경상북도 경주시 천북면,중상사고,0,2,2,0,차대차 - 측면직각충돌,중앙선침범,건조,맑음,단일로 - 기타,승용,여,49세,중상,승용,남,26세,경상
2015102000100538,2015년 10월 20일 18시,화요일,경상북도 경주시 외동읍,중상사고,0,2,1,0,차대차 - 추돌 - 진행중,안전운전불이행,건조,맑음,단일로 - 기타,승용,남,36세,상해없음,승용,남,51세,경상
2015102000100539,2015년 10월 20일 18시,화요일,경상북도 경주시 감포읍,경상사고,0,0,1,0,차대차 - 추돌 - 진행중,안전운전불이행,건조,맑음,단일로 - 기타,승용,여,58세,경상,건설기계,남,44세,상해없음
2015102000100540,2015년 10월 20일 18시,화요일,경상북도 포항시 북구 죽도동,경상사고,0,0,1,0,차대사람 - 차도통행중,안전운전불이행,건조,맑음,단일로 - 기타,승용,여,45세,상해없음,보행자,여,73세,경상
2015102000100541,2015년 10월 20일 18시,화요일,경상북도 안동시 풍산읍,중상사고,0,1,2,0,차대차 - 추돌 - 진행중,안전거리미확보,건조,맑음,단일로 - 기타,승용,남,75세,상해없음,승용,남,35세,경상
2015102000100542,2015년 10월 20일 18시,화요일,경상북도 상주시 서문동,경상사고,0,0,1,0,차대차 - 측면직각충돌,안전운전불이행,건조,맑음,교차로 - 교차로안,승용,여,35세,상해없음,자전거,남,14세,경상
2015102000100543,2015년 10월 20일 18시,화요일,경상북도 영주시 영주동,경상사고,0,0,1,0,차대차 - 추돌 - 진행중,안전운전불이행,건조,맑음,단일로 - 기타,승용,여,35세,상해없음,자전거,남,59세,경상
2015102000100544,2015년 10월 20일 18시,화요일,경상북도 칠곡군 왜관읍,경상사고,0,0,2,0,차대차 - 추돌 - 진행중,안전운전불이행,건조,맑음,교차로 - 교차로안,승합,여,50세,상해없음,승용,여,48세,경상
2015102000100545,2015년 10월 20일 18시,화요일,경상북도 영천시 신령면,경상사고,0,0,4,0,차대차 - 측면직각충돌,교차로운행방법위반,건조,맑음,교차로 - 교차로안,승용,여,47세,경상,승용,남,53세,경상
2015102000100546,2015년 10월 20일 18시,화요일,경상북도 경산시 정평동,경상사고,0,0,3,0,차대차 - 기타,안전운전불이행,건조,맑음,단일로 - 기타,승용,여,44세,상해없음,승용,남,23세,경상
2015102000100547,2015년 10월 20일 18시,화요일,경상북도 구미시 선기동,경상사고,0,0,1,0,차대사람 - 기타,안전운전불이행,건조,맑음,단일로 - 기타,승용,남,75세,상해없음,보행자,남,72세,경상
2015102000100548,2015년 10월 20일 18시,화요일,경상북도 구미시 무을면,사망사고,1,0,0,0,차대사람 - 기타,안전운전불이행,건조,흐림,단일로 - 기타,화물,남,61세,상해없음,보행자,여,73세,사망
2015102000100589,2015년 10월 20일 19시,화요일,경상북도 경주시 용강동,중상사고,0,3,4,1,차대차 - 추돌 - 주정차중,안전운전불이행,건조,맑음,교차로 - 교차로부근,화물,남,45세,부상신고,승용,남,54세,경상
2015102000100590,2015년 10월 20일 19시,화요일,경상북도 경산시 진량읍,중상사고,0,1,0,0,차대차 - 기타,중앙선침범,건조,맑음,단일로 - 기타,승용,남,34세,상해없음,원동기,남,26세,중상
2015102000100627,2015년 10월 20일 20시,화요일,경상북도 경주시 시래동,중상사고,0,1,0,0,차대차 - 측면직각충돌,안전운전불이행,건조,맑음,단일로 - 기타,기타불명,기타불명,기타불명,기타불명,자전거,남,48세,중상