사고번호,사고일시,요일,시군구,사고내용,사망자수,중상자수,경상자수,부상신고자수,사고유형,법규위반,노면상태,기상상태,도로형태,가해운전자 차종,가해운전자 성별,가해운전자 연령,가해운전자 상해정도,피해운전자 차종,피해운전자 성별,피해운전자 연령,피해운전자 상해정도
2015102200100657,2015년 10월 22일 21시,목요일,경상북도 포항시 북구 흥해읍,중상사고,0,1,1,0,차대차 - 기타,중앙선침범,건조,맑음,교차로 - 교차로안,승용,남,42세,상해없음,승용,여,43세,중상
2015102200100658,2015년 10월 22일 21시,목요일,경상북도 포항시 북구 죽도동,경상사고,0,0,1,0,차대사람 - 기타,보행자보호의무위반,건조,맑음,단일로 - 횡단보도상,이륜,남,49세,상해없음,보행자,남,22세,경상
2015102200100659,2015년 10월 22일 21시,목요일,경상북도 경산시 중산동,경상사고,0,0,1,0,차대사람 - 기타,교차로운행방법위반,건조,맑음,교차로 - 교차로안,승용,여,58세,상해없음,보행자,여,60세,경상
2015102200100660,2015년 10월 22일 21시,목요일,경상북도 구미시 신평동,경상사고,0,0,2,1,차대차 - 기타,안전운전불이행,건조,맑음,단일로 - 기타,승용,남,53세,부상신고,승용,남,24세,경상
2015102300100025,2015년 10월 23일 00시,금요일,경상북도 포항시 북구 창포동,중상사고,0,1,2,0,차대차 - 측면직각충돌,안전운전불이행,건조,맑음,교차로 - 교차로안,이륜,남,16세,상해없음,승용,남,22세,상해없음
2015102300100026,2015년 10월 23일 00시,금요일,경상북도 구미시 신평동,중상사고,0,1,0,0,차대차 - 기타,신호위반,건조,맑음,교차로 - 교차로안,승용,남,29세,상해없음,승용,남,33세,중상
2015102300100061,2015년 10월 23일 04시,금요일,경상북도 경주시 율동,사망사고,1,0,1,0,차량단독 - 전도전복,안전운전불이행,습기,안개,단일로 - 교량,화물,남,64세,사망,,,,
2015102300100062,2015년 10월 23일 04시,금요일,경상북도 영천시 북안면,중상사고,0,1,0,0,차량단독 - 기타,안전운전불이행,기타,안개,단일로 - 기타,승용,남,33세,중상,,,,
2015102300100070,2015년 10월 23일 05시,금요일,경상북도 구미시 신평동,경상사고,0,0,1,0,차대차 - 기타,안전운전불이행,건조,맑음,교차로 - 교차로안,승용,여,42세,경상,승용,남,50세,상해없음
2015102300100088,2015년 10월 23일 06시,금요일,경상북도 상주시 외답동,사망사고,1,0,0,0,차대차 - 추돌 - 주정차중,안전운전불이행,건조,맑음,단일로 - 기타,승용,남,49세,사망,건설기계,남,41세,상해없음
2015102300100089,2015년 10월 23일 06시,금요일,경상북도 청송군 진보면,경상사고,0,0,1,0,차대차 - 추돌 - 진행중,교차로운행방법위반,건조,맑음,교차로 - 교차로안,승용,여,31세,상해없음,원동기,남,74세,경상
2015102300100110,2015년 10월 23일 07시,금요일,경상북도 안동시 북후면,중상사고,0,1,1,0,차대차 - 기타,안전운전불이행,건조,맑음,교차로 - 교차로안,화물,남,75세,중상,승용,남,59세,경상
2015102300100147,2015년 10월 23일 08시,금요일,경상북도 구미시 인의동,경상사고,0,0,4,0,차대차 - 기타,직진우회전진행방해,건조,맑음,교차로 - 교차로안,승용,남,51세,기타불명,승용,여,35세,경상
2015102300100181,2015년 10월 23일 09시,금요일,경상북도 안동시 송현동,부상신고사고,0,0,0,1,차대차 - 기타,신호위반,건조,맑음,교차로 - 교차로안,승용,여,39세,부상신고,승용,남,53세,상해없음
2015102300100182,2015년 10월 23일 09시,금요일,경상북도 울진군 후포면,경상사고,0,0,1,0,차대사람 - 보도통행중,안전운전불이행,건조,맑음,단일로 - 기타,승용,여,38세,상해없음,보행자,남,60세,경상
2015102300100183,2015년 10월 23일 09시,금요일,경상북도 구미시 임수동,경상사고,0,0,1,1,차대차 - 기타,차로위반,건조,맑음,단일로 - 기타,승용,여,52세,부상신고,승용,여,22세,경상
2015102300100220,2015년 10월 23일 10시,금요일,경상북도 울진군 울진읍,중상사고,0,1,0,0,차량단독 - 전도전복,안전운전불이행,건조,맑음,단일로 - 기타,농기계,여,74세,중상,,,,
2015102300100221,2015년 10월 23일 10시,금요일,경상북도 구미시 신평동,경상사고,0,0,2,0,차대차 - 기타,교차로운행방법위반,건조,맑음,교차로 - 교차로안,승용,남,28세,상해없음,승용,여,46세,경상
2015102300100256,2015년 10월 23일 11시,금요일,경상북도 청도군 각남면,중상사고,0,3,0,0,차대차 - 측면직각충돌,신호위반,건조,맑음,교차로 - 교차로안,화물,남,44세,상해없음,승합,남,64세,중상
2015102300100257,2015년 10월 23일 11시,금요일,경상북도 포항시 남구 연일읍,중상사고,0,1,0,0,차대차 - 측면직각충돌,신호위반,건조,맑음,교차로 - 교차로안,승용,남,31세,상해없음,승용,여,57세,중상
2015102300100315,2015년 10월 23일 13시,금요일,경상북도 경주시 충효동,부상신고사고,0,0,0,1,차대차 - 측면직각충돌,신호위반,건조,맑음,교차로 - 교차로안,자전거,남,22세,부상신고,승합,남,59세,상해없음
2015102300100316,2015년 10월 23일 13시,금요일,경상북도 경주시 감포읍,부상신고사고,0,0,0,2,차대사람 - 기타,안전운전불이행,건조,맑음,단일로 - 기타,승용,남,82세,부상신고,보행자,여,55세,부상신고
2015102300100317,2015년 10월 23일 13시,금요일,경상북도 영천시 자양면,중상사고,0,1,1,0,차대차 - 측면직각충돌,중앙선침범,건조,맑음,단일로 - 기타,화물,남,59세,상해없음,승용,여,38세,경상
2015102300100318,2015년 10월 23일 13시,금요일,경상북도 포항시 남구 오천읍,경상사고,0,0,1,0,차대차 - 측면직각충돌,안전운전불이행,건조,맑음,교차로 - 교차로안,승용,여,42세,상해없음,승용,여,37세,경상
2015102300100357,2015년 10월 23일 14시,금요일,경상북도 경주시 충효동,경상사고,0,0,1,0,차대차 - 기타,안전운전불이행,건조,맑음,단일로 - 기타,승용,남,54세,상해없음,이륜,남,25세,경상
2015102300100358,2015년 10월 23일 14시,금요일,경상북도 안동시 옥야동,경상사고,0,0,1,0,차대차 - 측면직각충돌,직진우회전진행방해,건조,맑음,교차로 - 교차로안,승합,남,61세,상해없음,화물,남,64세,경상
2015102300100392,2015년 10월 23일 15시,금요일,경상북도 구미시 거의동,경상사고,0,0,1,0,차대차 - 기타,안전운전불이행,건조,맑음,단일로 - 기타,승용,여,51세,상해없음,자전거,남,28세,경상
2015102300100393,2015년 10월 23일 15시,금요일,경상북도 포항시 남구 괴동동,경상사고,0,0,3,0,차대차 - 측면직각충돌,교차로운행방법위반,건조,맑음,교차로 - 교차로부근,화물,남,51세,상해없음,승용,남,35세,경상
2015102300100394,2015년 10월 23일 15시,금요일,경상북도 포항시 남구 대도동,경상사고,0,0,1,0,차대차 - 측면직각충돌,기타,건조,맑음,단일로 - 기타,승용,남,62세,상해없음,자전거,남,14세,경상
2015102300100483,2015년 10월 23일 17시,금요일,경상북도 경산시 하양읍,경상사고,0,0,1,0,차대차 - 기타,안전운전불이행,건조,맑음,교차로 - 교차로안,승용,남,52세,상해없음,승용,남,53세,경상
2015102300100484,2015년 10월 23일 17시,금요일,경상북도 구미시 인의동,경상사고,0,0,1,0,차대사람 - 차도통행중,안전운전불이행,건조,맑음,단일로 - 기타,승용,여,39세,상해없음,보행자,남,8세,경상
2015102300100485,2015년 10월 23일 17시,금요일,경상북도 포항시 남구 오천읍,경상사고,0,0,2,0,차대차 - 추돌 - 진행중,직진우회전진행방해,건조,맑음,교차로 - 교차로안,승용,여,60세,경상,화물,남,34세,경상
2015102300100549,2015년 10월 23일 18시,금요일,경상북도 경주시 건천읍,중상사고,0,1,0,0,차대사람 - 차도통행중,안전운전불이행,건조,맑음,단일로 - 기타,화물,남,65세,상해없음,보행자,여,64세,중상
2015102300100550,2015년 10월 23일 18시,금요일,경상북도 포항시 북구 상원동,중상사고,0,1,0,0,차대차 - 기타,교차로운행방법위반,건조,맑음,교차로 - 교차로안,승합,남,58세,상해없음,승용,남,30세,중상
2015102300100551,2015년 10월 23일 18시,금요일,경상북도 포항시 북구 죽장면,중상사고,0,1,0,0,차대차 - 정면충돌,중앙선침범,건조,맑음,단일로 - 기타,승용,남,47세,상해없음,이륜,남,63세,중상
2015102300100552,2015년 10월 23일 18시,금요일,경상북도 의성군 의성읍,사망사고,1,1,2,0,차대차 - 추돌 - 주정차중,안전운전불이행,건조,맑음,단일로 - 교량,화물,남,68세,사망,화물,남,60세,중상
2015102300100553,2015년 10월 23일 18시,금요일,경상북도 청도군 화양읍,사망사고,1,0,1,0,차대차 - 추돌 - 진행중,안전운전불이행,건조,맑음,단일로 - 기타,승용,여,48세,상해없음,농기계,남,45세,경상
2015102300100554,2015년 10월 23일 18시,금요일,경상북도 포항시 남구 상도동,경상사고,0,0,2,0,차대차 - 측면직각충돌,안전운전불이행,건조,맑음,단일로 - 기타,승용,남,63세,상해없음,원동기,남,32세,경상
2015102300100621,2015년 10월 23일 19시,금요일,경상북도 김천시 신음동,중상사고,0,1,0,0,차대차 - 측면직각충돌,안전운전불이행,건조,맑음,단일로 - 기타,승용,남,45세,상해없음,승용,남,57세,중상
2015102300100622,2015년 10월 23일 19시,금요일,경상북도 경산시 하양읍,경상사고,0,0,1,0,차대차 - 기타,안전운전불이행,건조,맑음,단일로 - 기타,승용,남,69세,상해없음,자전거,남,22세,경상
2015102300100623,2015년 10월 23일 19시,금요일,경상북도 영덕군 영덕읍,중상사고,0,1,1,0,차대차 - 추돌 - 진행중,안전운전불이행,건조,맑음,단일로 - 기타,승용,남,68세,상해없음,화물,남,22세,상해없음
2015102300100624,2015년 10월 23일 19시,금요일,경상북도 울진군 울진읍,중상사고,0,1,0,0,차대차 - 추돌 - 주정차중,안전운전불이행,건조,맑음,단일로 - 기타,승용,남,30세,중상,건설기계,남,47세,상해없음
2015102300100625,2015년 10월 23일 19시,금요일,경상북도 고령군 성산면,경상사고,0,0,4,0,차대차 - 추돌 - 주정차중,안전운전불이행,건조,맑음,단일로 - 기타,화물,남,43세,상해없음,승합,남,55세,경상
2015102300100668,2015년 10월 23일 20시,금요일,경상북도 구미시 인의동,중상사고,0,1,0,0,차대차 - 기타,중앙선침범,건조,기타,교차로 - 교차로부근,승용,남,40세,상해없음,이륜,남,30세,중상
2015102300100703,2015년 10월 23일 21시,금요일,경상북도 상주시 낙동면,중상사고,0,1,0,0,차량단독 - 전도전복,안전운전불이행,건조,맑음,교차로 - 교차로부근,이륜,남,82세,중상,,,,
2015102300100740,2015년 10월 23일 22시,금요일,경상북도 영주시 하망동,중상사고,0,1,0,0,차대차 - 측면직각충돌,안전운전불이행,건조,맑음,교차로 - 교차로안,승용,남,63세,상해없음,원동기,남,48세,중상
2015102300100741,2015년 10월 23일 22시,금요일,경상북도 영천시 야사동,경상사고,0,0,1,0,차대차 - 측면직각충돌,안전운전불이행,건조,맑음,교차로 - 교차로부근,승용,남,47세,경상,화물,남,58세,상해없음
2015102300100742,2015년 10월 23일 22시,금요일,경상북도 경산시 압량면,경상사고,0,0,1,0,차대차 - 기타,안전운전불이행,건조,맑음,교차로 - 교차로안,승용,여,50세,상해없음,승용,남,26세,경상
2015102300100774,2015년 10월 23일 23시,금요일,경상북도 김천시 평화동,경상사고,0,0,4,0,차대차 - 측면직각충돌,신호위반,건조,맑음,교차로 - 교차로안,승용,남,40세,경상,승용,남,42세,경상
2015102300100775,2015년 10월 23일 23시,금요일,경상북도 경산시 정평동,경상사고,0,0,1,0,차대차 - 기타,신호위반,건조,맑음,교차로 - 교차로안,이륜,남,20세,경상,승용,남,31세,상해없음
2015102300100776,2015년 10월 23일 23시,금요일,경상북도 김천시 아포읍,중상사고,0,1,0,0,차대차 - 기타,안전운전불이행,건조,맑음,단일로 - 기타,승용,남,41세,상해없음,승용,여,22세,중상
2015102400100035,2015년 10월 24일 01시,토요일,경상북도 경산시 압량면,경상사고,0,0,1,0,차대차 - 기타,안전운전불이행,건조,맑음,단일로 - 기타,승용,남,47세,상해없음,승용,남,27세,경상
2015102400100053,2015년 10월 24일 02시,토요일,경상북도 울진군 죽변면,사망사고,1,0,0,0,차대사람 - 기타,안전운전불이행,건조,맑음,단일로 - 기타,승용,남,26세,상해없음,보행자,남,53세,사망
2015102400100085,2015년 10월 24일 04시,토요일,경상북도 경주시 노서동,경상사고,0,0,1,0,차대차 - 기타,신호위반,건조,맑음,교차로 - 교차로안,승용,남,25세,상해없음,승용,남,47세,경상
2015102400100171,2015년 10월 24일 08시,토요일,경상북도 포항시 남구 오천읍,경상사고,0,0,1,0,차대사람 - 길가장자리구역통행중,안전운전불이행,건조,맑음,교차로 - 교차로부근,승용,여,31세,상해없음,보행자,남,50세,경상
2015102400100202,2015년 10월 24일 09시,토요일,경상북도 경주시 안강읍,중상사고,0,1,0,0,차대사람 - 횡단중,안전운전불이행,건조,맑음,교차로 - 교차로안,승용,여,40세,상해없음,보행자,여,78세,중상
2015102400100203,2015년 10월 24일 09시,토요일,경상북도 포항시 북구 대흥동,경상사고,0,0,1,0,차대차 - 측면직각충돌,안전운전불이행,건조,맑음,단일로 - 기타,승용,여,38세,상해없음,농기계,남,74세,경상
2015102400100238,2015년 10월 24일 10시,토요일,경상북도 경주시 율동,중상사고,0,1,0,0,차대사람 - 횡단중,안전운전불이행,건조,맑음,단일로 - 기타,승용,남,78세,상해없음,보행자,남,69세,중상
2015102400100239,2015년 10월 24일 10시,토요일,경상북도 영주시 휴천동,경상사고,0,0,1,0,차대차 - 측면직각충돌,안전운전불이행,건조,맑음,단일로 - 기타,승용,남,38세,상해없음,승용,남,41세,경상
2015102400100240,2015년 10월 24일 10시,토요일,경상북도 군위군 의흥면,중상사고,0,1,0,0,차량단독 - 도로외이탈 - 기타,안전운전불이행,건조,맑음,단일로 - 기타,이륜,남,73세,중상,,,,
2015102400100241,2015년 10월 24일 10시,토요일,경상북도 구미시 해평면,경상사고,0,0,1,0,차대차 - 기타,교차로운행방법위반,건조,맑음,교차로 - 교차로안,화물,남,59세,상해없음,승용,여,68세,경상
2015102400100272,2015년 10월 24일 11시,토요일,경상북도 성주군 대가면,중상사고,0,1,0,0,차대차 - 기타,안전운전불이행,건조,맑음,기타 - 기타,건설기계,남,53세,상해없음,승용,여,57세,상해없음
2015102400100308,2015년 10월 24일 12시,토요일,경상북도 경주시 안강읍,중상사고,0,1,0,0,차대사람 - 횡단중,안전운전불이행,건조,맑음,단일로 - 기타,승용,남,74세,상해없음,보행자,남,73세,중상
2015102400100309,2015년 10월 24일 12시,토요일,경상북도 경주시 율동,경상사고,0,0,1,0,차대사람 - 기타,보행자보호의무위반,건조,맑음,단일로 - 횡단보도상,승용,여,33세,상해없음,보행자,여,27세,경상
2015102400100310,2015년 10월 24일 12시,토요일,경상북도 김천시 부곡동,중상사고,0,1,0,0,차대차 - 측면직각충돌,안전운전불이행,건조,맑음,교차로 - 교차로안,승용,남,50세,상해없음,이륜,남,39세,상해없음
2015102400100312,2015년 10월 24일 12시,토요일,경상북도 칠곡군 석적읍,경상사고,0,0,1,0,차대사람 - 횡단중,보행자보호의무위반,건조,맑음,단일로 - 횡단보도상,승용,여,34세,상해없음,보행자,여,17세,경상
2015102400100344,2015년 10월 24일 13시,토요일,경상북도 경주시 강동면,사망사고,1,0,0,0,차대차 - 정면충돌,중앙선침범,건조,맑음,단일로 - 기타,건설기계,남,46세,상해없음,화물,남,65세,사망
2015102400100345,2015년 10월 24일 13시,토요일,경상북도 김천시 구성면,경상사고,0,0,1,0,차대차 - 측면직각충돌,안전운전불이행,건조,맑음,교차로 - 교차로부근,이륜,남,75세,경상,승용,남,45세,상해없음
2015102400100346,2015년 10월 24일 13시,토요일,경상북도 포항시 남구 구룡포읍,경상사고,0,0,1,0,차대차 - 기타,기타,건조,맑음,단일로 - 기타,승용,남,51세,상해없음,승합,남,47세,상해없음
2015102400100385,2015년 10월 24일 14시,토요일,경상북도 영주시 가흥동,경상사고,0,0,1,0,차대차 - 측면직각충돌,안전운전불이행,건조,맑음,교차로 - 교차로안,승용,남,73세,상해없음,화물,남,64세,경상
2015102400100386,2015년 10월 24일 14시,토요일,경상북도 성주군 수륜면,경상사고,0,0,1,0,차대차 - 측면직각충돌,안전운전불이행,건조,맑음,교차로 - 교차로안,원동기,남,76세,경상,승용,남,69세,상해없음
2015102400100427,2015년 10월 24일 15시,토요일,경상북도 경주시 외동읍,중상사고,0,1,0,0,차대차 - 기타,안전운전불이행,건조,맑음,교차로 - 교차로안,화물,남,66세,상해없음,승용,여,37세,중상
2015102400100428,2015년 10월 24일 15시,토요일,경상북도 영주시 풍기읍,경상사고,0,0,2,0,차대차 - 기타,교차로운행방법위반,건조,맑음,교차로 - 교차로안,승용,남,57세,상해없음,승용,여,47세,경상
2015102400100429,2015년 10월 24일 15시,토요일,경상북도 영주시 이산면,경상사고,0,0,1,0,차대차 - 측면직각충돌,안전운전불이행,건조,맑음,단일로 - 기타,화물,여,54세,경상,화물,남,23세,상해없음
2015102400100430,2015년 10월 24일 15시,토요일,경상북도 칠곡군 왜관읍,경상사고,0,0,2,0,차대차 - 추돌 - 주정차중,안전거리미확보,건조,맑음,교차로 - 교차로부근,승합,남,61세,상해없음,승용,남,52세,경상
2015102400100486,2015년 10월 24일 16시,토요일,경상북도 경주시 황남동,중상사고,0,1,0,0,차대차 - 기타,안전운전불이행,건조,맑음,교차로 - 교차로안,화물,남,61세,상해없음,자전거,여,21세,중상
2015102400100487,2015년 10월 24일 16시,토요일,경상북도 경주시 교동,경상사고,0,0,1,0,차대차 - 기타,안전운전불이행,건조,맑음,단일로 - 기타,승용,남,23세,상해없음,승용,여,26세,경상
2015102400100488,2015년 10월 24일 16시,토요일,경상북도 고령군 성산면,경상사고,0,0,1,0,차대차 - 기타,차로위반,건조,맑음,단일로 - 기타,승용,남,53세,상해없음,승용,남,45세,경상
2015102400100537,2015년 10월 24일 17시,토요일,경상북도 포항시 북구 흥해읍,경상사고,0,0,1,0,차대차 - 기타,안전운전불이행,건조,맑음,교차로 - 교차로안,화물,남,55세,상해없음,승용,여,53세,경상
2015102400100538,2015년 10월 24일 17시,토요일,경상북도 안동시 송현동,경상사고,0,0,2,0,차대차 - 측면직각충돌,안전운전불이행,건조,맑음,단일로 - 기타,특수,남,38세,상해없음,승용,여,56세,경상
2015102400100539,2015년 10월 24일 17시,토요일,경상북도 상주시 남성동,경상사고,0,0,1,0,차대차 - 추돌 - 진행중,안전운전불이행,건조,맑음,단일로 - 기타,기타불명,기타불명,기타불명,기타불명,자전거,남,43세,경상
2015102400100540,2015년 10월 24일 17시,토요일,경상북도 경산시 하양읍,중상사고,0,1,0,0,차대차 - 기타,안전운전불이행,건조,맑음,단일로 - 기타,승합,남,56세,상해없음,자전거,여,77세,중상
2015102400100541,2015년 10월 24일 17시,토요일,경상북도 영양군 영양읍,중상사고,0,2,4,0,차대차 - 측면직각충돌,교차로운행방법위반,건조,맑음,교차로 - 교차로안,승용,여,54세,경상,화물,남,64세,경상
2015102400100542,2015년 10월 24일 17시,토요일,경상북도 구미시 고아읍,경상사고,0,0,1,0,차대사람 - 기타,안전운전불이행,건조,맑음,단일로 - 기타,이륜,남,62세,상해없음,보행자,남,5세,경상
2015102400100543,2015년 10월 24일 17시,토요일,경상북도 포항시 남구 오천읍,경상사고,0,0,2,0,차대차 - 기타,안전운전불이행,건조,맑음,단일로 - 기타,승용,여,41세,경상,화물,남,43세,경상
2015102400100544,2015년 10월 24일 17시,토요일,경상북도 포항시 남구 해도동,중상사고,0,1,0,0,차대사람 - 차도통행중,안전운전불이행,건조,맑음,단일로 - 기타,기타불명,기타불명,기타불명,기타불명,보행자,남,56세,중상
2015102400100593,2015년 10월 24일 18시,토요일,경상북도 경주시 하동,중상사고,0,1,0,0,차대사람 - 기타,안전운전불이행,건조,맑음,단일로 - 기타,승용,남,54세,상해없음,보행자,여,85세,중상
2015102400100594,2015년 10월 24일 18시,토요일,경상북도 안동시 동부동,경상사고,0,0,1,0,차대차 - 기타,안전운전불이행,건조,맑음,단일로 - 기타,자전거,여,78세,경상,승용,남,29세,상해없음
2015102400100595,2015년 10월 24일 18시,토요일,경상북도 의성군 다인면,중상사고,0,2,0,0,차대차 - 추돌 - 진행중,안전운전불이행,건조,맑음,단일로 - 기타,화물,남,61세,중상,농기계,남,57세,중상
2015102400100596,2015년 10월 24일 18시,토요일,경상북도 군위군 의흥면,사망사고,1,0,0,0,차대차 - 추돌 - 주정차중,안전운전불이행,건조,맑음,단일로 - 기타,이륜,남,52세,사망,화물,남,58세,상해없음
2015102400100646,2015년 10월 24일 19시,토요일,경상북도 포항시 북구 대신동,중상사고,0,1,0,0,차대사람 - 기타,보행자보호의무위반,건조,맑음,단일로 - 횡단보도상,화물,남,45세,상해없음,보행자,남,35세,중상
2015102400100647,2015년 10월 24일 19시,토요일,경상북도 문경시 점촌동,경상사고,0,0,1,0,차대차 - 기타,중앙선침범,건조,맑음,단일로 - 기타,승용,여,36세,상해없음,원동기,남,24세,경상
2015102400100648,2015년 10월 24일 19시,토요일,경상북도 영덕군 병곡면,중상사고,0,1,0,0,차대사람 - 길가장자리구역통행중,안전운전불이행,건조,맑음,단일로 - 기타,승용,남,63세,상해없음,보행자,남,76세,중상
2015102400100649,2015년 10월 24일 19시,토요일,경상북도 구미시 인의동,경상사고,0,0,1,0,차대차 - 기타,안전운전불이행,건조,맑음,단일로 - 기타,승용,남,33세,상해없음,이륜,남,47세,경상
2015102400100681,2015년 10월 24일 20시,토요일,경상북도 경주시 석장동,중상사고,0,1,0,0,차대차 - 측면직각충돌,안전운전불이행,건조,맑음,교차로 - 교차로안,승용,남,24세,상해없음,원동기,남,29세,중상
2015102400100682,2015년 10월 24일 20시,토요일,경상북도 구미시 원평동,경상사고,0,0,1,0,차대차 - 측면직각충돌,교차로운행방법위반,건조,맑음,교차로 - 교차로안,승용,남,52세,상해없음,승용,남,56세,경상
2015102400100728,2015년 10월 24일 21시,토요일,경상북도 경산시 옥산동,중상사고,0,1,0,0,차대차 - 기타,직진우회전진행방해,건조,맑음,교차로 - 교차로안,화물,남,43세,상해없음,이륜,남,19세,중상
2015102400100729,2015년 10월 24일 21시,토요일,경상북도 구미시 옥계동,중상사고,0,1,0,0,차대차 - 기타,중앙선침범,건조,맑음,교차로 - 교차로부근,승용,남,38세,상해없음,이륜,남,44세,중상
2015102400100757,2015년 10월 24일 22시,토요일,경상북도 경산시 옥곡동,중상사고,0,1,0,0,차대차 - 기타,안전운전불이행,건조,맑음,단일로 - 기타,승용,여,55세,상해없음,자전거,남,74세,중상
2015102400100786,2015년 10월 24일 23시,토요일,경상북도 영덕군 달산면,경상사고,0,0,1,0,차량단독 - 전도전복,안전운전불이행,건조,맑음,단일로 - 기타,승용,남,42세,경상,,,,
2015102500100020,2015년 10월 25일 00시,일요일,경상북도 칠곡군 동명면,사망사고,1,0,1,0,차대사람 - 차도통행중,안전운전불이행,건조,맑음,단일로 - 교량,승용,여,40세,상해없음,보행자,남,50세,사망
2015102500100021,2015년 10월 25일 00시,일요일,경상북도 구미시 송정동,경상사고,0,0,1,0,차대사람 - 기타,보행자보호의무위반,건조,맑음,교차로 - 교차로안,승용,남,38세,상해없음,보행자,남,23세,경상
2015102500100039,2015년 10월 25일 01시,일요일,경상북도 칠곡군 석적읍,중상사고,0,1,1,0,차대차 - 측면직각충돌,직진우회전진행방해,건조,맑음,교차로 - 교차로안,승용,남,30세,상해없음,승용,남,46세,경상
2015102500100059,2015년 10월 25일 02시,일요일,경상북도 포항시 남구 대도동,경상사고,0,0,1,0,차량단독 - 공작물충돌,안전운전불이행,건조,맑음,단일로 - 기타,원동기,남,44세,경상,,,,
2015102500100070,2015년 10월 25일 03시,일요일,경상북도 칠곡군 약목면,부상신고사고,0,0,0,1,차량단독 - 공작물충돌,안전운전불이행,건조,맑음,단일로 - 기타,승용,남,49세,부상신고,,,,
2015102500100071,2015년 10월 25일 03시,일요일,경상북도 경산시 하양읍,사망사고,1,0,0,0,철길건널목 - 차단기돌파,기타,건조,맑음,단일로 - 철길건널목,화물,남,23세,사망,기타불명,남,40세,상해없음
2015102500100072,2015년 10월 25일 03시,일요일,경상북도 포항시 남구 대도동,중상사고,0,1,0,0,차대사람 - 기타,안전운전불이행,건조,맑음,단일로 - 기타,승용,남,68세,상해없음,보행자,여,55세,중상
2015102500100073,2015년 10월 25일 03시,일요일,경상북도 칠곡군 지천면,중상사고,0,1,0,0,차대차 - 기타,안전운전불이행,건조,맑음,단일로 - 기타,승용,남,35세,상해없음,승용,남,56세,중상
2015102500100080,2015년 10월 25일 04시,일요일,경상북도 구미시 원평동,경상사고,0,0,1,0,차대차 - 기타,안전운전불이행,건조,맑음,기타 - 기타,승용,남,33세,기타불명,승용,남,34세,경상
2015102500100102,2015년 10월 25일 06시,일요일,경상북도 김천시 황금동,경상사고,0,0,1,0,차대사람 - 횡단중,안전운전불이행,건조,맑음,교차로 - 교차로부근,승용,여,51세,상해없음,보행자,여,82세,경상
2015102500100143,2015년 10월 25일 08시,일요일,경상북도 포항시 남구 대도동,중상사고,0,1,1,0,차대사람 - 기타,안전운전불이행,건조,맑음,기타 - 기타,승용,남,44세,상해없음,보행자,여,54세,중상
2015102500100167,2015년 10월 25일 09시,일요일,경상북도 김천시 삼락동,경상사고,0,0,2,0,차대차 - 측면직각충돌,교차로운행방법위반,건조,맑음,교차로 - 교차로안,승용,남,58세,경상,승용,남,25세,경상
2015102500100168,2015년 10월 25일 09시,일요일,경상북도 영덕군 지품면,중상사고,0,5,1,0,차대차 - 추돌 - 진행중,안전거리미확보,건조,맑음,단일로 - 기타,승합,남,71세,상해없음,승용,남,54세,중상
2015102500100169,2015년 10월 25일 09시,일요일,경상북도 안동시 풍산읍,중상사고,0,2,3,0,차대차 - 기타,안전거리미확보,건조,맑음,단일로 - 기타,승용,남,61세,경상,승용,남,28세,경상
2015102500100194,2015년 10월 25일 10시,일요일,경상북도 상주시 냉림동,중상사고,0,1,0,0,차대차 - 추돌 - 진행중,안전운전불이행,건조,맑음,교차로 - 교차로안,원동기,남,81세,상해없음,자전거,여,80세,중상
2015102500100195,2015년 10월 25일 10시,일요일,경상북도 고령군 성산면,경상사고,0,0,1,0,차대차 - 기타,안전운전불이행,건조,맑음,단일로 - 기타,승용,남,40세,상해없음,승용,남,26세,경상
2015102500100223,2015년 10월 25일 11시,일요일,경상북도 구미시 형곡동,중상사고,0,1,0,0,차대차 - 추돌 - 주정차중,안전운전불이행,건조,맑음,교차로 - 교차로부근,화물,남,36세,상해없음,승용,여,37세,중상
2015102500100243,2015년 10월 25일 12시,일요일,경상북도 경주시 황성동,중상사고,0,1,0,0,차대차 - 기타,신호위반,건조,맑음,교차로 - 교차로안,승용,남,75세,상해없음,승용,남,66세,상해없음
2015102500100244,2015년 10월 25일 12시,일요일,경상북도 영천시 조교동,경상사고,0,0,1,0,차대차 - 측면직각충돌,안전운전불이행,건조,맑음,교차로 - 교차로부근,승용,남,33세,상해없음,승용,여,56세,경상
2015102500100245,2015년 10월 25일 12시,일요일,경상북도 포항시 북구 기계면,경상사고,0,0,1,0,차대차 - 기타,기타,건조,맑음,단일로 - 터널,승용,기타불명,기타불명,기타불명,승용,남,28세,경상
2015102500100270,2015년 10월 25일 13시,일요일,경상북도 포항시 북구 용흥동,중상사고,0,1,0,0,차대사람 - 기타,안전운전불이행,건조,맑음,교차로 - 교차로안,승용,남,72세,상해없음,보행자,여,60세,중상
2015102500100271,2015년 10월 25일 13시,일요일,경상북도 안동시 서후면,부상신고사고,0,0,0,1,차량단독 - 도로외이탈 - 추락,안전운전불이행,건조,맑음,단일로 - 기타,승용,여,40세,부상신고,,,,