사고번호,사고일시,요일,시군구,사고내용,사망자수,중상자수,경상자수,부상신고자수,사고유형,법규위반,노면상태,기상상태,도로형태,가해운전자 차종,가해운전자 성별,가해운전자 연령,가해운전자 상해정도,피해운전자 차종,피해운전자 성별,피해운전자 연령,피해운전자 상해정도
2015102500100272,2015년 10월 25일 13시,일요일,경상북도 문경시 농암면,경상사고,0,0,1,0,차량단독 - 기타,안전운전불이행,건조,맑음,단일로 - 기타,이륜,남,52세,경상,,,,
2015102500100296,2015년 10월 25일 14시,일요일,경상북도 경주시 구정동,중상사고,0,1,0,0,차대차 - 측면직각충돌,신호위반,건조,맑음,교차로 - 교차로안,승용,남,70세,상해없음,승용,여,54세,중상
2015102500100297,2015년 10월 25일 14시,일요일,경상북도 안동시 송천동,중상사고,0,2,2,0,차대차 - 정면충돌,중앙선침범,건조,맑음,단일로 - 기타,승용,남,29세,상해없음,승용,여,33세,중상
2015102500100298,2015년 10월 25일 14시,일요일,경상북도 경산시 대동,경상사고,0,0,1,0,차대차 - 기타,안전운전불이행,건조,맑음,단일로 - 기타,승용,기타불명,기타불명,기타불명,승용,남,61세,상해없음
2015102500100336,2015년 10월 25일 15시,일요일,경상북도 경주시 강동면,경상사고,0,0,1,0,차대사람 - 기타,안전운전불이행,건조,맑음,단일로 - 터널,화물,남,46세,상해없음,보행자,여,73세,경상
2015102500100337,2015년 10월 25일 15시,일요일,경상북도 문경시 모전동,경상사고,0,0,1,0,차대차 - 기타,안전운전불이행,건조,맑음,단일로 - 기타,승용,남,23세,상해없음,자전거,남,74세,경상
2015102500100338,2015년 10월 25일 15시,일요일,경상북도 구미시 송정동,중상사고,0,1,0,0,차대차 - 기타,교차로운행방법위반,건조,맑음,교차로 - 교차로부근,승용,남,43세,상해없음,원동기,남,48세,중상
2015102500100380,2015년 10월 25일 16시,일요일,경상북도 경주시 성동동,경상사고,0,0,1,0,차대차 - 기타,안전운전불이행,건조,맑음,단일로 - 기타,승용,남,50세,상해없음,승용,남,55세,경상
2015102500100381,2015년 10월 25일 16시,일요일,경상북도 상주시 화산동,경상사고,0,0,2,0,차대차 - 추돌 - 진행중,안전운전불이행,건조,맑음,단일로 - 기타,승용,남,54세,상해없음,승용,여,53세,경상
2015102500100382,2015년 10월 25일 16시,일요일,경상북도 칠곡군 석적읍,중상사고,0,1,0,0,차대차 - 기타,중앙선침범,건조,맑음,단일로 - 기타,승용,여,46세,상해없음,이륜,남,41세,중상
2015102500100383,2015년 10월 25일 16시,일요일,경상북도 칠곡군 석적읍,중상사고,0,1,0,1,차대차 - 정면충돌,안전운전불이행,건조,기타,단일로 - 기타,자전거,남,37세,부상신고,자전거,여,60세,중상
2015102500100384,2015년 10월 25일 16시,일요일,경상북도 구미시 고아읍,경상사고,0,0,2,1,차대차 - 기타,교차로운행방법위반,건조,맑음,교차로 - 교차로안,승용,남,41세,부상신고,승용,남,27세,경상
2015102500100426,2015년 10월 25일 17시,일요일,경상북도 안동시 녹전면,중상사고,0,2,0,0,차대차 - 정면충돌,안전운전불이행,건조,맑음,단일로 - 기타,화물,남,64세,상해없음,이륜,남,71세,중상
2015102500100472,2015년 10월 25일 18시,일요일,경상북도 경주시 양남면,경상사고,0,0,1,0,차대차 - 기타,안전운전불이행,건조,맑음,교차로 - 교차로안,승용,남,51세,상해없음,승용,여,27세,경상
2015102500100473,2015년 10월 25일 18시,일요일,경상북도 안동시 송현동,경상사고,0,0,4,0,차대차 - 추돌 - 주정차중,안전거리미확보,건조,맑음,교차로 - 교차로부근,승용,여,52세,상해없음,승용,남,29세,경상
2015102500100474,2015년 10월 25일 18시,일요일,경상북도 문경시 산북면,경상사고,0,0,2,0,차대차 - 추돌 - 진행중,안전거리미확보,건조,맑음,교차로 - 교차로안,승용,여,59세,경상,승용,남,69세,경상
2015102500100475,2015년 10월 25일 18시,일요일,경상북도 경산시 대동,경상사고,0,0,1,0,차대차 - 기타,안전운전불이행,건조,맑음,단일로 - 기타,기타불명,기타불명,기타불명,기타불명,승용,남,44세,경상
2015102500100476,2015년 10월 25일 18시,일요일,경상북도 경산시 진량읍,경상사고,0,0,1,0,차대사람 - 기타,안전운전불이행,건조,맑음,기타 - 기타,승용,남,46세,상해없음,보행자,여,28세,경상
2015102500100477,2015년 10월 25일 18시,일요일,경상북도 구미시 옥성면,경상사고,0,0,1,0,차대차 - 기타,안전거리미확보,건조,맑음,단일로 - 기타,승용,남,32세,상해없음,승용,남,38세,상해없음
2015102500100520,2015년 10월 25일 19시,일요일,경상북도 경주시 천군동,중상사고,0,2,0,0,차대차 - 기타,안전운전불이행,건조,맑음,단일로 - 기타,승용,남,70세,상해없음,승용,남,53세,중상
2015102500100521,2015년 10월 25일 19시,일요일,경상북도 경주시 건천읍,경상사고,0,0,1,0,차대차 - 기타,안전운전불이행,건조,맑음,단일로 - 기타,농기계,남,40세,상해없음,승용,남,32세,경상
2015102500100522,2015년 10월 25일 19시,일요일,경상북도 포항시 북구 창포동,중상사고,0,1,0,0,차대사람 - 기타,안전운전불이행,건조,맑음,단일로 - 기타,승용,남,52세,상해없음,보행자,여,42세,중상
2015102500100523,2015년 10월 25일 19시,일요일,경상북도 상주시 외답동,경상사고,0,0,1,0,차대차 - 추돌 - 주정차중,안전운전불이행,건조,맑음,단일로 - 기타,화물,남,60세,상해없음,승용,여,44세,경상
2015102500100587,2015년 10월 25일 21시,일요일,경상북도 울진군 평해읍,부상신고사고,0,0,0,1,차량단독 - 전도전복,안전운전불이행,건조,맑음,단일로 - 기타,원동기,남,46세,부상신고,,,,
2015102500100605,2015년 10월 25일 22시,일요일,경상북도 안동시 송현동,경상사고,0,0,1,0,차대사람 - 횡단중,신호위반,건조,맑음,교차로 - 교차로안,승용,남,61세,상해없음,보행자,남,26세,경상
2015102600100036,2015년 10월 26일 04시,월요일,경상북도 포항시 남구 장기면,중상사고,0,1,0,0,차대사람 - 기타,안전운전불이행,건조,맑음,단일로 - 기타,화물,남,65세,상해없음,보행자,여,80세,중상
2015102600100042,2015년 10월 26일 05시,월요일,경상북도 청도군 청도읍,경상사고,0,0,1,0,차대차 - 기타,안전운전불이행,건조,맑음,단일로 - 기타,화물,남,38세,상해없음,승합,남,40세,경상
2015102600100059,2015년 10월 26일 06시,월요일,경상북도 포항시 북구 용흥동,사망사고,1,0,0,0,차량단독 - 공작물충돌,안전운전불이행,건조,맑음,단일로 - 기타,이륜,남,55세,사망,,,,
2015102600100060,2015년 10월 26일 06시,월요일,경상북도 의성군 금성면,중상사고,0,1,0,0,차대차 - 추돌 - 진행중,안전운전불이행,건조,맑음,단일로 - 기타,화물,남,71세,상해없음,농기계,남,71세,중상
2015102600100061,2015년 10월 26일 06시,월요일,경상북도 예천군 예천읍,중상사고,0,1,1,0,차대차 - 측면직각충돌,과속,건조,맑음,교차로 - 교차로안,승용,남,29세,경상,농기계,남,63세,중상
2015102600100062,2015년 10월 26일 06시,월요일,경상북도 상주시 사벌면,중상사고,0,1,0,0,차량단독 - 전도전복,안전운전불이행,건조,맑음,단일로 - 기타,화물,남,39세,중상,,,,
2015102600100080,2015년 10월 26일 07시,월요일,경상북도 구미시 공단동,경상사고,0,0,1,0,차대차 - 기타,안전운전불이행,건조,맑음,단일로 - 기타,건설기계,남,53세,상해없음,승용,남,36세,경상
2015102600100125,2015년 10월 26일 08시,월요일,경상북도 경주시 외동읍,경상사고,0,0,1,0,차대차 - 측면직각충돌,안전운전불이행,건조,맑음,단일로 - 기타,승용,남,55세,상해없음,화물,남,49세,상해없음
2015102600100126,2015년 10월 26일 08시,월요일,경상북도 경주시 사정동,경상사고,0,0,1,0,차대차 - 측면직각충돌,안전운전불이행,건조,맑음,단일로 - 기타,승합,남,55세,상해없음,승용,남,66세,상해없음
2015102600100127,2015년 10월 26일 08시,월요일,경상북도 포항시 북구 신흥동,경상사고,0,0,2,0,차대차 - 측면직각충돌,중앙선침범,건조,맑음,단일로 - 기타,승용,남,44세,상해없음,승용,남,43세,경상
2015102600100128,2015년 10월 26일 08시,월요일,경상북도 포항시 북구 두호동,중상사고,0,1,0,0,차대차 - 측면직각충돌,안전운전불이행,건조,맑음,교차로 - 교차로안,화물,남,50세,상해없음,승합,남,50세,중상
2015102600100130,2015년 10월 26일 08시,월요일,경상북도 의성군 다인면,중상사고,0,1,0,0,차대차 - 측면직각충돌,안전운전불이행,건조,맑음,단일로 - 기타,농기계,남,72세,중상,화물,남,74세,상해없음
2015102600100131,2015년 10월 26일 08시,월요일,경상북도 의성군 의성읍,경상사고,0,0,1,0,차대차 - 추돌 - 진행중,안전운전불이행,건조,맑음,단일로 - 기타,승용,남,61세,상해없음,승용,여,58세,경상
2015102600100132,2015년 10월 26일 08시,월요일,경상북도 예천군 예천읍,중상사고,0,1,0,0,차대사람 - 횡단중,안전운전불이행,건조,맑음,단일로 - 기타,승용,여,55세,상해없음,보행자,남,85세,중상
2015102600100133,2015년 10월 26일 08시,월요일,경상북도 예천군 예천읍,중상사고,0,1,0,0,차대차 - 측면직각충돌,안전운전불이행,건조,맑음,단일로 - 기타,화물,남,75세,상해없음,자전거,남,79세,중상
2015102600100134,2015년 10월 26일 08시,월요일,경상북도 포항시 남구 해도동,경상사고,0,0,2,0,차대차 - 추돌 - 진행중,안전거리미확보,건조,맑음,교차로 - 교차로부근,승용,남,66세,상해없음,승용,남,55세,경상
2015102600100184,2015년 10월 26일 09시,월요일,경상북도 김천시 아포읍,중상사고,0,2,0,0,차대차 - 측면직각충돌,직진우회전진행방해,건조,맑음,교차로 - 교차로안,화물,남,41세,상해없음,승용,남,66세,중상
2015102600100185,2015년 10월 26일 09시,월요일,경상북도 예천군 풍양면,중상사고,0,1,0,0,차대차 - 측면직각충돌,안전운전불이행,건조,맑음,교차로 - 교차로안,화물,남,66세,상해없음,원동기,남,65세,중상
2015102600100186,2015년 10월 26일 09시,월요일,경상북도 성주군 용암면,중상사고,0,1,0,0,차대차 - 측면직각충돌,신호위반,건조,맑음,기타 - 기타,화물,남,44세,상해없음,화물,남,54세,중상
2015102600100222,2015년 10월 26일 10시,월요일,경상북도 경주시 천북면,경상사고,0,0,3,0,차대차 - 기타,안전운전불이행,건조,맑음,교차로 - 교차로부근,승용,남,62세,경상,승용,남,48세,경상
2015102600100223,2015년 10월 26일 10시,월요일,경상북도 경주시 외동읍,중상사고,0,1,0,0,차대차 - 기타,안전운전불이행,건조,맑음,교차로 - 교차로안,화물,남,59세,상해없음,화물,남,45세,중상
2015102600100224,2015년 10월 26일 10시,월요일,경상북도 경산시 임당동,경상사고,0,0,1,0,차대차 - 기타,안전운전불이행,건조,맑음,교차로 - 교차로안,이륜,남,38세,경상,승용,여,20세,상해없음
2015102600100225,2015년 10월 26일 10시,월요일,경상북도 청송군 청송읍,중상사고,0,1,0,0,차대사람 - 기타,안전운전불이행,건조,맑음,단일로 - 기타,화물,남,61세,상해없음,보행자,여,66세,중상
2015102600100260,2015년 10월 26일 11시,월요일,경상북도 영주시 가흥동,경상사고,0,0,1,0,차대차 - 측면직각충돌,신호위반,건조,맑음,교차로 - 교차로안,승용,남,80세,상해없음,승용,남,42세,상해없음
2015102600100261,2015년 10월 26일 11시,월요일,경상북도 칠곡군 왜관읍,경상사고,0,0,1,0,차대차 - 정면충돌,신호위반,건조,맑음,교차로 - 교차로안,승용,남,53세,상해없음,승용,남,47세,경상
2015102600100262,2015년 10월 26일 11시,월요일,경상북도 울진군 기성면,경상사고,0,0,1,0,차대사람 - 기타,안전운전불이행,건조,맑음,단일로 - 기타,화물,남,55세,상해없음,보행자,남,45세,경상
2015102600100263,2015년 10월 26일 11시,월요일,경상북도 청송군 현동면,중상사고,0,1,0,0,차대차 - 추돌 - 주정차중,안전운전불이행,건조,맑음,단일로 - 기타,승용,남,85세,상해없음,승용,남,66세,상해없음
2015102600100264,2015년 10월 26일 11시,월요일,경상북도 포항시 남구 오천읍,경상사고,0,0,2,0,차대차 - 추돌 - 진행중,안전운전불이행,건조,맑음,단일로 - 기타,승용,여,44세,경상,화물,남,61세,상해없음
2015102600100290,2015년 10월 26일 12시,월요일,경상북도 성주군 수륜면,경상사고,0,0,1,0,차대차 - 측면직각충돌,안전운전불이행,건조,맑음,교차로 - 교차로안,승용,남,51세,상해없음,이륜,남,46세,경상
2015102600100291,2015년 10월 26일 12시,월요일,경상북도 상주시 낙동면,사망사고,1,3,15,2,차대차 - 기타,안전운전불이행,건조,맑음,단일로 - 터널,화물,남,33세,중상,화물,남,54세,사망
2015102600100325,2015년 10월 26일 13시,월요일,경상북도 영천시 자양면,경상사고,0,0,2,0,차대차 - 정면충돌,중앙선침범,건조,맑음,단일로 - 기타,승용,남,49세,경상,화물,남,53세,상해없음
2015102600100352,2015년 10월 26일 14시,월요일,경상북도 경주시 양남면,부상신고사고,0,0,0,2,차대차 - 추돌 - 주정차중,안전운전불이행,건조,맑음,단일로 - 기타,화물,남,26세,상해없음,승용,여,68세,부상신고
2015102600100353,2015년 10월 26일 14시,월요일,경상북도 포항시 북구 두호동,경상사고,0,0,1,0,차대차 - 기타,안전운전불이행,건조,맑음,교차로 - 교차로안,승용,여,62세,상해없음,승용,여,50세,경상
2015102600100354,2015년 10월 26일 14시,월요일,경상북도 포항시 북구 흥해읍,경상사고,0,0,2,0,차대차 - 추돌 - 주정차중,안전운전불이행,건조,맑음,교차로 - 교차로안,농기계,남,45세,상해없음,승용,남,39세,경상
2015102600100355,2015년 10월 26일 14시,월요일,경상북도 포항시 북구 죽장면,경상사고,0,0,1,0,차량단독 - 공작물충돌,안전운전불이행,건조,맑음,단일로 - 기타,승용,남,50세,상해없음,,,,
2015102600100356,2015년 10월 26일 14시,월요일,경상북도 안동시 풍산읍,중상사고,0,1,0,0,차대차 - 측면직각충돌,안전운전불이행,건조,맑음,단일로 - 기타,승용,여,58세,상해없음,화물,남,63세,중상
2015102600100389,2015년 10월 26일 15시,월요일,경상북도 경주시 양북면,중상사고,0,13,4,3,차대차 - 기타,안전운전불이행,건조,맑음,교차로 - 교차로안,승용,남,61세,상해없음,승합,남,45세,경상
2015102600100390,2015년 10월 26일 15시,월요일,경상북도 안동시 서후면,사망사고,1,0,0,0,차대사람 - 기타,안전운전불이행,건조,맑음,단일로 - 기타,화물,남,55세,상해없음,보행자,남,75세,사망
2015102600100391,2015년 10월 26일 15시,월요일,경상북도 상주시 남성동,중상사고,0,1,0,0,차대차 - 추돌 - 주정차중,안전운전불이행,건조,맑음,교차로 - 교차로부근,승용,남,64세,상해없음,승용,남,47세,중상
2015102600100392,2015년 10월 26일 15시,월요일,경상북도 경산시 사동,경상사고,0,0,1,0,차대차 - 측면직각충돌,안전운전불이행,건조,맑음,교차로 - 교차로안,자전거,여,48세,경상,승합,남,52세,상해없음
2015102600100393,2015년 10월 26일 15시,월요일,경상북도 구미시 공단동,경상사고,0,0,3,0,차대차 - 기타,차로위반,건조,맑음,단일로 - 기타,승용,남,32세,상해없음,화물,남,62세,상해없음
2015102600100431,2015년 10월 26일 16시,월요일,경상북도 경주시 구황동,중상사고,0,1,0,0,차대사람 - 기타,안전운전불이행,건조,맑음,단일로 - 기타,승합,남,44세,상해없음,보행자,남,73세,중상
2015102600100432,2015년 10월 26일 16시,월요일,경상북도 경주시 건천읍,중상사고,0,1,0,0,차대차 - 기타,안전운전불이행,건조,맑음,단일로 - 기타,화물,남,33세,상해없음,농기계,남,72세,중상
2015102600100433,2015년 10월 26일 16시,월요일,경상북도 경주시 서부동,중상사고,0,1,0,0,차대차 - 기타,차로위반,건조,맑음,단일로 - 기타,승용,남,55세,상해없음,이륜,남,57세,중상
2015102600100434,2015년 10월 26일 16시,월요일,경상북도 김천시 개령면,중상사고,0,2,0,0,차대차 - 측면직각충돌,안전운전불이행,건조,맑음,단일로 - 기타,승용,여,52세,중상,화물,남,27세,중상
2015102600100435,2015년 10월 26일 16시,월요일,경상북도 영천시 서산동,중상사고,0,1,0,0,차량단독 - 공작물충돌,안전운전불이행,건조,맑음,단일로 - 기타,화물,남,70세,중상,,,,
2015102600100436,2015년 10월 26일 16시,월요일,경상북도 문경시 마성면,경상사고,0,0,1,0,차대차 - 기타,안전운전불이행,건조,맑음,단일로 - 기타,승용,남,61세,상해없음,승용,남,36세,경상
2015102600100437,2015년 10월 26일 16시,월요일,경상북도 문경시 모전동,경상사고,0,0,1,0,차대사람 - 횡단중,안전운전불이행,건조,맑음,단일로 - 기타,승용,남,61세,상해없음,보행자,여,11세,경상
2015102600100438,2015년 10월 26일 16시,월요일,경상북도 경산시 사동,중상사고,0,1,0,0,차대사람 - 기타,보행자보호의무위반,건조,맑음,교차로 - 교차로안,승용,여,53세,기타불명,보행자,남,59세,중상
2015102600100439,2015년 10월 26일 16시,월요일,경상북도 구미시 신평동,중상사고,0,1,0,0,차대차 - 기타,안전거리미확보,건조,맑음,교차로 - 교차로안,승합,남,52세,상해없음,승용,남,31세,중상
2015102600100440,2015년 10월 26일 16시,월요일,경상북도 구미시 형곡동,부상신고사고,0,0,0,1,차대차 - 기타,안전운전불이행,건조,맑음,교차로 - 교차로부근,자전거,남,15세,부상신고,승용,여,49세,상해없음
2015102600100490,2015년 10월 26일 17시,월요일,경상북도 경주시 외동읍,경상사고,0,0,1,0,차량단독 - 기타,안전운전불이행,건조,맑음,단일로 - 기타,승합,기타불명,기타불명,기타불명,,,,
2015102600100491,2015년 10월 26일 17시,월요일,경상북도 영주시 상망동,경상사고,0,0,1,0,차대차 - 기타,안전운전불이행,건조,맑음,교차로 - 교차로안,승용,여,51세,상해없음,승용,여,55세,경상
2015102600100492,2015년 10월 26일 17시,월요일,경상북도 예천군 예천읍,중상사고,0,1,0,0,차대차 - 측면직각충돌,안전운전불이행,건조,맑음,단일로 - 기타,화물,남,32세,상해없음,자전거,남,67세,중상
2015102600100493,2015년 10월 26일 17시,월요일,경상북도 구미시 인의동,경상사고,0,0,1,0,차대차 - 기타,교차로운행방법위반,건조,맑음,교차로 - 교차로안,승용,여,68세,상해없음,이륜,남,40세,경상
2015102600100494,2015년 10월 26일 17시,월요일,경상북도 구미시 시미동,경상사고,0,0,2,1,차대차 - 기타,안전운전불이행,건조,맑음,단일로 - 기타,이륜,남,63세,부상신고,승용,남,32세,경상
2015102600100495,2015년 10월 26일 17시,월요일,경상북도 구미시 구평동,부상신고사고,0,0,0,1,차량단독 - 전도전복,안전운전불이행,건조,맑음,교차로 - 교차로안,자전거,남,10세,부상신고,,,,
2015102600100577,2015년 10월 26일 18시,월요일,경상북도 경주시 양남면,경상사고,0,0,1,0,차대사람 - 기타,안전운전불이행,건조,맑음,단일로 - 기타,이륜,남,75세,상해없음,보행자,여,64세,경상
2015102600100578,2015년 10월 26일 18시,월요일,경상북도 상주시 만산동,경상사고,0,0,1,0,차대사람 - 횡단중,안전운전불이행,건조,맑음,단일로 - 기타,승용,여,47세,상해없음,보행자,남,13세,경상
2015102600100579,2015년 10월 26일 18시,월요일,경상북도 구미시 옥계동,경상사고,0,0,1,0,차대사람 - 기타,보행자보호의무위반,건조,맑음,교차로 - 교차로안,승용,여,56세,상해없음,보행자,여,20세,경상
2015102600100580,2015년 10월 26일 18시,월요일,경상북도 구미시 공단동,경상사고,0,0,3,0,차대차 - 기타,안전운전불이행,건조,맑음,단일로 - 기타,승용,남,55세,상해없음,승용,여,34세,경상
2015102600100581,2015년 10월 26일 18시,월요일,경상북도 포항시 남구 동해면,경상사고,0,0,1,0,차량단독 - 공작물충돌,안전운전불이행,건조,맑음,단일로 - 기타,승용,여,66세,상해없음,,,,
2015102600100644,2015년 10월 26일 19시,월요일,경상북도 김천시 감천면,중상사고,0,1,0,0,차대차 - 측면직각충돌,안전운전불이행,건조,맑음,교차로 - 교차로안,화물,남,44세,기타불명,이륜,남,65세,중상
2015102600100705,2015년 10월 26일 21시,월요일,경상북도 포항시 북구 득량동,경상사고,0,0,1,0,차대차 - 기타,차로위반,건조,맑음,단일로 - 기타,승용,남,23세,상해없음,승용,여,50세,경상
2015102600100740,2015년 10월 26일 22시,월요일,경상북도 포항시 북구 두호동,중상사고,0,1,4,0,차대차 - 기타,차로위반,건조,맑음,단일로 - 기타,승용,남,23세,상해없음,승합,남,57세,중상
2015102600100741,2015년 10월 26일 22시,월요일,경상북도 칠곡군 석적읍,중상사고,0,1,4,0,차대차 - 정면충돌,신호위반,건조,맑음,교차로 - 교차로안,승용,여,44세,상해없음,승용,남,49세,경상
2015102600100766,2015년 10월 26일 23시,월요일,경상북도 경주시 성건동,경상사고,0,0,1,0,차대차 - 측면직각충돌,안전운전불이행,건조,맑음,단일로 - 기타,승용,남,36세,상해없음,승용,남,34세,경상
2015102700100051,2015년 10월 27일 02시,화요일,경상북도 포항시 남구 지곡동,중상사고,0,1,0,0,차량단독 - 공작물충돌,안전운전불이행,건조,맑음,단일로 - 기타,승용,남,26세,중상,,,,
2015102700100137,2015년 10월 27일 07시,화요일,경상북도 상주시 남성동,중상사고,0,1,0,0,차대차 - 측면직각충돌,안전운전불이행,습기,비,교차로 - 교차로안,화물,남,66세,상해없음,화물,남,43세,중상
2015102700100177,2015년 10월 27일 08시,화요일,경상북도 경주시 천북면,경상사고,0,0,1,0,차대차 - 추돌 - 주정차중,안전운전불이행,건조,맑음,교차로 - 교차로부근,승용,여,53세,상해없음,승용,여,28세,경상
2015102700100178,2015년 10월 27일 08시,화요일,경상북도 군위군 효령면,중상사고,0,1,0,0,차대차 - 측면직각충돌,안전운전불이행,습기,비,교차로 - 교차로부근,승용,여,69세,중상,화물,남,60세,상해없음
2015102700100179,2015년 10월 27일 08시,화요일,경상북도 포항시 남구 오천읍,경상사고,0,0,1,0,차대차 - 추돌 - 진행중,직진우회전진행방해,건조,맑음,교차로 - 교차로안,승용,남,68세,상해없음,승용,여,54세,경상
2015102700100225,2015년 10월 27일 09시,화요일,경상북도 의성군 금성면,경상사고,0,0,1,0,차대차 - 추돌 - 진행중,안전운전불이행,습기,비,교차로 - 교차로부근,화물,남,76세,상해없음,승용,여,51세,경상
2015102700100226,2015년 10월 27일 09시,화요일,경상북도 경산시 대동,경상사고,0,0,1,0,차대사람 - 기타,안전운전불이행,건조,맑음,기타 - 기타,화물,남,62세,상해없음,보행자,남,48세,경상
2015102700100250,2015년 10월 27일 10시,화요일,경상북도 포항시 북구 우현동,경상사고,0,0,1,0,차대차 - 기타,직진우회전진행방해,건조,맑음,단일로 - 기타,화물,남,47세,상해없음,승용,남,28세,경상
2015102700100251,2015년 10월 27일 10시,화요일,경상북도 안동시 태화동,경상사고,0,0,4,0,차대차 - 기타,안전거리미확보,습기,흐림,단일로 - 기타,승합,남,45세,상해없음,승용,남,38세,경상
2015102700100252,2015년 10월 27일 10시,화요일,경상북도 안동시 용상동,중상사고,0,1,0,0,차대차 - 추돌 - 주정차중,안전운전불이행,습기,비,단일로 - 기타,승용,남,59세,상해없음,승용,여,34세,중상
2015102700100253,2015년 10월 27일 10시,화요일,경상북도 영덕군 남정면,사망사고,1,1,0,0,차량단독 - 도로외이탈 - 기타,안전운전불이행,습기,비,단일로 - 기타,화물,남,45세,상해없음,,,,
2015102700100254,2015년 10월 27일 10시,화요일,경상북도 의성군 안평면,중상사고,0,1,0,0,차량단독 - 공작물충돌,안전운전불이행,습기,비,단일로 - 기타,승용,남,54세,중상,,,,
2015102700100286,2015년 10월 27일 11시,화요일,경상북도 안동시 풍산읍,경상사고,0,0,3,0,차대차 - 기타,안전거리미확보,습기,맑음,단일로 - 기타,화물,남,37세,상해없음,화물,남,62세,경상
2015102700100287,2015년 10월 27일 11시,화요일,경상북도 영천시 망정동,경상사고,0,0,2,0,차대차 - 측면직각충돌,안전운전불이행,습기,비,단일로 - 기타,승용,남,35세,상해없음,승용,남,55세,경상
2015102700100288,2015년 10월 27일 11시,화요일,경상북도 구미시 형곡동,경상사고,0,0,1,0,차대사람 - 차도통행중,안전운전불이행,건조,맑음,단일로 - 기타,승용,여,46세,상해없음,보행자,여,43세,경상
2015102700100289,2015년 10월 27일 11시,화요일,경상북도 경주시 건천읍,중상사고,0,3,3,0,차대차 - 추돌 - 주정차중,안전운전불이행,건조,흐림,단일로 - 기타,화물,남,61세,중상,승용,여,62세,경상
2015102700100317,2015년 10월 27일 12시,화요일,경상북도 경주시 노동동,중상사고,0,1,0,0,차대차 - 기타,신호위반,건조,맑음,교차로 - 교차로안,승용,남,50세,상해없음,화물,남,36세,중상
2015102700100318,2015년 10월 27일 12시,화요일,경상북도 포항시 남구 연일읍,경상사고,0,0,1,0,차대차 - 측면직각충돌,차로위반,습기,흐림,교차로 - 교차로부근,건설기계,남,61세,상해없음,승용,여,60세,경상
2015102700100348,2015년 10월 27일 13시,화요일,경상북도 경주시 현곡면,경상사고,0,0,1,0,차대차 - 기타,중앙선침범,건조,맑음,단일로 - 기타,승용,남,66세,상해없음,승용,남,42세,경상
2015102700100349,2015년 10월 27일 13시,화요일,경상북도 경주시 강동면,중상사고,0,1,0,0,차대차 - 측면직각충돌,중앙선침범,건조,맑음,단일로 - 기타,승용,남,19세,상해없음,승용,남,21세,중상
2015102700100350,2015년 10월 27일 13시,화요일,경상북도 의성군 점곡면,중상사고,0,3,0,0,차대차 - 측면직각충돌,신호위반,건조,흐림,교차로 - 교차로안,화물,남,55세,상해없음,화물,남,73세,중상
2015102700100351,2015년 10월 27일 13시,화요일,경상북도 경산시 자인면,중상사고,0,1,0,0,차대차 - 기타,안전운전불이행,건조,맑음,단일로 - 기타,화물,남,24세,상해없음,화물,남,59세,상해없음
2015102700100378,2015년 10월 27일 14시,화요일,경상북도 경주시 황성동,경상사고,0,0,1,0,차대차 - 기타,안전운전불이행,건조,맑음,교차로 - 교차로안,승용,남,52세,상해없음,승용,여,58세,경상
2015102700100379,2015년 10월 27일 14시,화요일,경상북도 영주시 가흥동,경상사고,0,0,1,0,차대차 - 추돌 - 진행중,안전운전불이행,건조,맑음,단일로 - 기타,원동기,남,73세,경상,화물,남,31세,상해없음
2015102700100380,2015년 10월 27일 14시,화요일,경상북도 칠곡군 왜관읍,중상사고,0,1,0,0,차대차 - 기타,직진우회전진행방해,건조,흐림,교차로 - 교차로안,승용,여,56세,상해없음,이륜,남,89세,중상
2015102700100381,2015년 10월 27일 14시,화요일,경상북도 문경시 윤직동,경상사고,0,0,1,0,차대차 - 측면직각충돌,안전운전불이행,건조,맑음,교차로 - 교차로안,승용,남,62세,상해없음,승용,남,61세,상해없음
2015102700100382,2015년 10월 27일 14시,화요일,경상북도 포항시 남구 이동,경상사고,0,0,1,0,차대사람 - 횡단중,안전운전불이행,건조,맑음,교차로 - 교차로안,승용,남,53세,상해없음,보행자,남,8세,경상
2015102700100411,2015년 10월 27일 15시,화요일,경상북도 칠곡군 왜관읍,경상사고,0,0,1,0,차대사람 - 횡단중,보행자보호의무위반,건조,맑음,단일로 - 횡단보도부근,승용,남,78세,기타불명,보행자,여,60세,경상
2015102700100412,2015년 10월 27일 15시,화요일,경상북도 영천시 창구동,부상신고사고,0,0,0,1,차대차 - 추돌 - 진행중,안전운전불이행,건조,맑음,단일로 - 기타,원동기,남,86세,부상신고,화물,남,45세,상해없음
2015102700100413,2015년 10월 27일 15시,화요일,경상북도 울진군 후포면,부상신고사고,0,0,0,1,차량단독 - 공작물충돌,안전운전불이행,건조,맑음,단일로 - 기타,화물,남,62세,부상신고,,,,