사고번호,사고일시,요일,시군구,사고내용,사망자수,중상자수,경상자수,부상신고자수,사고유형,법규위반,노면상태,기상상태,도로형태,가해운전자 차종,가해운전자 성별,가해운전자 연령,가해운전자 상해정도,피해운전자 차종,피해운전자 성별,피해운전자 연령,피해운전자 상해정도
2015102700100414,2015년 10월 27일 15시,화요일,경상북도 구미시 비산동,경상사고,0,0,1,0,차대차 - 기타,안전운전불이행,건조,흐림,단일로 - 교량,승용,여,53세,경상,화물,남,60세,상해없음
2015102700100461,2015년 10월 27일 16시,화요일,경상북도 포항시 북구 대신동,중상사고,0,1,3,0,차대차 - 기타,중앙선침범,건조,맑음,교차로 - 교차로안,승용,남,51세,상해없음,승용,여,46세,경상
2015102700100462,2015년 10월 27일 16시,화요일,경상북도 영천시 야사동,중상사고,0,1,0,0,차대차 - 측면직각충돌,교차로운행방법위반,건조,흐림,교차로 - 교차로안,승용,여,37세,상해없음,자전거,남,13세,중상
2015102700100463,2015년 10월 27일 16시,화요일,경상북도 포항시 남구 오천읍,경상사고,0,0,3,1,차대차 - 측면직각충돌,직진우회전진행방해,건조,맑음,교차로 - 교차로안,원동기,남,18세,상해없음,승용,남,63세,경상
2015102700100499,2015년 10월 27일 17시,화요일,경상북도 안동시 서후면,중상사고,0,1,0,0,차대차 - 추돌 - 진행중,안전운전불이행,건조,맑음,단일로 - 기타,승용,남,38세,중상,건설기계,남,49세,상해없음
2015102700100500,2015년 10월 27일 17시,화요일,경상북도 봉화군 석포면,중상사고,0,1,1,0,차대차 - 측면직각충돌,안전운전불이행,습기,흐림,단일로 - 기타,승용,남,50세,경상,승용,남,47세,중상
2015102700100549,2015년 10월 27일 18시,화요일,경상북도 구미시 사곡동,경상사고,0,0,1,0,차대차 - 기타,교차로운행방법위반,건조,맑음,교차로 - 교차로안,승용,여,43세,상해없음,승용,여,48세,경상
2015102700100550,2015년 10월 27일 18시,화요일,경상북도 고령군 성산면,중상사고,0,1,1,0,차대차 - 측면직각충돌,안전운전불이행,건조,맑음,단일로 - 기타,승용,남,52세,상해없음,승용,남,40세,중상
2015102700100584,2015년 10월 27일 19시,화요일,경상북도 경산시 계양동,중상사고,0,1,1,0,차대차 - 기타,안전운전불이행,건조,맑음,단일로 - 기타,이륜,남,15세,상해없음,승용,남,61세,경상
2015102700100585,2015년 10월 27일 19시,화요일,경상북도 구미시 도량동,중상사고,0,1,1,0,차대차 - 측면직각충돌,교차로운행방법위반,건조,맑음,교차로 - 교차로안,승용,여,41세,상해없음,승용,남,48세,경상
2015102700100624,2015년 10월 27일 20시,화요일,경상북도 경산시 조영동,경상사고,0,0,1,0,차대차 - 기타,직진우회전진행방해,건조,맑음,교차로 - 교차로안,이륜,남,22세,경상,승용,남,27세,상해없음
2015102700100654,2015년 10월 27일 21시,화요일,경상북도 경주시 성건동,중상사고,0,1,0,0,차대사람 - 기타,안전운전불이행,건조,맑음,교차로 - 교차로안,승용,여,33세,상해없음,보행자,여,21세,중상
2015102700100655,2015년 10월 27일 21시,화요일,경상북도 구미시 사곡동,부상신고사고,0,0,0,1,차대차 - 측면직각충돌,신호위반,건조,맑음,교차로 - 교차로안,이륜,남,55세,부상신고,승용,남,58세,상해없음
2015102700100656,2015년 10월 27일 21시,화요일,경상북도 포항시 남구 대도동,사망사고,1,0,0,0,차대사람 - 횡단중,안전운전불이행,습기,흐림,단일로 - 기타,승용,남,53세,상해없음,보행자,남,65세,사망
2015102700100657,2015년 10월 27일 21시,화요일,경상북도 포항시 남구 상도동,경상사고,0,0,1,0,차대차 - 측면직각충돌,안전운전불이행,건조,맑음,단일로 - 기타,승용,남,30세,경상,승용,남,35세,상해없음
2015102700100695,2015년 10월 27일 22시,화요일,경상북도 포항시 북구 두호동,중상사고,0,1,0,0,차대차 - 기타,안전운전불이행,건조,맑음,단일로 - 기타,승용,여,57세,상해없음,승용,남,61세,중상
2015102800100055,2015년 10월 28일 04시,수요일,경상북도 포항시 북구 학산동,경상사고,0,0,1,0,차대차 - 추돌 - 주정차중,안전운전불이행,건조,맑음,교차로 - 교차로부근,승용,남,62세,상해없음,승용,남,29세,경상
2015102800100068,2015년 10월 28일 05시,수요일,경상북도 구미시 도량동,중상사고,0,2,0,0,차대차 - 추돌 - 주정차중,안전운전불이행,건조,맑음,교차로 - 교차로부근,승용,남,30세,상해없음,승용,남,22세,중상
2015102800100080,2015년 10월 28일 06시,수요일,경상북도 김천시 성내동,중상사고,0,1,0,0,차대사람 - 횡단중,보행자보호의무위반,건조,맑음,단일로 - 횡단보도상,승용,남,42세,상해없음,보행자,여,74세,중상
2015102800100081,2015년 10월 28일 06시,수요일,경상북도 칠곡군 동명면,경상사고,0,0,1,0,차대차 - 기타,신호위반,건조,맑음,교차로 - 교차로안,승용,남,52세,상해없음,승용,남,39세,경상
2015102800100102,2015년 10월 28일 07시,수요일,경상북도 포항시 북구 용흥동,경상사고,0,0,1,0,차대차 - 기타,신호위반,건조,맑음,교차로 - 교차로안,승용,남,32세,상해없음,승용,여,64세,경상
2015102800100103,2015년 10월 28일 07시,수요일,경상북도 상주시 연원동,중상사고,0,1,0,0,차대차 - 추돌 - 주정차중,안전운전불이행,건조,맑음,단일로 - 기타,화물,남,66세,상해없음,화물,남,54세,중상
2015102800100146,2015년 10월 28일 08시,수요일,경상북도 경주시 동부동,중상사고,0,1,0,0,차대사람 - 횡단중,안전운전불이행,건조,맑음,단일로 - 기타,승용,여,42세,상해없음,보행자,여,80세,중상
2015102800100147,2015년 10월 28일 08시,수요일,경상북도 영덕군 영덕읍,경상사고,0,0,1,0,차대차 - 측면직각충돌,안전거리미확보,건조,맑음,교차로 - 교차로안,이륜,여,65세,경상,화물,남,40세,상해없음
2015102800100148,2015년 10월 28일 08시,수요일,경상북도 포항시 남구 장기면,경상사고,0,0,2,0,차대차 - 추돌 - 진행중,중앙선침범,건조,맑음,교차로 - 교차로부근,승용,남,40세,상해없음,화물,남,56세,경상
2015102800100183,2015년 10월 28일 09시,수요일,경상북도 영덕군 병곡면,중상사고,0,1,1,0,차대차 - 측면직각충돌,기타,건조,맑음,교차로 - 교차로안,화물,남,58세,상해없음,승합,남,73세,상해없음
2015102800100184,2015년 10월 28일 09시,수요일,경상북도 울진군 죽변면,중상사고,0,1,0,0,차대차 - 기타,중앙선침범,건조,맑음,단일로 - 기타,승용,남,71세,상해없음,화물,남,61세,상해없음
2015102800100211,2015년 10월 28일 10시,수요일,경상북도 상주시 연원동,중상사고,0,1,0,0,차대차 - 측면직각충돌,안전거리미확보,건조,맑음,단일로 - 기타,이륜,남,67세,중상,승합,여,54세,상해없음
2015102800100212,2015년 10월 28일 10시,수요일,경상북도 칠곡군 왜관읍,중상사고,0,1,0,0,차대차 - 기타,안전운전불이행,건조,맑음,단일로 - 기타,승용,남,51세,상해없음,자전거,남,83세,중상
2015102800100213,2015년 10월 28일 10시,수요일,경상북도 경산시 중방동,경상사고,0,0,1,0,차대사람 - 기타,안전운전불이행,건조,맑음,교차로 - 교차로부근,승용,남,47세,상해없음,보행자,여,62세,경상
2015102800100214,2015년 10월 28일 10시,수요일,경상북도 포항시 남구 효자동,중상사고,0,1,0,0,차대차 - 추돌 - 진행중,안전운전불이행,건조,맑음,단일로 - 기타,원동기,여,63세,중상,승용,여,43세,상해없음
2015102800100246,2015년 10월 28일 11시,수요일,경상북도 경산시 백천동,경상사고,0,0,1,0,차대차 - 기타,차로위반,건조,맑음,교차로 - 교차로안,승용,여,62세,상해없음,승용,여,58세,경상
2015102800100283,2015년 10월 28일 12시,수요일,경상북도 상주시 낙동면,경상사고,0,0,2,0,차대차 - 추돌 - 진행중,안전운전불이행,건조,맑음,단일로 - 교량,승용,남,52세,상해없음,승용,남,42세,경상
2015102800100284,2015년 10월 28일 12시,수요일,경상북도 예천군 용문면,사망사고,1,0,0,0,차량단독 - 공작물충돌,안전운전불이행,건조,맑음,교차로 - 교차로부근,화물,남,68세,사망,,,,
2015102800100319,2015년 10월 28일 13시,수요일,경상북도 포항시 북구 청하면,중상사고,0,1,0,0,차대차 - 기타,안전운전불이행,건조,맑음,교차로 - 교차로안,승합,남,20세,상해없음,화물,남,65세,중상
2015102800100320,2015년 10월 28일 13시,수요일,경상북도 안동시 송현동,경상사고,0,0,1,0,차대차 - 기타,안전운전불이행,건조,맑음,단일로 - 기타,승용,남,60세,상해없음,원동기,남,74세,경상
2015102800100321,2015년 10월 28일 13시,수요일,경상북도 김천시 양천동,중상사고,0,1,0,0,차량단독 - 전도전복,안전운전불이행,건조,맑음,단일로 - 기타,이륜,남,59세,중상,,,,
2015102800100322,2015년 10월 28일 13시,수요일,경상북도 상주시 화서면,중상사고,0,1,0,0,차량단독 - 기타,안전운전불이행,건조,흐림,단일로 - 기타,이륜,남,76세,중상,,,,
2015102800100323,2015년 10월 28일 13시,수요일,경상북도 영덕군 영덕읍,중상사고,0,1,0,0,차대차 - 측면직각충돌,안전운전불이행,건조,맑음,단일로 - 기타,승용,남,48세,상해없음,승용,남,50세,중상
2015102800100360,2015년 10월 28일 14시,수요일,경상북도 포항시 북구 대신동,중상사고,0,1,0,0,차대사람 - 횡단중,안전운전불이행,건조,맑음,단일로 - 기타,승용,여,43세,상해없음,보행자,여,84세,중상
2015102800100361,2015년 10월 28일 14시,수요일,경상북도 안동시 임하면,중상사고,0,1,0,0,차대차 - 기타,안전운전불이행,건조,맑음,단일로 - 기타,화물,남,48세,상해없음,자전거,여,72세,중상
2015102800100362,2015년 10월 28일 14시,수요일,경상북도 문경시 문경읍,중상사고,0,1,0,0,차대사람 - 기타,안전운전불이행,건조,맑음,단일로 - 기타,승합,남,62세,상해없음,보행자,여,59세,중상
2015102800100401,2015년 10월 28일 15시,수요일,경상북도 포항시 북구 흥해읍,중상사고,0,1,0,0,차대사람 - 기타,안전운전불이행,건조,맑음,단일로 - 기타,화물,남,64세,상해없음,보행자,여,66세,중상
2015102800100402,2015년 10월 28일 15시,수요일,경상북도 의성군 단북면,중상사고,0,1,0,0,차대차 - 기타,직진우회전진행방해,건조,맑음,교차로 - 교차로안,이륜,남,81세,중상,화물,남,43세,상해없음
2015102800100403,2015년 10월 28일 15시,수요일,경상북도 영주시 조암동,중상사고,0,1,1,0,차대차 - 측면직각충돌,직진우회전진행방해,건조,맑음,교차로 - 교차로안,승용,여,36세,상해없음,승용,남,67세,경상
2015102800100404,2015년 10월 28일 15시,수요일,경상북도 문경시 마성면,중상사고,0,2,1,0,차량단독 - 공작물충돌,안전운전불이행,건조,맑음,단일로 - 기타,승용,여,53세,경상,,,,
2015102800100405,2015년 10월 28일 15시,수요일,경상북도 경산시 대평동,경상사고,0,0,1,0,차대차 - 기타,중앙선침범,건조,맑음,단일로 - 기타,자전거,남,11세,경상,승용,남,47세,상해없음
2015102800100443,2015년 10월 28일 16시,수요일,경상북도 영천시 청통면,중상사고,0,1,1,0,차량단독 - 도로외이탈 - 추락,안전운전불이행,건조,맑음,단일로 - 기타,원동기,남,65세,경상,,,,
2015102800100484,2015년 10월 28일 17시,수요일,경상북도 영주시 휴천동,경상사고,0,0,1,0,차대사람 - 보도통행중,보행자보호의무위반,건조,맑음,단일로 - 횡단보도상,화물,남,61세,상해없음,보행자,남,11세,경상
2015102800100485,2015년 10월 28일 17시,수요일,경상북도 구미시 원평동,중상사고,0,1,1,0,차대사람 - 횡단중,보행자보호의무위반,건조,맑음,단일로 - 횡단보도상,승용,남,22세,상해없음,보행자,여,18세,중상
2015102800100549,2015년 10월 28일 18시,수요일,경상북도 포항시 남구 대도동,중상사고,0,1,0,0,차대사람 - 횡단중,안전운전불이행,건조,맑음,단일로 - 횡단보도상,승용,남,44세,상해없음,보행자,여,68세,중상
2015102800100617,2015년 10월 28일 19시,수요일,경상북도 상주시 화남면,중상사고,0,1,0,0,차대사람 - 길가장자리구역통행중,안전운전불이행,건조,맑음,단일로 - 기타,기타불명,기타불명,기타불명,기타불명,보행자,여,87세,중상
2015102800100618,2015년 10월 28일 19시,수요일,경상북도 포항시 남구 이동,부상신고사고,0,0,0,1,차대사람 - 횡단중,안전운전불이행,건조,맑음,교차로 - 교차로부근,승용,남,21세,상해없음,보행자,남,66세,부상신고
2015102800100649,2015년 10월 28일 20시,수요일,경상북도 울진군 기성면,중상사고,0,1,2,0,차대차 - 추돌 - 진행중,안전운전불이행,건조,맑음,단일로 - 기타,특수,남,42세,상해없음,승용,여,45세,중상
2015102800100725,2015년 10월 28일 22시,수요일,경상북도 영덕군 영덕읍,중상사고,0,1,0,0,차대차 - 측면직각충돌,중앙선침범,건조,맑음,교차로 - 교차로부근,승용,남,18세,상해없음,자전거,여,58세,중상
2015102800100726,2015년 10월 28일 22시,수요일,경상북도 포항시 남구 오천읍,경상사고,0,0,1,0,차대차 - 측면직각충돌,직진우회전진행방해,건조,맑음,교차로 - 교차로안,승용,남,49세,상해없음,승용,남,57세,경상
2015102900100015,2015년 10월 29일 00시,목요일,경상북도 경산시 하양읍,경상사고,0,0,2,0,차대차 - 정면충돌,신호위반,건조,맑음,교차로 - 교차로안,승용,남,19세,상해없음,승용,남,49세,경상
2015102900100027,2015년 10월 29일 01시,목요일,경상북도 칠곡군 북삼읍,부상신고사고,0,0,0,1,차량단독 - 공작물충돌,안전운전불이행,건조,맑음,단일로 - 기타,승용,남,51세,부상신고,,,,
2015102900100065,2015년 10월 29일 06시,목요일,경상북도 경주시 천북면,경상사고,0,0,1,0,차량단독 - 공작물충돌,안전운전불이행,건조,맑음,단일로 - 기타,승용,여,35세,경상,,,,
2015102900100082,2015년 10월 29일 07시,목요일,경상북도 영주시 영주동,경상사고,0,0,1,0,차대차 - 측면직각충돌,안전운전불이행,건조,맑음,교차로 - 교차로부근,화물,남,46세,상해없음,자전거,남,59세,경상
2015102900100083,2015년 10월 29일 07시,목요일,경상북도 문경시 마성면,경상사고,0,0,1,0,차대차 - 정면충돌,직진우회전진행방해,건조,맑음,교차로 - 교차로안,이륜,남,78세,경상,화물,남,26세,상해없음
2015102900100120,2015년 10월 29일 08시,목요일,경상북도 경주시 황성동,경상사고,0,0,1,0,차대차 - 기타,안전운전불이행,건조,맑음,단일로 - 기타,화물,남,29세,상해없음,승용,남,46세,경상
2015102900100121,2015년 10월 29일 08시,목요일,경상북도 경주시 안강읍,경상사고,0,0,1,0,차대차 - 기타,안전운전불이행,건조,맑음,교차로 - 교차로안,승용,여,29세,상해없음,원동기,남,27세,경상
2015102900100122,2015년 10월 29일 08시,목요일,경상북도 의성군 단북면,중상사고,0,2,0,0,차대차 - 측면직각충돌,교차로운행방법위반,건조,맑음,교차로 - 교차로안,승용,여,48세,중상,승용,남,81세,상해없음
2015102900100194,2015년 10월 29일 10시,목요일,경상북도 경주시 양북면,경상사고,0,0,1,0,차대차 - 기타,중앙선침범,건조,맑음,단일로 - 기타,승합,남,47세,상해없음,승용,남,43세,경상
2015102900100195,2015년 10월 29일 10시,목요일,경상북도 경주시 용강동,경상사고,0,0,1,0,차대차 - 기타,안전운전불이행,건조,맑음,교차로 - 교차로안,승합,남,58세,상해없음,이륜,남,43세,경상
2015102900100196,2015년 10월 29일 10시,목요일,경상북도 청송군 부동면,경상사고,0,0,1,0,차대차 - 측면직각충돌,안전운전불이행,건조,맑음,교차로 - 교차로안,승용,남,68세,상해없음,농기계,남,69세,경상
2015102900100227,2015년 10월 29일 11시,목요일,경상북도 경주시 천북면,경상사고,0,0,1,0,차대차 - 측면직각충돌,안전운전불이행,건조,맑음,교차로 - 교차로안,화물,남,36세,경상,건설기계,남,51세,상해없음
2015102900100258,2015년 10월 29일 12시,목요일,경상북도 경주시 내남면,중상사고,0,5,2,0,차대차 - 기타,안전운전불이행,건조,맑음,교차로 - 교차로안,화물,남,54세,상해없음,승합,남,54세,중상
2015102900100259,2015년 10월 29일 12시,목요일,경상북도 경주시 동부동,경상사고,0,0,1,0,차대사람 - 길가장자리구역통행중,안전운전불이행,건조,맑음,단일로 - 기타,승용,여,56세,상해없음,보행자,여,30세,경상
2015102900100260,2015년 10월 29일 12시,목요일,경상북도 봉화군 봉화읍,경상사고,0,0,1,0,차대차 - 측면직각충돌,교차로운행방법위반,건조,맑음,교차로 - 교차로안,원동기,남,64세,경상,승용,여,61세,상해없음
2015102900100298,2015년 10월 29일 13시,목요일,경상북도 경주시 강동면,경상사고,0,0,1,0,차대차 - 기타,안전운전불이행,건조,맑음,단일로 - 기타,승합,남,52세,상해없음,승용,남,26세,경상
2015102900100359,2015년 10월 29일 15시,목요일,경상북도 경주시 감포읍,중상사고,0,2,0,0,차대차 - 기타,안전운전불이행,건조,맑음,단일로 - 기타,농기계,남,55세,상해없음,승용,남,63세,상해없음
2015102900100360,2015년 10월 29일 15시,목요일,경상북도 예천군 풍양면,중상사고,0,1,0,0,차대차 - 측면직각충돌,안전운전불이행,건조,맑음,단일로 - 기타,화물,남,50세,상해없음,원동기,남,80세,중상
2015102900100405,2015년 10월 29일 16시,목요일,경상북도 경주시 황성동,중상사고,0,1,0,0,차대차 - 기타,안전운전불이행,건조,맑음,단일로 - 기타,화물,남,61세,상해없음,자전거,남,71세,중상
2015102900100406,2015년 10월 29일 16시,목요일,경상북도 포항시 북구 흥해읍,경상사고,0,0,1,0,차대차 - 기타,안전운전불이행,건조,맑음,단일로 - 기타,화물,남,63세,상해없음,승용,남,42세,경상
2015102900100407,2015년 10월 29일 16시,목요일,경상북도 포항시 남구 오천읍,경상사고,0,0,2,0,차대차 - 추돌 - 진행중,안전운전불이행,건조,맑음,교차로 - 교차로안,승용,여,33세,경상,승용,여,47세,경상
2015102900100448,2015년 10월 29일 17시,목요일,경상북도 김천시 성내동,경상사고,0,0,2,0,차대차 - 측면직각충돌,안전운전불이행,건조,맑음,단일로 - 기타,승용,여,45세,상해없음,승용,남,46세,경상
2015102900100449,2015년 10월 29일 17시,목요일,경상북도 문경시 모전동,경상사고,0,0,1,0,차대차 - 기타,안전운전불이행,건조,맑음,단일로 - 기타,승용,남,73세,상해없음,승용,여,48세,상해없음
2015102900100450,2015년 10월 29일 17시,목요일,경상북도 봉화군 재산면,경상사고,0,0,2,0,차대차 - 정면충돌,안전운전불이행,건조,맑음,단일로 - 기타,승용,남,49세,경상,승용,여,59세,경상
2015102900100511,2015년 10월 29일 18시,목요일,경상북도 상주시 서문동,경상사고,0,0,1,0,차대차 - 측면직각충돌,중앙선침범,건조,맑음,단일로 - 기타,승용,여,30세,상해없음,원동기,남,36세,경상
2015102900100512,2015년 10월 29일 18시,목요일,경상북도 성주군 가천면,경상사고,0,0,1,0,차대차 - 기타,중앙선침범,건조,맑음,단일로 - 교량,화물,남,51세,상해없음,이륜,남,19세,경상
2015102900100513,2015년 10월 29일 18시,목요일,경상북도 고령군 다산면,경상사고,0,0,3,0,차대차 - 측면직각충돌,안전운전불이행,건조,맑음,단일로 - 기타,화물,남,75세,경상,승용,여,37세,경상
2015102900100514,2015년 10월 29일 18시,목요일,경상북도 구미시 공단동,경상사고,0,0,1,0,차대차 - 측면직각충돌,신호위반,건조,맑음,교차로 - 교차로안,승용,남,43세,상해없음,원동기,남,39세,경상
2015102900100567,2015년 10월 29일 19시,목요일,경상북도 안동시 옥동,경상사고,0,0,2,0,차대차 - 추돌 - 주정차중,안전거리미확보,건조,맑음,단일로 - 기타,승용,여,61세,상해없음,화물,여,68세,경상
2015102900100568,2015년 10월 29일 19시,목요일,경상북도 구미시 사곡동,중상사고,0,1,0,0,차대사람 - 기타,안전운전불이행,건조,맑음,교차로 - 교차로안,승용,여,52세,상해없음,보행자,남,45세,중상
2015102900100569,2015년 10월 29일 19시,목요일,경상북도 구미시 해평면,중상사고,0,2,0,1,차대차 - 기타,안전운전불이행,건조,맑음,단일로 - 기타,승용,여,54세,부상신고,승용,남,54세,중상
2015102900100570,2015년 10월 29일 19시,목요일,경상북도 포항시 남구 대잠동,중상사고,0,1,1,0,차대차 - 측면직각충돌,안전운전불이행,건조,맑음,단일로 - 기타,승용,여,40세,상해없음,승용,여,32세,중상
2015102900100617,2015년 10월 29일 20시,목요일,경상북도 김천시 부곡동,경상사고,0,0,1,0,차대차 - 측면직각충돌,안전운전불이행,건조,맑음,교차로 - 교차로안,자전거,남,15세,경상,승용,여,37세,상해없음
2015102900100651,2015년 10월 29일 21시,목요일,경상북도 경주시 현곡면,경상사고,0,0,1,0,차대차 - 기타,중앙선침범,건조,맑음,교차로 - 교차로부근,승용,남,55세,상해없음,원동기,남,17세,경상
2015102900100652,2015년 10월 29일 21시,목요일,경상북도 경산시 옥산동,부상신고사고,0,0,0,2,차대차 - 기타,교차로운행방법위반,건조,맑음,교차로 - 교차로안,승용,남,51세,상해없음,이륜,남,19세,부상신고
2015102900100653,2015년 10월 29일 21시,목요일,경상북도 구미시 공단동,경상사고,0,0,1,0,차대차 - 기타,안전운전불이행,건조,맑음,단일로 - 기타,승용,남,27세,상해없음,이륜,남,24세,경상
2015102900100654,2015년 10월 29일 21시,목요일,경상북도 구미시 오태동,중상사고,0,1,1,0,차대차 - 기타,교차로운행방법위반,건조,맑음,교차로 - 교차로안,승용,남,52세,경상,승용,여,44세,중상
2015102900100693,2015년 10월 29일 22시,목요일,경상북도 경주시 노서동,사망사고,1,0,0,0,차대사람 - 기타,안전운전불이행,건조,맑음,단일로 - 기타,승용,남,19세,상해없음,보행자,남,40세,사망
2015102900100694,2015년 10월 29일 22시,목요일,경상북도 경주시 동부동,경상사고,0,0,1,0,차대사람 - 기타,보행자보호의무위반,건조,맑음,교차로 - 교차로안,승용,남,25세,상해없음,보행자,여,21세,경상
2015102900100695,2015년 10월 29일 22시,목요일,경상북도 포항시 북구 대신동,중상사고,0,1,0,0,차대사람 - 기타,안전운전불이행,건조,맑음,교차로 - 교차로안,승용,남,68세,상해없음,보행자,여,59세,중상
2015102900100732,2015년 10월 29일 23시,목요일,경상북도 경주시 성건동,중상사고,0,1,0,0,차대차 - 기타,안전운전불이행,건조,맑음,교차로 - 교차로안,승용,남,39세,상해없음,원동기,남,33세,중상
2015102900100733,2015년 10월 29일 23시,목요일,경상북도 안동시 태화동,경상사고,0,0,2,0,차대차 - 추돌 - 주정차중,안전운전불이행,건조,맑음,교차로 - 교차로부근,승용,남,42세,상해없음,승용,남,37세,경상
2015102900100734,2015년 10월 29일 23시,목요일,경상북도 김천시 지좌동,경상사고,0,0,1,0,차량단독 - 전도전복,안전운전불이행,건조,맑음,단일로 - 횡단보도부근,승용,남,46세,경상,,,,
2015102900100735,2015년 10월 29일 23시,목요일,경상북도 칠곡군 석적읍,중상사고,0,1,4,1,차대차 - 측면직각충돌,중앙선침범,건조,맑음,교차로 - 교차로안,승용,남,26세,부상신고,승용,남,24세,경상
2015102900100736,2015년 10월 29일 23시,목요일,경상북도 포항시 남구 장기면,경상사고,0,0,1,0,차량단독 - 공작물충돌,안전운전불이행,건조,맑음,단일로 - 기타,승용,남,30세,상해없음,,,,
2015103000100023,2015년 10월 30일 00시,금요일,경상북도 영주시 영주동,경상사고,0,0,1,0,차대차 - 측면직각충돌,안전운전불이행,건조,맑음,교차로 - 교차로안,승용,남,19세,상해없음,승용,남,33세,상해없음
2015103000100037,2015년 10월 30일 01시,금요일,경상북도 포항시 북구 흥해읍,경상사고,0,0,3,0,차대차 - 기타,중앙선침범,건조,맑음,단일로 - 기타,승용,남,29세,상해없음,승용,남,33세,경상
2015103000100095,2015년 10월 30일 06시,금요일,경상북도 포항시 북구 흥해읍,경상사고,0,0,1,0,차대차 - 정면충돌,중앙선침범,건조,맑음,단일로 - 기타,승용,남,25세,상해없음,승용,남,53세,경상
2015103000100096,2015년 10월 30일 06시,금요일,경상북도 울진군 매화면,경상사고,0,0,1,0,차대차 - 추돌 - 주정차중,안전운전불이행,건조,맑음,단일로 - 기타,화물,남,77세,상해없음,승용,남,45세,경상
2015103000100129,2015년 10월 30일 07시,금요일,경상북도 경주시 현곡면,중상사고,0,1,1,0,차대차 - 기타,안전운전불이행,건조,맑음,단일로 - 기타,화물,남,55세,중상,건설기계,남,53세,상해없음
2015103000100130,2015년 10월 30일 07시,금요일,경상북도 경주시 강동면,부상신고사고,0,0,0,2,차대차 - 기타,안전운전불이행,건조,맑음,단일로 - 기타,이륜,남,19세,부상신고,승용,남,29세,부상신고
2015103000100131,2015년 10월 30일 07시,금요일,경상북도 경주시 현곡면,중상사고,0,1,1,0,차대차 - 정면충돌,중앙선침범,건조,맑음,단일로 - 기타,승용,남,23세,중상,건설기계,남,49세,경상
2015103000100132,2015년 10월 30일 07시,금요일,경상북도 상주시 남성동,경상사고,0,0,1,0,차대차 - 측면직각충돌,안전운전불이행,건조,맑음,단일로 - 기타,화물,남,66세,상해없음,자전거,여,77세,경상
2015103000100175,2015년 10월 30일 08시,금요일,경상북도 포항시 남구 오천읍,중상사고,0,1,0,0,차대차 - 측면직각충돌,안전운전불이행,건조,맑음,교차로 - 교차로안,승용,남,53세,상해없음,승용,여,28세,중상
2015103000100211,2015년 10월 30일 09시,금요일,경상북도 포항시 북구 흥해읍,경상사고,0,0,1,0,차대사람 - 기타,안전운전불이행,건조,맑음,단일로 - 기타,이륜,남,79세,상해없음,보행자,여,75세,경상
2015103000100251,2015년 10월 30일 10시,금요일,경상북도 포항시 남구 대잠동,경상사고,0,0,1,0,차대사람 - 길가장자리구역통행중,안전운전불이행,건조,맑음,단일로 - 기타,승용,남,74세,상해없음,보행자,남,54세,경상
2015103000100289,2015년 10월 30일 11시,금요일,경상북도 경주시 사정동,경상사고,0,0,1,0,차대차 - 측면직각충돌,안전운전불이행,건조,맑음,단일로 - 기타,승용,남,45세,기타불명,승합,여,48세,경상
2015103000100290,2015년 10월 30일 11시,금요일,경상북도 울진군 북면,중상사고,0,1,2,0,차대차 - 추돌 - 주정차중,안전운전불이행,건조,맑음,교차로 - 교차로부근,승용,여,38세,상해없음,승용,남,19세,중상
2015103000100291,2015년 10월 30일 11시,금요일,경상북도 군위군 부계면,중상사고,0,2,0,0,차량단독 - 공작물충돌,안전운전불이행,건조,맑음,단일로 - 기타,승용,여,59세,상해없음,,,,
2015103000100328,2015년 10월 30일 12시,금요일,경상북도 영주시 상망동,경상사고,0,0,1,0,차량단독 - 도로외이탈 - 추락,안전운전불이행,건조,맑음,단일로 - 기타,이륜,남,63세,경상,,,,
2015103000100329,2015년 10월 30일 12시,금요일,경상북도 구미시 원평동,중상사고,0,1,1,0,차대차 - 측면직각충돌,교차로운행방법위반,건조,맑음,교차로 - 교차로안,승용,남,42세,상해없음,승용,여,50세,중상
2015103000100371,2015년 10월 30일 13시,금요일,경상북도 경주시 노서동,중상사고,0,1,0,0,차대사람 - 기타,안전운전불이행,건조,맑음,단일로 - 기타,승합,남,48세,상해없음,보행자,여,77세,중상
2015103000100372,2015년 10월 30일 13시,금요일,경상북도 경주시 동천동,경상사고,0,0,1,0,차대차 - 기타,안전운전불이행,건조,맑음,교차로 - 교차로안,승용,여,62세,상해없음,승용,남,27세,경상
2015103000100373,2015년 10월 30일 13시,금요일,경상북도 포항시 북구 흥해읍,경상사고,0,0,1,0,차대차 - 기타,중앙선침범,건조,맑음,교차로 - 교차로부근,화물,남,51세,상해없음,승용,남,38세,경상
2015103000100374,2015년 10월 30일 13시,금요일,경상북도 포항시 북구 두호동,경상사고,0,0,1,0,차대차 - 추돌 - 주정차중,안전운전불이행,건조,맑음,교차로 - 교차로부근,승용,남,59세,상해없음,승용,여,46세,경상
2015103000100375,2015년 10월 30일 13시,금요일,경상북도 안동시 용상동,경상사고,0,0,4,0,차대차 - 측면직각충돌,안전운전불이행,건조,맑음,교차로 - 교차로안,승용,남,23세,경상,승용,남,52세,경상