사고번호,사고일시,요일,시군구,사고내용,사망자수,중상자수,경상자수,부상신고자수,사고유형,법규위반,노면상태,기상상태,도로형태,가해운전자 차종,가해운전자 성별,가해운전자 연령,가해운전자 상해정도,피해운전자 차종,피해운전자 성별,피해운전자 연령,피해운전자 상해정도
2015103000100376,2015년 10월 30일 13시,금요일,경상북도 구미시 지산동,중상사고,0,1,0,0,차대차 - 기타,안전운전불이행,건조,맑음,단일로 - 기타,승용,여,56세,상해없음,승용,남,32세,중상
2015103000100411,2015년 10월 30일 14시,금요일,경상북도 영천시 완산동,경상사고,0,0,1,0,차대사람 - 횡단중,안전운전불이행,건조,맑음,단일로 - 기타,이륜,남,77세,상해없음,보행자,여,81세,경상
2015103000100412,2015년 10월 30일 14시,금요일,경상북도 영천시 도동,경상사고,0,0,1,0,차대차 - 추돌 - 진행중,안전운전불이행,건조,맑음,단일로 - 교량,화물,남,48세,경상,화물,남,55세,상해없음
2015103000100413,2015년 10월 30일 14시,금요일,경상북도 경산시 백천동,경상사고,0,0,1,0,차대차 - 측면직각충돌,안전운전불이행,건조,맑음,교차로 - 교차로안,승용,남,35세,상해없음,원동기,여,50세,경상
2015103000100461,2015년 10월 30일 15시,금요일,경상북도 청송군 파천면,중상사고,0,2,0,0,차대차 - 측면직각충돌,교차로운행방법위반,건조,맑음,교차로 - 교차로안,화물,남,62세,상해없음,화물,남,60세,중상
2015103000100498,2015년 10월 30일 16시,금요일,경상북도 포항시 북구 흥해읍,경상사고,0,0,2,0,차량단독 - 기타,안전운전불이행,건조,맑음,교차로 - 교차로부근,승합,남,50세,상해없음,,,,
2015103000100499,2015년 10월 30일 16시,금요일,경상북도 의성군 안계면,중상사고,0,1,0,0,차대차 - 측면직각충돌,직진우회전진행방해,건조,맑음,교차로 - 교차로안,화물,남,43세,상해없음,승용,남,56세,중상
2015103000100500,2015년 10월 30일 16시,금요일,경상북도 영주시 하망동,중상사고,0,1,0,0,차대차 - 측면직각충돌,안전운전불이행,건조,맑음,교차로 - 교차로안,승용,남,58세,상해없음,원동기,남,77세,중상
2015103000100501,2015년 10월 30일 16시,금요일,경상북도 구미시 형곡동,경상사고,0,0,1,0,차대차 - 측면직각충돌,안전운전불이행,건조,맑음,교차로 - 교차로안,원동기,남,23세,경상,승용,남,56세,상해없음
2015103000100502,2015년 10월 30일 16시,금요일,경상북도 구미시 장천면,경상사고,0,0,1,0,차대차 - 추돌 - 진행중,안전운전불이행,건조,맑음,단일로 - 기타,승용,남,50세,상해없음,농기계,여,60세,경상
2015103000100549,2015년 10월 30일 17시,금요일,경상북도 경주시 성건동,중상사고,0,1,0,0,차대차 - 기타,안전운전불이행,건조,맑음,단일로 - 기타,승용,남,66세,상해없음,이륜,남,29세,중상
2015103000100550,2015년 10월 30일 17시,금요일,경상북도 경주시 황성동,중상사고,0,1,1,0,차대차 - 기타,신호위반,건조,맑음,교차로 - 교차로안,승용,여,44세,경상,승용,남,52세,중상
2015103000100551,2015년 10월 30일 17시,금요일,경상북도 안동시 임하면,중상사고,0,1,0,0,차대차 - 기타,직진우회전진행방해,건조,맑음,교차로 - 교차로안,화물,남,56세,상해없음,원동기,남,45세,중상
2015103000100552,2015년 10월 30일 17시,금요일,경상북도 구미시 남통동,중상사고,0,1,0,0,차대차 - 측면직각충돌,안전운전불이행,건조,맑음,단일로 - 기타,승용,남,53세,상해없음,원동기,남,52세,중상
2015103000100553,2015년 10월 30일 17시,금요일,경상북도 구미시 봉곡동,중상사고,0,1,0,0,차대차 - 기타,안전운전불이행,건조,맑음,단일로 - 기타,승합,남,37세,상해없음,이륜,남,62세,중상
2015103000100555,2015년 10월 30일 17시,금요일,경상북도 칠곡군 동명면,중상사고,0,2,3,0,차대차 - 추돌 - 진행중,안전운전불이행,건조,맑음,단일로 - 터널,화물,남,40세,상해없음,승용,남,51세,경상
2015103000100612,2015년 10월 30일 18시,금요일,경상북도 상주시 무양동,중상사고,0,2,0,1,차대차 - 정면충돌,신호위반,건조,맑음,교차로 - 교차로안,승용,남,73세,상해없음,화물,남,63세,중상
2015103000100613,2015년 10월 30일 18시,금요일,경상북도 의성군 의성읍,경상사고,0,0,1,0,차대차 - 측면직각충돌,안전운전불이행,건조,맑음,교차로 - 교차로부근,자전거,여,61세,경상,승용,남,26세,상해없음
2015103000100614,2015년 10월 30일 18시,금요일,경상북도 영주시 가흥동,경상사고,0,0,2,0,차대차 - 측면직각충돌,안전운전불이행,건조,맑음,교차로 - 교차로안,승용,여,47세,상해없음,화물,남,54세,경상
2015103000100615,2015년 10월 30일 18시,금요일,경상북도 칠곡군 동명면,중상사고,0,1,0,0,차대차 - 기타,신호위반,건조,맑음,교차로 - 교차로안,승용,남,66세,상해없음,승용,남,53세,중상
2015103000100616,2015년 10월 30일 18시,금요일,경상북도 경산시 갑제동,경상사고,0,0,2,0,차대차 - 기타,안전거리미확보,건조,맑음,단일로 - 기타,승용,남,55세,상해없음,승용,여,36세,경상
2015103000100617,2015년 10월 30일 18시,금요일,경상북도 봉화군 봉화읍,중상사고,0,2,0,0,차대차 - 추돌 - 주정차중,안전운전불이행,건조,맑음,단일로 - 기타,승용,남,81세,중상,화물,남,72세,중상
2015103000100618,2015년 10월 30일 18시,금요일,경상북도 구미시 인의동,경상사고,0,0,1,0,차대차 - 추돌 - 주정차중,안전운전불이행,건조,맑음,단일로 - 기타,화물,남,29세,상해없음,승용,남,35세,경상
2015103000100686,2015년 10월 30일 19시,금요일,경상북도 포항시 북구 기계면,중상사고,0,1,0,0,차대차 - 기타,중앙선침범,건조,맑음,단일로 - 기타,승합,남,54세,상해없음,승용,여,34세,중상
2015103000100687,2015년 10월 30일 19시,금요일,경상북도 안동시 용상동,경상사고,0,0,1,0,차대사람 - 기타,안전운전불이행,건조,맑음,단일로 - 기타,화물,남,54세,상해없음,보행자,여,57세,경상
2015103000100688,2015년 10월 30일 19시,금요일,경상북도 포항시 남구 송내동,경상사고,0,0,1,0,차대차 - 추돌 - 주정차중,안전거리미확보,건조,맑음,단일로 - 기타,승용,남,56세,상해없음,승용,남,38세,경상
2015103000100728,2015년 10월 30일 20시,금요일,경상북도 구미시 인의동,부상신고사고,0,0,0,1,차대차 - 기타,안전운전불이행,건조,맑음,교차로 - 교차로안,자전거,남,14세,부상신고,승용,여,31세,상해없음
2015103000100762,2015년 10월 30일 21시,금요일,경상북도 포항시 남구 동해면,중상사고,0,1,0,0,차대차 - 기타,직진우회전진행방해,건조,맑음,교차로 - 교차로안,승용,남,59세,상해없음,승용,여,35세,중상
2015103000100793,2015년 10월 30일 22시,금요일,경상북도 포항시 북구 환호동,경상사고,0,0,2,0,차대차 - 기타,안전운전불이행,건조,맑음,교차로 - 교차로부근,화물,여,60세,상해없음,이륜,남,24세,경상
2015103000100794,2015년 10월 30일 22시,금요일,경상북도 포항시 북구 청하면,경상사고,0,0,2,0,차대차 - 기타,안전운전불이행,건조,맑음,단일로 - 기타,승용,남,31세,상해없음,승용,남,31세,경상
2015103000100822,2015년 10월 30일 23시,금요일,경상북도 경주시 황성동,경상사고,0,0,1,0,차대차 - 기타,안전운전불이행,건조,맑음,교차로 - 교차로부근,원동기,남,70세,상해없음,원동기,남,47세,경상
2015103000100823,2015년 10월 30일 23시,금요일,경상북도 포항시 북구 양덕동,경상사고,0,0,1,0,차대사람 - 기타,안전운전불이행,건조,맑음,교차로 - 교차로부근,승용,남,57세,상해없음,보행자,남,29세,경상
2015103000100824,2015년 10월 30일 23시,금요일,경상북도 구미시 진평동,경상사고,0,0,3,0,차대차 - 기타,신호위반,건조,맑음,교차로 - 교차로안,원동기,남,24세,경상,승용,여,26세,경상
2015103100100039,2015년 10월 31일 01시,토요일,경상북도 포항시 남구 상도동,중상사고,0,1,0,0,차대차 - 추돌 - 주정차중,안전운전불이행,건조,맑음,단일로 - 기타,승용,남,33세,상해없음,건설기계,남,33세,기타불명
2015103100100096,2015년 10월 31일 04시,토요일,경상북도 경산시 옥산동,중상사고,0,1,1,0,차대차 - 기타,교차로운행방법위반,건조,맑음,교차로 - 교차로부근,승용,남,71세,상해없음,승용,여,35세,중상
2015103100100121,2015년 10월 31일 06시,토요일,경상북도 경주시 시래동,경상사고,0,0,1,0,차대차 - 정면충돌,안전운전불이행,건조,맑음,단일로 - 기타,승용,여,29세,상해없음,승합,남,46세,경상
2015103100100198,2015년 10월 31일 09시,토요일,경상북도 포항시 북구 기계면,경상사고,0,0,1,0,차대차 - 기타,직진우회전진행방해,건조,맑음,교차로 - 교차로안,이륜,여,65세,경상,승용,남,28세,상해없음
2015103100100199,2015년 10월 31일 09시,토요일,경상북도 고령군 성산면,경상사고,0,0,4,0,차대차 - 추돌 - 진행중,안전운전불이행,건조,맑음,단일로 - 기타,화물,남,36세,상해없음,승용,남,52세,경상
2015103100100248,2015년 10월 31일 10시,토요일,경상북도 구미시 고아읍,경상사고,0,0,1,0,차대차 - 기타,신호위반,건조,맑음,교차로 - 교차로안,승용,여,29세,상해없음,자전거,남,11세,경상
2015103100100284,2015년 10월 31일 11시,토요일,경상북도 경주시 서악동,경상사고,0,0,2,0,차대차 - 기타,안전운전불이행,건조,맑음,단일로 - 기타,승용,남,70세,상해없음,승용,남,58세,경상
2015103100100285,2015년 10월 31일 11시,토요일,경상북도 의성군 단밀면,중상사고,0,1,0,0,차대차 - 정면충돌,안전운전불이행,건조,맑음,단일로 - 기타,승용,남,54세,상해없음,이륜,남,76세,중상
2015103100100286,2015년 10월 31일 11시,토요일,경상북도 경산시 계양동,경상사고,0,0,1,0,차대차 - 기타,안전거리미확보,건조,맑음,단일로 - 기타,승용,여,55세,상해없음,승용,남,61세,경상
2015103100100336,2015년 10월 31일 12시,토요일,경상북도 경주시 구황동,경상사고,0,0,2,0,차대차 - 기타,안전운전불이행,건조,맑음,단일로 - 기타,승용,남,63세,상해없음,승용,남,30세,상해없음
2015103100100337,2015년 10월 31일 12시,토요일,경상북도 영천시 야사동,경상사고,0,0,1,0,차대차 - 추돌 - 주정차중,안전운전불이행,건조,맑음,교차로 - 교차로부근,승용,여,54세,상해없음,승용,여,48세,경상
2015103100100338,2015년 10월 31일 12시,토요일,경상북도 울진군 근남면,중상사고,0,1,4,0,차대차 - 추돌 - 주정차중,안전운전불이행,건조,맑음,단일로 - 기타,화물,남,59세,상해없음,승용,남,47세,중상
2015103100100339,2015년 10월 31일 12시,토요일,경상북도 구미시 공단동,중상사고,0,1,4,0,차대차 - 기타,안전거리미확보,건조,맑음,교차로 - 교차로부근,승용,여,26세,상해없음,승용,남,70세,경상
2015103100100340,2015년 10월 31일 12시,토요일,경상북도 구미시 공단동,중상사고,0,1,0,0,차대차 - 기타,중앙선침범,건조,맑음,단일로 - 기타,이륜,남,89세,중상,승용,남,28세,상해없음
2015103100100382,2015년 10월 31일 13시,토요일,경상북도 칠곡군 북삼읍,경상사고,0,0,1,0,차대차 - 기타,교차로운행방법위반,건조,맑음,교차로 - 교차로안,승용,여,54세,상해없음,이륜,남,30세,경상
2015103100100383,2015년 10월 31일 13시,토요일,경상북도 구미시 송정동,경상사고,0,0,1,0,차대사람 - 기타,보행자보호의무위반,건조,맑음,교차로 - 교차로안,화물,남,42세,상해없음,보행자,여,14세,경상
2015103100100426,2015년 10월 31일 14시,토요일,경상북도 경주시 구정동,경상사고,0,0,1,0,차대차 - 기타,안전운전불이행,건조,맑음,교차로 - 교차로안,원동기,남,73세,경상,승용,남,29세,상해없음
2015103100100427,2015년 10월 31일 14시,토요일,경상북도 칠곡군 왜관읍,중상사고,0,1,0,0,차대차 - 측면직각충돌,직진우회전진행방해,건조,맑음,교차로 - 교차로안,승용,여,62세,상해없음,자전거,여,53세,중상
2015103100100428,2015년 10월 31일 14시,토요일,경상북도 포항시 남구 이동,경상사고,0,0,1,0,차대차 - 정면충돌,안전운전불이행,건조,맑음,단일로 - 기타,승용,여,47세,상해없음,승용,남,30세,경상
2015103100100485,2015년 10월 31일 15시,토요일,경상북도 경주시 배반동,경상사고,0,0,1,0,차대차 - 기타,안전운전불이행,건조,맑음,단일로 - 기타,기타불명,기타불명,기타불명,기타불명,승용,여,40세,경상
2015103100100486,2015년 10월 31일 15시,토요일,경상북도 경주시 황성동,중상사고,0,1,0,0,차대사람 - 기타,보행자보호의무위반,건조,맑음,교차로 - 교차로부근,승용,여,42세,상해없음,보행자,여,39세,중상
2015103100100487,2015년 10월 31일 15시,토요일,경상북도 안동시 용상동,경상사고,0,0,1,0,차대차 - 기타,안전운전불이행,건조,맑음,단일로 - 기타,자전거,남,10세,경상,승용,남,21세,상해없음
2015103100100488,2015년 10월 31일 15시,토요일,경상북도 의성군 옥산면,경상사고,0,0,1,0,차대차 - 추돌 - 주정차중,안전거리미확보,건조,맑음,단일로 - 기타,승합,남,53세,상해없음,화물,남,59세,경상
2015103100100489,2015년 10월 31일 15시,토요일,경상북도 칠곡군 가산면,경상사고,0,0,1,0,차대차 - 측면직각충돌,직진우회전진행방해,건조,맑음,교차로 - 교차로안,승용,남,20세,상해없음,건설기계,남,67세,경상
2015103100100528,2015년 10월 31일 16시,토요일,경상북도 경주시 노서동,경상사고,0,0,1,0,차대사람 - 기타,기타,건조,맑음,단일로 - 기타,기타불명,기타불명,기타불명,기타불명,보행자,여,70세,경상
2015103100100529,2015년 10월 31일 16시,토요일,경상북도 영덕군 영덕읍,중상사고,0,1,1,0,차대차 - 측면직각충돌,교차로운행방법위반,건조,맑음,교차로 - 교차로안,승용,남,58세,상해없음,승용,남,62세,중상
2015103100100530,2015년 10월 31일 16시,토요일,경상북도 영덕군 지품면,부상신고사고,0,0,0,1,차대차 - 측면직각충돌,직진우회전진행방해,건조,맑음,교차로 - 교차로안,화물,남,69세,상해없음,승용,남,36세,상해없음
2015103100100531,2015년 10월 31일 16시,토요일,경상북도 구미시 송정동,경상사고,0,0,1,0,차대차 - 기타,교차로운행방법위반,건조,맑음,교차로 - 교차로안,화물,남,34세,상해없음,화물,남,49세,경상
2015103100100532,2015년 10월 31일 16시,토요일,경상북도 고령군 성산면,중상사고,0,1,3,0,차대차 - 추돌 - 진행중,안전운전불이행,건조,맑음,단일로 - 터널,건설기계,남,53세,상해없음,승용,남,49세,경상
2015103100100565,2015년 10월 31일 17시,토요일,경상북도 경주시 탑동,경상사고,0,0,1,0,차대차 - 측면직각충돌,안전운전불이행,건조,맑음,단일로 - 기타,화물,남,52세,상해없음,자전거,여,20세,경상
2015103100100566,2015년 10월 31일 17시,토요일,경상북도 김천시 지좌동,경상사고,0,0,1,0,차량단독 - 공작물충돌,안전운전불이행,건조,맑음,단일로 - 기타,이륜,남,19세,경상,,,,
2015103100100609,2015년 10월 31일 18시,토요일,경상북도 김천시 구성면,중상사고,0,1,0,0,차대차 - 측면직각충돌,안전운전불이행,건조,맑음,단일로 - 기타,화물,남,52세,상해없음,이륜,남,73세,중상
2015103100100610,2015년 10월 31일 18시,토요일,경상북도 영주시 가흥동,경상사고,0,0,1,0,차대차 - 측면직각충돌,안전운전불이행,건조,맑음,교차로 - 교차로부근,원동기,남,19세,경상,승용,남,49세,상해없음
2015103100100611,2015년 10월 31일 18시,토요일,경상북도 영천시 야사동,중상사고,0,1,0,0,차대차 - 측면직각충돌,안전운전불이행,건조,맑음,교차로 - 교차로안,원동기,남,24세,상해없음,원동기,남,43세,중상
2015103100100612,2015년 10월 31일 18시,토요일,경상북도 영천시 임고면,중상사고,0,1,8,1,차대차 - 측면직각충돌,중앙선침범,건조,맑음,단일로 - 기타,승합,남,54세,상해없음,승용,남,54세,경상
2015103100100657,2015년 10월 31일 19시,토요일,경상북도 경주시 시래동,중상사고,0,1,1,0,차대차 - 기타,안전운전불이행,건조,맑음,교차로 - 교차로부근,화물,남,55세,상해없음,승용,여,42세,중상
2015103100100658,2015년 10월 31일 19시,토요일,경상북도 안동시 평화동,경상사고,0,0,1,0,차대차 - 측면직각충돌,직진우회전진행방해,건조,맑음,교차로 - 교차로안,승용,남,50세,상해없음,이륜,남,20세,경상
2015103100100659,2015년 10월 31일 19시,토요일,경상북도 영양군 영양읍,경상사고,0,0,1,0,차량단독 - 공작물충돌,안전운전불이행,건조,맑음,단일로 - 기타,승용,남,63세,경상,,,,
2015103100100660,2015년 10월 31일 19시,토요일,경상북도 구미시 신평동,경상사고,0,0,1,0,차대차 - 기타,안전운전불이행,건조,맑음,교차로 - 교차로부근,승용,남,41세,상해없음,자전거,남,14세,경상
2015103100100695,2015년 10월 31일 20시,토요일,경상북도 영천시 조교동,경상사고,0,0,2,0,차대차 - 추돌 - 진행중,교차로운행방법위반,건조,맑음,교차로 - 교차로안,승용,여,47세,상해없음,승용,여,33세,경상
2015103100100696,2015년 10월 31일 20시,토요일,경상북도 청송군 부남면,경상사고,0,0,2,0,차대차 - 추돌 - 진행중,중앙선침범,건조,맑음,단일로 - 기타,화물,남,61세,상해없음,승용,남,36세,경상
2015103100100762,2015년 10월 31일 22시,토요일,경상북도 안동시 용상동,중상사고,0,2,0,0,차대차 - 측면직각충돌,중앙선침범,건조,맑음,교차로 - 교차로부근,승용,남,55세,중상,승합,남,39세,중상
2015103100100763,2015년 10월 31일 22시,토요일,경상북도 영주시 휴천동,경상사고,0,0,1,0,차대사람 - 횡단중,보행자보호의무위반,건조,맑음,단일로 - 기타,승용,남,68세,상해없음,보행자,남,22세,경상
2015103100100795,2015년 10월 31일 23시,토요일,경상북도 경주시 안강읍,부상신고사고,0,0,0,1,차대차 - 기타,안전운전불이행,건조,맑음,단일로 - 기타,승용,여,52세,부상신고,화물,여,34세,상해없음
2015103100100796,2015년 10월 31일 23시,토요일,경상북도 칠곡군 왜관읍,경상사고,0,0,1,0,차대차 - 기타,안전운전불이행,건조,맑음,교차로 - 교차로안,승용,남,27세,상해없음,승용,남,58세,경상
2015103100100797,2015년 10월 31일 23시,토요일,경상북도 구미시 원평동,부상신고사고,0,0,0,1,차대차 - 기타,안전운전불이행,건조,맑음,단일로 - 기타,자전거,남,31세,부상신고,승용,남,35세,상해없음
2015110100100023,2015년 11월 1일 00시,일요일,경상북도 경주시 외동읍,중상사고,0,2,0,0,차대차 - 기타,신호위반,건조,맑음,교차로 - 교차로안,화물,남,48세,상해없음,승용,남,25세,중상
2015110100100024,2015년 11월 1일 00시,일요일,경상북도 포항시 북구 죽도동,경상사고,0,0,2,0,차대차 - 기타,안전운전불이행,건조,맑음,교차로 - 교차로부근,승용,남,48세,상해없음,승용,남,48세,상해없음
2015110100100025,2015년 11월 1일 00시,일요일,경상북도 포항시 북구 득량동,경상사고,0,0,3,0,차대차 - 추돌 - 주정차중,안전운전불이행,건조,맑음,단일로 - 기타,승용,남,59세,상해없음,승용,남,25세,경상
2015110100100026,2015년 11월 1일 00시,일요일,경상북도 경산시 진량읍,경상사고,0,0,2,0,차대사람 - 기타,안전운전불이행,건조,맑음,단일로 - 횡단보도상,승용,여,29세,상해없음,보행자,남,29세,경상
2015110100100051,2015년 11월 1일 01시,일요일,경상북도 포항시 북구 흥해읍,경상사고,0,0,1,0,차대차 - 기타,안전운전불이행,건조,맑음,교차로 - 교차로부근,승용,여,50세,상해없음,승용,남,63세,경상
2015110100100081,2015년 11월 1일 03시,일요일,경상북도 안동시 옥동,경상사고,0,0,2,0,차대차 - 추돌 - 진행중,안전거리미확보,건조,흐림,단일로 - 기타,승용,남,34세,상해없음,승용,남,39세,경상
2015110100100123,2015년 11월 1일 06시,일요일,경상북도 포항시 북구 장성동,경상사고,0,0,2,0,차대차 - 측면직각충돌,교차로운행방법위반,건조,맑음,교차로 - 교차로안,승용,남,22세,경상,승용,남,52세,경상
2015110100100140,2015년 11월 1일 07시,일요일,경상북도 경주시 동천동,경상사고,0,0,1,0,차대차 - 기타,안전운전불이행,건조,맑음,단일로 - 기타,승용,남,61세,경상,화물,남,56세,상해없음
2015110100100141,2015년 11월 1일 07시,일요일,경상북도 경주시 효현동,중상사고,0,1,0,0,차량단독 - 전도전복,안전운전불이행,건조,맑음,단일로 - 기타,승용,남,27세,중상,,,,
2015110100100167,2015년 11월 1일 09시,일요일,경상북도 포항시 북구 덕수동,경상사고,0,0,1,0,차대차 - 측면직각충돌,안전운전불이행,건조,맑음,단일로 - 기타,승용,여,55세,상해없음,승합,여,35세,상해없음
2015110100100168,2015년 11월 1일 09시,일요일,경상북도 영주시 가흥동,경상사고,0,0,1,0,차대차 - 측면직각충돌,안전운전불이행,건조,맑음,교차로 - 교차로안,승합,남,57세,상해없음,승용,남,64세,경상
2015110100100169,2015년 11월 1일 09시,일요일,경상북도 영천시 망정동,중상사고,0,1,4,0,차대차 - 측면직각충돌,중앙선침범,건조,흐림,교차로 - 교차로안,승용,남,43세,기타불명,승용,남,59세,경상
2015110100100196,2015년 11월 1일 10시,일요일,경상북도 경주시 외동읍,중상사고,0,3,6,0,차대차 - 추돌 - 주정차중,중앙선침범,건조,맑음,단일로 - 기타,승용,남,50세,상해없음,승용,남,34세,경상
2015110100100197,2015년 11월 1일 10시,일요일,경상북도 포항시 남구 해도동,경상사고,0,0,1,0,차대차 - 측면직각충돌,신호위반,건조,맑음,교차로 - 교차로안,승용,여,56세,상해없음,승용,남,65세,경상
2015110100100216,2015년 11월 1일 11시,일요일,경상북도 안동시 옥동,경상사고,0,0,1,0,차대차 - 기타,신호위반,건조,맑음,교차로 - 교차로부근,원동기,남,58세,경상,승용,여,56세,상해없음
2015110100100265,2015년 11월 1일 13시,일요일,경상북도 경주시 교동,부상신고사고,0,0,0,1,차대차 - 기타,안전운전불이행,건조,맑음,단일로 - 교량,자전거,남,16세,부상신고,승용,여,25세,상해없음
2015110100100266,2015년 11월 1일 13시,일요일,경상북도 안동시 풍산읍,사망사고,1,0,0,0,차대차 - 기타,안전운전불이행,건조,맑음,단일로 - 기타,승합,남,50세,상해없음,자전거,여,43세,사망
2015110100100267,2015년 11월 1일 13시,일요일,경상북도 상주시 함창읍,경상사고,0,0,4,0,차대차 - 추돌 - 주정차중,신호위반,건조,맑음,교차로 - 교차로안,승용,여,33세,상해없음,승용,남,42세,경상
2015110100100268,2015년 11월 1일 13시,일요일,경상북도 경산시 중방동,중상사고,0,1,0,0,차대차 - 기타,안전운전불이행,건조,맑음,단일로 - 기타,승용,여,46세,상해없음,이륜,남,22세,중상
2015110100100283,2015년 11월 1일 14시,일요일,경상북도 포항시 북구 죽도동,중상사고,0,1,0,0,차대사람 - 길가장자리구역통행중,안전운전불이행,건조,맑음,단일로 - 기타,승용,남,77세,상해없음,보행자,여,57세,중상
2015110100100284,2015년 11월 1일 14시,일요일,경상북도 포항시 남구 연일읍,부상신고사고,0,0,0,1,차대차 - 측면직각충돌,교차로운행방법위반,건조,맑음,교차로 - 교차로안,농기계,남,81세,부상신고,승용,남,50세,상해없음
2015110100100337,2015년 11월 1일 16시,일요일,경상북도 경주시 진현동,중상사고,0,1,0,0,차대사람 - 기타,안전운전불이행,건조,맑음,단일로 - 기타,이륜,남,24세,상해없음,보행자,여,24세,중상
2015110100100338,2015년 11월 1일 16시,일요일,경상북도 경주시 황남동,중상사고,0,1,0,0,차대차 - 기타,안전운전불이행,건조,맑음,교차로 - 교차로안,화물,남,46세,상해없음,승용,남,33세,중상
2015110100100339,2015년 11월 1일 16시,일요일,경상북도 영주시 가흥동,중상사고,0,1,0,0,차대사람 - 횡단중,안전운전불이행,건조,맑음,단일로 - 기타,승용,여,44세,상해없음,보행자,여,69세,중상
2015110100100340,2015년 11월 1일 16시,일요일,경상북도 문경시 흥덕동,경상사고,0,0,4,0,차대차 - 기타,직진우회전진행방해,습기,비,교차로 - 교차로안,승용,남,64세,상해없음,승용,여,57세,경상
2015110100100341,2015년 11월 1일 16시,일요일,경상북도 영양군 영양읍,경상사고,0,0,2,0,차대차 - 측면직각충돌,안전운전불이행,건조,흐림,단일로 - 기타,화물,남,53세,경상,화물,남,54세,경상
2015110100100373,2015년 11월 1일 17시,일요일,경상북도 경주시 성건동,경상사고,0,0,1,0,차대차 - 기타,신호위반,건조,흐림,단일로 - 횡단보도상,승용,남,50세,상해없음,자전거,남,22세,경상
2015110100100413,2015년 11월 1일 18시,일요일,경상북도 경주시 배반동,경상사고,0,0,5,0,차대차 - 추돌 - 주정차중,안전운전불이행,건조,맑음,단일로 - 기타,화물,남,38세,상해없음,승합,남,69세,경상
2015110100100414,2015년 11월 1일 18시,일요일,경상북도 경주시 안강읍,중상사고,0,1,2,0,차대차 - 추돌 - 진행중,안전운전불이행,건조,맑음,단일로 - 기타,화물,남,54세,중상,농기계,남,52세,경상
2015110100100415,2015년 11월 1일 18시,일요일,경상북도 경주시 강동면,경상사고,0,0,1,0,차대사람 - 횡단중,안전운전불이행,건조,맑음,단일로 - 기타,승용,남,61세,상해없음,보행자,남,47세,경상
2015110100100416,2015년 11월 1일 18시,일요일,경상북도 영덕군 지품면,중상사고,0,1,1,0,차대차 - 측면직각충돌,기타,건조,맑음,교차로 - 교차로부근,승용,남,41세,중상,화물,남,39세,경상
2015110100100417,2015년 11월 1일 18시,일요일,경상북도 예천군 개포면,사망사고,1,0,0,0,차대사람 - 횡단중,안전운전불이행,건조,맑음,단일로 - 기타,승용,남,51세,상해없음,보행자,여,76세,사망
2015110100100418,2015년 11월 1일 18시,일요일,경상북도 고령군 개진면,중상사고,0,1,1,0,차대차 - 추돌 - 진행중,안전운전불이행,건조,맑음,단일로 - 기타,승용,남,67세,경상,농기계,남,51세,중상
2015110100100419,2015년 11월 1일 18시,일요일,경상북도 구미시 산동면,중상사고,0,1,0,2,차대차 - 기타,안전운전불이행,건조,맑음,단일로 - 기타,승용,여,45세,부상신고,화물,남,49세,기타불명
2015110100100455,2015년 11월 1일 19시,일요일,경상북도 경주시 외동읍,경상사고,0,0,2,0,차대차 - 기타,안전거리미확보,건조,맑음,단일로 - 기타,승용,여,55세,상해없음,승용,여,40세,경상
2015110100100456,2015년 11월 1일 19시,일요일,경상북도 포항시 북구 청하면,경상사고,0,0,4,0,차대차 - 기타,안전운전불이행,건조,맑음,단일로 - 기타,승합,여,56세,상해없음,승용,여,38세,경상
2015110100100506,2015년 11월 1일 21시,일요일,경상북도 포항시 북구 학산동,중상사고,0,1,0,0,차대차 - 기타,신호위반,건조,맑음,교차로 - 교차로안,승용,남,29세,상해없음,승용,남,66세,중상
2015110100100554,2015년 11월 1일 23시,일요일,경상북도 구미시 해평면,경상사고,0,0,3,0,차대사람 - 기타,안전운전불이행,건조,맑음,단일로 - 기타,승용,남,63세,상해없음,보행자,남,23세,경상
2015110200100015,2015년 11월 2일 01시,월요일,경상북도 군위군 고로면,중상사고,0,1,0,0,차량단독 - 도로외이탈 - 추락,안전운전불이행,건조,흐림,단일로 - 기타,승용,남,60세,중상,,,,
2015110200100033,2015년 11월 2일 04시,월요일,경상북도 포항시 북구 대흥동,경상사고,0,0,1,0,차대사람 - 기타,안전운전불이행,건조,맑음,단일로 - 기타,승용,남,20세,상해없음,보행자,남,27세,경상
2015110200100045,2015년 11월 2일 05시,월요일,경상북도 경주시 외동읍,중상사고,0,1,0,0,차대차 - 정면충돌,중앙선침범,습기,비,교차로 - 교차로안,승용,남,48세,상해없음,화물,남,54세,중상
2015110200100067,2015년 11월 2일 06시,월요일,경상북도 경주시 동천동,중상사고,0,1,0,0,차대사람 - 길가장자리구역통행중,안전운전불이행,건조,맑음,단일로 - 기타,승용,남,45세,상해없음,보행자,남,76세,중상
2015110200100068,2015년 11월 2일 06시,월요일,경상북도 안동시 정하동,중상사고,0,1,0,0,차대사람 - 횡단중,신호위반,건조,기타,교차로 - 교차로안,건설기계,남,48세,상해없음,보행자,여,66세,중상