사고번호,사고일시,요일,시군구,사고내용,사망자수,중상자수,경상자수,부상신고자수,사고유형,법규위반,노면상태,기상상태,도로형태,가해운전자 차종,가해운전자 성별,가해운전자 연령,가해운전자 상해정도,피해운전자 차종,피해운전자 성별,피해운전자 연령,피해운전자 상해정도
2015110200100069,2015년 11월 2일 06시,월요일,경상북도 영천시 망정동,경상사고,0,0,1,0,차대사람 - 횡단중,안전운전불이행,습기,흐림,교차로 - 교차로안,승용,남,71세,상해없음,보행자,남,57세,경상
2015110200100070,2015년 11월 2일 06시,월요일,경상북도 구미시 진평동,경상사고,0,0,1,0,차대사람 - 기타,신호위반,건조,맑음,교차로 - 교차로부근,승용,남,26세,상해없음,보행자,남,27세,경상
2015110200100071,2015년 11월 2일 06시,월요일,경상북도 구미시 신평동,중상사고,0,1,0,0,차대차 - 측면직각충돌,신호위반,건조,맑음,교차로 - 교차로안,화물,남,55세,상해없음,승용,남,63세,중상
2015110200100072,2015년 11월 2일 06시,월요일,경상북도 경주시 강동면,중상사고,0,10,15,1,차대차 - 추돌 - 진행중,안전운전불이행,습기,안개,단일로 - 기타,승용,남,23세,중상,화물,남,58세,경상
2015110200100090,2015년 11월 2일 07시,월요일,경상북도 칠곡군 석적읍,경상사고,0,0,1,0,차대차 - 기타,교차로운행방법위반,건조,맑음,교차로 - 교차로안,승용,남,58세,상해없음,승용,남,31세,경상
2015110200100127,2015년 11월 2일 08시,월요일,경상북도 문경시 점촌동,경상사고,0,0,2,0,차대사람 - 보도통행중,안전운전불이행,건조,맑음,교차로 - 교차로안,승용,남,61세,상해없음,보행자,여,13세,경상
2015110200100128,2015년 11월 2일 08시,월요일,경상북도 영덕군 남정면,부상신고사고,0,0,0,1,차대차 - 추돌 - 주정차중,안전거리미확보,건조,맑음,단일로 - 기타,이륜,여,33세,부상신고,화물,남,55세,상해없음
2015110200100129,2015년 11월 2일 08시,월요일,경상북도 포항시 남구 송내동,경상사고,0,0,1,0,차대차 - 측면직각충돌,안전운전불이행,건조,맑음,단일로 - 기타,특수,남,56세,상해없음,승용,남,75세,경상
2015110200100165,2015년 11월 2일 09시,월요일,경상북도 경주시 충효동,중상사고,0,1,0,0,차량단독 - 도로외이탈 - 추락,안전운전불이행,건조,맑음,단일로 - 기타,승용,남,30세,중상,,,,
2015110200100166,2015년 11월 2일 09시,월요일,경상북도 경산시 압량면,경상사고,0,0,1,0,차대차 - 기타,중앙선침범,건조,맑음,교차로 - 교차로부근,화물,남,49세,상해없음,이륜,남,82세,경상
2015110200100198,2015년 11월 2일 10시,월요일,경상북도 상주시 사벌면,중상사고,0,1,0,0,차대차 - 추돌 - 진행중,안전운전불이행,건조,맑음,교차로 - 교차로안,화물,남,72세,상해없음,이륜,남,74세,중상
2015110200100199,2015년 11월 2일 10시,월요일,경상북도 영주시 풍기읍,중상사고,0,1,0,0,차대사람 - 기타,안전운전불이행,건조,맑음,단일로 - 기타,원동기,남,84세,상해없음,보행자,여,79세,중상
2015110200100231,2015년 11월 2일 11시,월요일,경상북도 안동시 일직면,경상사고,0,0,1,0,차대사람 - 보도통행중,안전운전불이행,건조,맑음,단일로 - 기타,승용,여,54세,상해없음,보행자,여,61세,경상
2015110200100254,2015년 11월 2일 12시,월요일,경상북도 칠곡군 왜관읍,경상사고,0,0,1,0,차대차 - 측면직각충돌,안전운전불이행,건조,맑음,교차로 - 교차로부근,승용,남,38세,상해없음,자전거,남,89세,경상
2015110200100287,2015년 11월 2일 13시,월요일,경상북도 상주시 무양동,중상사고,0,1,0,0,차량단독 - 기타,기타,건조,맑음,단일로 - 기타,화물,남,52세,상해없음,,,,
2015110200100288,2015년 11월 2일 13시,월요일,경상북도 구미시 공단동,경상사고,0,0,1,0,차대사람 - 기타,기타,건조,맑음,교차로 - 교차로부근,이륜,남,27세,상해없음,보행자,남,9세,경상
2015110200100314,2015년 11월 2일 14시,월요일,경상북도 경주시 양북면,중상사고,0,2,0,0,차대차 - 기타,중앙선침범,건조,맑음,단일로 - 기타,승용,남,67세,중상,승용,남,47세,중상
2015110200100315,2015년 11월 2일 14시,월요일,경상북도 김천시 덕곡동,중상사고,0,1,0,0,차대차 - 측면직각충돌,안전거리미확보,건조,맑음,단일로 - 기타,승합,남,55세,상해없음,화물,남,21세,중상
2015110200100316,2015년 11월 2일 14시,월요일,경상북도 영천시 금호읍,경상사고,0,0,1,0,차대차 - 추돌 - 주정차중,안전운전불이행,건조,맑음,단일로 - 기타,원동기,남,70세,경상,승용,여,46세,상해없음
2015110200100317,2015년 11월 2일 14시,월요일,경상북도 경산시 와촌면,중상사고,0,1,1,0,차대차 - 기타,신호위반,건조,맑음,교차로 - 교차로안,승용,남,69세,상해없음,화물,남,32세,중상
2015110200100318,2015년 11월 2일 14시,월요일,경상북도 구미시 형곡동,중상사고,0,2,0,0,차대차 - 측면직각충돌,교차로운행방법위반,건조,맑음,교차로 - 교차로안,화물,남,66세,상해없음,승용,여,34세,중상
2015110200100358,2015년 11월 2일 15시,월요일,경상북도 영천시 망정동,경상사고,0,0,1,0,차대사람 - 횡단중,신호위반,건조,맑음,교차로 - 교차로부근,승용,남,34세,상해없음,보행자,남,12세,경상
2015110200100359,2015년 11월 2일 15시,월요일,경상북도 포항시 남구 장기면,경상사고,0,0,1,0,차량단독 - 전도전복,안전운전불이행,건조,맑음,단일로 - 기타,건설기계,남,51세,경상,,,,
2015110200100360,2015년 11월 2일 15시,월요일,경상북도 포항시 남구 송내동,중상사고,0,1,0,0,차대차 - 추돌 - 진행중,안전운전불이행,건조,맑음,교차로 - 교차로부근,승용,남,56세,상해없음,승용,여,66세,중상
2015110200100428,2015년 11월 2일 17시,월요일,경상북도 경주시 성동동,중상사고,0,1,0,0,차대차 - 기타,안전운전불이행,건조,맑음,단일로 - 기타,승합,여,44세,상해없음,원동기,남,71세,중상
2015110200100429,2015년 11월 2일 17시,월요일,경상북도 영천시 화산면,부상신고사고,0,0,0,3,차대차 - 측면직각충돌,중앙선침범,건조,맑음,단일로 - 기타,화물,남,59세,상해없음,승합,남,44세,부상신고
2015110200100430,2015년 11월 2일 17시,월요일,경상북도 예천군 호명면,중상사고,0,1,0,0,차대사람 - 기타,안전운전불이행,건조,맑음,단일로 - 기타,승용,남,76세,상해없음,보행자,남,48세,중상
2015110200100491,2015년 11월 2일 18시,월요일,경상북도 경주시 현곡면,중상사고,0,1,0,0,차대차 - 기타,중앙선침범,건조,맑음,교차로 - 교차로부근,승용,남,63세,상해없음,승용,여,61세,중상
2015110200100492,2015년 11월 2일 18시,월요일,경상북도 경주시 양남면,경상사고,0,0,1,0,차대차 - 측면직각충돌,중앙선침범,건조,맑음,단일로 - 기타,승용,남,55세,상해없음,승용,여,42세,경상
2015110200100493,2015년 11월 2일 18시,월요일,경상북도 의성군 안평면,중상사고,0,1,0,0,차대차 - 추돌 - 주정차중,안전운전불이행,건조,맑음,단일로 - 기타,화물,남,63세,상해없음,화물,남,45세,기타불명
2015110200100494,2015년 11월 2일 18시,월요일,경상북도 영천시 금호읍,경상사고,0,0,2,0,차대차 - 측면직각충돌,안전운전불이행,건조,맑음,교차로 - 교차로부근,승용,남,51세,경상,승용,여,27세,경상
2015110200100495,2015년 11월 2일 18시,월요일,경상북도 구미시 해평면,사망사고,1,0,1,0,차대차 - 추돌 - 진행중,안전운전불이행,건조,맑음,단일로 - 기타,화물,남,25세,사망,농기계,남,56세,경상
2015110200100496,2015년 11월 2일 18시,월요일,경상북도 포항시 남구 효자동,경상사고,0,0,1,0,차대사람 - 횡단중,안전운전불이행,건조,맑음,교차로 - 교차로부근,승용,여,37세,상해없음,보행자,남,18세,경상
2015110200100497,2015년 11월 2일 18시,월요일,경상북도 군위군 군위읍,중상사고,0,3,0,0,차대차 - 추돌 - 주정차중,안전운전불이행,건조,맑음,단일로 - 기타,화물,남,59세,중상,건설기계,남,61세,상해없음
2015110200100555,2015년 11월 2일 19시,월요일,경상북도 포항시 북구 장성동,중상사고,0,2,0,1,차대차 - 정면충돌,신호위반,건조,맑음,교차로 - 교차로안,승용,남,35세,부상신고,승용,남,60세,중상
2015110200100556,2015년 11월 2일 19시,월요일,경상북도 칠곡군 왜관읍,경상사고,0,0,1,0,차대차 - 측면직각충돌,직진우회전진행방해,건조,맑음,교차로 - 교차로안,화물,남,32세,상해없음,승용,여,48세,경상
2015110200100557,2015년 11월 2일 19시,월요일,경상북도 봉화군 물야면,중상사고,0,1,0,0,차대차 - 측면직각충돌,안전운전불이행,건조,맑음,단일로 - 기타,화물,남,61세,상해없음,원동기,남,55세,중상
2015110200100594,2015년 11월 2일 20시,월요일,경상북도 김천시 부곡동,중상사고,0,1,0,0,차대차 - 측면직각충돌,신호위반,건조,맑음,단일로 - 기타,승용,남,51세,상해없음,자전거,남,9세,중상
2015110200100595,2015년 11월 2일 20시,월요일,경상북도 영주시 가흥동,경상사고,0,0,1,0,차대사람 - 횡단중,안전운전불이행,건조,맑음,단일로 - 기타,승용,여,49세,상해없음,보행자,여,8세,경상
2015110200100596,2015년 11월 2일 20시,월요일,경상북도 경산시 중방동,경상사고,0,0,2,0,차대차 - 측면직각충돌,신호위반,건조,맑음,교차로 - 교차로안,승용,남,55세,상해없음,승용,남,40세,경상
2015110200100597,2015년 11월 2일 20시,월요일,경상북도 영주시 장수면,중상사고,0,1,1,0,차대차 - 추돌 - 진행중,안전운전불이행,건조,맑음,단일로 - 기타,승용,남,18세,상해없음,화물,남,45세,경상
2015110200100630,2015년 11월 2일 21시,월요일,경상북도 포항시 북구 두호동,경상사고,0,0,1,0,차대차 - 기타,교차로운행방법위반,건조,맑음,교차로 - 교차로안,승용,남,29세,경상,승용,남,20세,상해없음
2015110200100631,2015년 11월 2일 21시,월요일,경상북도 안동시 옥동,경상사고,0,0,1,0,차대사람 - 기타,안전운전불이행,건조,맑음,교차로 - 교차로부근,승용,여,19세,상해없음,보행자,남,18세,경상
2015110200100632,2015년 11월 2일 21시,월요일,경상북도 의성군 의성읍,경상사고,0,0,2,0,차대차 - 측면직각충돌,신호위반,건조,맑음,교차로 - 교차로안,화물,남,52세,상해없음,화물,남,65세,경상
2015110200100667,2015년 11월 2일 22시,월요일,경상북도 경산시 평산동,경상사고,0,0,2,0,차대차 - 추돌 - 주정차중,안전운전불이행,건조,맑음,단일로 - 기타,화물,남,37세,상해없음,승용,기타불명,기타불명,기타불명
2015110200100668,2015년 11월 2일 22시,월요일,경상북도 포항시 남구 대잠동,경상사고,0,0,3,0,차대차 - 측면직각충돌,안전운전불이행,건조,맑음,단일로 - 기타,승용,여,45세,경상,화물,남,61세,경상
2015110200100689,2015년 11월 2일 23시,월요일,경상북도 김천시 부곡동,경상사고,0,0,1,0,차량단독 - 기타,안전운전불이행,건조,맑음,교차로 - 교차로안,승합,여,42세,기타불명,,,,
2015110300100018,2015년 11월 3일 00시,화요일,경상북도 포항시 북구 대흥동,경상사고,0,0,2,0,차대차 - 기타,안전운전불이행,건조,맑음,단일로 - 기타,승용,남,31세,경상,승용,남,50세,경상
2015110300100019,2015년 11월 3일 00시,화요일,경상북도 구미시 임은동,중상사고,0,1,0,0,차량단독 - 전도전복,안전운전불이행,건조,기타,교차로 - 교차로부근,이륜,남,30세,중상,,,,
2015110300100098,2015년 11월 3일 07시,화요일,경상북도 김천시 구성면,중상사고,0,1,0,0,차대사람 - 차도통행중,안전운전불이행,습기,안개,교차로 - 교차로부근,화물,남,72세,상해없음,보행자,여,76세,중상
2015110300100099,2015년 11월 3일 07시,화요일,경상북도 경산시 하양읍,경상사고,0,0,1,0,차대차 - 기타,안전운전불이행,건조,맑음,단일로 - 기타,승용,여,43세,상해없음,승용,남,63세,경상
2015110300100152,2015년 11월 3일 08시,화요일,경상북도 포항시 북구 양덕동,중상사고,0,1,0,0,차대사람 - 기타,안전운전불이행,건조,맑음,단일로 - 기타,승용,기타불명,기타불명,기타불명,보행자,남,51세,중상
2015110300100193,2015년 11월 3일 09시,화요일,경상북도 경주시 동천동,경상사고,0,0,4,0,차대차 - 기타,안전운전불이행,건조,맑음,교차로 - 교차로부근,승용,남,64세,상해없음,승합,남,47세,상해없음
2015110300100194,2015년 11월 3일 09시,화요일,경상북도 포항시 북구 용흥동,경상사고,0,0,1,0,차대차 - 측면직각충돌,안전운전불이행,건조,맑음,교차로 - 교차로안,승용,남,33세,상해없음,승용,여,35세,경상
2015110300100195,2015년 11월 3일 09시,화요일,경상북도 안동시 도산면,경상사고,0,0,1,1,차대차 - 기타,직진우회전진행방해,건조,맑음,교차로 - 교차로안,화물,남,36세,부상신고,승용,남,67세,경상
2015110300100196,2015년 11월 3일 09시,화요일,경상북도 경산시 와촌면,중상사고,0,1,0,0,차대차 - 기타,신호위반,건조,맑음,교차로 - 교차로안,승용,남,71세,상해없음,승용,남,73세,중상
2015110300100228,2015년 11월 3일 10시,화요일,경상북도 영주시 가흥동,경상사고,0,0,1,0,차대차 - 측면직각충돌,안전운전불이행,건조,맑음,교차로 - 교차로안,승용,여,38세,상해없음,자전거,남,21세,경상
2015110300100266,2015년 11월 3일 11시,화요일,경상북도 경주시 황오동,중상사고,0,1,0,0,차대차 - 기타,안전운전불이행,건조,맑음,미분류 - 미분류,승합,남,71세,상해없음,자전거,여,82세,중상
2015110300100267,2015년 11월 3일 11시,화요일,경상북도 의성군 의성읍,경상사고,0,0,1,0,차대차 - 측면직각충돌,직진우회전진행방해,건조,맑음,교차로 - 교차로안,이륜,남,69세,경상,승용,남,73세,상해없음
2015110300100268,2015년 11월 3일 11시,화요일,경상북도 포항시 남구 효자동,경상사고,0,0,1,0,차대차 - 추돌 - 주정차중,안전운전불이행,건조,맑음,단일로 - 기타,화물,남,40세,상해없음,승용,여,45세,경상
2015110300100313,2015년 11월 3일 13시,화요일,경상북도 포항시 남구 장기면,중상사고,0,2,0,0,차대차 - 추돌 - 진행중,안전운전불이행,건조,맑음,교차로 - 교차로안,승용,여,21세,상해없음,원동기,남,56세,중상
2015110300100359,2015년 11월 3일 14시,화요일,경상북도 울진군 평해읍,경상사고,0,0,2,0,차대차 - 기타,안전운전불이행,건조,맑음,단일로 - 기타,승용,남,69세,상해없음,승용,여,55세,경상
2015110300100382,2015년 11월 3일 15시,화요일,경상북도 영천시 고경면,경상사고,0,0,2,0,차대차 - 추돌 - 주정차중,안전운전불이행,건조,맑음,교차로 - 교차로부근,승용,남,47세,상해없음,화물,남,42세,경상
2015110300100383,2015년 11월 3일 15시,화요일,경상북도 울진군 평해읍,경상사고,0,0,2,0,차대차 - 추돌 - 주정차중,안전운전불이행,건조,맑음,교차로 - 교차로부근,화물,남,58세,상해없음,승용,남,76세,경상
2015110300100417,2015년 11월 3일 16시,화요일,경상북도 경주시 안강읍,중상사고,0,1,1,0,차대차 - 측면직각충돌,교차로운행방법위반,건조,맑음,교차로 - 교차로안,승용,여,41세,경상,승용,여,67세,중상
2015110300100418,2015년 11월 3일 16시,화요일,경상북도 김천시 모암동,경상사고,0,0,1,0,차대차 - 측면직각충돌,직진우회전진행방해,건조,맑음,교차로 - 교차로부근,자전거,남,85세,경상,이륜,남,71세,상해없음
2015110300100419,2015년 11월 3일 16시,화요일,경상북도 상주시 공성면,중상사고,0,1,0,0,차대차 - 측면직각충돌,안전운전불이행,건조,맑음,교차로 - 교차로부근,화물,남,35세,상해없음,자전거,여,75세,중상
2015110300100420,2015년 11월 3일 16시,화요일,경상북도 의성군 의성읍,경상사고,0,0,1,0,차대차 - 측면직각충돌,직진우회전진행방해,건조,맑음,교차로 - 교차로안,화물,남,66세,상해없음,승용,남,28세,경상
2015110300100421,2015년 11월 3일 16시,화요일,경상북도 문경시 윤직동,중상사고,0,3,1,0,차대차 - 추돌 - 주정차중,안전운전불이행,건조,맑음,단일로 - 기타,화물,남,55세,경상,승용,여,49세,중상
2015110300100422,2015년 11월 3일 16시,화요일,경상북도 구미시 원평동,경상사고,0,0,2,0,차대차 - 정면충돌,안전운전불이행,건조,맑음,단일로 - 기타,승용,남,46세,상해없음,승용,남,38세,경상
2015110300100423,2015년 11월 3일 16시,화요일,경상북도 영천시 북안면,경상사고,0,0,1,0,차량단독 - 기타,안전운전불이행,건조,맑음,단일로 - 기타,승용,여,53세,경상,,,,
2015110300100464,2015년 11월 3일 17시,화요일,경상북도 포항시 북구 환호동,경상사고,0,0,1,0,차대차 - 기타,신호위반,건조,맑음,교차로 - 교차로안,이륜,남,60세,상해없음,승용,여,29세,상해없음
2015110300100465,2015년 11월 3일 17시,화요일,경상북도 영덕군 영덕읍,경상사고,0,0,2,0,차대차 - 측면직각충돌,안전운전불이행,건조,맑음,단일로 - 기타,승용,남,67세,상해없음,승용,여,38세,경상
2015110300100466,2015년 11월 3일 17시,화요일,경상북도 봉화군 춘양면,중상사고,0,1,0,0,차대차 - 정면충돌,중앙선침범,건조,맑음,단일로 - 기타,승용,남,50세,상해없음,원동기,남,45세,중상
2015110300100467,2015년 11월 3일 17시,화요일,경상북도 성주군 금수면,중상사고,0,1,0,0,차대사람 - 횡단중,중앙선침범,건조,맑음,기타 - 기타,승용,남,60세,상해없음,보행자,여,78세,중상
2015110300100468,2015년 11월 3일 17시,화요일,경상북도 포항시 남구 연일읍,중상사고,0,1,0,0,차대차 - 기타,교차로운행방법위반,건조,맑음,교차로 - 교차로안,승용,여,47세,상해없음,자전거,남,59세,중상
2015110300100529,2015년 11월 3일 18시,화요일,경상북도 안동시 용상동,경상사고,0,0,2,0,차대차 - 기타,신호위반,건조,맑음,교차로 - 교차로안,승용,남,25세,상해없음,승용,여,24세,경상
2015110300100530,2015년 11월 3일 18시,화요일,경상북도 의성군 사곡면,사망사고,1,0,0,0,차대차 - 추돌 - 진행중,안전운전불이행,건조,맑음,단일로 - 기타,승용,여,38세,상해없음,농기계,남,28세,사망
2015110300100531,2015년 11월 3일 18시,화요일,경상북도 봉화군 봉화읍,경상사고,0,0,1,0,차대사람 - 횡단중,신호위반,건조,맑음,교차로 - 교차로안,화물,남,45세,상해없음,보행자,여,26세,경상
2015110300100564,2015년 11월 3일 19시,화요일,경상북도 포항시 북구 장성동,중상사고,0,1,0,0,차대사람 - 길가장자리구역통행중,안전운전불이행,건조,맑음,단일로 - 기타,승용,남,59세,상해없음,보행자,여,73세,중상
2015110300100565,2015년 11월 3일 19시,화요일,경상북도 칠곡군 왜관읍,부상신고사고,0,0,0,1,차대차 - 측면직각충돌,안전운전불이행,건조,맑음,교차로 - 교차로안,승용,여,42세,부상신고,승용,남,60세,상해없음
2015110300100566,2015년 11월 3일 19시,화요일,경상북도 문경시 모전동,경상사고,0,0,4,0,차대차 - 추돌 - 주정차중,안전운전불이행,건조,맑음,교차로 - 교차로부근,화물,남,50세,상해없음,승용,남,37세,경상
2015110300100596,2015년 11월 3일 20시,화요일,경상북도 경주시 구황동,중상사고,0,1,0,0,차대차 - 측면직각충돌,안전운전불이행,건조,맑음,단일로 - 기타,원동기,남,16세,중상,승용,여,39세,상해없음
2015110300100597,2015년 11월 3일 20시,화요일,경상북도 경주시 건천읍,중상사고,0,1,0,0,차량단독 - 전도전복,안전운전불이행,건조,맑음,단일로 - 기타,승용,남,53세,중상,,,,
2015110300100598,2015년 11월 3일 20시,화요일,경상북도 고령군 다산면,중상사고,0,1,2,0,차대차 - 측면직각충돌,교차로운행방법위반,건조,맑음,교차로 - 교차로안,승용,남,23세,경상,승용,남,29세,중상
2015110300100625,2015년 11월 3일 21시,화요일,경상북도 경주시 양북면,중상사고,0,1,0,0,차대차 - 추돌 - 진행중,안전운전불이행,건조,맑음,단일로 - 기타,승용,남,66세,상해없음,농기계,남,42세,중상
2015110300100626,2015년 11월 3일 21시,화요일,경상북도 경주시 황성동,중상사고,0,1,0,0,차대차 - 측면직각충돌,안전운전불이행,건조,맑음,교차로 - 교차로안,승용,여,52세,기타불명,승용,남,30세,중상
2015110300100662,2015년 11월 3일 22시,화요일,경상북도 경주시 현곡면,경상사고,0,0,1,0,차대사람 - 기타,신호위반,건조,맑음,교차로 - 교차로안,승용,남,64세,상해없음,보행자,남,43세,경상
2015110300100663,2015년 11월 3일 22시,화요일,경상북도 포항시 남구 상도동,경상사고,0,0,1,0,차대차 - 측면직각충돌,안전운전불이행,건조,맑음,단일로 - 기타,승용,남,56세,상해없음,원동기,남,22세,경상
2015110300100664,2015년 11월 3일 22시,화요일,경상북도 포항시 남구 이동,중상사고,0,1,0,0,차대차 - 측면직각충돌,안전운전불이행,건조,맑음,단일로 - 기타,승용,남,47세,상해없음,원동기,남,21세,중상
2015110400100046,2015년 11월 4일 02시,수요일,경상북도 상주시 냉림동,중상사고,0,2,0,0,차대차 - 정면충돌,교차로운행방법위반,건조,맑음,교차로 - 교차로안,승용,남,24세,상해없음,승용,남,35세,중상
2015110400100055,2015년 11월 4일 03시,수요일,경상북도 구미시 도량동,중상사고,0,1,0,0,차량단독 - 기타,안전운전불이행,건조,맑음,단일로 - 기타,승용,남,38세,중상,,,,
2015110400100097,2015년 11월 4일 06시,수요일,경상북도 경산시 옥산동,경상사고,0,0,1,0,차대차 - 기타,안전운전불이행,건조,맑음,단일로 - 기타,승용,남,38세,상해없음,승용,남,39세,경상
2015110400100098,2015년 11월 4일 06시,수요일,경상북도 구미시 고아읍,중상사고,0,1,0,0,차대사람 - 횡단중,안전운전불이행,기타,안개,단일로 - 기타,화물,남,72세,상해없음,보행자,여,75세,중상
2015110400100126,2015년 11월 4일 07시,수요일,경상북도 경산시 대평동,중상사고,0,1,1,0,차대차 - 기타,안전운전불이행,건조,맑음,단일로 - 기타,승용,여,35세,중상,승합,남,72세,경상
2015110400100160,2015년 11월 4일 08시,수요일,경상북도 영주시 풍기읍,사망사고,1,0,0,0,차대차 - 추돌 - 진행중,안전운전불이행,건조,맑음,단일로 - 기타,승용,남,47세,상해없음,농기계,남,79세,사망
2015110400100161,2015년 11월 4일 08시,수요일,경상북도 영주시 가흥동,경상사고,0,0,1,0,차대차 - 측면직각충돌,중앙선침범,건조,맑음,교차로 - 교차로안,자전거,남,80세,경상,승용,남,32세,상해없음
2015110400100162,2015년 11월 4일 08시,수요일,경상북도 경산시 압량면,경상사고,0,0,1,0,차대차 - 기타,안전운전불이행,건조,맑음,교차로 - 교차로안,승용,남,26세,경상,승용,여,44세,상해없음
2015110400100163,2015년 11월 4일 08시,수요일,경상북도 경산시 조영동,경상사고,0,0,2,0,차대차 - 추돌 - 진행중,안전거리미확보,건조,맑음,단일로 - 기타,승용,남,43세,상해없음,승용,남,27세,경상
2015110400100164,2015년 11월 4일 08시,수요일,경상북도 영양군 영양읍,사망사고,1,0,0,0,차대차 - 측면직각충돌,교차로운행방법위반,건조,맑음,교차로 - 교차로안,이륜,남,73세,사망,승용,여,42세,상해없음
2015110400100204,2015년 11월 4일 09시,수요일,경상북도 안동시 풍산읍,중상사고,0,1,0,0,차대차 - 기타,신호위반,건조,맑음,교차로 - 교차로안,원동기,여,66세,중상,승합,남,50세,상해없음
2015110400100243,2015년 11월 4일 10시,수요일,경상북도 경주시 천북면,중상사고,0,1,1,0,차대차 - 측면직각충돌,신호위반,건조,맑음,교차로 - 교차로안,승용,남,73세,상해없음,승용,남,47세,중상
2015110400100244,2015년 11월 4일 10시,수요일,경상북도 경산시 진량읍,경상사고,0,0,1,0,차대차 - 기타,안전운전불이행,건조,맑음,단일로 - 기타,승용,여,29세,상해없음,자전거,여,67세,경상
2015110400100281,2015년 11월 4일 11시,수요일,경상북도 경주시 건천읍,경상사고,0,0,1,0,차대차 - 측면직각충돌,안전운전불이행,건조,맑음,단일로 - 기타,승용,여,25세,상해없음,이륜,남,67세,경상
2015110400100282,2015년 11월 4일 11시,수요일,경상북도 영천시 고경면,부상신고사고,0,0,0,1,차대차 - 측면직각충돌,교차로운행방법위반,건조,맑음,교차로 - 교차로안,승용,여,64세,상해없음,자전거,남,82세,부상신고
2015110400100321,2015년 11월 4일 12시,수요일,경상북도 경산시 하양읍,경상사고,0,0,1,0,차대차 - 기타,신호위반,건조,맑음,단일로 - 기타,승용,여,62세,상해없음,이륜,남,27세,경상
2015110400100345,2015년 11월 4일 13시,수요일,경상북도 의성군 점곡면,중상사고,0,1,3,0,차대차 - 기타,안전운전불이행,건조,맑음,단일로 - 기타,농기계,남,51세,경상,승용,여,40세,경상
2015110400100346,2015년 11월 4일 13시,수요일,경상북도 영주시 휴천동,경상사고,0,0,1,0,차대차 - 추돌 - 진행중,안전운전불이행,건조,맑음,단일로 - 기타,승용,남,55세,상해없음,승용,여,27세,경상
2015110400100347,2015년 11월 4일 13시,수요일,경상북도 예천군 유천면,중상사고,0,1,0,0,차대차 - 측면직각충돌,안전운전불이행,건조,맑음,단일로 - 기타,승용,남,83세,상해없음,승용,남,54세,중상
2015110400100383,2015년 11월 4일 14시,수요일,경상북도 경주시 동천동,중상사고,0,1,1,0,차대차 - 측면직각충돌,보행자보호의무위반,건조,맑음,교차로 - 교차로안,승용,남,58세,상해없음,자전거,남,11세,중상
2015110400100384,2015년 11월 4일 14시,수요일,경상북도 포항시 북구 흥해읍,경상사고,0,0,1,0,차대차 - 측면직각충돌,안전운전불이행,건조,맑음,교차로 - 교차로부근,화물,남,59세,상해없음,승용,남,23세,경상
2015110400100385,2015년 11월 4일 14시,수요일,경상북도 상주시 남성동,중상사고,0,1,0,0,차대차 - 측면직각충돌,안전운전불이행,건조,맑음,단일로 - 기타,승용,여,32세,상해없음,이륜,남,80세,중상
2015110400100386,2015년 11월 4일 14시,수요일,경상북도 봉화군 명호면,중상사고,0,1,0,0,차대차 - 추돌 - 진행중,안전운전불이행,건조,맑음,단일로 - 기타,화물,남,44세,상해없음,농기계,남,54세,중상
2015110400100416,2015년 11월 4일 15시,수요일,경상북도 안동시 태화동,경상사고,0,0,2,0,차대차 - 기타,안전거리미확보,건조,맑음,단일로 - 기타,승용,여,47세,상해없음,승용,남,73세,경상
2015110400100417,2015년 11월 4일 15시,수요일,경상북도 예천군 감천면,중상사고,0,1,2,0,차대차 - 측면직각충돌,안전운전불이행,건조,맑음,교차로 - 교차로안,화물,남,68세,중상,승용,남,65세,경상
2015110400100452,2015년 11월 4일 16시,수요일,경상북도 칠곡군 왜관읍,중상사고,0,1,0,0,차대차 - 기타,안전운전불이행,건조,맑음,단일로 - 기타,건설기계,남,39세,상해없음,이륜,남,83세,중상
2015110400100453,2015년 11월 4일 16시,수요일,경상북도 포항시 남구 오천읍,경상사고,0,0,1,0,차대차 - 측면직각충돌,안전운전불이행,건조,맑음,단일로 - 기타,승용,여,66세,상해없음,이륜,남,22세,경상
2015110400100501,2015년 11월 4일 17시,수요일,경상북도 안동시 수상동,경상사고,0,0,1,0,차대차 - 측면직각충돌,안전거리미확보,건조,맑음,단일로 - 기타,승용,남,56세,상해없음,승용,여,47세,경상
2015110400100502,2015년 11월 4일 17시,수요일,경상북도 김천시 평화동,중상사고,0,1,0,0,차대차 - 측면직각충돌,안전거리미확보,건조,맑음,교차로 - 교차로부근,승용,여,42세,상해없음,이륜,남,33세,중상
2015110400100503,2015년 11월 4일 17시,수요일,경상북도 영주시 상망동,경상사고,0,0,1,0,차대차 - 추돌 - 주정차중,안전운전불이행,건조,맑음,단일로 - 기타,화물,남,66세,상해없음,화물,남,63세,경상
2015110400100504,2015년 11월 4일 17시,수요일,경상북도 구미시 남통동,경상사고,0,0,1,0,차대차 - 정면충돌,중앙선침범,건조,맑음,단일로 - 기타,원동기,남,24세,경상,승용,남,62세,상해없음
2015110400100564,2015년 11월 4일 18시,수요일,경상북도 경주시 용강동,경상사고,0,0,1,0,차대사람 - 기타,안전운전불이행,건조,맑음,교차로 - 교차로안,승용,남,50세,상해없음,보행자,여,65세,경상