사고번호,사고일시,요일,시군구,사고내용,사망자수,중상자수,경상자수,부상신고자수,사고유형,법규위반,노면상태,기상상태,도로형태,가해운전자 차종,가해운전자 성별,가해운전자 연령,가해운전자 상해정도,피해운전자 차종,피해운전자 성별,피해운전자 연령,피해운전자 상해정도
2015110400100565,2015년 11월 4일 18시,수요일,경상북도 안동시 풍산읍,중상사고,0,1,0,0,차대차 - 측면직각충돌,안전운전불이행,건조,맑음,단일로 - 기타,승용,남,61세,상해없음,자전거,여,64세,중상
2015110400100566,2015년 11월 4일 18시,수요일,경상북도 김천시 성내동,경상사고,0,0,1,0,차대차 - 추돌 - 주정차중,안전운전불이행,건조,맑음,단일로 - 기타,승용,여,44세,상해없음,승용,여,30세,경상
2015110400100567,2015년 11월 4일 18시,수요일,경상북도 영천시 금노동,중상사고,0,1,0,0,차대사람 - 횡단중,보행자보호의무위반,건조,맑음,단일로 - 횡단보도상,화물,남,54세,상해없음,보행자,남,8세,중상
2015110400100568,2015년 11월 4일 18시,수요일,경상북도 청도군 이서면,부상신고사고,0,0,0,1,차대차 - 추돌 - 주정차중,안전운전불이행,건조,맑음,단일로 - 기타,승용,남,62세,부상신고,농기계,남,53세,기타불명
2015110400100619,2015년 11월 4일 19시,수요일,경상북도 칠곡군 약목면,경상사고,0,0,2,0,차대차 - 추돌 - 주정차중,안전운전불이행,건조,맑음,단일로 - 기타,화물,남,73세,상해없음,승용,남,50세,경상
2015110400100620,2015년 11월 4일 19시,수요일,경상북도 예천군 예천읍,경상사고,0,0,1,0,차대차 - 정면충돌,안전운전불이행,건조,맑음,교차로 - 교차로안,승용,여,50세,상해없음,원동기,남,72세,경상
2015110400100621,2015년 11월 4일 19시,수요일,경상북도 청송군 청송읍,사망사고,1,0,0,0,차대사람 - 횡단중,안전운전불이행,건조,맑음,단일로 - 기타,화물,남,57세,상해없음,보행자,여,78세,사망
2015110400100679,2015년 11월 4일 21시,수요일,경상북도 경주시 외동읍,중상사고,0,1,0,0,차량단독 - 공작물충돌,안전운전불이행,건조,맑음,교차로 - 교차로안,승용,여,33세,중상,,,,
2015110400100710,2015년 11월 4일 22시,수요일,경상북도 구미시 원평동,부상신고사고,0,0,0,1,차대차 - 추돌 - 진행중,안전운전불이행,건조,맑음,단일로 - 기타,원동기,남,23세,부상신고,승용,남,50세,상해없음
2015110500100024,2015년 11월 5일 01시,목요일,경상북도 영천시 문외동,경상사고,0,0,1,0,차대차 - 측면직각충돌,안전운전불이행,건조,맑음,단일로 - 기타,승용,남,30세,기타불명,승용,여,49세,경상
2015110500100032,2015년 11월 5일 02시,목요일,경상북도 포항시 남구 오천읍,경상사고,0,0,1,0,차대차 - 추돌 - 주정차중,불법유턴,건조,맑음,단일로 - 기타,승용,남,28세,경상,승용,남,62세,상해없음
2015110500100052,2015년 11월 5일 04시,목요일,경상북도 영천시 야사동,중상사고,0,1,0,0,차대차 - 기타,중앙선침범,건조,맑음,단일로 - 기타,승용,남,33세,기타불명,원동기,남,52세,중상
2015110500100060,2015년 11월 5일 05시,목요일,경상북도 문경시 모전동,중상사고,0,1,1,0,차대차 - 측면직각충돌,안전운전불이행,건조,맑음,교차로 - 교차로안,원동기,여,50세,경상,원동기,남,67세,중상
2015110500100094,2015년 11월 5일 07시,목요일,경상북도 김천시 아포읍,중상사고,0,1,0,0,차대차 - 측면직각충돌,교차로운행방법위반,건조,맑음,교차로 - 교차로안,화물,남,60세,상해없음,승용,여,45세,중상
2015110500100095,2015년 11월 5일 07시,목요일,경상북도 경산시 진량읍,경상사고,0,0,1,0,차대차 - 측면직각충돌,안전운전불이행,건조,맑음,단일로 - 기타,이륜,남,54세,경상,승용,여,33세,상해없음
2015110500100125,2015년 11월 5일 08시,목요일,경상북도 포항시 북구 장성동,경상사고,0,0,1,0,차대차 - 기타,기타,건조,맑음,단일로 - 기타,승용,남,49세,상해없음,승용,남,56세,경상
2015110500100126,2015년 11월 5일 08시,목요일,경상북도 상주시 헌신동,중상사고,0,1,0,0,차대차 - 측면직각충돌,안전운전불이행,건조,맑음,단일로 - 기타,건설기계,남,61세,상해없음,승용,여,56세,중상
2015110500100127,2015년 11월 5일 08시,목요일,경상북도 칠곡군 기산면,중상사고,0,1,0,0,차대차 - 측면직각충돌,안전운전불이행,건조,맑음,단일로 - 기타,건설기계,남,50세,기타불명,승용,남,41세,중상
2015110500100128,2015년 11월 5일 08시,목요일,경상북도 문경시 흥덕동,경상사고,0,0,1,0,차대차 - 측면직각충돌,교차로운행방법위반,건조,맑음,교차로 - 교차로안,승용,여,48세,상해없음,자전거,남,75세,경상
2015110500100191,2015년 11월 5일 10시,목요일,경상북도 청도군 화양읍,중상사고,0,1,1,0,차대사람 - 차도통행중,안전운전불이행,건조,맑음,단일로 - 기타,원동기,남,72세,경상,보행자,여,66세,중상
2015110500100192,2015년 11월 5일 10시,목요일,경상북도 구미시 임은동,경상사고,0,0,1,1,차대차 - 측면직각충돌,교차로운행방법위반,건조,맑음,교차로 - 교차로안,승용,남,53세,부상신고,승용,남,46세,경상
2015110500100229,2015년 11월 5일 11시,목요일,경상북도 경산시 중방동,경상사고,0,0,1,0,차대차 - 추돌 - 진행중,안전운전불이행,건조,맑음,단일로 - 기타,승용,남,63세,상해없음,승용,남,25세,경상
2015110500100250,2015년 11월 5일 12시,목요일,경상북도 포항시 북구 두호동,경상사고,0,0,1,0,차대차 - 추돌 - 진행중,안전거리미확보,건조,맑음,단일로 - 기타,승용,남,59세,상해없음,승용,여,36세,경상
2015110500100251,2015년 11월 5일 12시,목요일,경상북도 영천시 화남면,경상사고,0,0,1,0,차대차 - 추돌 - 주정차중,안전운전불이행,건조,맑음,단일로 - 기타,승용,남,54세,상해없음,승용,여,55세,경상
2015110500100252,2015년 11월 5일 12시,목요일,경상북도 경산시 계양동,부상신고사고,0,0,0,1,차량단독 - 기타,안전운전불이행,건조,맑음,교차로 - 교차로안,이륜,남,75세,부상신고,,,,
2015110500100253,2015년 11월 5일 12시,목요일,경상북도 경산시 대동,중상사고,0,1,0,0,차대차 - 정면충돌,안전운전불이행,건조,맑음,교차로 - 교차로부근,이륜,남,50세,상해없음,자전거,여,22세,중상
2015110500100281,2015년 11월 5일 13시,목요일,경상북도 경주시 용강동,중상사고,0,2,0,0,차대사람 - 보도통행중,신호위반,건조,맑음,교차로 - 교차로부근,화물,남,58세,상해없음,보행자,여,13세,중상
2015110500100311,2015년 11월 5일 14시,목요일,경상북도 영주시 휴천동,경상사고,0,0,1,0,차대차 - 측면직각충돌,안전운전불이행,건조,맑음,단일로 - 기타,자전거,남,65세,경상,화물,남,55세,상해없음
2015110500100312,2015년 11월 5일 14시,목요일,경상북도 경산시 옥산동,중상사고,0,1,0,0,차대차 - 기타,교차로운행방법위반,건조,맑음,교차로 - 교차로안,승용,여,37세,상해없음,이륜,남,45세,중상
2015110500100346,2015년 11월 5일 15시,목요일,경상북도 경주시 배반동,경상사고,0,0,1,0,차대차 - 추돌 - 주정차중,안전운전불이행,건조,맑음,교차로 - 교차로부근,화물,남,52세,상해없음,승용,여,37세,경상
2015110500100347,2015년 11월 5일 15시,목요일,경상북도 청송군 진보면,중상사고,0,1,0,0,차대차 - 추돌 - 진행중,안전거리미확보,건조,맑음,교차로 - 교차로안,승용,여,48세,상해없음,이륜,남,81세,중상
2015110500100388,2015년 11월 5일 16시,목요일,경상북도 경산시 대동,경상사고,0,0,2,0,차대차 - 추돌 - 진행중,안전거리미확보,건조,맑음,단일로 - 기타,화물,남,50세,상해없음,화물,남,39세,경상
2015110500100434,2015년 11월 5일 17시,목요일,경상북도 포항시 북구 양덕동,경상사고,0,0,1,0,차대차 - 측면직각충돌,안전운전불이행,건조,맑음,교차로 - 교차로부근,승용,여,51세,상해없음,자전거,남,7세,경상
2015110500100435,2015년 11월 5일 17시,목요일,경상북도 칠곡군 석적읍,경상사고,0,0,2,1,차대차 - 측면직각충돌,교차로운행방법위반,건조,맑음,교차로 - 교차로안,승용,여,47세,부상신고,승용,남,34세,경상
2015110500100485,2015년 11월 5일 18시,목요일,경상북도 경주시 건천읍,중상사고,0,1,0,0,차대차 - 측면직각충돌,안전운전불이행,건조,맑음,단일로 - 기타,승용,여,31세,상해없음,농기계,남,77세,중상
2015110500100486,2015년 11월 5일 18시,목요일,경상북도 영주시 상망동,중상사고,0,5,1,0,차대차 - 추돌 - 진행중,안전운전불이행,건조,맑음,단일로 - 기타,승용,남,53세,경상,승용,여,63세,중상
2015110500100487,2015년 11월 5일 18시,목요일,경상북도 구미시 임수동,경상사고,0,0,1,0,차대사람 - 횡단중,보행자보호의무위반,건조,맑음,교차로 - 교차로부근,승용,여,51세,상해없음,보행자,남,21세,경상
2015110500100488,2015년 11월 5일 18시,목요일,경상북도 구미시 선산읍,중상사고,0,1,0,1,차대차 - 정면충돌,안전운전불이행,건조,맑음,교차로 - 교차로안,승용,남,57세,부상신고,승용,남,35세,중상
2015110500100533,2015년 11월 5일 19시,목요일,경상북도 청도군 화양읍,사망사고,1,0,1,0,차대차 - 추돌 - 진행중,안전운전불이행,건조,맑음,단일로 - 기타,화물,남,41세,상해없음,농기계,남,58세,사망
2015110500100569,2015년 11월 5일 20시,목요일,경상북도 경산시 하양읍,경상사고,0,0,1,0,차대차 - 기타,안전운전불이행,건조,맑음,단일로 - 기타,화물,남,56세,상해없음,승용,남,42세,상해없음
2015110500100608,2015년 11월 5일 21시,목요일,경상북도 포항시 북구 득량동,경상사고,0,0,1,0,차대차 - 측면직각충돌,교차로운행방법위반,건조,맑음,교차로 - 교차로부근,승용,남,42세,상해없음,승용,남,24세,경상
2015110500100609,2015년 11월 5일 21시,목요일,경상북도 포항시 북구 두호동,경상사고,0,0,1,0,차대사람 - 기타,안전운전불이행,건조,맑음,기타 - 기타,자전거,남,15세,상해없음,보행자,남,60세,경상
2015110500100610,2015년 11월 5일 21시,목요일,경상북도 영천시 문외동,중상사고,0,1,0,0,차대사람 - 횡단중,보행자보호의무위반,건조,맑음,단일로 - 기타,승용,남,67세,상해없음,보행자,여,49세,중상
2015110500100611,2015년 11월 5일 21시,목요일,경상북도 문경시 모전동,중상사고,0,1,0,0,차대차 - 측면직각충돌,신호위반,건조,맑음,교차로 - 교차로안,승용,남,46세,상해없음,승용,남,41세,상해없음
2015110500100612,2015년 11월 5일 21시,목요일,경상북도 경산시 진량읍,경상사고,0,0,1,0,차대차 - 기타,안전운전불이행,건조,맑음,단일로 - 기타,이륜,남,19세,경상,승용,남,31세,기타불명
2015110500100613,2015년 11월 5일 21시,목요일,경상북도 구미시 송정동,중상사고,0,1,0,0,차대사람 - 횡단중,안전운전불이행,건조,맑음,단일로 - 기타,승용,여,44세,상해없음,보행자,남,42세,중상
2015110500100642,2015년 11월 5일 22시,목요일,경상북도 경주시 천북면,중상사고,0,1,2,0,차대차 - 측면직각충돌,안전거리미확보,건조,맑음,단일로 - 기타,승용,남,67세,상해없음,승용,남,46세,경상
2015110500100643,2015년 11월 5일 22시,목요일,경상북도 안동시 풍산읍,경상사고,0,0,1,0,차량단독 - 기타,안전운전불이행,건조,맑음,단일로 - 기타,이륜,남,60세,경상,,,,
2015110500100644,2015년 11월 5일 22시,목요일,경상북도 의성군 의성읍,중상사고,0,1,0,0,차대사람 - 차도통행중,안전운전불이행,건조,맑음,단일로 - 기타,승용,남,27세,상해없음,보행자,남,48세,중상
2015110500100645,2015년 11월 5일 22시,목요일,경상북도 경산시 와촌면,경상사고,0,0,1,0,차대차 - 기타,안전운전불이행,건조,맑음,교차로 - 교차로안,화물,남,56세,상해없음,승용,남,51세,경상
2015110500100646,2015년 11월 5일 22시,목요일,경상북도 구미시 구평동,경상사고,0,0,2,0,차대차 - 추돌 - 주정차중,안전운전불이행,건조,맑음,교차로 - 교차로부근,승용,여,36세,상해없음,승용,여,49세,경상
2015110500100667,2015년 11월 5일 23시,목요일,경상북도 칠곡군 석적읍,경상사고,0,0,1,0,차대차 - 기타,안전운전불이행,건조,맑음,교차로 - 교차로부근,승용,여,39세,상해없음,승용,남,33세,경상
2015110500100668,2015년 11월 5일 23시,목요일,경상북도 영덕군 병곡면,경상사고,0,0,1,0,차대차 - 추돌 - 주정차중,안전운전불이행,건조,맑음,단일로 - 기타,화물,남,69세,경상,승용,남,45세,상해없음
2015110600100025,2015년 11월 6일 01시,금요일,경상북도 영천시 완산동,경상사고,0,0,2,0,차대차 - 추돌 - 진행중,안전운전불이행,건조,맑음,단일로 - 기타,승용,여,44세,기타불명,승용,여,46세,경상
2015110600100026,2015년 11월 6일 01시,금요일,경상북도 성주군 선남면,중상사고,0,1,0,0,차대차 - 측면직각충돌,안전운전불이행,건조,맑음,기타 - 기타,승용,남,38세,상해없음,승용,남,64세,중상
2015110600100048,2015년 11월 6일 03시,금요일,경상북도 영주시 영주동,경상사고,0,0,1,0,차대차 - 추돌 - 진행중,안전운전불이행,건조,맑음,교차로 - 교차로부근,화물,남,30세,상해없음,승용,남,53세,경상
2015110600100049,2015년 11월 6일 03시,금요일,경상북도 구미시 송정동,경상사고,0,0,1,0,차대차 - 정면충돌,안전운전불이행,건조,맑음,기타 - 기타,승용,남,34세,상해없음,승용,여,55세,경상
2015110600100079,2015년 11월 6일 06시,금요일,경상북도 경주시 성건동,경상사고,0,0,1,0,차대차 - 측면직각충돌,신호위반,건조,맑음,교차로 - 교차로안,특수,남,55세,상해없음,승용,남,75세,경상
2015110600100080,2015년 11월 6일 06시,금요일,경상북도 구미시 도량동,부상신고사고,0,0,0,1,차대차 - 측면직각충돌,안전운전불이행,건조,맑음,단일로 - 기타,승합,남,50세,상해없음,이륜,남,53세,부상신고
2015110600100143,2015년 11월 6일 08시,금요일,경상북도 포항시 남구 해도동,경상사고,0,0,1,0,차대차 - 추돌 - 진행중,안전운전불이행,건조,맑음,단일로 - 기타,이륜,여,57세,경상,승용,남,61세,상해없음
2015110600100208,2015년 11월 6일 10시,금요일,경상북도 군위군 군위읍,중상사고,0,1,0,0,차대차 - 기타,안전운전불이행,건조,맑음,단일로 - 기타,화물,남,64세,상해없음,농기계,남,32세,중상
2015110600100232,2015년 11월 6일 11시,금요일,경상북도 예천군 풍양면,경상사고,0,0,1,0,차대차 - 측면직각충돌,신호위반,건조,맑음,교차로 - 교차로안,승용,남,42세,상해없음,화물,남,52세,경상
2015110600100233,2015년 11월 6일 11시,금요일,경상북도 구미시 인의동,중상사고,0,1,0,0,차대사람 - 횡단중,보행자보호의무위반,건조,맑음,교차로 - 교차로부근,승용,남,24세,상해없음,보행자,여,72세,중상
2015110600100234,2015년 11월 6일 11시,금요일,경상북도 포항시 남구 오천읍,경상사고,0,0,2,0,차대차 - 기타,안전운전불이행,건조,맑음,단일로 - 기타,화물,남,34세,상해없음,승용,남,35세,경상
2015110600100249,2015년 11월 6일 12시,금요일,경상북도 포항시 북구 양덕동,경상사고,0,0,1,0,차대차 - 측면직각충돌,차로위반,습기,비,교차로 - 교차로부근,승용,남,71세,상해없음,이륜,남,18세,경상
2015110600100250,2015년 11월 6일 12시,금요일,경상북도 문경시 산양면,경상사고,0,0,1,0,차량단독 - 기타,안전운전불이행,건조,맑음,단일로 - 기타,이륜,남,72세,경상,,,,
2015110600100273,2015년 11월 6일 13시,금요일,경상북도 포항시 북구 흥해읍,경상사고,0,0,1,0,차대차 - 추돌 - 주정차중,안전운전불이행,건조,흐림,교차로 - 교차로부근,승용,남,59세,상해없음,승용,남,37세,상해없음
2015110600100274,2015년 11월 6일 13시,금요일,경상북도 영주시 가흥동,중상사고,0,1,1,0,차대차 - 추돌 - 주정차중,안전운전불이행,건조,맑음,단일로 - 기타,화물,남,58세,상해없음,승용,남,64세,경상
2015110600100308,2015년 11월 6일 14시,금요일,경상북도 영주시 평은면,중상사고,0,1,2,0,차대차 - 추돌 - 진행중,안전운전불이행,건조,흐림,단일로 - 기타,화물,남,50세,상해없음,승용,남,65세,상해없음
2015110600100309,2015년 11월 6일 14시,금요일,경상북도 구미시 지산동,중상사고,0,1,3,0,차대차 - 추돌 - 진행중,안전운전불이행,건조,맑음,단일로 - 기타,승합,남,42세,경상,승용,여,42세,경상
2015110600100337,2015년 11월 6일 15시,금요일,경상북도 영주시 영주동,중상사고,0,1,0,0,차대사람 - 기타,안전운전불이행,건조,맑음,단일로 - 기타,승용,남,44세,상해없음,보행자,여,79세,중상
2015110600100338,2015년 11월 6일 15시,금요일,경상북도 경산시 하양읍,경상사고,0,0,1,0,차대차 - 측면직각충돌,신호위반,건조,맑음,교차로 - 교차로안,승용,남,61세,상해없음,승합,남,34세,경상
2015110600100377,2015년 11월 6일 16시,금요일,경상북도 문경시 점촌동,경상사고,0,0,1,0,차대차 - 측면직각충돌,안전운전불이행,건조,맑음,교차로 - 교차로안,승용,남,32세,상해없음,자전거,남,14세,경상
2015110600100378,2015년 11월 6일 16시,금요일,경상북도 경산시 정평동,중상사고,0,2,0,0,차대차 - 기타,안전운전불이행,건조,맑음,단일로 - 기타,승용,남,79세,상해없음,승용,남,26세,상해없음
2015110600100379,2015년 11월 6일 16시,금요일,경상북도 구미시 송정동,경상사고,0,0,1,0,차대차 - 기타,안전운전불이행,건조,맑음,단일로 - 기타,승용,여,23세,상해없음,승용,여,27세,경상
2015110600100426,2015년 11월 6일 17시,금요일,경상북도 김천시 평화동,경상사고,0,0,1,0,차대사람 - 횡단중,안전운전불이행,건조,맑음,교차로 - 교차로부근,승용,여,39세,상해없음,보행자,남,60세,경상
2015110600100427,2015년 11월 6일 17시,금요일,경상북도 영주시 영주동,중상사고,0,1,0,0,차대차 - 측면직각충돌,중앙선침범,건조,맑음,단일로 - 기타,승용,남,32세,상해없음,이륜,남,22세,중상
2015110600100428,2015년 11월 6일 17시,금요일,경상북도 영주시 가흥동,중상사고,0,1,1,0,차대차 - 측면직각충돌,안전운전불이행,건조,맑음,단일로 - 기타,화물,남,72세,상해없음,승용,여,52세,중상
2015110600100429,2015년 11월 6일 17시,금요일,경상북도 영덕군 지품면,중상사고,0,1,0,0,차대차 - 기타,중앙선침범,건조,맑음,단일로 - 기타,농기계,남,74세,중상,화물,남,59세,상해없음
2015110600100509,2015년 11월 6일 18시,금요일,경상북도 포항시 북구 흥해읍,중상사고,0,1,0,0,차대사람 - 횡단중,안전운전불이행,습기,비,단일로 - 기타,승용,여,53세,상해없음,보행자,남,55세,중상
2015110600100510,2015년 11월 6일 18시,금요일,경상북도 포항시 북구 학산동,경상사고,0,0,1,0,차대차 - 추돌 - 진행중,안전거리미확보,건조,맑음,단일로 - 기타,승용,남,27세,상해없음,승용,여,44세,경상
2015110600100511,2015년 11월 6일 18시,금요일,경상북도 영주시 휴천동,경상사고,0,0,1,0,차대차 - 측면직각충돌,직진우회전진행방해,건조,맑음,교차로 - 교차로안,승용,남,57세,상해없음,원동기,남,26세,경상
2015110600100512,2015년 11월 6일 18시,금요일,경상북도 칠곡군 약목면,중상사고,0,1,7,1,차대차 - 추돌 - 진행중,안전운전불이행,건조,맑음,단일로 - 기타,화물,남,40세,부상신고,승용,남,38세,중상
2015110600100513,2015년 11월 6일 18시,금요일,경상북도 경산시 진량읍,부상신고사고,0,0,0,1,차대차 - 기타,중앙선침범,건조,흐림,단일로 - 기타,자전거,남,24세,부상신고,승용,남,29세,상해없음
2015110600100514,2015년 11월 6일 18시,금요일,경상북도 울진군 울진읍,경상사고,0,0,1,0,차대차 - 측면직각충돌,직진우회전진행방해,습기,비,교차로 - 교차로안,승용,남,31세,경상,화물,남,19세,상해없음
2015110600100515,2015년 11월 6일 18시,금요일,경상북도 구미시 지산동,경상사고,0,0,1,0,차대차 - 기타,안전운전불이행,건조,흐림,단일로 - 기타,승용,남,47세,기타불명,자전거,남,43세,경상
2015110600100589,2015년 11월 6일 19시,금요일,경상북도 경주시 외동읍,경상사고,0,0,2,0,차대차 - 측면직각충돌,안전운전불이행,습기,비,교차로 - 교차로안,승용,남,43세,상해없음,승용,남,41세,경상
2015110600100590,2015년 11월 6일 19시,금요일,경상북도 포항시 북구 덕산동,경상사고,0,0,1,0,차대차 - 측면직각충돌,중앙선침범,건조,맑음,교차로 - 교차로부근,이륜,남,50세,상해없음,이륜,남,48세,경상
2015110600100591,2015년 11월 6일 19시,금요일,경상북도 포항시 북구 장성동,경상사고,0,0,1,0,차대차 - 추돌 - 진행중,안전운전불이행,건조,맑음,교차로 - 교차로부근,승용,여,54세,상해없음,승용,여,45세,경상
2015110600100592,2015년 11월 6일 19시,금요일,경상북도 상주시 개운동,부상신고사고,0,0,0,1,차대사람 - 기타,안전운전불이행,습기,비,단일로 - 기타,승용,남,61세,상해없음,보행자,남,51세,부상신고
2015110600100593,2015년 11월 6일 19시,금요일,경상북도 경산시 압량면,경상사고,0,0,1,0,차대차 - 추돌 - 주정차중,안전운전불이행,습기,비,교차로 - 교차로부근,화물,남,42세,상해없음,승용,남,30세,경상
2015110600100594,2015년 11월 6일 19시,금요일,경상북도 포항시 남구 오천읍,경상사고,0,0,1,0,차대사람 - 횡단중,안전운전불이행,습기,비,교차로 - 교차로안,승용,여,57세,상해없음,보행자,남,14세,경상
2015110600100653,2015년 11월 6일 20시,금요일,경상북도 경주시 현곡면,경상사고,0,0,1,0,차대차 - 정면충돌,중앙선침범,건조,맑음,단일로 - 기타,승용,남,61세,상해없음,승용,여,40세,경상
2015110600100654,2015년 11월 6일 20시,금요일,경상북도 구미시 공단동,경상사고,0,0,1,0,차량단독 - 공작물충돌,안전운전불이행,습기,비,단일로 - 기타,승용,남,43세,경상,,,,
2015110600100655,2015년 11월 6일 20시,금요일,경상북도 포항시 남구 해도동,경상사고,0,0,1,1,차대사람 - 횡단중,안전운전불이행,건조,맑음,단일로 - 기타,원동기,남,21세,부상신고,보행자,남,59세,경상
2015110600100729,2015년 11월 6일 21시,금요일,경상북도 포항시 북구 송라면,경상사고,0,0,2,0,차대차 - 기타,안전운전불이행,습기,비,교차로 - 교차로부근,승용,남,59세,상해없음,승용,남,26세,경상
2015110600100730,2015년 11월 6일 21시,금요일,경상북도 안동시 안막동,중상사고,0,1,2,0,차대차 - 측면직각충돌,교차로운행방법위반,습기,비,교차로 - 교차로안,화물,남,47세,상해없음,승합,남,45세,경상
2015110600100731,2015년 11월 6일 21시,금요일,경상북도 경산시 진량읍,경상사고,0,0,4,0,차대차 - 기타,안전운전불이행,습기,비,교차로 - 교차로부근,승용,남,24세,상해없음,승용,여,35세,경상
2015110600100732,2015년 11월 6일 21시,금요일,경상북도 경산시 하양읍,중상사고,0,1,1,0,차대차 - 기타,안전운전불이행,습기,비,단일로 - 기타,화물,남,36세,상해없음,승용,여,54세,중상
2015110600100733,2015년 11월 6일 21시,금요일,경상북도 경산시 상방동,중상사고,0,2,0,0,차대차 - 기타,안전운전불이행,건조,맑음,단일로 - 기타,승용,남,58세,상해없음,승용,여,25세,중상
2015110600100734,2015년 11월 6일 21시,금요일,경상북도 성주군 대가면,사망사고,1,1,0,0,차대차 - 정면충돌,중앙선침범,습기,비,단일로 - 기타,승용,여,50세,사망,승용,여,35세,중상
2015110600100735,2015년 11월 6일 21시,금요일,경상북도 포항시 남구 인덕동,경상사고,0,0,1,0,차대사람 - 횡단중,신호위반,건조,흐림,단일로 - 횡단보도상,승용,여,44세,상해없음,보행자,여,50세,경상
2015110600100812,2015년 11월 6일 22시,금요일,경상북도 경주시 용강동,중상사고,0,1,0,0,차대사람 - 횡단중,안전운전불이행,건조,맑음,단일로 - 기타,승용,남,48세,상해없음,보행자,여,17세,중상
2015110600100813,2015년 11월 6일 22시,금요일,경상북도 포항시 남구 해도동,중상사고,0,1,0,0,차량단독 - 기타,안전운전불이행,습기,비,단일로 - 교량,원동기,남,43세,중상,,,,
2015110700100038,2015년 11월 7일 00시,토요일,경상북도 포항시 북구 두호동,경상사고,0,0,1,0,차대사람 - 보도통행중,신호위반,습기,비,단일로 - 횡단보도부근,승용,남,26세,상해없음,보행자,남,34세,경상
2015110700100039,2015년 11월 7일 00시,토요일,경상북도 칠곡군 왜관읍,경상사고,0,0,1,0,차대차 - 기타,안전운전불이행,건조,맑음,교차로 - 교차로부근,승용,남,26세,상해없음,승용,남,51세,경상
2015110700100040,2015년 11월 7일 00시,토요일,경상북도 문경시 흥덕동,경상사고,0,0,2,0,차대차 - 추돌 - 주정차중,안전운전불이행,습기,비,교차로 - 교차로부근,승용,남,45세,상해없음,승용,남,38세,경상
2015110700100041,2015년 11월 7일 00시,토요일,경상북도 경산시 진량읍,경상사고,0,0,2,0,차대사람 - 횡단중,중앙선침범,습기,비,단일로 - 기타,승용,남,37세,상해없음,보행자,남,16세,경상
2015110700100042,2015년 11월 7일 00시,토요일,경상북도 포항시 남구 괴동동,중상사고,0,2,0,0,차대차 - 측면직각충돌,신호위반,습기,비,교차로 - 교차로안,승용,남,54세,상해없음,승용,남,59세,중상
2015110700100138,2015년 11월 7일 03시,토요일,경상북도 포항시 북구 용흥동,경상사고,0,0,1,0,차대차 - 정면충돌,중앙선침범,습기,비,단일로 - 기타,원동기,남,21세,상해없음,승용,남,61세,경상
2015110700100139,2015년 11월 7일 03시,토요일,경상북도 칠곡군 가산면,부상신고사고,0,0,0,1,차대차 - 추돌 - 주정차중,안전운전불이행,건조,맑음,단일로 - 기타,화물,남,45세,부상신고,화물,남,63세,기타불명
2015110700100208,2015년 11월 7일 06시,토요일,경상북도 포항시 남구 장기면,중상사고,0,2,1,0,차대차 - 정면충돌,중앙선침범,습기,비,단일로 - 기타,승용,남,53세,중상,승합,남,54세,중상
2015110700100223,2015년 11월 7일 07시,토요일,경상북도 경주시 서악동,경상사고,0,0,1,1,차대차 - 정면충돌,중앙선침범,습기,비,단일로 - 기타,화물,남,58세,부상신고,화물,남,50세,경상
2015110700100241,2015년 11월 7일 08시,토요일,경상북도 구미시 공단동,경상사고,0,0,2,0,차대차 - 추돌 - 진행중,안전거리미확보,습기,비,교차로 - 교차로부근,승용,여,41세,상해없음,승용,여,36세,경상
2015110700100268,2015년 11월 7일 09시,토요일,경상북도 경주시 안강읍,중상사고,0,1,1,0,차량단독 - 기타,안전운전불이행,건조,맑음,단일로 - 기타,화물,남,65세,중상,,,,
2015110700100269,2015년 11월 7일 09시,토요일,경상북도 안동시 태화동,경상사고,0,0,2,0,차대차 - 기타,안전거리미확보,습기,비,단일로 - 기타,화물,남,56세,상해없음,승용,여,37세,경상
2015110700100270,2015년 11월 7일 09시,토요일,경상북도 의성군 의성읍,경상사고,0,0,1,0,차량단독 - 공작물충돌,안전운전불이행,습기,비,단일로 - 기타,승용,남,18세,경상,,,,
2015110700100271,2015년 11월 7일 09시,토요일,경상북도 의성군 구천면,중상사고,0,1,0,0,차대차 - 측면직각충돌,중앙선침범,습기,흐림,단일로 - 기타,승합,여,58세,상해없음,승용,여,54세,중상
2015110700100272,2015년 11월 7일 09시,토요일,경상북도 칠곡군 왜관읍,중상사고,0,1,0,0,차대차 - 기타,교차로운행방법위반,습기,비,교차로 - 교차로안,승용,여,31세,상해없음,자전거,남,16세,중상
2015110700100273,2015년 11월 7일 09시,토요일,경상북도 청도군 청도읍,경상사고,0,0,2,0,차대차 - 정면충돌,안전운전불이행,습기,흐림,단일로 - 기타,승용,여,27세,경상,화물,남,32세,경상
2015110700100274,2015년 11월 7일 09시,토요일,경상북도 구미시 오태동,경상사고,0,0,1,0,차대차 - 기타,중앙선침범,습기,비,교차로 - 교차로부근,화물,남,59세,상해없음,승용,남,47세,경상
2015110700100275,2015년 11월 7일 09시,토요일,경상북도 구미시 거의동,경상사고,0,0,2,0,차대차 - 추돌 - 진행중,안전운전불이행,습기,비,단일로 - 기타,승용,남,25세,경상,화물,남,57세,경상