사고번호,사고일시,요일,시군구,사고내용,사망자수,중상자수,경상자수,부상신고자수,사고유형,법규위반,노면상태,기상상태,도로형태,가해운전자 차종,가해운전자 성별,가해운전자 연령,가해운전자 상해정도,피해운전자 차종,피해운전자 성별,피해운전자 연령,피해운전자 상해정도
2015110700100311,2015년 11월 7일 10시,토요일,경상북도 봉화군 재산면,중상사고,0,1,0,0,차대차 - 추돌 - 진행중,안전운전불이행,습기,흐림,교차로 - 교차로안,원동기,남,29세,상해없음,원동기,남,75세,상해없음
2015110700100312,2015년 11월 7일 10시,토요일,경상북도 구미시 진평동,경상사고,0,0,1,0,차대차 - 측면직각충돌,중앙선침범,습기,비,교차로 - 교차로부근,승용,여,28세,상해없음,화물,남,46세,경상
2015110700100313,2015년 11월 7일 10시,토요일,경상북도 구미시 진평동,경상사고,0,0,1,0,차대차 - 추돌 - 진행중,안전운전불이행,습기,흐림,교차로 - 교차로안,승용,여,54세,상해없음,승용,남,38세,경상
2015110700100344,2015년 11월 7일 11시,토요일,경상북도 경주시 율동,경상사고,0,0,2,0,차대차 - 측면직각충돌,안전운전불이행,건조,맑음,단일로 - 기타,화물,남,37세,상해없음,승용,남,63세,경상
2015110700100345,2015년 11월 7일 11시,토요일,경상북도 포항시 북구 장성동,경상사고,0,0,4,0,차대차 - 측면직각충돌,교차로운행방법위반,습기,비,교차로 - 교차로안,승용,여,64세,상해없음,승용,남,27세,경상
2015110700100346,2015년 11월 7일 11시,토요일,경상북도 김천시 지좌동,경상사고,0,0,1,0,차대차 - 측면직각충돌,중앙선침범,습기,비,단일로 - 교량,승용,남,47세,상해없음,승용,남,40세,경상
2015110700100347,2015년 11월 7일 11시,토요일,경상북도 울진군 후포면,중상사고,0,1,0,0,차대차 - 측면직각충돌,중앙선침범,습기,비,단일로 - 기타,화물,남,44세,상해없음,원동기,여,72세,중상
2015110700100348,2015년 11월 7일 11시,토요일,경상북도 구미시 진평동,경상사고,0,0,1,0,차대사람 - 기타,기타,건조,맑음,단일로 - 기타,승용,남,41세,상해없음,보행자,여,29세,경상
2015110700100349,2015년 11월 7일 11시,토요일,경상북도 포항시 남구 연일읍,중상사고,0,1,0,0,차대사람 - 횡단중,안전운전불이행,습기,비,단일로 - 기타,승용,여,35세,상해없음,보행자,여,53세,중상
2015110700100350,2015년 11월 7일 11시,토요일,경상북도 포항시 남구 청림동,경상사고,0,0,1,0,차대차 - 추돌 - 주정차중,안전거리미확보,습기,비,단일로 - 기타,승용,여,25세,상해없음,승용,남,42세,상해없음
2015110700100383,2015년 11월 7일 12시,토요일,경상북도 경주시 건천읍,경상사고,0,0,1,0,차대차 - 측면직각충돌,안전운전불이행,습기,비,단일로 - 기타,승용,남,23세,상해없음,화물,여,45세,경상
2015110700100384,2015년 11월 7일 12시,토요일,경상북도 포항시 남구 연일읍,경상사고,0,0,1,0,차대사람 - 횡단중,안전운전불이행,습기,비,교차로 - 교차로안,승용,남,50세,상해없음,보행자,여,24세,경상
2015110700100429,2015년 11월 7일 13시,토요일,경상북도 문경시 산양면,경상사고,0,0,1,0,차대차 - 기타,중앙선침범,습기,비,교차로 - 교차로부근,화물,여,68세,상해없음,승용,남,75세,경상
2015110700100430,2015년 11월 7일 13시,토요일,경상북도 문경시 모전동,경상사고,0,0,2,0,차대차 - 기타,직진우회전진행방해,습기,비,교차로 - 교차로안,승용,여,47세,경상,화물,남,28세,경상
2015110700100431,2015년 11월 7일 13시,토요일,경상북도 구미시 장천면,경상사고,0,0,2,0,차대차 - 정면충돌,안전운전불이행,건조,맑음,기타 - 기타,화물,남,28세,경상,승용,남,51세,경상
2015110700100473,2015년 11월 7일 14시,토요일,경상북도 구미시 송정동,경상사고,0,0,4,0,차대차 - 측면직각충돌,안전운전불이행,적설,비,교차로 - 교차로안,승용,남,45세,상해없음,승용,남,64세,경상
2015110700100474,2015년 11월 7일 14시,토요일,경상북도 구미시 임은동,경상사고,0,0,3,0,차대차 - 추돌 - 진행중,안전운전불이행,건조,맑음,단일로 - 기타,승용,남,24세,상해없음,승용,남,29세,경상
2015110700100519,2015년 11월 7일 15시,토요일,경상북도 안동시 길안면,중상사고,0,1,1,0,차대차 - 기타,직진우회전진행방해,습기,비,교차로 - 교차로안,화물,남,65세,상해없음,화물,남,59세,경상
2015110700100520,2015년 11월 7일 15시,토요일,경상북도 영천시 금호읍,경상사고,0,0,2,0,차대차 - 추돌 - 진행중,안전거리미확보,습기,비,교차로 - 교차로부근,승용,남,36세,상해없음,승용,여,54세,경상
2015110700100555,2015년 11월 7일 16시,토요일,경상북도 김천시 어모면,중상사고,0,1,0,0,차대차 - 추돌 - 주정차중,안전운전불이행,습기,비,단일로 - 기타,화물,남,53세,상해없음,승합,남,56세,중상
2015110700100556,2015년 11월 7일 16시,토요일,경상북도 성주군 수륜면,경상사고,0,0,1,0,차대차 - 측면직각충돌,안전운전불이행,습기,비,교차로 - 교차로안,화물,남,56세,상해없음,승용,남,56세,경상
2015110700100600,2015년 11월 7일 17시,토요일,경상북도 안동시 옥야동,경상사고,0,0,1,0,차대차 - 기타,교차로운행방법위반,습기,비,교차로 - 교차로안,승용,남,39세,상해없음,원동기,남,40세,경상
2015110700100601,2015년 11월 7일 17시,토요일,경상북도 영천시 임고면,경상사고,0,0,1,0,차량단독 - 전도전복,안전운전불이행,습기,비,단일로 - 기타,승용,여,53세,경상,,,,
2015110700100602,2015년 11월 7일 17시,토요일,경상북도 영덕군 축산면,사망사고,1,4,5,0,차대차 - 추돌 - 진행중,안전운전불이행,습기,비,단일로 - 기타,승합,남,71세,상해없음,승용,남,32세,사망
2015110700100603,2015년 11월 7일 17시,토요일,경상북도 울진군 금강송면,중상사고,0,1,1,0,차대차 - 추돌 - 진행중,중앙선침범,습기,비,단일로 - 기타,화물,남,49세,상해없음,화물,남,58세,중상
2015110700100604,2015년 11월 7일 17시,토요일,경상북도 구미시 공단동,경상사고,0,0,1,0,차대차 - 기타,교차로운행방법위반,습기,비,교차로 - 교차로안,승용,남,57세,상해없음,자전거,남,44세,경상
2015110700100605,2015년 11월 7일 17시,토요일,경상북도 구미시 봉곡동,경상사고,0,0,1,0,차량단독 - 공작물충돌,안전운전불이행,습기,비,단일로 - 기타,원동기,남,18세,경상,,,,
2015110700100674,2015년 11월 7일 18시,토요일,경상북도 경주시 황성동,중상사고,0,1,3,0,차대차 - 측면직각충돌,신호위반,습기,비,교차로 - 교차로안,승용,남,75세,경상,승용,여,43세,경상
2015110700100675,2015년 11월 7일 18시,토요일,경상북도 안동시 송현동,경상사고,0,0,1,0,차대차 - 기타,안전운전불이행,습기,비,교차로 - 교차로부근,승용,남,41세,상해없음,원동기,남,20세,경상
2015110700100676,2015년 11월 7일 18시,토요일,경상북도 의성군 옥산면,사망사고,1,0,0,0,차대사람 - 기타,안전운전불이행,습기,비,단일로 - 기타,화물,남,63세,상해없음,보행자,남,57세,사망
2015110700100677,2015년 11월 7일 18시,토요일,경상북도 경산시 진량읍,경상사고,0,0,1,0,차대사람 - 기타,안전운전불이행,습기,비,단일로 - 기타,이륜,남,32세,상해없음,보행자,남,50세,경상
2015110700100748,2015년 11월 7일 19시,토요일,경상북도 포항시 북구 흥해읍,중상사고,0,1,4,0,차대차 - 정면충돌,중앙선침범,습기,비,교차로 - 교차로부근,승용,여,43세,상해없음,승용,남,30세,경상
2015110700100749,2015년 11월 7일 19시,토요일,경상북도 포항시 북구 덕수동,경상사고,0,0,2,0,차대차 - 추돌 - 진행중,안전운전불이행,건조,맑음,단일로 - 기타,승용,남,41세,상해없음,승용,여,38세,경상
2015110700100750,2015년 11월 7일 19시,토요일,경상북도 칠곡군 석적읍,중상사고,0,1,0,0,차대차 - 기타,안전운전불이행,습기,비,단일로 - 기타,승용,남,41세,상해없음,원동기,남,35세,중상
2015110700100751,2015년 11월 7일 19시,토요일,경상북도 봉화군 석포면,경상사고,0,0,1,0,차량단독 - 공작물충돌,안전운전불이행,습기,비,단일로 - 기타,승용,남,48세,경상,,,,
2015110700100752,2015년 11월 7일 19시,토요일,경상북도 구미시 상모동,중상사고,0,1,0,0,차대차 - 추돌 - 주정차중,안전운전불이행,적설,비,단일로 - 기타,승용,남,52세,상해없음,승용,여,38세,중상
2015110700100806,2015년 11월 7일 20시,토요일,경상북도 구미시 인의동,경상사고,0,0,1,0,차대차 - 측면직각충돌,교차로운행방법위반,습기,비,교차로 - 교차로안,승용,남,41세,상해없음,이륜,남,23세,경상
2015110700100807,2015년 11월 7일 20시,토요일,경상북도 구미시 인의동,경상사고,0,0,1,0,차대차 - 측면직각충돌,신호위반,적설,비,교차로 - 교차로안,승합,남,46세,상해없음,승용,남,20세,경상
2015110700100808,2015년 11월 7일 20시,토요일,경상북도 포항시 남구 송도동,경상사고,0,0,1,0,차대차 - 측면직각충돌,직진우회전진행방해,습기,비,교차로 - 교차로안,원동기,여,22세,경상,승용,여,54세,상해없음
2015110700100809,2015년 11월 7일 20시,토요일,경상북도 포항시 남구 이동,중상사고,0,1,0,0,차대사람 - 횡단중,안전운전불이행,습기,비,교차로 - 교차로부근,승용,남,46세,상해없음,보행자,남,59세,중상
2015110700100870,2015년 11월 7일 21시,토요일,경상북도 구미시 옥계동,경상사고,0,0,1,0,차대차 - 측면직각충돌,교차로운행방법위반,습기,비,교차로 - 교차로안,승용,여,46세,상해없음,승용,여,22세,경상
2015110700100933,2015년 11월 7일 22시,토요일,경상북도 영천시 신령면,경상사고,0,0,2,0,차대차 - 정면충돌,중앙선침범,습기,비,단일로 - 기타,화물,남,63세,상해없음,승용,남,52세,경상
2015110700100934,2015년 11월 7일 22시,토요일,경상북도 경산시 진량읍,경상사고,0,0,3,0,차대차 - 측면직각충돌,직진우회전진행방해,습기,비,교차로 - 교차로안,승용,남,24세,상해없음,승용,남,40세,경상
2015110700100935,2015년 11월 7일 22시,토요일,경상북도 경산시 남천면,중상사고,0,1,1,0,차대차 - 측면직각충돌,안전운전불이행,습기,비,단일로 - 기타,승용,남,27세,중상,승용,남,32세,경상
2015110700100990,2015년 11월 7일 23시,토요일,경상북도 경주시 용강동,중상사고,0,2,0,0,차대차 - 측면직각충돌,신호위반,습기,비,교차로 - 교차로안,승용,남,63세,기타불명,승용,여,30세,중상
2015110700100991,2015년 11월 7일 23시,토요일,경상북도 포항시 북구 항구동,경상사고,0,0,4,0,차대차 - 측면직각충돌,신호위반,건조,맑음,교차로 - 교차로안,승용,남,27세,상해없음,특수,남,47세,경상
2015110700100992,2015년 11월 7일 23시,토요일,경상북도 영주시 휴천동,경상사고,0,0,2,0,차대차 - 측면직각충돌,신호위반,습기,비,교차로 - 교차로안,승용,여,48세,경상,승용,남,47세,경상
2015110700100993,2015년 11월 7일 23시,토요일,경상북도 포항시 남구 대도동,경상사고,0,0,1,0,차대차 - 측면직각충돌,직진우회전진행방해,습기,비,교차로 - 교차로안,승용,남,53세,상해없음,이륜,남,46세,경상
2015110800100038,2015년 11월 8일 00시,일요일,경상북도 안동시 용상동,사망사고,1,0,0,0,차대사람 - 횡단중,안전운전불이행,습기,비,단일로 - 기타,승용,여,37세,상해없음,보행자,남,48세,사망
2015110800100039,2015년 11월 8일 00시,일요일,경상북도 경산시 사동,경상사고,0,0,5,0,차대차 - 기타,교차로운행방법위반,습기,비,교차로 - 교차로안,승용,남,60세,경상,승용,남,42세,경상
2015110800100040,2015년 11월 8일 00시,일요일,경상북도 포항시 남구 이동,경상사고,0,0,1,0,차량단독 - 공작물충돌,안전운전불이행,습기,비,단일로 - 기타,승용,남,41세,상해없음,,,,
2015110800100079,2015년 11월 8일 01시,일요일,경상북도 포항시 북구 덕수동,중상사고,0,1,0,0,차대사람 - 길가장자리구역통행중,안전운전불이행,습기,비,교차로 - 교차로부근,승용,남,44세,상해없음,보행자,남,47세,중상
2015110800100080,2015년 11월 8일 01시,일요일,경상북도 영주시 휴천동,중상사고,0,1,0,0,차대사람 - 보도통행중,보행자보호의무위반,습기,비,단일로 - 기타,승용,남,26세,상해없음,보행자,여,29세,중상
2015110800100081,2015년 11월 8일 01시,일요일,경상북도 구미시 봉곡동,중상사고,0,1,1,1,차대차 - 기타,안전운전불이행,습기,비,단일로 - 기타,승용,여,54세,부상신고,승용,남,54세,중상
2015110800100123,2015년 11월 8일 03시,일요일,경상북도 영천시 금호읍,중상사고,0,1,0,0,차량단독 - 공작물충돌,안전운전불이행,건조,맑음,단일로 - 기타,승용,남,31세,상해없음,,,,
2015110800100124,2015년 11월 8일 03시,일요일,경상북도 구미시 원평동,경상사고,0,0,2,0,차대차 - 측면직각충돌,안전운전불이행,건조,맑음,교차로 - 교차로안,승용,남,38세,상해없음,승용,남,22세,상해없음
2015110800100214,2015년 11월 8일 08시,일요일,경상북도 경주시 황성동,경상사고,0,0,10,4,차대차 - 기타,안전운전불이행,습기,비,단일로 - 기타,화물,남,46세,상해없음,승합,남,57세,상해없음
2015110800100215,2015년 11월 8일 08시,일요일,경상북도 봉화군 석포면,중상사고,0,1,0,0,차량단독 - 전도전복,안전운전불이행,습기,비,단일로 - 기타,승용,남,28세,중상,,,,
2015110800100236,2015년 11월 8일 09시,일요일,경상북도 의성군 가음면,경상사고,0,0,1,0,차대차 - 측면직각충돌,중앙선침범,습기,비,교차로 - 교차로안,승용,남,43세,상해없음,화물,남,64세,경상
2015110800100264,2015년 11월 8일 10시,일요일,경상북도 경산시 중방동,경상사고,0,0,1,0,차대차 - 기타,교차로운행방법위반,습기,비,교차로 - 교차로안,승용,남,36세,상해없음,승용,여,58세,경상
2015110800100265,2015년 11월 8일 10시,일요일,경상북도 구미시 형곡동,중상사고,0,3,0,0,차대사람 - 기타,안전운전불이행,습기,비,교차로 - 교차로부근,승용,여,50세,상해없음,보행자,여,31세,중상
2015110800100285,2015년 11월 8일 11시,일요일,경상북도 군위군 의흥면,중상사고,0,1,0,0,차량단독 - 전도전복,안전운전불이행,습기,비,단일로 - 기타,승용,남,53세,상해없음,,,,
2015110800100286,2015년 11월 8일 11시,일요일,경상북도 군위군 군위읍,중상사고,0,2,0,0,차대차 - 기타,안전운전불이행,습기,비,단일로 - 기타,승용,남,57세,상해없음,승용,여,29세,중상
2015110800100318,2015년 11월 8일 12시,일요일,경상북도 김천시 성내동,경상사고,0,0,3,0,차대차 - 측면직각충돌,신호위반,습기,비,교차로 - 교차로안,승용,남,69세,상해없음,승용,여,41세,경상
2015110800100344,2015년 11월 8일 13시,일요일,경상북도 봉화군 석포면,경상사고,0,0,1,0,차량단독 - 전도전복,안전운전불이행,습기,비,단일로 - 기타,건설기계,남,57세,상해없음,,,,
2015110800100378,2015년 11월 8일 14시,일요일,경상북도 김천시 구성면,중상사고,0,2,3,0,차대차 - 측면직각충돌,안전운전불이행,건조,맑음,단일로 - 기타,승용,남,68세,상해없음,승용,남,69세,중상
2015110800100379,2015년 11월 8일 14시,일요일,경상북도 구미시 진평동,중상사고,0,1,0,0,차대차 - 기타,교차로운행방법위반,습기,비,단일로 - 기타,승용,남,59세,상해없음,이륜,남,36세,중상
2015110800100399,2015년 11월 8일 15시,일요일,경상북도 영천시 고경면,중상사고,0,1,0,0,차량단독 - 공작물충돌,안전운전불이행,습기,비,단일로 - 기타,승용,남,62세,상해없음,,,,
2015110800100400,2015년 11월 8일 15시,일요일,경상북도 봉화군 봉성면,경상사고,0,0,1,0,차대차 - 정면충돌,중앙선침범,습기,비,교차로 - 교차로안,원동기,남,65세,경상,승용,남,52세,상해없음
2015110800100401,2015년 11월 8일 15시,일요일,경상북도 김천시 아포읍,경상사고,0,0,1,0,차대차 - 추돌 - 진행중,안전운전불이행,습기,비,단일로 - 기타,승용,남,36세,상해없음,승용,남,39세,상해없음
2015110800100426,2015년 11월 8일 16시,일요일,경상북도 경주시 안강읍,중상사고,0,1,1,0,차량단독 - 기타,안전운전불이행,습기,비,단일로 - 기타,화물,남,56세,경상,,,,
2015110800100427,2015년 11월 8일 16시,일요일,경상북도 경주시 사정동,중상사고,0,1,0,0,차대차 - 기타,안전운전불이행,건조,맑음,단일로 - 기타,승용,남,40세,상해없음,원동기,남,18세,중상
2015110800100428,2015년 11월 8일 16시,일요일,경상북도 영주시 가흥동,경상사고,0,0,1,0,차대차 - 측면직각충돌,안전운전불이행,건조,맑음,단일로 - 기타,화물,남,60세,상해없음,승용,여,33세,상해없음
2015110800100429,2015년 11월 8일 16시,일요일,경상북도 경산시 중방동,경상사고,0,0,2,0,차대차 - 기타,안전운전불이행,습기,비,단일로 - 기타,화물,남,56세,상해없음,승용,여,34세,경상
2015110800100430,2015년 11월 8일 16시,일요일,경상북도 구미시 인의동,중상사고,0,1,0,0,차대차 - 정면충돌,안전운전불이행,습기,비,교차로 - 교차로안,승용,남,52세,상해없음,이륜,남,25세,중상
2015110800100466,2015년 11월 8일 17시,일요일,경상북도 경주시 천북면,중상사고,0,1,0,0,차대차 - 기타,안전운전불이행,습기,비,단일로 - 기타,기타불명,기타불명,기타불명,기타불명,자전거,여,66세,중상
2015110800100467,2015년 11월 8일 17시,일요일,경상북도 포항시 북구 흥해읍,경상사고,0,0,4,0,차대차 - 측면직각충돌,교차로운행방법위반,습기,비,교차로 - 교차로안,승용,여,67세,상해없음,화물,남,47세,경상
2015110800100468,2015년 11월 8일 17시,일요일,경상북도 안동시 운안동,경상사고,0,0,1,0,차대차 - 추돌 - 주정차중,안전운전불이행,습기,비,교차로 - 교차로부근,화물,남,51세,상해없음,승용,남,42세,경상
2015110800100469,2015년 11월 8일 17시,일요일,경상북도 영천시 고경면,중상사고,0,1,0,0,차대사람 - 횡단중,안전운전불이행,습기,흐림,단일로 - 기타,승용,남,28세,상해없음,보행자,여,80세,중상
2015110800100470,2015년 11월 8일 17시,일요일,경상북도 경산시 옥산동,경상사고,0,0,1,0,차대차 - 기타,안전운전불이행,습기,비,단일로 - 기타,승용,남,51세,경상,승용,남,56세,상해없음
2015110800100471,2015년 11월 8일 17시,일요일,경상북도 구미시 구평동,경상사고,0,0,1,0,차대차 - 추돌 - 주정차중,안전거리미확보,습기,비,교차로 - 교차로부근,화물,남,55세,기타불명,승용,여,49세,경상
2015110800100472,2015년 11월 8일 17시,일요일,경상북도 구미시 형곡동,경상사고,0,0,1,0,차대차 - 기타,안전운전불이행,습기,비,교차로 - 교차로안,승용,여,44세,상해없음,승용,여,47세,경상
2015110800100473,2015년 11월 8일 17시,일요일,경상북도 구미시 봉곡동,중상사고,0,1,0,0,차대차 - 추돌 - 주정차중,안전운전불이행,건조,맑음,단일로 - 기타,승용,남,38세,상해없음,승용,남,62세,중상
2015110800100530,2015년 11월 8일 18시,일요일,경상북도 경주시 황성동,경상사고,0,0,3,0,차대차 - 측면직각충돌,안전운전불이행,습기,비,단일로 - 기타,승용,남,52세,상해없음,승용,여,41세,경상
2015110800100531,2015년 11월 8일 18시,일요일,경상북도 안동시 태화동,경상사고,0,0,5,0,차대차 - 추돌 - 진행중,안전운전불이행,습기,흐림,교차로 - 교차로부근,승용,남,50세,상해없음,승용,여,23세,상해없음
2015110800100532,2015년 11월 8일 18시,일요일,경상북도 영주시 조암동,경상사고,0,0,1,0,차대차 - 측면직각충돌,안전운전불이행,습기,비,교차로 - 교차로안,승용,남,41세,상해없음,승용,남,46세,경상
2015110800100534,2015년 11월 8일 18시,일요일,경상북도 구미시 원평동,경상사고,0,0,1,0,차대차 - 추돌 - 주정차중,안전운전불이행,건조,맑음,단일로 - 기타,화물,남,38세,상해없음,승용,남,23세,경상
2015110800100580,2015년 11월 8일 19시,일요일,경상북도 영천시 오수동,사망사고,1,0,0,0,차대사람 - 횡단중,안전운전불이행,습기,비,단일로 - 기타,승합,남,57세,상해없음,보행자,남,75세,사망
2015110800100581,2015년 11월 8일 19시,일요일,경상북도 경산시 하양읍,경상사고,0,0,1,0,차대차 - 기타,직진우회전진행방해,습기,비,교차로 - 교차로안,승용,여,29세,상해없음,이륜,남,26세,경상
2015110800100630,2015년 11월 8일 20시,일요일,경상북도 김천시 봉산면,사망사고,1,0,0,0,차대사람 - 차도통행중,안전운전불이행,습기,비,단일로 - 기타,승합,남,50세,상해없음,보행자,남,72세,사망
2015110800100631,2015년 11월 8일 20시,일요일,경상북도 포항시 남구 상도동,경상사고,0,0,2,0,차대차 - 측면직각충돌,안전운전불이행,습기,비,교차로 - 교차로안,원동기,남,18세,경상,원동기,남,45세,경상
2015110800100668,2015년 11월 8일 21시,일요일,경상북도 김천시 모암동,경상사고,0,0,2,0,차대차 - 추돌 - 진행중,직진우회전진행방해,습기,비,교차로 - 교차로안,승용,남,49세,상해없음,화물,남,57세,상해없음
2015110800100669,2015년 11월 8일 21시,일요일,경상북도 영천시 금호읍,경상사고,0,0,1,0,차대사람 - 길가장자리구역통행중,안전운전불이행,습기,비,단일로 - 기타,승합,남,48세,상해없음,보행자,남,59세,경상
2015110800100670,2015년 11월 8일 21시,일요일,경상북도 영천시 금호읍,경상사고,0,0,2,0,차대차 - 측면직각충돌,안전운전불이행,습기,비,단일로 - 기타,승용,남,27세,상해없음,승용,남,26세,경상
2015110800100700,2015년 11월 8일 22시,일요일,경상북도 경주시 동천동,경상사고,0,0,2,0,차대차 - 기타,안전운전불이행,습기,비,교차로 - 교차로부근,승용,남,63세,상해없음,승용,여,47세,경상
2015110800100701,2015년 11월 8일 22시,일요일,경상북도 상주시 내서면,경상사고,0,0,1,0,차량단독 - 도로외이탈 - 추락,안전운전불이행,습기,비,단일로 - 기타,화물,남,31세,경상,,,,
2015110800100702,2015년 11월 8일 22시,일요일,경상북도 경산시 사정동,경상사고,0,0,1,0,차대사람 - 기타,안전운전불이행,건조,흐림,단일로 - 기타,승용,남,36세,상해없음,보행자,남,25세,경상
2015110800100733,2015년 11월 8일 23시,일요일,경상북도 구미시 진평동,경상사고,0,0,2,1,차대차 - 측면직각충돌,신호위반,습기,비,교차로 - 교차로안,승용,남,26세,부상신고,승용,남,64세,경상
2015110800100734,2015년 11월 8일 23시,일요일,경상북도 구미시 구평동,경상사고,0,0,1,0,차대차 - 측면직각충돌,안전운전불이행,습기,비,단일로 - 기타,승용,남,38세,상해없음,이륜,남,21세,경상
2015110900100047,2015년 11월 9일 01시,월요일,경상북도 경산시 정평동,경상사고,0,0,1,0,차대차 - 기타,안전운전불이행,습기,비,단일로 - 기타,승용,여,57세,상해없음,승용,남,40세,경상
2015110900100048,2015년 11월 9일 01시,월요일,경상북도 청도군 각남면,부상신고사고,0,0,0,1,차량단독 - 공작물충돌,안전운전불이행,습기,비,기타 - 기타,승용,남,27세,부상신고,,,,
2015110900100059,2015년 11월 9일 02시,월요일,경상북도 구미시 비산동,경상사고,0,0,1,0,차량단독 - 공작물충돌,안전운전불이행,건조,맑음,미분류 - 미분류,승용,남,51세,기타불명,,,,
2015110900100081,2015년 11월 9일 04시,월요일,경상북도 포항시 북구 장성동,중상사고,0,1,0,0,차대사람 - 차도통행중,안전운전불이행,건조,맑음,단일로 - 기타,승용,여,54세,상해없음,보행자,여,78세,중상
2015110900100142,2015년 11월 9일 07시,월요일,경상북도 경주시 충효동,중상사고,0,1,0,0,차대차 - 측면직각충돌,중앙선침범,습기,비,단일로 - 기타,승용,남,42세,상해없음,승용,여,62세,중상
2015110900100143,2015년 11월 9일 07시,월요일,경상북도 경주시 인왕동,경상사고,0,0,3,1,차대차 - 측면직각충돌,기타,습기,비,단일로 - 기타,화물,남,57세,부상신고,승용,여,53세,경상
2015110900100144,2015년 11월 9일 07시,월요일,경상북도 경주시 천북면,경상사고,0,0,1,0,차대차 - 추돌 - 진행중,안전운전불이행,습기,비,단일로 - 기타,건설기계,남,47세,상해없음,화물,남,63세,경상
2015110900100145,2015년 11월 9일 07시,월요일,경상북도 경주시 외동읍,경상사고,0,0,1,0,차대사람 - 기타,안전운전불이행,습기,비,단일로 - 기타,승용,남,59세,상해없음,보행자,남,27세,경상
2015110900100146,2015년 11월 9일 07시,월요일,경상북도 문경시 모전동,경상사고,0,0,3,0,차대차 - 측면직각충돌,안전운전불이행,습기,맑음,교차로 - 교차로안,승용,여,39세,경상,승용,남,31세,경상
2015110900100147,2015년 11월 9일 07시,월요일,경상북도 구미시 황상동,부상신고사고,0,0,0,1,차량단독 - 기타,안전운전불이행,습기,비,단일로 - 기타,승용,남,34세,부상신고,,,,
2015110900100188,2015년 11월 9일 08시,월요일,경상북도 김천시 부곡동,경상사고,0,0,1,0,차대차 - 추돌 - 진행중,안전운전불이행,습기,비,단일로 - 기타,이륜,남,47세,경상,승용,여,47세,상해없음
2015110900100189,2015년 11월 9일 08시,월요일,경상북도 김천시 부곡동,중상사고,0,1,0,0,차대사람 - 횡단중,보행자보호의무위반,건조,맑음,단일로 - 횡단보도상,승용,남,36세,상해없음,보행자,남,60세,중상
2015110900100190,2015년 11월 9일 08시,월요일,경상북도 김천시 지좌동,중상사고,0,1,0,0,차량단독 - 공작물충돌,안전운전불이행,습기,비,단일로 - 기타,화물,남,63세,상해없음,,,,
2015110900100191,2015년 11월 9일 08시,월요일,경상북도 영천시 화북면,중상사고,0,1,0,0,차량단독 - 공작물충돌,안전운전불이행,습기,비,단일로 - 교량,승용,여,67세,중상,,,,
2015110900100192,2015년 11월 9일 08시,월요일,경상북도 고령군 성산면,경상사고,0,0,2,0,차량단독 - 전도전복,안전운전불이행,건조,맑음,단일로 - 터널,이륜,남,82세,경상,,,,
2015110900100193,2015년 11월 9일 08시,월요일,경상북도 구미시 광평동,중상사고,0,1,0,1,차대차 - 측면직각충돌,안전운전불이행,습기,흐림,교차로 - 교차로안,승용,여,43세,부상신고,승용,여,26세,중상
2015110900100194,2015년 11월 9일 08시,월요일,경상북도 구미시 지산동,중상사고,0,1,0,0,차대차 - 기타,안전운전불이행,습기,흐림,단일로 - 기타,승용,여,66세,상해없음,화물,남,63세,중상
2015110900100234,2015년 11월 9일 09시,월요일,경상북도 의성군 봉양면,중상사고,0,1,0,0,차대차 - 측면직각충돌,신호위반,습기,흐림,교차로 - 교차로안,화물,남,59세,상해없음,승용,여,25세,중상
2015110900100235,2015년 11월 9일 09시,월요일,경상북도 영주시 가흥동,경상사고,0,0,1,0,차대차 - 추돌 - 주정차중,안전운전불이행,건조,맑음,단일로 - 기타,승용,남,28세,상해없음,승용,여,53세,경상
2015110900100268,2015년 11월 9일 10시,월요일,경상북도 포항시 북구 창포동,경상사고,0,0,1,0,차대사람 - 보도통행중,안전운전불이행,습기,흐림,단일로 - 기타,승용,여,49세,상해없음,보행자,남,63세,경상
2015110900100269,2015년 11월 9일 10시,월요일,경상북도 청도군 청도읍,중상사고,0,2,1,0,차대차 - 측면직각충돌,안전운전불이행,습기,흐림,교차로 - 교차로안,화물,남,67세,경상,화물,남,64세,중상
2015110900100270,2015년 11월 9일 10시,월요일,경상북도 청송군 청송읍,중상사고,0,1,0,0,차량단독 - 기타,안전운전불이행,건조,맑음,단일로 - 기타,화물,남,51세,중상,,,,
2015110900100303,2015년 11월 9일 11시,월요일,경상북도 경산시 하양읍,경상사고,0,0,1,0,차대차 - 기타,안전운전불이행,건조,맑음,단일로 - 기타,화물,남,61세,상해없음,승용,남,40세,경상
2015110900100304,2015년 11월 9일 11시,월요일,경상북도 구미시 비산동,중상사고,0,1,0,0,차대차 - 측면직각충돌,신호위반,건조,맑음,교차로 - 교차로안,승용,여,51세,상해없음,승합,남,52세,중상
2015110900100339,2015년 11월 9일 12시,월요일,경상북도 포항시 북구 장성동,경상사고,0,0,4,0,차대차 - 추돌 - 주정차중,안전운전불이행,건조,맑음,교차로 - 교차로안,승용,여,55세,상해없음,승용,남,64세,경상