사고번호,사고일시,요일,시군구,사고내용,사망자수,중상자수,경상자수,부상신고자수,사고유형,법규위반,노면상태,기상상태,도로형태,가해운전자 차종,가해운전자 성별,가해운전자 연령,가해운전자 상해정도,피해운전자 차종,피해운전자 성별,피해운전자 연령,피해운전자 상해정도
2015111400100626,2015년 11월 14일 18시,토요일,경상북도 영천시 망정동,부상신고사고,0,0,0,8,차대차 - 측면직각충돌,교차로운행방법위반,건조,흐림,교차로 - 교차로안,승용,남,34세,부상신고,승합,남,65세,부상신고
2015111400100627,2015년 11월 14일 18시,토요일,경상북도 구미시 고아읍,경상사고,0,0,2,0,차대사람 - 기타,보행자보호의무위반,적설,비,교차로 - 교차로부근,승용,여,47세,상해없음,보행자,여,20세,경상
2015111400100671,2015년 11월 14일 19시,토요일,경상북도 경주시 구정동,경상사고,0,0,1,0,차대차 - 기타,신호위반,건조,맑음,교차로 - 교차로안,승용,남,62세,상해없음,승용,남,37세,상해없음
2015111400100672,2015년 11월 14일 19시,토요일,경상북도 경주시 하동,중상사고,0,1,1,0,차대차 - 측면직각충돌,안전운전불이행,습기,비,단일로 - 기타,승용,남,20세,상해없음,이륜,남,20세,경상
2015111400100673,2015년 11월 14일 19시,토요일,경상북도 포항시 북구 죽도동,중상사고,0,2,0,0,차대차 - 기타,안전운전불이행,건조,맑음,단일로 - 기타,이륜,남,38세,상해없음,승용,남,58세,상해없음
2015111400100742,2015년 11월 14일 21시,토요일,경상북도 포항시 북구 용흥동,중상사고,0,1,0,0,차대차 - 측면직각충돌,안전운전불이행,습기,비,단일로 - 기타,승용,남,21세,상해없음,자전거,남,64세,중상
2015111400100743,2015년 11월 14일 21시,토요일,경상북도 안동시 풍산읍,경상사고,0,0,1,0,차량단독 - 기타,안전운전불이행,건조,맑음,단일로 - 기타,원동기,남,63세,경상,,,,
2015111400100744,2015년 11월 14일 21시,토요일,경상북도 구미시 인의동,경상사고,0,0,1,0,차대차 - 추돌 - 진행중,안전거리미확보,건조,흐림,단일로 - 기타,승용,남,49세,상해없음,원동기,남,22세,경상
2015111400100801,2015년 11월 14일 23시,토요일,경상북도 포항시 북구 장성동,경상사고,0,0,1,0,차대차 - 정면충돌,안전운전불이행,건조,맑음,단일로 - 기타,기타불명,기타불명,기타불명,기타불명,승용,여,60세,경상
2015111400100802,2015년 11월 14일 23시,토요일,경상북도 칠곡군 왜관읍,중상사고,0,1,3,0,차대차 - 추돌 - 진행중,안전거리미확보,건조,맑음,단일로 - 기타,승용,여,46세,경상,승용,여,31세,경상
2015111500100015,2015년 11월 15일 00시,일요일,경상북도 경산시 진량읍,중상사고,0,1,1,0,차대차 - 기타,안전운전불이행,습기,비,단일로 - 기타,승용,남,43세,상해없음,이륜,남,24세,상해없음
2015111500100062,2015년 11월 15일 03시,일요일,경상북도 구미시 공단동,중상사고,0,1,1,1,차량단독 - 공작물충돌,안전운전불이행,건조,기타,단일로 - 기타,승용,남,23세,부상신고,,,,
2015111500100099,2015년 11월 15일 06시,일요일,경상북도 포항시 북구 대신동,중상사고,0,1,0,0,차대차 - 기타,신호위반,건조,맑음,교차로 - 교차로안,승용,남,48세,상해없음,승용,남,71세,중상
2015111500100105,2015년 11월 15일 07시,일요일,경상북도 구미시 고아읍,중상사고,0,3,0,0,차대차 - 측면직각충돌,안전운전불이행,건조,맑음,교차로 - 교차로안,승용,남,69세,중상,승용,남,62세,상해없음
2015111500100138,2015년 11월 15일 09시,일요일,경상북도 구미시 오태동,경상사고,0,0,1,0,차대사람 - 횡단중,보행자보호의무위반,건조,흐림,교차로 - 교차로부근,승용,남,56세,상해없음,보행자,여,9세,경상
2015111500100179,2015년 11월 15일 11시,일요일,경상북도 안동시 길안면,중상사고,0,1,0,0,차대차 - 측면직각충돌,안전운전불이행,건조,맑음,단일로 - 기타,화물,남,68세,상해없음,농기계,남,77세,중상
2015111500100180,2015년 11월 15일 11시,일요일,경상북도 김천시 감문면,중상사고,0,1,0,0,차대차 - 측면직각충돌,안전운전불이행,건조,맑음,교차로 - 교차로부근,승용,남,44세,상해없음,이륜,남,68세,중상
2015111500100181,2015년 11월 15일 11시,일요일,경상북도 경산시 계양동,경상사고,0,0,1,0,차대차 - 기타,안전운전불이행,건조,맑음,단일로 - 기타,승용,남,52세,상해없음,승용,남,40세,상해없음
2015111500100182,2015년 11월 15일 11시,일요일,경상북도 포항시 남구 효자동,중상사고,0,1,0,0,차대사람 - 횡단중,신호위반,건조,흐림,단일로 - 횡단보도상,화물,남,43세,상해없음,보행자,남,77세,중상
2015111500100212,2015년 11월 15일 12시,일요일,경상북도 경주시 양북면,중상사고,0,2,1,0,차대차 - 측면직각충돌,안전운전불이행,건조,맑음,단일로 - 기타,승용,남,68세,상해없음,자전거,남,33세,중상
2015111500100213,2015년 11월 15일 12시,일요일,경상북도 포항시 북구 장성동,중상사고,0,1,0,0,차대차 - 기타,안전운전불이행,건조,맑음,교차로 - 교차로안,자전거,남,11세,중상,승용,여,50세,상해없음
2015111500100214,2015년 11월 15일 12시,일요일,경상북도 울진군 울진읍,경상사고,0,0,1,0,차대차 - 추돌 - 진행중,직진우회전진행방해,건조,맑음,교차로 - 교차로안,승용,남,68세,상해없음,원동기,남,65세,경상
2015111500100215,2015년 11월 15일 12시,일요일,경상북도 구미시 원평동,부상신고사고,0,0,0,1,차대차 - 기타,안전운전불이행,건조,맑음,교차로 - 교차로안,자전거,남,14세,부상신고,승용,남,23세,상해없음
2015111500100249,2015년 11월 15일 13시,일요일,경상북도 문경시 문경읍,사망사고,1,0,0,0,차대차 - 기타,안전운전불이행,건조,맑음,교차로 - 교차로안,화물,남,51세,상해없음,이륜,남,76세,사망
2015111500100280,2015년 11월 15일 14시,일요일,경상북도 경주시 천북면,중상사고,0,1,0,0,차량단독 - 공작물충돌,안전운전불이행,건조,맑음,단일로 - 기타,화물,남,63세,중상,,,,
2015111500100281,2015년 11월 15일 14시,일요일,경상북도 경주시 천군동,중상사고,0,1,2,0,차대차 - 측면직각충돌,안전운전불이행,건조,맑음,교차로 - 교차로부근,승용,남,23세,상해없음,승용,남,27세,중상
2015111500100308,2015년 11월 15일 15시,일요일,경상북도 구미시 시미동,중상사고,0,1,0,0,차대차 - 측면직각충돌,안전운전불이행,습기,비,단일로 - 기타,승용,여,28세,상해없음,이륜,남,30세,중상
2015111500100309,2015년 11월 15일 15시,일요일,경상북도 포항시 남구 오천읍,중상사고,0,1,0,0,차대차 - 기타,중앙선침범,건조,맑음,단일로 - 기타,승용,남,28세,상해없음,자전거,남,12세,중상
2015111500100310,2015년 11월 15일 15시,일요일,경상북도 상주시 낙동면,경상사고,0,0,2,0,차대차 - 추돌 - 진행중,안전운전불이행,건조,맑음,단일로 - 기타,화물,남,20세,상해없음,승용,여,46세,경상
2015111500100331,2015년 11월 15일 16시,일요일,경상북도 안동시 송현동,중상사고,0,1,0,0,차량단독 - 전도전복,기타,건조,맑음,단일로 - 기타,원동기,남,63세,중상,,,,
2015111500100373,2015년 11월 15일 17시,일요일,경상북도 포항시 북구 동빈1가,중상사고,0,1,0,0,차대차 - 기타,신호위반,건조,맑음,교차로 - 교차로안,승용,남,74세,상해없음,자전거,남,11세,중상
2015111500100374,2015년 11월 15일 17시,일요일,경상북도 포항시 북구 대신동,경상사고,0,0,1,0,차대차 - 측면직각충돌,신호위반,건조,맑음,교차로 - 교차로안,승용,남,48세,상해없음,승용,남,68세,경상
2015111500100375,2015년 11월 15일 17시,일요일,경상북도 영주시 휴천동,중상사고,0,1,0,0,차대사람 - 횡단중,안전운전불이행,건조,맑음,단일로 - 기타,승용,여,60세,상해없음,보행자,여,70세,중상
2015111500100376,2015년 11월 15일 17시,일요일,경상북도 영덕군 강구면,경상사고,0,0,1,0,차대차 - 측면직각충돌,중앙선침범,건조,맑음,단일로 - 기타,승용,남,29세,상해없음,승용,여,32세,경상
2015111500100470,2015년 11월 15일 19시,일요일,경상북도 칠곡군 석적읍,경상사고,0,0,1,0,차대차 - 추돌 - 주정차중,안전운전불이행,건조,맑음,단일로 - 기타,승용,남,59세,상해없음,이륜,남,28세,경상
2015111500100471,2015년 11월 15일 19시,일요일,경상북도 청도군 화양읍,경상사고,0,0,1,0,차대차 - 정면충돌,직진우회전진행방해,건조,맑음,교차로 - 교차로안,승용,여,46세,상해없음,승용,여,54세,경상
2015111500100472,2015년 11월 15일 19시,일요일,경상북도 구미시 형곡동,경상사고,0,0,1,0,차대차 - 측면직각충돌,안전운전불이행,건조,맑음,교차로 - 교차로부근,승용,남,56세,상해없음,자전거,남,12세,경상
2015111500100495,2015년 11월 15일 20시,일요일,경상북도 경주시 시래동,경상사고,0,0,1,0,차대차 - 측면직각충돌,안전운전불이행,건조,맑음,단일로 - 기타,승용,남,45세,상해없음,승용,남,48세,경상
2015111500100496,2015년 11월 15일 20시,일요일,경상북도 경주시 천군동,중상사고,0,3,2,0,차대차 - 추돌 - 진행중,안전운전불이행,건조,맑음,단일로 - 기타,승용,남,28세,상해없음,승용,여,42세,중상
2015111500100497,2015년 11월 15일 20시,일요일,경상북도 포항시 남구 상도동,중상사고,0,1,0,0,차대사람 - 길가장자리구역통행중,안전운전불이행,건조,맑음,단일로 - 기타,승용,남,36세,상해없음,보행자,남,50세,중상
2015111500100498,2015년 11월 15일 20시,일요일,경상북도 칠곡군 동명면,중상사고,0,2,2,0,차대차 - 추돌 - 진행중,안전운전불이행,습기,비,단일로 - 기타,승용,남,53세,상해없음,승용,여,47세,경상
2015111500100521,2015년 11월 15일 21시,일요일,경상북도 경주시 외동읍,경상사고,0,0,1,0,차대차 - 기타,안전운전불이행,건조,흐림,단일로 - 기타,승용,남,53세,상해없음,승용,남,47세,경상
2015111500100545,2015년 11월 15일 22시,일요일,경상북도 상주시 계산동,경상사고,0,0,1,0,차대차 - 측면직각충돌,안전운전불이행,건조,흐림,교차로 - 교차로안,승용,남,19세,상해없음,승합,남,52세,경상
2015111500100546,2015년 11월 15일 22시,일요일,경상북도 포항시 남구 대도동,중상사고,0,1,0,0,차대차 - 측면직각충돌,신호위반,건조,맑음,교차로 - 교차로안,이륜,남,26세,중상,승용,남,39세,상해없음
2015111500100565,2015년 11월 15일 23시,일요일,경상북도 경주시 동천동,중상사고,0,1,0,0,차대차 - 정면충돌,신호위반,건조,맑음,교차로 - 교차로안,승용,남,43세,상해없음,원동기,남,26세,중상
2015111600100008,2015년 11월 16일 00시,월요일,경상북도 구미시 오태동,경상사고,0,0,1,0,차대차 - 추돌 - 주정차중,안전운전불이행,건조,맑음,교차로 - 교차로부근,기타불명,기타불명,기타불명,기타불명,승용,남,34세,경상
2015111600100009,2015년 11월 16일 00시,월요일,경상북도 구미시 형곡동,부상신고사고,0,0,0,2,차대차 - 추돌 - 주정차중,안전운전불이행,건조,맑음,단일로 - 기타,승용,여,20세,상해없음,승용,여,26세,부상신고
2015111600100030,2015년 11월 16일 03시,월요일,경상북도 경주시 강동면,부상신고사고,0,0,0,1,차량단독 - 공작물충돌,안전운전불이행,건조,맑음,단일로 - 기타,승용,남,47세,부상신고,,,,
2015111600100031,2015년 11월 16일 03시,월요일,경상북도 포항시 북구 죽도동,경상사고,0,0,1,0,차대차 - 추돌 - 주정차중,안전운전불이행,건조,맑음,단일로 - 기타,승용,여,49세,상해없음,승용,여,44세,경상
2015111600100059,2015년 11월 16일 06시,월요일,경상북도 영주시 풍기읍,중상사고,0,1,0,0,차대차 - 측면직각충돌,안전운전불이행,건조,맑음,교차로 - 교차로안,승용,여,62세,상해없음,자전거,남,79세,중상
2015111600100060,2015년 11월 16일 06시,월요일,경상북도 칠곡군 왜관읍,경상사고,0,0,1,1,차대차 - 추돌 - 주정차중,안전운전불이행,건조,맑음,단일로 - 기타,승용,여,19세,부상신고,승용,여,32세,기타불명
2015111600100088,2015년 11월 16일 07시,월요일,경상북도 김천시 구성면,경상사고,0,0,2,0,차대차 - 측면직각충돌,직진우회전진행방해,습기,안개,교차로 - 교차로안,화물,남,65세,경상,승용,남,34세,경상
2015111600100089,2015년 11월 16일 07시,월요일,경상북도 영주시 상망동,경상사고,0,0,1,0,차대차 - 기타,안전운전불이행,건조,맑음,단일로 - 교량,승합,남,62세,상해없음,화물,남,41세,경상
2015111600100125,2015년 11월 16일 08시,월요일,경상북도 포항시 북구 우현동,경상사고,0,0,1,0,차대차 - 추돌 - 진행중,안전운전불이행,건조,맑음,교차로 - 교차로부근,승용,남,62세,상해없음,승용,여,34세,경상
2015111600100126,2015년 11월 16일 08시,월요일,경상북도 청도군 매전면,중상사고,0,1,1,0,차대차 - 측면직각충돌,중앙선침범,건조,맑음,교차로 - 교차로부근,화물,남,64세,상해없음,화물,남,46세,경상
2015111600100127,2015년 11월 16일 08시,월요일,경상북도 경산시 진량읍,중상사고,0,1,0,0,차대차 - 기타,안전운전불이행,건조,맑음,단일로 - 기타,승용,남,38세,상해없음,승용,남,60세,상해없음
2015111600100166,2015년 11월 16일 09시,월요일,경상북도 포항시 남구 오천읍,중상사고,0,1,0,0,차량단독 - 공작물충돌,안전운전불이행,건조,맑음,단일로 - 기타,승용,남,31세,중상,,,,
2015111600100194,2015년 11월 16일 10시,월요일,경상북도 김천시 대덕면,경상사고,0,0,2,0,차대차 - 측면직각충돌,안전운전불이행,건조,맑음,단일로 - 기타,화물,남,63세,상해없음,농기계,남,80세,경상
2015111600100195,2015년 11월 16일 10시,월요일,경상북도 영천시 고경면,중상사고,0,1,0,0,차대차 - 측면직각충돌,과속,습기,흐림,단일로 - 기타,승용,여,48세,상해없음,자전거,남,88세,중상
2015111600100257,2015년 11월 16일 12시,월요일,경상북도 구미시 공단동,부상신고사고,0,0,0,1,차량단독 - 전도전복,안전운전불이행,건조,맑음,교차로 - 교차로부근,화물,남,61세,부상신고,,,,
2015111600100294,2015년 11월 16일 13시,월요일,경상북도 안동시 풍산읍,중상사고,0,1,0,0,차대차 - 측면직각충돌,기타,건조,맑음,교차로 - 교차로안,원동기,남,89세,중상,농기계,남,74세,상해없음
2015111600100295,2015년 11월 16일 13시,월요일,경상북도 상주시 남성동,중상사고,0,1,0,0,차대차 - 측면직각충돌,안전운전불이행,건조,흐림,단일로 - 기타,자전거,여,84세,중상,화물,남,65세,상해없음
2015111600100296,2015년 11월 16일 13시,월요일,경상북도 칠곡군 왜관읍,경상사고,0,0,1,1,차대차 - 기타,중앙선침범,건조,맑음,단일로 - 기타,승용,남,63세,부상신고,화물,남,58세,경상
2015111600100297,2015년 11월 16일 13시,월요일,경상북도 영덕군 영덕읍,경상사고,0,0,1,0,차량단독 - 전도전복,안전운전불이행,건조,맑음,단일로 - 기타,건설기계,남,66세,경상,,,,
2015111600100298,2015년 11월 16일 13시,월요일,경상북도 구미시 옥계동,경상사고,0,0,1,0,차대차 - 추돌 - 주정차중,안전거리미확보,건조,맑음,교차로 - 교차로부근,승용,남,21세,상해없음,승용,여,32세,경상
2015111600100322,2015년 11월 16일 14시,월요일,경상북도 안동시 법흥동,중상사고,0,2,0,1,차대차 - 측면직각충돌,직진우회전진행방해,건조,맑음,교차로 - 교차로안,승용,남,75세,부상신고,승용,여,55세,중상
2015111600100323,2015년 11월 16일 14시,월요일,경상북도 칠곡군 왜관읍,경상사고,0,0,2,0,차대차 - 기타,신호위반,건조,맑음,교차로 - 교차로안,승용,여,44세,상해없음,승용,남,55세,경상
2015111600100324,2015년 11월 16일 14시,월요일,경상북도 문경시 흥덕동,경상사고,0,0,1,0,차대차 - 정면충돌,안전운전불이행,건조,흐림,교차로 - 교차로안,화물,남,67세,상해없음,이륜,남,40세,경상
2015111600100363,2015년 11월 16일 15시,월요일,경상북도 상주시 복룡동,중상사고,0,1,0,0,차대차 - 측면직각충돌,교차로운행방법위반,습기,비,교차로 - 교차로안,승용,여,56세,상해없음,이륜,남,42세,중상
2015111600100364,2015년 11월 16일 15시,월요일,경상북도 상주시 사벌면,경상사고,0,0,2,0,차량단독 - 공작물충돌,안전운전불이행,습기,비,단일로 - 기타,승용,남,76세,경상,,,,
2015111600100412,2015년 11월 16일 16시,월요일,경상북도 경주시 천북면,경상사고,0,0,1,0,차대차 - 추돌 - 주정차중,안전거리미확보,습기,비,단일로 - 기타,승용,여,44세,상해없음,승용,여,45세,경상
2015111600100414,2015년 11월 16일 16시,월요일,경상북도 경산시 중산동,경상사고,0,0,1,0,차대차 - 기타,안전운전불이행,습기,비,단일로 - 기타,자전거,남,68세,경상,화물,여,48세,상해없음
2015111600100415,2015년 11월 16일 16시,월요일,경상북도 영덕군 지품면,사망사고,1,0,2,0,차대차 - 정면충돌,중앙선침범,습기,비,단일로 - 기타,화물,남,48세,사망,승합,남,41세,상해없음
2015111600100416,2015년 11월 16일 16시,월요일,경상북도 성주군 벽진면,경상사고,0,0,2,0,차대차 - 정면충돌,중앙선침범,습기,비,단일로 - 기타,화물,남,63세,상해없음,화물,여,48세,경상
2015111600100417,2015년 11월 16일 16시,월요일,경상북도 포항시 남구 대잠동,경상사고,0,0,2,0,차대차 - 추돌 - 진행중,안전운전불이행,습기,비,단일로 - 기타,화물,남,72세,상해없음,승용,여,36세,경상
2015111600100480,2015년 11월 16일 17시,월요일,경상북도 경주시 용강동,중상사고,0,1,1,0,차대차 - 측면직각충돌,신호위반,습기,비,교차로 - 교차로부근,승용,여,60세,상해없음,승용,여,43세,중상
2015111600100481,2015년 11월 16일 17시,월요일,경상북도 안동시 안흥동,경상사고,0,0,1,0,차대차 - 측면직각충돌,안전운전불이행,건조,맑음,단일로 - 기타,승용,남,63세,상해없음,승용,여,61세,경상
2015111600100482,2015년 11월 16일 17시,월요일,경상북도 포항시 남구 동촌동,중상사고,0,1,0,0,차대사람 - 보도통행중,신호위반,습기,비,단일로 - 횡단보도상,이륜,남,63세,상해없음,보행자,남,44세,중상
2015111600100559,2015년 11월 16일 18시,월요일,경상북도 김천시 평화동,경상사고,0,0,1,0,차대차 - 추돌 - 진행중,안전운전불이행,습기,비,단일로 - 기타,승용,여,46세,경상,승용,남,66세,상해없음
2015111600100560,2015년 11월 16일 18시,월요일,경상북도 영천시 망정동,경상사고,0,0,1,0,차대사람 - 차도통행중,안전운전불이행,습기,비,교차로 - 교차로안,화물,남,48세,상해없음,보행자,여,54세,경상
2015111600100561,2015년 11월 16일 18시,월요일,경상북도 문경시 점촌동,경상사고,0,0,1,0,차대사람 - 차도통행중,안전운전불이행,습기,비,교차로 - 교차로안,원동기,남,40세,상해없음,보행자,여,36세,경상
2015111600100562,2015년 11월 16일 18시,월요일,경상북도 청도군 이서면,중상사고,0,1,0,0,차대사람 - 횡단중,안전운전불이행,습기,비,단일로 - 기타,승용,남,51세,상해없음,보행자,남,83세,중상
2015111600100563,2015년 11월 16일 18시,월요일,경상북도 군위군 군위읍,중상사고,0,1,0,0,차대사람 - 횡단중,안전운전불이행,습기,비,단일로 - 기타,승용,남,32세,상해없음,보행자,여,72세,중상
2015111600100564,2015년 11월 16일 18시,월요일,경상북도 포항시 남구 오천읍,중상사고,0,2,0,0,차대사람 - 횡단중,안전운전불이행,건조,맑음,단일로 - 횡단보도부근,승용,남,22세,상해없음,보행자,남,46세,중상
2015111600100565,2015년 11월 16일 18시,월요일,경상북도 안동시 풍산읍,중상사고,0,1,2,0,차대차 - 기타,안전운전불이행,습기,비,단일로 - 기타,화물,남,54세,상해없음,승용,여,54세,중상
2015111600100637,2015년 11월 16일 19시,월요일,경상북도 안동시 용상동,중상사고,0,1,0,0,차대사람 - 횡단중,안전운전불이행,습기,비,교차로 - 교차로안,승용,남,43세,상해없음,보행자,여,41세,중상
2015111600100638,2015년 11월 16일 19시,월요일,경상북도 영주시 평은면,사망사고,1,6,7,0,차대차 - 추돌 - 주정차중,안전운전불이행,습기,비,교차로 - 교차로부근,화물,남,50세,사망,승합,남,60세,경상
2015111600100639,2015년 11월 16일 19시,월요일,경상북도 영천시 문외동,중상사고,0,2,12,0,차대차 - 측면직각충돌,교차로운행방법위반,습기,비,교차로 - 교차로부근,승용,남,36세,기타불명,승용,남,41세,중상
2015111600100640,2015년 11월 16일 19시,월요일,경상북도 포항시 남구 괴동동,경상사고,0,0,1,0,차대차 - 추돌 - 진행중,안전운전불이행,습기,비,단일로 - 기타,승합,남,76세,상해없음,승용,남,28세,경상
2015111600100680,2015년 11월 16일 20시,월요일,경상북도 경산시 중방동,경상사고,0,0,1,0,차대차 - 측면직각충돌,중앙선침범,건조,맑음,단일로 - 기타,자전거,남,14세,경상,화물,남,37세,상해없음
2015111600100681,2015년 11월 16일 20시,월요일,경상북도 구미시 임은동,중상사고,0,3,0,1,차량단독 - 공작물충돌,안전운전불이행,습기,비,단일로 - 기타,승용,남,18세,상해없음,,,,
2015111600100722,2015년 11월 16일 21시,월요일,경상북도 경주시 황성동,경상사고,0,0,1,1,차량단독 - 공작물충돌,안전운전불이행,건조,맑음,단일로 - 기타,승용,여,33세,부상신고,,,,
2015111600100723,2015년 11월 16일 21시,월요일,경상북도 포항시 북구 죽도동,경상사고,0,0,3,0,차대차 - 측면직각충돌,신호위반,건조,맑음,교차로 - 교차로안,승용,남,61세,상해없음,승용,남,41세,경상
2015111600100724,2015년 11월 16일 21시,월요일,경상북도 구미시 송정동,경상사고,0,0,1,0,차대차 - 기타,안전운전불이행,습기,비,교차로 - 교차로부근,승용,남,61세,상해없음,승용,여,56세,경상
2015111600100725,2015년 11월 16일 21시,월요일,경상북도 포항시 남구 오천읍,경상사고,0,0,1,0,차대차 - 추돌 - 진행중,안전운전불이행,습기,비,교차로 - 교차로부근,승용,남,50세,상해없음,승용,남,59세,경상
2015111600100766,2015년 11월 16일 22시,월요일,경상북도 경산시 하양읍,경상사고,0,0,1,0,차대차 - 측면직각충돌,안전거리미확보,습기,흐림,교차로 - 교차로부근,승용,남,22세,상해없음,이륜,남,19세,경상
2015111600100798,2015년 11월 16일 23시,월요일,경상북도 경산시 조영동,경상사고,0,0,1,0,차대사람 - 기타,교차로운행방법위반,건조,맑음,교차로 - 교차로안,승용,남,57세,상해없음,보행자,남,23세,경상
2015111600100799,2015년 11월 16일 23시,월요일,경상북도 구미시 양호동,경상사고,0,0,1,0,차대차 - 추돌 - 진행중,안전운전불이행,건조,흐림,단일로 - 기타,승용,남,32세,상해없음,승용,남,28세,경상
2015111700100038,2015년 11월 17일 02시,화요일,경상북도 포항시 북구 장성동,중상사고,0,1,0,0,차대차 - 측면직각충돌,신호위반,습기,비,교차로 - 교차로안,승용,남,54세,상해없음,승용,남,41세,중상
2015111700100044,2015년 11월 17일 03시,화요일,경상북도 경산시 대평동,경상사고,0,0,1,0,차량단독 - 전도전복,안전운전불이행,습기,비,단일로 - 교량,이륜,남,22세,경상,,,,
2015111700100086,2015년 11월 17일 06시,화요일,경상북도 경주시 현곡면,중상사고,0,1,0,0,차대사람 - 횡단중,안전운전불이행,습기,흐림,교차로 - 교차로부근,승용,여,45세,상해없음,보행자,여,74세,중상
2015111700100100,2015년 11월 17일 07시,화요일,경상북도 구미시 공단동,중상사고,0,1,0,0,차대차 - 기타,교차로운행방법위반,건조,흐림,교차로 - 교차로안,승용,남,51세,상해없음,자전거,남,58세,중상
2015111700100139,2015년 11월 17일 08시,화요일,경상북도 포항시 남구 해도동,경상사고,0,0,1,0,차대차 - 측면직각충돌,안전운전불이행,건조,흐림,단일로 - 횡단보도상,승용,남,73세,상해없음,이륜,남,38세,경상
2015111700100163,2015년 11월 17일 09시,화요일,경상북도 안동시 와룡면,중상사고,0,1,0,0,차대차 - 측면직각충돌,직진우회전진행방해,건조,맑음,교차로 - 교차로안,화물,여,58세,상해없음,화물,남,72세,중상
2015111700100164,2015년 11월 17일 09시,화요일,경상북도 문경시 점촌동,중상사고,0,1,0,0,차대사람 - 기타,안전운전불이행,건조,맑음,교차로 - 교차로부근,승용,여,33세,상해없음,보행자,여,57세,중상
2015111700100165,2015년 11월 17일 09시,화요일,경상북도 봉화군 봉화읍,중상사고,0,1,0,0,차대사람 - 횡단중,안전운전불이행,건조,맑음,교차로 - 교차로안,승합,남,38세,상해없음,보행자,여,77세,중상
2015111700100166,2015년 11월 17일 09시,화요일,경상북도 구미시 고아읍,중상사고,0,1,0,0,차대차 - 측면직각충돌,차로위반,건조,맑음,교차로 - 교차로안,이륜,여,71세,중상,승용,남,44세,상해없음
2015111700100204,2015년 11월 17일 10시,화요일,경상북도 안동시 옥동,경상사고,0,0,1,0,차대사람 - 횡단중,보행자보호의무위반,건조,맑음,교차로 - 교차로안,승용,남,31세,상해없음,보행자,여,42세,경상
2015111700100205,2015년 11월 17일 10시,화요일,경상북도 경산시 계양동,경상사고,0,0,2,0,차대차 - 측면직각충돌,교차로운행방법위반,습기,비,교차로 - 교차로안,승용,여,22세,상해없음,승용,남,61세,경상
2015111700100206,2015년 11월 17일 10시,화요일,경상북도 포항시 남구 대도동,경상사고,0,0,2,0,차대차 - 정면충돌,안전운전불이행,기타,맑음,기타 - 기타,승용,여,44세,상해없음,승용,남,31세,경상
2015111700100235,2015년 11월 17일 11시,화요일,경상북도 영주시 상망동,경상사고,0,0,1,0,차대차 - 추돌 - 주정차중,안전운전불이행,건조,흐림,교차로 - 교차로부근,화물,남,71세,상해없음,화물,남,67세,경상
2015111700100266,2015년 11월 17일 12시,화요일,경상북도 문경시 동로면,중상사고,0,2,4,0,차대차 - 정면충돌,중앙선침범,습기,맑음,단일로 - 기타,화물,남,39세,경상,화물,남,58세,경상
2015111700100290,2015년 11월 17일 13시,화요일,경상북도 포항시 남구 오천읍,중상사고,0,1,0,0,차대차 - 정면충돌,중앙선침범,습기,흐림,단일로 - 기타,승용,남,26세,중상,화물,남,37세,상해없음
2015111700100320,2015년 11월 17일 14시,화요일,경상북도 김천시 율곡동,경상사고,0,0,2,0,차대차 - 측면직각충돌,안전운전불이행,건조,흐림,교차로 - 교차로안,승용,여,56세,경상,화물,남,65세,경상
2015111700100381,2015년 11월 17일 16시,화요일,경상북도 칠곡군 왜관읍,부상신고사고,0,0,0,1,차대차 - 측면직각충돌,교차로운행방법위반,습기,흐림,교차로 - 교차로안,이륜,남,68세,부상신고,화물,남,60세,상해없음
2015111700100428,2015년 11월 17일 17시,화요일,경상북도 경주시 충효동,경상사고,0,0,1,0,차대차 - 측면직각충돌,안전운전불이행,건조,맑음,교차로 - 교차로안,승용,남,49세,상해없음,자전거,남,81세,경상
2015111700100429,2015년 11월 17일 17시,화요일,경상북도 구미시 선산읍,중상사고,0,1,0,1,차대차 - 측면직각충돌,교차로운행방법위반,건조,기타,교차로 - 교차로안,승용,남,56세,부상신고,화물,남,54세,중상
2015111700100430,2015년 11월 17일 17시,화요일,경상북도 구미시 고아읍,경상사고,0,0,1,0,차대차 - 추돌 - 주정차중,안전운전불이행,건조,맑음,단일로 - 기타,원동기,남,60세,경상,건설기계,남,52세,기타불명
2015111700100431,2015년 11월 17일 17시,화요일,경상북도 구미시 사곡동,중상사고,0,1,0,0,차대차 - 정면충돌,중앙선침범,습기,비,교차로 - 교차로부근,화물,남,52세,상해없음,화물,남,27세,중상
2015111700100432,2015년 11월 17일 17시,화요일,경상북도 포항시 남구 해도동,경상사고,0,0,3,0,차대차 - 측면직각충돌,중앙선침범,건조,맑음,단일로 - 기타,승용,여,64세,경상,승용,남,59세,경상
2015111700100489,2015년 11월 17일 18시,화요일,경상북도 구미시 고아읍,경상사고,0,0,1,0,차대차 - 추돌 - 주정차중,안전운전불이행,건조,기타,단일로 - 기타,화물,남,67세,상해없음,승용,남,29세,경상
2015111700100490,2015년 11월 17일 18시,화요일,경상북도 포항시 남구 대도동,사망사고,1,0,0,0,차대사람 - 횡단중,안전운전불이행,습기,비,단일로 - 기타,화물,남,50세,상해없음,보행자,남,77세,사망