사고번호,사고일시,요일,시군구,사고내용,사망자수,중상자수,경상자수,부상신고자수,사고유형,법규위반,노면상태,기상상태,도로형태,가해운전자 차종,가해운전자 성별,가해운전자 연령,가해운전자 상해정도,피해운전자 차종,피해운전자 성별,피해운전자 연령,피해운전자 상해정도
2015111700100574,2015년 11월 17일 20시,화요일,경상북도 상주시 이안면,중상사고,0,1,0,0,차대사람 - 기타,안전운전불이행,습기,흐림,단일로 - 기타,승용,여,56세,상해없음,보행자,여,61세,중상
2015111700100575,2015년 11월 17일 20시,화요일,경상북도 영천시 임고면,경상사고,0,0,2,0,차대차 - 측면직각충돌,안전운전불이행,건조,맑음,단일로 - 기타,승용,남,71세,상해없음,승용,남,32세,경상
2015111700100611,2015년 11월 17일 21시,화요일,경상북도 경산시 조영동,경상사고,0,0,1,0,차대사람 - 차도통행중,안전운전불이행,건조,맑음,단일로 - 기타,기타불명,기타불명,기타불명,기타불명,보행자,남,19세,경상
2015111700100650,2015년 11월 17일 22시,화요일,경상북도 포항시 남구 장흥동,사망사고,1,0,0,0,차대차 - 추돌 - 주정차중,안전운전불이행,습기,비,단일로 - 기타,원동기,남,67세,사망,특수,남,46세,기타불명
2015111700100668,2015년 11월 17일 23시,화요일,경상북도 경주시 황성동,부상신고사고,0,0,0,1,차대차 - 측면직각충돌,안전운전불이행,건조,맑음,단일로 - 기타,승용,남,17세,상해없음,이륜,남,16세,부상신고
2015111700100669,2015년 11월 17일 23시,화요일,경상북도 포항시 북구 송라면,중상사고,0,1,0,0,차대사람 - 횡단중,안전운전불이행,습기,비,단일로 - 기타,승용,남,38세,상해없음,보행자,여,47세,중상
2015111700100670,2015년 11월 17일 23시,화요일,경상북도 안동시 옥야동,경상사고,0,0,3,0,차대차 - 추돌 - 주정차중,안전거리미확보,습기,비,교차로 - 교차로부근,승용,남,39세,상해없음,승용,남,59세,경상
2015111800100038,2015년 11월 18일 02시,수요일,경상북도 울진군 죽변면,중상사고,0,1,1,0,차대차 - 추돌 - 주정차중,안전운전불이행,건조,맑음,단일로 - 기타,승용,남,34세,경상,승용,여,54세,상해없음
2015111800100085,2015년 11월 18일 06시,수요일,경상북도 봉화군 법전면,중상사고,0,1,0,0,차대사람 - 차도통행중,안전운전불이행,습기,비,단일로 - 기타,화물,남,50세,상해없음,보행자,남,66세,중상
2015111800100086,2015년 11월 18일 06시,수요일,경상북도 구미시 구평동,경상사고,0,0,1,0,차대차 - 측면직각충돌,안전운전불이행,습기,비,교차로 - 교차로안,승용,남,37세,상해없음,자전거,남,14세,경상
2015111800100087,2015년 11월 18일 06시,수요일,경상북도 구미시 진평동,경상사고,0,0,1,0,차대사람 - 차도통행중,안전운전불이행,건조,흐림,단일로 - 기타,승용,남,33세,상해없음,보행자,여,25세,경상
2015111800100088,2015년 11월 18일 06시,수요일,경상북도 포항시 남구 해도동,경상사고,0,0,1,0,차대차 - 측면직각충돌,안전운전불이행,습기,비,단일로 - 기타,승용,여,39세,상해없음,자전거,남,66세,경상
2015111800100147,2015년 11월 18일 08시,수요일,경상북도 경주시 천북면,경상사고,0,0,2,0,차대차 - 추돌 - 주정차중,안전운전불이행,습기,비,단일로 - 기타,승용,남,48세,상해없음,승용,여,39세,경상
2015111800100148,2015년 11월 18일 08시,수요일,경상북도 영천시 금호읍,경상사고,0,0,2,0,차대차 - 측면직각충돌,교차로운행방법위반,습기,흐림,교차로 - 교차로안,승용,남,60세,경상,승용,여,37세,경상
2015111800100149,2015년 11월 18일 08시,수요일,경상북도 포항시 남구 이동,경상사고,0,0,1,0,차대차 - 측면직각충돌,교차로운행방법위반,습기,비,교차로 - 교차로안,승용,남,59세,상해없음,승용,남,30세,경상
2015111800100178,2015년 11월 18일 09시,수요일,경상북도 경주시 노서동,경상사고,0,0,1,0,차대사람 - 기타,안전운전불이행,건조,맑음,단일로 - 기타,승용,남,66세,상해없음,보행자,여,73세,경상
2015111800100179,2015년 11월 18일 09시,수요일,경상북도 포항시 북구 두호동,경상사고,0,0,1,0,차대차 - 측면직각충돌,직진우회전진행방해,건조,맑음,교차로 - 교차로안,승용,남,71세,상해없음,승용,남,42세,경상
2015111800100206,2015년 11월 18일 10시,수요일,경상북도 경주시 조양동,경상사고,0,0,2,0,차대차 - 측면직각충돌,안전운전불이행,건조,맑음,단일로 - 기타,특수,남,51세,상해없음,승용,남,37세,경상
2015111800100207,2015년 11월 18일 10시,수요일,경상북도 상주시 화서면,경상사고,0,0,1,0,차대차 - 측면직각충돌,중앙선침범,습기,비,단일로 - 기타,화물,남,53세,상해없음,승용,여,44세,경상
2015111800100261,2015년 11월 18일 12시,수요일,경상북도 구미시 송정동,중상사고,0,1,0,0,차대차 - 기타,중앙선침범,습기,비,단일로 - 기타,승용,남,23세,상해없음,이륜,남,20세,중상
2015111800100289,2015년 11월 18일 13시,수요일,경상북도 경주시 외동읍,중상사고,0,1,0,0,차대차 - 추돌 - 주정차중,중앙선침범,습기,맑음,교차로 - 교차로부근,승용,남,43세,상해없음,화물,남,50세,중상
2015111800100290,2015년 11월 18일 13시,수요일,경상북도 구미시 공단동,경상사고,0,0,1,0,차대차 - 기타,안전운전불이행,습기,흐림,교차로 - 교차로안,승용,남,49세,상해없음,이륜,남,39세,경상
2015111800100291,2015년 11월 18일 13시,수요일,경상북도 포항시 남구 오천읍,경상사고,0,0,1,0,차대차 - 측면직각충돌,직진우회전진행방해,건조,맑음,교차로 - 교차로안,승용,남,54세,상해없음,승용,남,33세,경상
2015111800100355,2015년 11월 18일 15시,수요일,경상북도 경산시 삼북동,경상사고,0,0,1,0,차대차 - 측면직각충돌,불법유턴,습기,흐림,교차로 - 교차로안,자전거,남,12세,경상,승용,남,21세,상해없음
2015111800100356,2015년 11월 18일 15시,수요일,경상북도 구미시 고아읍,중상사고,0,1,0,0,차대차 - 측면직각충돌,차로위반,습기,비,교차로 - 교차로부근,화물,남,26세,상해없음,이륜,남,17세,중상
2015111800100397,2015년 11월 18일 16시,수요일,경상북도 칠곡군 약목면,경상사고,0,0,1,0,차대차 - 측면직각충돌,직진우회전진행방해,습기,흐림,교차로 - 교차로부근,승용,여,47세,상해없음,화물,남,51세,경상
2015111800100398,2015년 11월 18일 16시,수요일,경상북도 구미시 인의동,중상사고,0,1,0,0,차대차 - 기타,교차로운행방법위반,습기,비,교차로 - 교차로부근,화물,남,32세,상해없음,이륜,남,20세,중상
2015111800100456,2015년 11월 18일 17시,수요일,경상북도 봉화군 물야면,사망사고,1,0,0,1,차대차 - 추돌 - 진행중,안전운전불이행,습기,비,단일로 - 기타,승용,남,56세,부상신고,농기계,남,72세,사망
2015111800100457,2015년 11월 18일 17시,수요일,경상북도 구미시 공단동,경상사고,0,0,3,0,차대차 - 추돌 - 주정차중,안전거리미확보,건조,흐림,단일로 - 기타,승용,남,40세,상해없음,승용,남,31세,경상
2015111800100458,2015년 11월 18일 17시,수요일,경상북도 구미시 봉곡동,중상사고,0,1,0,0,차대사람 - 횡단중,보행자보호의무위반,습기,비,교차로 - 교차로부근,승용,남,48세,상해없음,보행자,여,46세,중상
2015111800100522,2015년 11월 18일 18시,수요일,경상북도 포항시 북구 죽도동,경상사고,0,0,1,0,차대사람 - 횡단중,안전운전불이행,건조,맑음,단일로 - 기타,승용,남,40세,상해없음,보행자,여,71세,경상
2015111800100523,2015년 11월 18일 18시,수요일,경상북도 영주시 가흥동,중상사고,0,1,0,0,차대사람 - 횡단중,안전운전불이행,습기,흐림,단일로 - 기타,승용,남,68세,상해없음,보행자,남,87세,중상
2015111800100524,2015년 11월 18일 18시,수요일,경상북도 구미시 봉곡동,부상신고사고,0,0,0,1,차대차 - 정면충돌,안전운전불이행,건조,흐림,교차로 - 교차로안,승용,여,42세,상해없음,이륜,남,24세,부상신고
2015111800100525,2015년 11월 18일 18시,수요일,경상북도 구미시 거의동,중상사고,0,1,0,0,차대사람 - 횡단중,안전운전불이행,적설,비,단일로 - 기타,승용,남,37세,상해없음,보행자,여,67세,중상
2015111800100589,2015년 11월 18일 19시,수요일,경상북도 김천시 아포읍,경상사고,0,0,1,0,차대차 - 정면충돌,직진우회전진행방해,습기,비,교차로 - 교차로안,승용,남,47세,기타불명,승용,여,33세,경상
2015111800100590,2015년 11월 18일 19시,수요일,경상북도 영천시 조교동,중상사고,0,2,0,0,차량단독 - 공작물충돌,안전운전불이행,건조,맑음,단일로 - 기타,승용,남,74세,중상,,,,
2015111800100591,2015년 11월 18일 19시,수요일,경상북도 영덕군 영덕읍,중상사고,0,1,0,0,차대사람 - 횡단중,과속,습기,비,단일로 - 기타,승용,남,55세,상해없음,보행자,여,18세,중상
2015111800100592,2015년 11월 18일 19시,수요일,경상북도 구미시 형곡동,부상신고사고,0,0,0,1,차대차 - 추돌 - 주정차중,안전운전불이행,적설,비,교차로 - 교차로부근,이륜,남,16세,부상신고,승용,여,55세,상해없음
2015111800100593,2015년 11월 18일 19시,수요일,경상북도 구미시 선산읍,경상사고,0,0,1,0,차대차 - 정면충돌,안전운전불이행,적설,비,교차로 - 교차로안,승용,남,47세,상해없음,화물,남,36세,경상
2015111800100594,2015년 11월 18일 19시,수요일,경상북도 포항시 남구 상도동,경상사고,0,0,1,0,차대차 - 기타,신호위반,습기,비,단일로 - 기타,승용,여,32세,상해없음,자전거,남,61세,경상
2015111800100595,2015년 11월 18일 19시,수요일,경상북도 포항시 남구 지곡동,중상사고,0,1,0,0,차대차 - 측면직각충돌,중앙선침범,습기,비,교차로 - 교차로부근,승용,여,44세,상해없음,원동기,남,54세,중상
2015111800100639,2015년 11월 18일 20시,수요일,경상북도 포항시 남구 오천읍,경상사고,0,0,4,0,차대차 - 측면직각충돌,중앙선침범,습기,비,교차로 - 교차로안,승용,남,61세,상해없음,승용,남,32세,경상
2015111800100686,2015년 11월 18일 21시,수요일,경상북도 경주시 황성동,중상사고,0,1,1,0,차대차 - 기타,신호위반,습기,비,교차로 - 교차로안,승용,여,46세,경상,승용,남,35세,중상
2015111800100724,2015년 11월 18일 22시,수요일,경상북도 경주시 구정동,중상사고,0,1,2,0,차대차 - 측면직각충돌,신호위반,습기,비,교차로 - 교차로안,승용,여,43세,상해없음,승용,여,50세,경상
2015111800100725,2015년 11월 18일 22시,수요일,경상북도 경주시 북부동,경상사고,0,0,1,0,차대차 - 기타,안전운전불이행,습기,비,단일로 - 기타,승용,여,42세,상해없음,자전거,남,90세 이상,경상
2015111800100726,2015년 11월 18일 22시,수요일,경상북도 포항시 북구 장성동,경상사고,0,0,1,0,차대차 - 정면충돌,교차로운행방법위반,습기,비,교차로 - 교차로안,승용,여,58세,상해없음,원동기,남,27세,경상
2015111800100727,2015년 11월 18일 22시,수요일,경상북도 포항시 북구 양덕동,중상사고,0,1,0,0,차대사람 - 횡단중,보행자보호의무위반,습기,비,교차로 - 교차로안,승합,남,62세,상해없음,보행자,남,57세,중상
2015111800100757,2015년 11월 18일 23시,수요일,경상북도 구미시 도량동,경상사고,0,0,1,0,차대사람 - 보도통행중,안전운전불이행,습기,흐림,단일로 - 기타,승용,남,47세,기타불명,보행자,남,44세,경상
2015111900100027,2015년 11월 19일 01시,목요일,경상북도 포항시 북구 양덕동,경상사고,0,0,1,0,차대사람 - 횡단중,안전운전불이행,습기,흐림,단일로 - 기타,승용,남,58세,상해없음,보행자,남,27세,경상
2015111900100028,2015년 11월 19일 01시,목요일,경상북도 포항시 북구 두호동,경상사고,0,0,4,0,차대차 - 정면충돌,안전운전불이행,습기,흐림,교차로 - 교차로부근,승합,남,30세,상해없음,승용,남,66세,경상
2015111900100029,2015년 11월 19일 01시,목요일,경상북도 경산시 사동,경상사고,0,0,3,0,차대사람 - 횡단중,안전운전불이행,건조,맑음,교차로 - 교차로부근,화물,남,22세,상해없음,보행자,남,20세,경상
2015111900100030,2015년 11월 19일 01시,목요일,경상북도 구미시 신평동,중상사고,0,1,1,0,차대차 - 정면충돌,안전운전불이행,건조,맑음,단일로 - 기타,승용,남,40세,상해없음,승용,남,48세,경상
2015111900100056,2015년 11월 19일 04시,목요일,경상북도 상주시 낙동면,중상사고,0,1,1,0,차대차 - 추돌 - 진행중,안전운전불이행,건조,맑음,단일로 - 기타,화물,남,45세,중상,화물,남,33세,경상
2015111900100066,2015년 11월 19일 05시,목요일,경상북도 포항시 북구 환호동,경상사고,0,0,2,0,차대차 - 측면직각충돌,차로위반,건조,맑음,단일로 - 기타,승용,남,66세,상해없음,승용,남,64세,경상
2015111900100114,2015년 11월 19일 07시,목요일,경상북도 칠곡군 왜관읍,경상사고,0,0,1,0,차대차 - 기타,신호위반,건조,맑음,교차로 - 교차로안,승용,남,49세,상해없음,승용,여,40세,경상
2015111900100144,2015년 11월 19일 08시,목요일,경상북도 경주시 충효동,중상사고,0,1,0,0,차대차 - 측면직각충돌,안전운전불이행,건조,맑음,교차로 - 교차로안,승용,여,36세,중상,화물,남,38세,상해없음
2015111900100145,2015년 11월 19일 08시,목요일,경상북도 안동시 풍천면,경상사고,0,0,2,0,차대차 - 기타,교차로운행방법위반,건조,맑음,교차로 - 교차로안,승용,여,53세,경상,승용,여,58세,경상
2015111900100146,2015년 11월 19일 08시,목요일,경상북도 성주군 가천면,경상사고,0,0,1,0,차대사람 - 차도통행중,안전운전불이행,습기,흐림,교차로 - 교차로안,승용,여,62세,기타불명,보행자,남,76세,경상
2015111900100179,2015년 11월 19일 09시,목요일,경상북도 영주시 가흥동,중상사고,0,1,3,0,차대차 - 정면충돌,안전운전불이행,건조,흐림,교차로 - 교차로안,승용,남,72세,상해없음,승용,여,46세,경상
2015111900100180,2015년 11월 19일 09시,목요일,경상북도 구미시 선산읍,중상사고,0,1,1,0,차대차 - 측면직각충돌,안전운전불이행,건조,맑음,교차로 - 교차로안,화물,남,50세,중상,승용,남,51세,경상
2015111900100206,2015년 11월 19일 10시,목요일,경상북도 경주시 외동읍,중상사고,0,1,0,0,차대사람 - 횡단중,안전운전불이행,건조,맑음,단일로 - 기타,승용,여,39세,상해없음,보행자,여,63세,중상
2015111900100207,2015년 11월 19일 10시,목요일,경상북도 영주시 영주동,경상사고,0,0,1,0,차대사람 - 횡단중,신호위반,건조,맑음,교차로 - 교차로부근,화물,남,61세,상해없음,보행자,여,66세,경상
2015111900100259,2015년 11월 19일 12시,목요일,경상북도 포항시 북구 학잠동,경상사고,0,0,1,0,차대차 - 정면충돌,안전운전불이행,건조,맑음,교차로 - 교차로안,승용,여,36세,상해없음,자전거,남,73세,경상
2015111900100260,2015년 11월 19일 12시,목요일,경상북도 구미시 봉곡동,경상사고,0,0,1,0,차대사람 - 기타,안전운전불이행,건조,맑음,단일로 - 기타,승용,여,28세,상해없음,보행자,여,54세,경상
2015111900100261,2015년 11월 19일 12시,목요일,경상북도 구미시 형곡동,경상사고,0,0,1,0,차대차 - 정면충돌,교차로운행방법위반,건조,맑음,교차로 - 교차로안,승용,여,62세,상해없음,원동기,남,29세,경상
2015111900100282,2015년 11월 19일 13시,목요일,경상북도 포항시 북구 양덕동,경상사고,0,0,1,0,차대차 - 측면직각충돌,안전운전불이행,건조,맑음,교차로 - 교차로안,승용,여,42세,상해없음,원동기,남,56세,경상
2015111900100283,2015년 11월 19일 13시,목요일,경상북도 영천시 문내동,경상사고,0,0,1,0,차대사람 - 기타,안전운전불이행,건조,흐림,단일로 - 기타,승용,남,66세,상해없음,보행자,남,8세,경상
2015111900100284,2015년 11월 19일 13시,목요일,경상북도 문경시 문경읍,중상사고,0,1,0,0,차대차 - 정면충돌,기타,건조,맑음,단일로 - 기타,화물,남,64세,상해없음,원동기,여,53세,중상
2015111900100285,2015년 11월 19일 13시,목요일,경상북도 군위군 효령면,경상사고,0,0,1,0,차대차 - 기타,안전운전불이행,건조,흐림,교차로 - 교차로안,특수,남,43세,상해없음,농기계,남,83세,경상
2015111900100286,2015년 11월 19일 13시,목요일,경상북도 포항시 남구 괴동동,경상사고,0,0,1,0,차대차 - 정면충돌,교차로운행방법위반,건조,맑음,교차로 - 교차로안,특수,남,49세,상해없음,승용,남,36세,경상
2015111900100355,2015년 11월 19일 15시,목요일,경상북도 안동시 용상동,경상사고,0,0,2,0,차대차 - 정면충돌,안전거리미확보,건조,맑음,단일로 - 기타,승합,남,61세,상해없음,승용,남,42세,경상
2015111900100356,2015년 11월 19일 15시,목요일,경상북도 영주시 봉현면,경상사고,0,0,1,0,차대차 - 추돌 - 진행중,안전운전불이행,건조,맑음,단일로 - 기타,화물,남,21세,상해없음,승용,여,69세,경상
2015111900100384,2015년 11월 19일 16시,목요일,경상북도 경주시 강동면,경상사고,0,0,1,0,차대차 - 정면충돌,신호위반,건조,맑음,교차로 - 교차로안,승용,여,39세,상해없음,승용,남,50세,경상
2015111900100385,2015년 11월 19일 16시,목요일,경상북도 포항시 북구 우현동,경상사고,0,0,1,0,차대사람 - 횡단중,안전운전불이행,건조,맑음,단일로 - 기타,승용,남,44세,상해없음,보행자,여,13세,경상
2015111900100386,2015년 11월 19일 16시,목요일,경상북도 상주시 계산동,중상사고,0,1,0,0,차대차 - 측면직각충돌,안전운전불이행,습기,흐림,단일로 - 기타,화물,남,46세,상해없음,화물,남,42세,중상
2015111900100387,2015년 11월 19일 16시,목요일,경상북도 포항시 남구 오천읍,경상사고,0,0,2,0,차대차 - 정면충돌,안전운전불이행,건조,흐림,교차로 - 교차로안,승용,남,25세,상해없음,승용,여,29세,경상
2015111900100446,2015년 11월 19일 17시,목요일,경상북도 안동시 풍산읍,경상사고,0,0,1,0,차대차 - 정면충돌,안전거리미확보,습기,비,단일로 - 기타,화물,남,39세,상해없음,승용,여,49세,경상
2015111900100447,2015년 11월 19일 17시,목요일,경상북도 영천시 작산동,중상사고,0,2,4,0,차대차 - 정면충돌,중앙선침범,건조,맑음,단일로 - 기타,화물,남,58세,상해없음,승용,남,76세,중상
2015111900100448,2015년 11월 19일 17시,목요일,경상북도 구미시 임은동,부상신고사고,0,0,0,1,차대사람 - 횡단중,안전운전불이행,건조,맑음,단일로 - 기타,기타불명,기타불명,기타불명,기타불명,보행자,남,16세,부상신고
2015111900100511,2015년 11월 19일 18시,목요일,경상북도 포항시 북구 흥해읍,중상사고,0,1,2,0,차대차 - 정면충돌,신호위반,건조,맑음,교차로 - 교차로안,승용,여,28세,상해없음,화물,남,49세,상해없음
2015111900100512,2015년 11월 19일 18시,목요일,경상북도 영천시 금호읍,중상사고,0,1,0,0,차대사람 - 횡단중,안전운전불이행,건조,맑음,단일로 - 기타,화물,남,47세,상해없음,보행자,여,76세,중상
2015111900100513,2015년 11월 19일 18시,목요일,경상북도 성주군 성주읍,사망사고,1,0,0,0,차대차 - 추돌 - 진행중,안전운전불이행,습기,흐림,기타 - 기타,승용,여,45세,상해없음,농기계,남,57세,사망
2015111900100561,2015년 11월 19일 19시,목요일,경상북도 김천시 덕곡동,경상사고,0,0,1,0,차대차 - 정면충돌,안전운전불이행,습기,흐림,교차로 - 교차로부근,승용,남,51세,상해없음,승용,남,65세,경상
2015111900100562,2015년 11월 19일 19시,목요일,경상북도 영주시 가흥동,경상사고,0,0,1,0,차대사람 - 횡단중,신호위반,습기,비,교차로 - 교차로안,승용,남,56세,상해없음,보행자,남,18세,경상
2015111900100603,2015년 11월 19일 20시,목요일,경상북도 김천시 율곡동,경상사고,0,0,1,0,차대차 - 측면직각충돌,안전운전불이행,습기,비,교차로 - 교차로안,승용,여,26세,상해없음,이륜,남,20세,경상
2015111900100604,2015년 11월 19일 20시,목요일,경상북도 칠곡군 북삼읍,중상사고,0,1,0,0,차대사람 - 횡단중,보행자보호의무위반,건조,흐림,단일로 - 기타,승용,남,50세,상해없음,보행자,여,48세,중상
2015111900100605,2015년 11월 19일 20시,목요일,경상북도 영천시 금노동,경상사고,0,0,1,0,차량단독 - 전도전복,안전운전불이행,건조,맑음,단일로 - 기타,이륜,남,37세,경상,,,,
2015111900100606,2015년 11월 19일 20시,목요일,경상북도 청도군 청도읍,중상사고,0,1,1,0,차대차 - 측면직각충돌,신호위반,건조,맑음,교차로 - 교차로안,승용,여,53세,중상,화물,남,47세,상해없음
2015111900100607,2015년 11월 19일 20시,목요일,경상북도 군위군 군위읍,경상사고,0,0,1,0,차대사람 - 횡단중,안전운전불이행,습기,비,단일로 - 기타,승용,여,58세,상해없음,보행자,남,65세,경상
2015111900100676,2015년 11월 19일 22시,목요일,경상북도 영주시 가흥동,중상사고,0,1,0,0,차대사람 - 횡단중,보행자보호의무위반,건조,맑음,교차로 - 교차로부근,승용,남,55세,상해없음,보행자,여,50세,중상
2015111900100677,2015년 11월 19일 22시,목요일,경상북도 문경시 모전동,중상사고,0,1,0,0,차대사람 - 횡단중,안전운전불이행,습기,비,교차로 - 교차로부근,승용,여,47세,상해없음,보행자,남,59세,중상
2015111900100678,2015년 11월 19일 22시,목요일,경상북도 구미시 인의동,경상사고,0,0,1,0,차대사람 - 횡단중,안전운전불이행,건조,맑음,단일로 - 기타,승용,여,31세,상해없음,보행자,여,27세,경상
2015111900100702,2015년 11월 19일 23시,목요일,경상북도 포항시 남구 해도동,경상사고,0,0,1,0,차대차 - 기타,안전운전불이행,습기,비,단일로 - 기타,승용,남,45세,상해없음,승합,남,49세,상해없음
2015112000100019,2015년 11월 20일 00시,금요일,경상북도 구미시 송정동,경상사고,0,0,1,0,차대차 - 정면충돌,신호위반,건조,맑음,교차로 - 교차로안,승용,남,39세,상해없음,승용,여,32세,경상
2015112000100036,2015년 11월 20일 01시,금요일,경상북도 포항시 북구 죽도동,중상사고,0,1,2,0,차대차 - 추돌 - 주정차중,안전운전불이행,건조,흐림,교차로 - 교차로부근,승용,남,33세,상해없음,승용,남,25세,중상
2015112000100068,2015년 11월 20일 05시,금요일,경상북도 안동시 정하동,중상사고,0,1,0,1,차대차 - 정면충돌,직진우회전진행방해,건조,맑음,교차로 - 교차로안,승합,남,48세,부상신고,승용,남,46세,중상
2015112000100090,2015년 11월 20일 06시,금요일,경상북도 구미시 옥계동,중상사고,0,1,0,1,차대사람 - 횡단중,안전운전불이행,건조,기타,단일로 - 기타,이륜,남,31세,부상신고,보행자,남,15세,중상
2015112000100118,2015년 11월 20일 07시,금요일,경상북도 구미시 황상동,중상사고,0,1,2,0,차대차 - 정면충돌,안전운전불이행,건조,맑음,단일로 - 기타,승용,남,25세,경상,승합,남,58세,상해없음
2015112000100157,2015년 11월 20일 08시,금요일,경상북도 문경시 문경읍,경상사고,0,0,2,0,차대차 - 정면충돌,안전운전불이행,건조,맑음,단일로 - 기타,승용,남,25세,상해없음,원동기,남,82세,경상
2015112000100158,2015년 11월 20일 08시,금요일,경상북도 경산시 계양동,경상사고,0,0,1,0,차대차 - 기타,안전거리미확보,건조,맑음,단일로 - 기타,승용,여,44세,상해없음,승용,여,29세,경상
2015112000100159,2015년 11월 20일 08시,금요일,경상북도 구미시 사곡동,경상사고,0,0,1,0,차대사람 - 횡단중,안전운전불이행,습기,흐림,교차로 - 교차로안,화물,남,52세,상해없음,보행자,여,7세,경상
2015112000100204,2015년 11월 20일 10시,금요일,경상북도 경주시 용강동,사망사고,1,0,0,0,차대차 - 기타,중앙선침범,건조,맑음,단일로 - 기타,원동기,남,56세,사망,화물,남,48세,상해없음
2015112000100205,2015년 11월 20일 10시,금요일,경상북도 구미시 송정동,중상사고,0,1,0,0,차대차 - 정면충돌,안전운전불이행,건조,맑음,교차로 - 교차로부근,승용,남,50세,상해없음,자전거,여,70세,중상
2015112000100206,2015년 11월 20일 10시,금요일,경상북도 구미시 공단동,중상사고,0,1,0,0,차대차 - 측면직각충돌,안전운전불이행,건조,맑음,교차로 - 교차로안,화물,남,44세,상해없음,승용,남,51세,중상
2015112000100241,2015년 11월 20일 11시,금요일,경상북도 영천시 자양면,중상사고,0,1,0,0,차대사람 - 길가장자리구역통행중,안전운전불이행,건조,맑음,교차로 - 교차로부근,화물,남,50세,상해없음,보행자,여,66세,중상
2015112000100242,2015년 11월 20일 11시,금요일,경상북도 예천군 용궁면,경상사고,0,0,3,0,차대차 - 추돌 - 주정차중,안전운전불이행,건조,맑음,교차로 - 교차로부근,승용,남,58세,상해없음,승용,남,40세,경상
2015112000100306,2015년 11월 20일 13시,금요일,경상북도 경산시 진량읍,경상사고,0,0,1,0,차대차 - 정면충돌,교차로운행방법위반,건조,맑음,교차로 - 교차로부근,승용,여,43세,상해없음,이륜,남,21세,경상
2015112000100307,2015년 11월 20일 13시,금요일,경상북도 구미시 원평동,경상사고,0,0,1,0,차대사람 - 횡단중,안전운전불이행,건조,맑음,단일로 - 기타,승용,남,30세,기타불명,보행자,여,70세,경상
2015112000100308,2015년 11월 20일 13시,금요일,경상북도 구미시 도량동,중상사고,0,1,0,0,차대차 - 기타,안전운전불이행,건조,맑음,교차로 - 교차로안,화물,남,34세,상해없음,승용,남,49세,중상
2015112000100309,2015년 11월 20일 13시,금요일,경상북도 포항시 남구 오천읍,중상사고,0,1,0,0,차대사람 - 기타,기타,건조,맑음,단일로 - 기타,기타불명,기타불명,기타불명,기타불명,보행자,여,77세,중상
2015112000100339,2015년 11월 20일 14시,금요일,경상북도 경주시 안강읍,경상사고,0,0,1,0,차대사람 - 횡단중,안전운전불이행,건조,맑음,단일로 - 기타,승합,여,46세,상해없음,보행자,여,22세,경상
2015112000100340,2015년 11월 20일 14시,금요일,경상북도 경주시 노동동,중상사고,0,1,0,0,차대차 - 기타,안전운전불이행,건조,맑음,단일로 - 기타,자전거,여,60세,중상,승용,남,31세,상해없음
2015112000100341,2015년 11월 20일 14시,금요일,경상북도 포항시 북구 죽도동,중상사고,0,1,0,0,차대차 - 정면충돌,직진우회전진행방해,건조,맑음,교차로 - 교차로안,승용,남,66세,상해없음,이륜,여,54세,중상
2015112000100342,2015년 11월 20일 14시,금요일,경상북도 상주시 냉림동,중상사고,0,1,0,0,차대사람 - 횡단중,보행자보호의무위반,건조,맑음,교차로 - 교차로안,화물,남,77세,상해없음,보행자,여,37세,중상
2015112000100343,2015년 11월 20일 14시,금요일,경상북도 경산시 서상동,중상사고,0,1,0,0,차대사람 - 횡단중,안전운전불이행,건조,흐림,교차로 - 교차로안,승용,여,35세,상해없음,보행자,남,63세,중상
2015112000100374,2015년 11월 20일 15시,금요일,경상북도 영천시 작산동,경상사고,0,0,1,0,차대차 - 측면직각충돌,기타,건조,맑음,교차로 - 교차로안,화물,남,61세,상해없음,화물,남,54세,경상
2015112000100375,2015년 11월 20일 15시,금요일,경상북도 포항시 남구 연일읍,경상사고,0,0,2,0,차대차 - 정면충돌,안전운전불이행,건조,맑음,단일로 - 기타,승합,남,33세,상해없음,승용,남,49세,경상
2015112000100409,2015년 11월 20일 16시,금요일,경상북도 경주시 충효동,경상사고,0,0,1,0,차대차 - 정면충돌,안전운전불이행,건조,맑음,교차로 - 교차로부근,승용,남,72세,상해없음,승용,여,22세,경상
2015112000100410,2015년 11월 20일 16시,금요일,경상북도 안동시 평화동,경상사고,0,0,3,0,차대차 - 정면충돌,안전운전불이행,건조,맑음,교차로 - 교차로안,승용,여,45세,상해없음,승합,남,59세,경상
2015112000100411,2015년 11월 20일 16시,금요일,경상북도 봉화군 물야면,경상사고,0,0,1,0,차량단독 - 도로외이탈 - 기타,안전운전불이행,건조,맑음,단일로 - 기타,화물,남,61세,경상,,,,
2015112000100460,2015년 11월 20일 17시,금요일,경상북도 상주시 인평동,중상사고,0,1,0,0,차대사람 - 횡단중,안전운전불이행,건조,맑음,교차로 - 교차로부근,화물,남,48세,상해없음,보행자,여,79세,중상