사고번호,사고일시,요일,시군구,사고내용,사망자수,중상자수,경상자수,부상신고자수,사고유형,법규위반,노면상태,기상상태,도로형태,가해운전자 차종,가해운전자 성별,가해운전자 연령,가해운전자 상해정도,피해운전자 차종,피해운전자 성별,피해운전자 연령,피해운전자 상해정도
2015112000100461,2015년 11월 20일 17시,금요일,경상북도 구미시 선산읍,중상사고,0,1,0,0,차대사람 - 횡단중,안전운전불이행,건조,맑음,교차로 - 교차로안,승용,여,55세,상해없음,보행자,남,23세,중상
2015112000100462,2015년 11월 20일 17시,금요일,경상북도 구미시 구평동,중상사고,0,2,0,0,차대차 - 정면충돌,안전운전불이행,건조,맑음,교차로 - 교차로부근,승용,여,60세,상해없음,승용,여,34세,중상
2015112000100526,2015년 11월 20일 18시,금요일,경상북도 안동시 이천동,경상사고,0,0,1,0,차대차 - 정면충돌,중앙선침범,건조,맑음,단일로 - 기타,화물,남,67세,상해없음,승용,남,55세,경상
2015112000100527,2015년 11월 20일 18시,금요일,경상북도 영주시 영주동,중상사고,0,1,0,0,차대사람 - 기타,기타,건조,맑음,단일로 - 기타,화물,남,45세,상해없음,보행자,남,46세,중상
2015112000100528,2015년 11월 20일 18시,금요일,경상북도 구미시 광평동,경상사고,0,0,1,0,차대사람 - 횡단중,보행자보호의무위반,건조,맑음,교차로 - 교차로부근,승용,남,55세,상해없음,보행자,남,32세,경상
2015112000100529,2015년 11월 20일 18시,금요일,경상북도 구미시 고아읍,경상사고,0,0,1,0,차대차 - 정면충돌,안전운전불이행,건조,맑음,교차로 - 교차로안,승용,남,51세,상해없음,이륜,남,21세,경상
2015112000100530,2015년 11월 20일 18시,금요일,경상북도 포항시 남구 괴동동,중상사고,0,1,0,0,차대사람 - 횡단중,안전운전불이행,건조,맑음,단일로 - 기타,승용,여,28세,상해없음,보행자,여,44세,중상
2015112000100594,2015년 11월 20일 19시,금요일,경상북도 안동시 태화동,중상사고,0,1,0,0,차대사람 - 횡단중,안전운전불이행,건조,맑음,단일로 - 기타,승용,남,42세,상해없음,보행자,여,71세,중상
2015112000100595,2015년 11월 20일 19시,금요일,경상북도 구미시 도량동,경상사고,0,0,1,0,차대차 - 측면직각충돌,중앙선침범,건조,맑음,교차로 - 교차로부근,승용,여,57세,상해없음,이륜,남,17세,경상
2015112000100635,2015년 11월 20일 20시,금요일,경상북도 경주시 외동읍,경상사고,0,0,1,0,차대사람 - 횡단중,안전운전불이행,건조,맑음,단일로 - 기타,기타불명,기타불명,기타불명,기타불명,보행자,여,53세,경상
2015112000100676,2015년 11월 20일 21시,금요일,경상북도 경산시 남천면,경상사고,0,0,2,1,차대차 - 추돌 - 진행중,안전운전불이행,건조,맑음,단일로 - 기타,이륜,남,16세,경상,이륜,남,16세,경상
2015112000100694,2015년 11월 20일 22시,금요일,경상북도 칠곡군 왜관읍,중상사고,0,1,0,0,차대차 - 측면직각충돌,직진우회전진행방해,건조,맑음,교차로 - 교차로안,화물,남,56세,상해없음,이륜,남,37세,중상
2015112000100728,2015년 11월 20일 23시,금요일,경상북도 경주시 안강읍,경상사고,0,0,1,0,차대차 - 기타,안전운전불이행,건조,맑음,단일로 - 기타,승용,남,69세,상해없음,승용,남,20세,경상
2015112000100729,2015년 11월 20일 23시,금요일,경상북도 칠곡군 석적읍,부상신고사고,0,0,0,1,차대차 - 정면충돌,안전운전불이행,건조,맑음,단일로 - 기타,승용,남,26세,상해없음,이륜,남,26세,부상신고
2015112000100730,2015년 11월 20일 23시,금요일,경상북도 구미시 신평동,경상사고,0,0,1,0,차대차 - 측면직각충돌,안전운전불이행,건조,맑음,단일로 - 기타,승용,남,50세,상해없음,승용,남,46세,경상
2015112000100731,2015년 11월 20일 23시,금요일,경상북도 포항시 남구 동촌동,경상사고,0,0,1,0,차대차 - 정면충돌,안전운전불이행,건조,맑음,교차로 - 교차로부근,승용,남,55세,상해없음,승용,남,63세,경상
2015112100100015,2015년 11월 21일 00시,토요일,경상북도 안동시 옥동,경상사고,0,0,3,0,차대차 - 추돌 - 진행중,안전거리미확보,건조,흐림,교차로 - 교차로부근,화물,남,60세,상해없음,승용,남,56세,상해없음
2015112100100092,2015년 11월 21일 04시,토요일,경상북도 영천시 청통면,중상사고,0,1,0,1,차대차 - 측면직각충돌,교차로운행방법위반,건조,맑음,교차로 - 교차로안,승용,남,56세,부상신고,승용,여,54세,중상
2015112100100114,2015년 11월 21일 05시,토요일,경상북도 김천시 아포읍,중상사고,0,1,0,0,차대차 - 추돌 - 진행중,안전운전불이행,건조,맑음,단일로 - 기타,승용,남,36세,상해없음,화물,남,57세,중상
2015112100100132,2015년 11월 21일 06시,토요일,경상북도 칠곡군 약목면,경상사고,0,0,1,0,차대차 - 측면직각충돌,신호위반,건조,흐림,교차로 - 교차로안,화물,남,26세,상해없음,승용,남,45세,경상
2015112100100160,2015년 11월 21일 07시,토요일,경상북도 구미시 사곡동,중상사고,0,1,0,0,차대차 - 정면충돌,안전운전불이행,건조,맑음,교차로 - 교차로안,승용,남,39세,상해없음,승용,여,62세,중상
2015112100100205,2015년 11월 21일 09시,토요일,경상북도 군위군 군위읍,경상사고,0,0,1,1,차대차 - 추돌 - 진행중,안전운전불이행,건조,흐림,단일로 - 기타,화물,남,45세,상해없음,승용,여,61세,부상신고
2015112100100235,2015년 11월 21일 10시,토요일,경상북도 경주시 배반동,경상사고,0,0,3,1,차대차 - 정면충돌,안전운전불이행,건조,맑음,단일로 - 기타,특수,남,46세,상해없음,승용,남,41세,경상
2015112100100236,2015년 11월 21일 10시,토요일,경상북도 경주시 외동읍,경상사고,0,0,1,0,차대차 - 정면충돌,안전운전불이행,건조,맑음,단일로 - 기타,화물,남,64세,상해없음,승용,남,45세,경상
2015112100100237,2015년 11월 21일 10시,토요일,경상북도 포항시 북구 창포동,경상사고,0,0,2,0,차대차 - 정면충돌,안전운전불이행,건조,맑음,단일로 - 기타,승용,여,57세,상해없음,승용,여,32세,경상
2015112100100238,2015년 11월 21일 10시,토요일,경상북도 상주시 만산동,중상사고,0,2,0,0,차대차 - 추돌 - 진행중,안전운전불이행,건조,흐림,단일로 - 기타,화물,남,45세,상해없음,농기계,남,55세,중상
2015112100100239,2015년 11월 21일 10시,토요일,경상북도 의성군 봉양면,중상사고,0,1,0,0,차대차 - 측면직각충돌,안전운전불이행,건조,맑음,단일로 - 기타,건설기계,남,60세,상해없음,이륜,남,73세,중상
2015112100100240,2015년 11월 21일 10시,토요일,경상북도 경산시 정평동,경상사고,0,0,1,0,차대차 - 정면충돌,안전운전불이행,건조,맑음,교차로 - 교차로안,자전거,남,15세,경상,승용,여,53세,상해없음
2015112100100241,2015년 11월 21일 10시,토요일,경상북도 성주군 초전면,경상사고,0,0,1,0,차대차 - 측면직각충돌,직진우회전진행방해,건조,맑음,교차로 - 교차로안,화물,남,68세,상해없음,이륜,남,56세,경상
2015112100100299,2015년 11월 21일 12시,토요일,경상북도 경주시 안강읍,경상사고,0,0,1,0,차대차 - 정면충돌,중앙선침범,건조,맑음,교차로 - 교차로부근,승용,남,49세,상해없음,승용,남,41세,경상
2015112100100300,2015년 11월 21일 12시,토요일,경상북도 포항시 북구 죽장면,경상사고,0,0,5,0,차대차 - 정면충돌,기타,건조,맑음,교차로 - 교차로안,화물,남,50세,상해없음,승용,남,73세,경상
2015112100100301,2015년 11월 21일 12시,토요일,경상북도 구미시 진평동,경상사고,0,0,1,0,차대차 - 정면충돌,안전운전불이행,건조,맑음,교차로 - 교차로부근,승용,남,18세,상해없음,이륜,남,36세,경상
2015112100100344,2015년 11월 21일 13시,토요일,경상북도 포항시 북구 흥해읍,중상사고,0,1,2,0,차대차 - 정면충돌,안전운전불이행,습기,비,단일로 - 기타,화물,남,49세,상해없음,승용,남,63세,중상
2015112100100345,2015년 11월 21일 13시,토요일,경상북도 영천시 완산동,중상사고,0,2,1,0,차대차 - 정면충돌,안전운전불이행,건조,맑음,단일로 - 기타,화물,남,53세,상해없음,승용,남,33세,중상
2015112100100377,2015년 11월 21일 14시,토요일,경상북도 경주시 안강읍,경상사고,0,0,2,0,차대차 - 정면충돌,안전운전불이행,건조,흐림,단일로 - 기타,승합,남,59세,상해없음,승용,남,63세,경상
2015112100100378,2015년 11월 21일 14시,토요일,경상북도 상주시 성동동,경상사고,0,0,1,0,차대차 - 기타,안전운전불이행,습기,흐림,단일로 - 기타,승용,여,57세,상해없음,화물,남,36세,경상
2015112100100379,2015년 11월 21일 14시,토요일,경상북도 구미시 지산동,중상사고,0,1,0,0,차대차 - 추돌 - 진행중,안전운전불이행,건조,맑음,단일로 - 기타,승용,남,26세,상해없음,승용,여,59세,중상
2015112100100410,2015년 11월 21일 15시,토요일,경상북도 경주시 외동읍,중상사고,0,1,0,0,차대차 - 측면직각충돌,안전운전불이행,건조,맑음,교차로 - 교차로안,승용,남,52세,상해없음,승용,여,43세,중상
2015112100100411,2015년 11월 21일 15시,토요일,경상북도 포항시 남구 이동,경상사고,0,0,2,0,차대차 - 정면충돌,교차로운행방법위반,건조,맑음,교차로 - 교차로안,건설기계,남,53세,상해없음,승용,남,35세,경상
2015112100100447,2015년 11월 21일 16시,토요일,경상북도 칠곡군 석적읍,경상사고,0,0,2,0,차대차 - 정면충돌,안전거리미확보,습기,흐림,단일로 - 기타,승용,남,27세,상해없음,승용,남,44세,경상
2015112100100448,2015년 11월 21일 16시,토요일,경상북도 예천군 보문면,중상사고,0,1,0,0,차량단독 - 전도전복,안전운전불이행,건조,맑음,단일로 - 기타,건설기계,남,57세,중상,,,,
2015112100100449,2015년 11월 21일 16시,토요일,경상북도 봉화군 법전면,중상사고,0,1,0,0,차량단독 - 전도전복,안전운전불이행,습기,흐림,교차로 - 교차로안,화물,남,55세,상해없음,,,,
2015112100100450,2015년 11월 21일 16시,토요일,경상북도 구미시 송정동,경상사고,0,0,1,0,차대차 - 정면충돌,중앙선침범,습기,비,단일로 - 기타,승용,여,62세,상해없음,승용,남,34세,경상
2015112100100500,2015년 11월 21일 17시,토요일,경상북도 상주시 내서면,사망사고,1,0,0,0,차대사람 - 차도통행중,안전운전불이행,건조,맑음,단일로 - 기타,승용,남,62세,상해없음,보행자,여,79세,사망
2015112100100501,2015년 11월 21일 17시,토요일,경상북도 영천시 고경면,사망사고,1,0,0,0,차대사람 - 횡단중,안전운전불이행,건조,맑음,단일로 - 기타,승용,여,44세,상해없음,보행자,여,76세,사망
2015112100100502,2015년 11월 21일 17시,토요일,경상북도 예천군 개포면,중상사고,0,2,0,0,차대차 - 추돌 - 진행중,안전운전불이행,건조,흐림,단일로 - 기타,승용,남,35세,상해없음,농기계,남,79세,중상
2015112100100503,2015년 11월 21일 17시,토요일,경상북도 포항시 남구 해도동,경상사고,0,0,4,0,차대차 - 정면충돌,안전운전불이행,습기,흐림,단일로 - 기타,화물,남,61세,상해없음,승용,남,31세,경상
2015112100100560,2015년 11월 21일 18시,토요일,경상북도 포항시 북구 환호동,경상사고,0,0,4,0,차대차 - 측면직각충돌,안전운전불이행,건조,맑음,단일로 - 기타,승용,남,36세,상해없음,승용,여,22세,경상
2015112100100561,2015년 11월 21일 18시,토요일,경상북도 경산시 옥산동,중상사고,0,2,0,0,차대차 - 기타,교차로운행방법위반,건조,맑음,단일로 - 기타,화물,남,53세,상해없음,승용,여,59세,중상
2015112100100562,2015년 11월 21일 18시,토요일,경상북도 영양군 일월면,경상사고,0,0,1,0,차대차 - 정면충돌,중앙선침범,습기,비,단일로 - 기타,화물,남,63세,상해없음,승용,여,49세,경상
2015112100100563,2015년 11월 21일 18시,토요일,경상북도 구미시 고아읍,중상사고,0,1,0,0,차대사람 - 횡단중,과속,습기,비,단일로 - 횡단보도상,승용,남,45세,상해없음,보행자,여,40세,중상
2015112100100607,2015년 11월 21일 19시,토요일,경상북도 경주시 동부동,경상사고,0,0,1,0,차대사람 - 횡단중,안전운전불이행,습기,비,단일로 - 횡단보도상,승용,남,58세,상해없음,보행자,여,18세,경상
2015112100100608,2015년 11월 21일 19시,토요일,경상북도 영덕군 지품면,경상사고,0,0,1,0,차대차 - 정면충돌,안전운전불이행,습기,비,단일로 - 기타,승용,여,41세,경상,승용,남,56세,상해없음
2015112100100609,2015년 11월 21일 19시,토요일,경상북도 청도군 금천면,중상사고,0,1,0,0,차대사람 - 횡단중,안전운전불이행,건조,맑음,단일로 - 기타,승용,남,48세,상해없음,보행자,여,64세,중상
2015112100100610,2015년 11월 21일 19시,토요일,경상북도 구미시 송정동,중상사고,0,1,2,0,차대차 - 정면충돌,안전운전불이행,습기,비,교차로 - 교차로안,승용,남,56세,상해없음,승용,남,50세,경상
2015112100100641,2015년 11월 21일 20시,토요일,경상북도 경주시 건천읍,중상사고,0,1,0,0,차대사람 - 횡단중,보행자보호의무위반,건조,맑음,단일로 - 횡단보도상,승용,여,50세,상해없음,보행자,남,68세,중상
2015112100100642,2015년 11월 21일 20시,토요일,경상북도 경주시 내남면,경상사고,0,0,2,0,차대차 - 측면직각충돌,교차로운행방법위반,습기,비,교차로 - 교차로안,승용,남,45세,경상,화물,남,40세,경상
2015112100100643,2015년 11월 21일 20시,토요일,경상북도 칠곡군 석적읍,경상사고,0,0,1,0,차대차 - 정면충돌,교차로운행방법위반,습기,비,교차로 - 교차로안,승용,남,51세,상해없음,이륜,남,16세,경상
2015112100100644,2015년 11월 21일 20시,토요일,경상북도 영덕군 남정면,중상사고,0,1,2,0,차대차 - 정면충돌,안전운전불이행,건조,맑음,교차로 - 교차로부근,화물,남,40세,상해없음,승용,남,55세,경상
2015112100100664,2015년 11월 21일 21시,토요일,경상북도 경주시 외동읍,중상사고,0,1,0,0,차대사람 - 기타,안전운전불이행,건조,맑음,단일로 - 기타,승합,남,49세,상해없음,보행자,여,33세,중상
2015112100100665,2015년 11월 21일 21시,토요일,경상북도 경산시 정평동,경상사고,0,0,1,0,차대차 - 추돌 - 주정차중,안전운전불이행,건조,맑음,교차로 - 교차로부근,승용,남,38세,상해없음,승용,남,55세,경상
2015112100100666,2015년 11월 21일 21시,토요일,경상북도 포항시 남구 대잠동,경상사고,0,0,1,0,차대차 - 정면충돌,안전운전불이행,습기,비,교차로 - 교차로안,승용,남,36세,상해없음,이륜,남,26세,경상
2015112100100696,2015년 11월 21일 22시,토요일,경상북도 포항시 북구 창포동,경상사고,0,0,1,0,차대차 - 정면충돌,안전운전불이행,습기,흐림,교차로 - 교차로부근,승용,남,39세,상해없음,승용,여,43세,경상
2015112100100697,2015년 11월 21일 22시,토요일,경상북도 영주시 영주동,경상사고,0,0,1,0,차대차 - 정면충돌,안전운전불이행,건조,맑음,교차로 - 교차로안,원동기,남,18세,상해없음,원동기,남,58세,경상
2015112100100698,2015년 11월 21일 22시,토요일,경상북도 영천시 망정동,경상사고,0,0,1,0,차대사람 - 횡단중,안전운전불이행,건조,맑음,단일로 - 기타,승용,남,28세,기타불명,보행자,남,44세,경상
2015112100100699,2015년 11월 21일 22시,토요일,경상북도 포항시 남구 이동,중상사고,0,1,1,0,차대차 - 정면충돌,안전운전불이행,건조,맑음,교차로 - 교차로안,원동기,여,67세,중상,승용,여,50세,경상
2015112200100049,2015년 11월 22일 02시,일요일,경상북도 경주시 안강읍,경상사고,0,0,1,0,차대사람 - 횡단중,안전운전불이행,건조,맑음,기타 - 기타,승용,여,46세,상해없음,보행자,남,39세,경상
2015112200100097,2015년 11월 22일 05시,일요일,경상북도 경산시 와촌면,경상사고,0,0,1,0,차대차 - 추돌 - 진행중,안전운전불이행,건조,맑음,단일로 - 기타,기타불명,기타불명,기타불명,기타불명,승용,남,38세,경상
2015112200100107,2015년 11월 22일 06시,일요일,경상북도 영천시 청통면,경상사고,0,0,4,0,차대차 - 측면직각충돌,교차로운행방법위반,건조,맑음,교차로 - 교차로안,승용,여,60세,경상,승용,남,49세,경상
2015112200100121,2015년 11월 22일 07시,일요일,경상북도 경산시 대평동,경상사고,0,0,1,0,차대차 - 추돌 - 주정차중,안전운전불이행,건조,맑음,교차로 - 교차로부근,승용,남,36세,상해없음,승용,남,40세,경상
2015112200100149,2015년 11월 22일 09시,일요일,경상북도 포항시 북구 두호동,경상사고,0,0,1,0,차대차 - 정면충돌,안전운전불이행,건조,맑음,단일로 - 기타,승용,남,40세,상해없음,건설기계,남,58세,경상
2015112200100164,2015년 11월 22일 10시,일요일,경상북도 포항시 북구 송라면,경상사고,0,0,1,0,차대사람 - 기타,안전운전불이행,건조,맑음,기타 - 기타,승용,남,57세,상해없음,보행자,남,55세,경상
2015112200100165,2015년 11월 22일 10시,일요일,경상북도 구미시 임은동,경상사고,0,0,1,0,차대차 - 정면충돌,안전운전불이행,습기,흐림,교차로 - 교차로부근,승용,여,36세,상해없음,승용,여,29세,경상
2015112200100187,2015년 11월 22일 11시,일요일,경상북도 경주시 양남면,경상사고,0,0,1,0,차대차 - 정면충돌,안전운전불이행,건조,맑음,단일로 - 기타,승용,남,56세,상해없음,승용,남,28세,경상
2015112200100188,2015년 11월 22일 11시,일요일,경상북도 안동시 당북동,경상사고,0,0,1,0,차대차 - 정면충돌,안전거리미확보,습기,흐림,단일로 - 기타,승용,남,23세,상해없음,승용,남,55세,경상
2015112200100189,2015년 11월 22일 11시,일요일,경상북도 의성군 금성면,중상사고,0,1,0,0,차대차 - 정면충돌,안전운전불이행,건조,흐림,단일로 - 기타,이륜,남,80세,중상,승용,여,32세,상해없음
2015112200100190,2015년 11월 22일 11시,일요일,경상북도 경산시 진량읍,중상사고,0,1,1,0,차대차 - 측면직각충돌,안전운전불이행,건조,흐림,단일로 - 기타,이륜,남,19세,경상,승용,여,39세,중상
2015112200100191,2015년 11월 22일 11시,일요일,경상북도 영덕군 남정면,중상사고,0,1,0,0,차대사람 - 횡단중,안전운전불이행,건조,맑음,단일로 - 기타,화물,남,40세,상해없음,보행자,여,63세,중상
2015112200100192,2015년 11월 22일 11시,일요일,경상북도 포항시 남구 상도동,경상사고,0,0,1,0,차대차 - 측면직각충돌,안전운전불이행,건조,맑음,단일로 - 기타,승용,남,52세,상해없음,승용,남,56세,경상
2015112200100211,2015년 11월 22일 12시,일요일,경상북도 구미시 진평동,경상사고,0,0,1,0,차대사람 - 횡단중,안전운전불이행,건조,맑음,교차로 - 교차로부근,원동기,남,25세,상해없음,보행자,여,7세,경상
2015112200100241,2015년 11월 22일 13시,일요일,경상북도 청도군 청도읍,사망사고,1,0,0,0,차량단독 - 공작물충돌,안전운전불이행,건조,맑음,단일로 - 기타,승용,남,71세,상해없음,,,,
2015112200100269,2015년 11월 22일 14시,일요일,경상북도 경주시 진현동,경상사고,0,0,1,0,차량단독 - 전도전복,안전운전불이행,건조,맑음,단일로 - 기타,승용,남,33세,경상,,,,
2015112200100295,2015년 11월 22일 15시,일요일,경상북도 김천시 성내동,경상사고,0,0,1,0,차대사람 - 기타,안전운전불이행,건조,맑음,기타 - 기타,승합,남,53세,상해없음,보행자,남,63세,경상
2015112200100296,2015년 11월 22일 15시,일요일,경상북도 봉화군 소천면,중상사고,0,1,1,1,차대차 - 정면충돌,중앙선침범,건조,맑음,단일로 - 기타,승용,남,44세,부상신고,승용,여,44세,중상
2015112200100297,2015년 11월 22일 15시,일요일,경상북도 영양군 영양읍,경상사고,0,0,1,0,차대사람 - 횡단중,안전운전불이행,건조,흐림,단일로 - 기타,화물,남,56세,상해없음,보행자,남,67세,경상
2015112200100298,2015년 11월 22일 15시,일요일,경상북도 구미시 공단동,경상사고,0,0,1,0,차대차 - 측면직각충돌,안전운전불이행,건조,흐림,단일로 - 기타,승용,남,53세,상해없음,승용,여,47세,경상
2015112200100327,2015년 11월 22일 16시,일요일,경상북도 고령군 다산면,경상사고,0,0,1,0,차대차 - 추돌 - 주정차중,불법유턴,건조,맑음,교차로 - 교차로부근,승용,남,50세,상해없음,승용,남,27세,경상
2015112200100372,2015년 11월 22일 17시,일요일,경상북도 경주시 탑동,경상사고,0,0,1,1,차대차 - 정면충돌,안전운전불이행,건조,맑음,단일로 - 기타,승용,여,36세,부상신고,승용,남,36세,경상
2015112200100373,2015년 11월 22일 17시,일요일,경상북도 포항시 북구 흥해읍,경상사고,0,0,2,0,차대차 - 정면충돌,신호위반,건조,맑음,교차로 - 교차로안,승용,남,50세,경상,승용,남,60세,경상
2015112200100374,2015년 11월 22일 17시,일요일,경상북도 김천시 성내동,중상사고,0,1,0,0,차대사람 - 횡단중,신호위반,건조,맑음,교차로 - 교차로안,승용,남,78세,상해없음,보행자,남,61세,중상
2015112200100375,2015년 11월 22일 17시,일요일,경상북도 상주시 지천동,중상사고,0,1,0,0,차대차 - 정면충돌,안전운전불이행,건조,흐림,단일로 - 기타,승용,여,50세,상해없음,자전거,남,52세,중상
2015112200100376,2015년 11월 22일 17시,일요일,경상북도 청도군 청도읍,중상사고,0,2,0,0,차대차 - 정면충돌,안전운전불이행,건조,맑음,단일로 - 기타,화물,남,46세,상해없음,승용,남,29세,중상
2015112200100377,2015년 11월 22일 17시,일요일,경상북도 칠곡군 지천면,중상사고,0,1,1,0,차대차 - 추돌 - 주정차중,안전운전불이행,건조,흐림,단일로 - 기타,화물,남,29세,상해없음,승용,남,42세,경상
2015112200100422,2015년 11월 22일 18시,일요일,경상북도 포항시 북구 항구동,중상사고,0,1,0,0,차대사람 - 횡단중,안전운전불이행,습기,비,단일로 - 기타,화물,남,60세,상해없음,보행자,여,45세,중상
2015112200100423,2015년 11월 22일 18시,일요일,경상북도 예천군 호명면,중상사고,0,1,0,0,차대차 - 추돌 - 진행중,안전운전불이행,건조,맑음,단일로 - 기타,승용,여,35세,상해없음,농기계,남,83세,중상
2015112200100460,2015년 11월 22일 19시,일요일,경상북도 포항시 북구 학잠동,중상사고,0,1,0,0,차대차 - 정면충돌,안전운전불이행,습기,맑음,단일로 - 기타,승용,여,50세,상해없음,원동기,남,50세,중상
2015112200100461,2015년 11월 22일 19시,일요일,경상북도 포항시 북구 두호동,경상사고,0,0,2,0,차대차 - 정면충돌,안전운전불이행,습기,비,단일로 - 기타,원동기,남,17세,경상,원동기,남,31세,경상
2015112200100462,2015년 11월 22일 19시,일요일,경상북도 구미시 옥계동,경상사고,0,0,1,0,차대사람 - 보도통행중,안전운전불이행,건조,흐림,단일로 - 기타,승용,여,40세,상해없음,보행자,여,44세,경상
2015112200100505,2015년 11월 22일 20시,일요일,경상북도 경주시 감포읍,중상사고,0,1,0,1,차량단독 - 전도전복,안전운전불이행,습기,비,단일로 - 기타,승용,여,33세,부상신고,,,,
2015112200100506,2015년 11월 22일 20시,일요일,경상북도 포항시 남구 해도동,경상사고,0,0,2,0,차대차 - 측면직각충돌,안전운전불이행,습기,비,교차로 - 교차로안,승용,여,27세,경상,승용,여,53세,상해없음
2015112200100550,2015년 11월 22일 21시,일요일,경상북도 포항시 북구 용흥동,경상사고,0,0,4,0,차대차 - 정면충돌,차로위반,습기,흐림,단일로 - 기타,승용,남,36세,상해없음,승용,여,48세,경상
2015112200100551,2015년 11월 22일 21시,일요일,경상북도 포항시 북구 우현동,경상사고,0,0,2,0,차대차 - 추돌 - 주정차중,안전거리미확보,건조,맑음,단일로 - 기타,승합,남,31세,상해없음,화물,남,60세,경상
2015112200100552,2015년 11월 22일 21시,일요일,경상북도 구미시 남통동,경상사고,0,0,1,0,차대차 - 기타,안전운전불이행,건조,맑음,단일로 - 기타,승용,남,21세,경상,승용,남,42세,상해없음
2015112200100585,2015년 11월 22일 22시,일요일,경상북도 영주시 영주동,경상사고,0,0,1,0,차대차 - 측면직각충돌,안전운전불이행,습기,비,교차로 - 교차로안,승용,남,33세,상해없음,승용,남,64세,경상
2015112200100626,2015년 11월 22일 23시,일요일,경상북도 의성군 안계면,사망사고,1,0,0,0,차대사람 - 차도통행중,안전운전불이행,건조,흐림,단일로 - 기타,승용,남,43세,상해없음,보행자,여,90세 이상,사망
2015112200100627,2015년 11월 22일 23시,일요일,경상북도 경산시 중방동,경상사고,0,0,1,0,차대차 - 정면충돌,교차로운행방법위반,건조,맑음,교차로 - 교차로안,승용,남,29세,상해없음,이륜,남,27세,경상
2015112200100628,2015년 11월 22일 23시,일요일,경상북도 포항시 남구 동촌동,경상사고,0,0,3,0,차대차 - 측면직각충돌,안전거리미확보,습기,비,교차로 - 교차로부근,승용,여,51세,상해없음,승용,남,68세,경상
2015112300100014,2015년 11월 23일 00시,월요일,경상북도 포항시 남구 대도동,경상사고,0,0,1,0,차대차 - 추돌 - 진행중,안전운전불이행,건조,맑음,교차로 - 교차로부근,승용,여,50세,상해없음,승용,여,53세,경상
2015112300100050,2015년 11월 23일 04시,월요일,경상북도 구미시 형곡동,중상사고,0,1,0,0,차대차 - 추돌 - 주정차중,안전운전불이행,습기,흐림,단일로 - 기타,승용,여,55세,중상,승합,남,49세,기타불명
2015112300100096,2015년 11월 23일 06시,월요일,경상북도 문경시 공평동,중상사고,0,1,0,0,차대사람 - 횡단중,신호위반,습기,비,교차로 - 교차로안,승용,남,63세,상해없음,보행자,남,71세,중상
2015112300100129,2015년 11월 23일 07시,월요일,경상북도 안동시 풍천면,경상사고,0,0,2,0,차대차 - 기타,안전운전불이행,습기,비,단일로 - 기타,기타불명,기타불명,기타불명,기타불명,승용,남,39세,상해없음
2015112300100130,2015년 11월 23일 07시,월요일,경상북도 경산시 사동,경상사고,0,0,1,0,차대차 - 정면충돌,기타,건조,맑음,교차로 - 교차로부근,이륜,남,63세,경상,승용,남,62세,상해없음
2015112300100131,2015년 11월 23일 07시,월요일,경상북도 구미시 원평동,중상사고,0,1,0,0,차대사람 - 횡단중,보행자보호의무위반,습기,비,단일로 - 기타,승합,남,31세,상해없음,보행자,여,50세,중상
2015112300100174,2015년 11월 23일 08시,월요일,경상북도 경주시 사정동,중상사고,0,1,0,0,차대차 - 정면충돌,신호위반,건조,맑음,교차로 - 교차로안,특수,남,25세,상해없음,승용,남,57세,중상
2015112300100175,2015년 11월 23일 08시,월요일,경상북도 영주시 부석면,중상사고,0,1,0,0,차대차 - 정면충돌,중앙선침범,습기,비,단일로 - 기타,승용,여,31세,상해없음,승용,남,31세,중상
2015112300100176,2015년 11월 23일 08시,월요일,경상북도 문경시 점촌동,경상사고,0,0,1,0,차대차 - 정면충돌,안전운전불이행,건조,맑음,단일로 - 기타,승용,남,63세,상해없음,승용,남,63세,경상
2015112300100204,2015년 11월 23일 09시,월요일,경상북도 포항시 북구 흥해읍,경상사고,0,0,2,0,차대차 - 정면충돌,신호위반,건조,맑음,교차로 - 교차로안,화물,남,63세,상해없음,승용,남,60세,경상
2015112300100205,2015년 11월 23일 09시,월요일,경상북도 상주시 모서면,중상사고,0,1,1,0,차대차 - 측면직각충돌,안전운전불이행,습기,비,교차로 - 교차로안,승용,남,65세,상해없음,승합,남,39세,경상
2015112300100233,2015년 11월 23일 10시,월요일,경상북도 포항시 북구 창포동,경상사고,0,0,2,0,차대차 - 측면직각충돌,직진우회전진행방해,건조,맑음,교차로 - 교차로안,승용,여,60세,상해없음,승용,남,63세,경상
2015112300100234,2015년 11월 23일 10시,월요일,경상북도 영주시 상망동,중상사고,0,3,0,0,차대차 - 추돌 - 진행중,안전운전불이행,건조,맑음,교차로 - 교차로안,승합,남,37세,상해없음,승용,여,55세,중상
2015112300100235,2015년 11월 23일 10시,월요일,경상북도 칠곡군 왜관읍,경상사고,0,0,1,0,차대차 - 정면충돌,안전운전불이행,습기,맑음,단일로 - 기타,화물,남,54세,상해없음,이륜,여,30세,경상