사고번호,사고일시,요일,시군구,사고내용,사망자수,중상자수,경상자수,부상신고자수,사고유형,법규위반,노면상태,기상상태,도로형태,가해운전자 차종,가해운전자 성별,가해운전자 연령,가해운전자 상해정도,피해운전자 차종,피해운전자 성별,피해운전자 연령,피해운전자 상해정도
2015112300100236,2015년 11월 23일 10시,월요일,경상북도 포항시 남구 장흥동,중상사고,0,1,0,0,차대차 - 측면직각충돌,안전운전불이행,습기,비,교차로 - 교차로안,특수,남,55세,상해없음,화물,남,57세,중상
2015112300100254,2015년 11월 23일 11시,월요일,경상북도 안동시 송현동,중상사고,0,1,0,0,차대차 - 기타,안전운전불이행,건조,맑음,단일로 - 기타,승용,남,26세,상해없음,원동기,남,77세,중상
2015112300100255,2015년 11월 23일 11시,월요일,경상북도 영주시 영주동,중상사고,0,1,0,0,차량단독 - 기타,안전운전불이행,건조,맑음,교차로 - 교차로부근,승용,남,56세,상해없음,,,,
2015112300100279,2015년 11월 23일 12시,월요일,경상북도 안동시 송현동,경상사고,0,0,1,0,차대차 - 추돌 - 주정차중,안전운전불이행,건조,맑음,교차로 - 교차로부근,화물,남,50세,상해없음,승용,여,47세,경상
2015112300100311,2015년 11월 23일 13시,월요일,경상북도 고령군 우곡면,중상사고,0,1,0,0,차대차 - 추돌 - 진행중,안전운전불이행,습기,비,단일로 - 기타,화물,남,34세,상해없음,이륜,여,69세,중상
2015112300100334,2015년 11월 23일 14시,월요일,경상북도 경주시 외동읍,중상사고,0,1,0,0,차대사람 - 횡단중,보행자보호의무위반,습기,비,단일로 - 횡단보도상,화물,남,54세,상해없음,보행자,여,71세,중상
2015112300100335,2015년 11월 23일 14시,월요일,경상북도 포항시 북구 용흥동,경상사고,0,0,3,0,차대차 - 정면충돌,안전운전불이행,건조,맑음,교차로 - 교차로부근,승용,남,44세,상해없음,승용,여,53세,경상
2015112300100364,2015년 11월 23일 15시,월요일,경상북도 포항시 북구 죽도동,경상사고,0,0,1,0,차대사람 - 횡단중,안전운전불이행,건조,맑음,단일로 - 기타,승용,남,57세,상해없음,보행자,여,59세,경상
2015112300100365,2015년 11월 23일 15시,월요일,경상북도 경산시 삼풍동,경상사고,0,0,1,0,차대차 - 정면충돌,교차로운행방법위반,건조,흐림,교차로 - 교차로안,승용,남,24세,상해없음,이륜,남,23세,경상
2015112300100429,2015년 11월 23일 17시,월요일,경상북도 김천시 지좌동,경상사고,0,0,1,0,차대차 - 측면직각충돌,안전운전불이행,건조,맑음,교차로 - 교차로안,승용,남,81세,상해없음,승합,여,36세,상해없음
2015112300100430,2015년 11월 23일 17시,월요일,경상북도 영덕군 병곡면,중상사고,0,1,0,0,차대차 - 정면충돌,안전운전불이행,건조,맑음,단일로 - 기타,승용,남,39세,상해없음,자전거,여,75세,중상
2015112300100431,2015년 11월 23일 17시,월요일,경상북도 영덕군 강구면,경상사고,0,0,1,0,차대차 - 측면직각충돌,안전거리미확보,건조,맑음,단일로 - 기타,화물,여,56세,상해없음,원동기,여,36세,경상
2015112300100489,2015년 11월 23일 18시,월요일,경상북도 포항시 북구 죽도동,경상사고,0,0,1,0,차대차 - 측면직각충돌,차로위반,습기,비,단일로 - 기타,승용,남,28세,상해없음,승용,남,37세,경상
2015112300100490,2015년 11월 23일 18시,월요일,경상북도 포항시 남구 오천읍,중상사고,0,1,4,0,차대차 - 측면직각충돌,직진우회전진행방해,건조,맑음,교차로 - 교차로안,승용,여,33세,경상,승용,여,52세,경상
2015112300100491,2015년 11월 23일 18시,월요일,경상북도 포항시 남구 대잠동,중상사고,0,1,0,0,차대차 - 기타,안전운전불이행,건조,맑음,교차로 - 교차로부근,자전거,남,14세,중상,승용,남,57세,상해없음
2015112300100540,2015년 11월 23일 19시,월요일,경상북도 경주시 동천동,경상사고,0,0,1,0,차대사람 - 기타,안전운전불이행,건조,맑음,교차로 - 교차로안,승용,남,51세,상해없음,보행자,남,47세,경상
2015112300100541,2015년 11월 23일 19시,월요일,경상북도 경산시 사정동,경상사고,0,0,1,0,차대차 - 정면충돌,안전운전불이행,습기,비,단일로 - 기타,기타불명,기타불명,기타불명,기타불명,승용,여,30세,경상
2015112300100542,2015년 11월 23일 19시,월요일,경상북도 예천군 예천읍,중상사고,0,1,0,0,차대사람 - 횡단중,안전운전불이행,건조,맑음,단일로 - 기타,승용,남,47세,상해없음,보행자,여,68세,중상
2015112300100581,2015년 11월 23일 20시,월요일,경상북도 경산시 하양읍,경상사고,0,0,1,0,차대차 - 정면충돌,안전운전불이행,건조,흐림,단일로 - 기타,승합,남,57세,상해없음,이륜,남,52세,경상
2015112300100582,2015년 11월 23일 20시,월요일,경상북도 포항시 남구 대송면,중상사고,0,1,2,0,차대차 - 정면충돌,신호위반,습기,흐림,교차로 - 교차로안,승용,남,47세,경상,승용,여,52세,경상
2015112400100073,2015년 11월 24일 06시,화요일,경상북도 경주시 안강읍,중상사고,0,1,0,0,차대차 - 정면충돌,신호위반,건조,맑음,교차로 - 교차로안,승용,남,32세,중상,화물,남,39세,상해없음
2015112400100074,2015년 11월 24일 06시,화요일,경상북도 김천시 응명동,사망사고,1,0,0,0,차대사람 - 횡단중,안전운전불이행,습기,안개,단일로 - 기타,승용,남,64세,상해없음,보행자,여,82세,사망
2015112400100075,2015년 11월 24일 06시,화요일,경상북도 구미시 도량동,경상사고,0,0,1,0,차대차 - 기타,기타,건조,맑음,교차로 - 교차로부근,승용,여,23세,상해없음,이륜,여,39세,경상
2015112400100076,2015년 11월 24일 06시,화요일,경상북도 포항시 남구 상도동,중상사고,0,1,0,0,차대사람 - 횡단중,안전운전불이행,건조,맑음,단일로 - 기타,승용,남,69세,상해없음,보행자,남,63세,중상
2015112400100092,2015년 11월 24일 07시,화요일,경상북도 포항시 북구 학산동,중상사고,0,1,0,0,차대차 - 정면충돌,안전거리미확보,건조,맑음,단일로 - 기타,승용,여,34세,상해없음,이륜,남,51세,중상
2015112400100134,2015년 11월 24일 08시,화요일,경상북도 경주시 황성동,중상사고,0,1,0,0,차대차 - 기타,안전운전불이행,건조,맑음,단일로 - 기타,승용,남,44세,상해없음,자전거,남,67세,중상
2015112400100135,2015년 11월 24일 08시,화요일,경상북도 상주시 서성동,중상사고,0,1,0,0,차대차 - 측면직각충돌,안전운전불이행,건조,흐림,단일로 - 기타,화물,남,46세,상해없음,자전거,여,56세,중상
2015112400100136,2015년 11월 24일 08시,화요일,경상북도 영주시 영주동,중상사고,0,1,0,0,차대차 - 정면충돌,안전운전불이행,건조,맑음,교차로 - 교차로안,승용,여,38세,상해없음,승용,여,38세,중상
2015112400100163,2015년 11월 24일 09시,화요일,경상북도 영주시 가흥동,경상사고,0,0,2,0,차대차 - 측면직각충돌,안전운전불이행,건조,맑음,교차로 - 교차로안,승용,남,60세,상해없음,승용,여,41세,경상
2015112400100196,2015년 11월 24일 10시,화요일,경상북도 경주시 외동읍,경상사고,0,0,3,0,차대차 - 추돌 - 주정차중,안전운전불이행,건조,맑음,단일로 - 기타,화물,남,54세,상해없음,승용,여,49세,경상
2015112400100197,2015년 11월 24일 10시,화요일,경상북도 포항시 남구 상도동,중상사고,0,1,0,0,차대차 - 측면직각충돌,안전운전불이행,습기,비,교차로 - 교차로안,승용,남,41세,상해없음,자전거,남,79세,중상
2015112400100226,2015년 11월 24일 11시,화요일,경상북도 포항시 북구 양덕동,경상사고,0,0,1,0,차대차 - 기타,차로위반,건조,맑음,단일로 - 기타,화물,남,51세,상해없음,이륜,남,33세,경상
2015112400100227,2015년 11월 24일 11시,화요일,경상북도 김천시 조마면,경상사고,0,0,1,0,차대차 - 측면직각충돌,중앙선침범,건조,맑음,단일로 - 기타,화물,남,55세,상해없음,화물,남,46세,경상
2015112400100249,2015년 11월 24일 12시,화요일,경상북도 성주군 가천면,경상사고,0,0,1,0,차대차 - 기타,안전운전불이행,건조,맑음,기타 - 기타,승용,남,55세,상해없음,자전거,여,77세,경상
2015112400100275,2015년 11월 24일 13시,화요일,경상북도 칠곡군 북삼읍,중상사고,0,1,0,0,차대사람 - 기타,안전운전불이행,건조,흐림,단일로 - 기타,화물,남,56세,상해없음,보행자,남,13세,중상
2015112400100342,2015년 11월 24일 15시,화요일,경상북도 경주시 황용동,경상사고,0,0,4,0,차대차 - 정면충돌,중앙선침범,습기,비,단일로 - 기타,화물,남,75세,상해없음,승합,남,48세,상해없음
2015112400100376,2015년 11월 24일 16시,화요일,경상북도 경주시 강동면,경상사고,0,0,1,0,차대차 - 정면충돌,안전운전불이행,습기,비,단일로 - 기타,승용,남,40세,상해없음,승용,남,35세,경상
2015112400100377,2015년 11월 24일 16시,화요일,경상북도 칠곡군 동명면,중상사고,0,1,0,0,차대차 - 측면직각충돌,안전운전불이행,건조,맑음,교차로 - 교차로안,승용,남,50세,상해없음,화물,남,43세,중상
2015112400100378,2015년 11월 24일 16시,화요일,경상북도 상주시 이안면,중상사고,0,2,3,0,차대차 - 추돌 - 주정차중,안전운전불이행,건조,흐림,단일로 - 기타,화물,남,65세,경상,승용,남,44세,경상
2015112400100414,2015년 11월 24일 17시,화요일,경상북도 김천시 농소면,경상사고,0,0,1,0,차량단독 - 공작물충돌,안전운전불이행,건조,맑음,단일로 - 기타,승합,남,59세,경상,,,,
2015112400100415,2015년 11월 24일 17시,화요일,경상북도 경산시 진량읍,경상사고,0,0,3,0,차대차 - 기타,안전운전불이행,건조,맑음,교차로 - 교차로안,화물,남,59세,상해없음,승용,남,26세,경상
2015112400100416,2015년 11월 24일 17시,화요일,경상북도 영양군 일월면,경상사고,0,0,1,0,차대차 - 정면충돌,안전거리미확보,습기,비,단일로 - 기타,승용,여,54세,상해없음,원동기,남,49세,경상
2015112400100417,2015년 11월 24일 17시,화요일,경상북도 구미시 고아읍,경상사고,0,0,1,0,차대차 - 정면충돌,안전운전불이행,건조,맑음,교차로 - 교차로부근,승용,남,71세,상해없음,승용,남,56세,경상
2015112400100418,2015년 11월 24일 17시,화요일,경상북도 포항시 남구 인덕동,중상사고,0,1,0,0,차대차 - 정면충돌,안전운전불이행,습기,비,교차로 - 교차로부근,승용,여,30세,상해없음,이륜,남,69세,중상
2015112400100419,2015년 11월 24일 17시,화요일,경상북도 포항시 남구 청림동,중상사고,0,1,0,0,차대사람 - 횡단중,신호위반,습기,비,교차로 - 교차로부근,승용,남,65세,상해없음,보행자,남,22세,중상
2015112400100475,2015년 11월 24일 18시,화요일,경상북도 경주시 시래동,중상사고,0,1,0,0,차대사람 - 횡단중,안전운전불이행,습기,비,단일로 - 기타,승합,남,57세,기타불명,보행자,여,66세,중상
2015112400100476,2015년 11월 24일 18시,화요일,경상북도 경산시 진량읍,경상사고,0,0,1,0,차대차 - 추돌 - 진행중,안전거리미확보,건조,흐림,단일로 - 기타,승용,남,24세,상해없음,승용,여,50세,상해없음
2015112400100477,2015년 11월 24일 18시,화요일,경상북도 구미시 선산읍,부상신고사고,0,0,0,1,차량단독 - 전도전복,안전운전불이행,건조,맑음,단일로 - 기타,원동기,남,60세,부상신고,,,,
2015112400100478,2015년 11월 24일 18시,화요일,경상북도 구미시 오태동,중상사고,0,1,0,0,차대차 - 정면충돌,안전운전불이행,건조,맑음,단일로 - 기타,화물,여,45세,상해없음,승합,남,47세,상해없음
2015112400100520,2015년 11월 24일 19시,화요일,경상북도 포항시 북구 장성동,경상사고,0,0,1,0,차대차 - 정면충돌,신호위반,습기,비,교차로 - 교차로부근,승용,남,58세,상해없음,자전거,남,17세,경상
2015112400100521,2015년 11월 24일 19시,화요일,경상북도 칠곡군 약목면,경상사고,0,0,1,0,차대차 - 정면충돌,안전거리미확보,건조,흐림,교차로 - 교차로부근,화물,남,51세,상해없음,승용,여,46세,경상
2015112400100522,2015년 11월 24일 19시,화요일,경상북도 구미시 원평동,경상사고,0,0,2,0,차대차 - 정면충돌,안전거리미확보,건조,맑음,단일로 - 기타,승용,여,42세,상해없음,승용,여,45세,경상
2015112400100557,2015년 11월 24일 20시,화요일,경상북도 청도군 청도읍,경상사고,0,0,1,0,차대사람 - 횡단중,안전운전불이행,건조,맑음,단일로 - 기타,승용,여,56세,상해없음,보행자,여,72세,경상
2015112400100593,2015년 11월 24일 21시,화요일,경상북도 구미시 도량동,경상사고,0,0,1,0,차대차 - 추돌 - 주정차중,안전운전불이행,습기,비,교차로 - 교차로부근,승용,여,48세,상해없음,화물,남,55세,경상
2015112400100633,2015년 11월 24일 22시,화요일,경상북도 칠곡군 북삼읍,부상신고사고,0,0,0,1,차량단독 - 공작물충돌,안전운전불이행,습기,비,교차로 - 교차로부근,화물,남,50세,상해없음,,,,
2015112400100634,2015년 11월 24일 22시,화요일,경상북도 칠곡군 동명면,부상신고사고,0,0,0,1,차대차 - 추돌 - 주정차중,안전운전불이행,습기,비,교차로 - 교차로부근,승용,남,28세,부상신고,화물,남,51세,상해없음
2015112400100635,2015년 11월 24일 22시,화요일,경상북도 영덕군 축산면,경상사고,0,0,1,0,차대차 - 정면충돌,중앙선침범,습기,비,단일로 - 기타,화물,남,62세,상해없음,승용,남,29세,경상
2015112400100636,2015년 11월 24일 22시,화요일,경상북도 포항시 남구 연일읍,경상사고,0,0,1,0,차대차 - 측면직각충돌,신호위반,습기,비,교차로 - 교차로안,승합,남,34세,상해없음,화물,남,54세,경상
2015112500100027,2015년 11월 25일 00시,수요일,경상북도 포항시 남구 대잠동,중상사고,0,1,2,0,차대차 - 정면충돌,안전운전불이행,습기,비,교차로 - 교차로안,승용,남,36세,상해없음,승용,남,44세,경상
2015112500100108,2015년 11월 25일 04시,수요일,경상북도 경산시 대동,경상사고,0,0,1,0,차대차 - 추돌 - 주정차중,안전운전불이행,건조,맑음,교차로 - 교차로부근,승용,남,22세,상해없음,승용,여,25세,기타불명
2015112500100142,2015년 11월 25일 06시,수요일,경상북도 포항시 북구 흥해읍,중상사고,0,1,0,0,차대차 - 정면충돌,안전운전불이행,건조,맑음,교차로 - 교차로안,승용,남,51세,상해없음,승용,남,29세,중상
2015112500100143,2015년 11월 25일 06시,수요일,경상북도 구미시 신평동,사망사고,1,0,0,0,차대사람 - 횡단중,안전운전불이행,건조,맑음,기타 - 기타,화물,남,59세,상해없음,보행자,여,88세,사망
2015112500100174,2015년 11월 25일 07시,수요일,경상북도 경주시 양북면,경상사고,0,0,1,1,차대차 - 정면충돌,신호위반,건조,맑음,교차로 - 교차로안,승용,남,31세,부상신고,건설기계,남,52세,경상
2015112500100175,2015년 11월 25일 07시,수요일,경상북도 포항시 북구 두호동,경상사고,0,0,3,0,차대차 - 정면충돌,안전운전불이행,건조,맑음,교차로 - 교차로부근,승용,남,29세,상해없음,승용,여,53세,경상
2015112500100217,2015년 11월 25일 08시,수요일,경상북도 경주시 배동,중상사고,0,1,2,0,차대차 - 정면충돌,중앙선침범,습기,비,단일로 - 기타,승용,여,35세,중상,승합,남,57세,경상
2015112500100218,2015년 11월 25일 08시,수요일,경상북도 포항시 북구 학잠동,중상사고,0,1,0,0,차대차 - 정면충돌,신호위반,건조,맑음,교차로 - 교차로안,이륜,여,56세,중상,승용,여,51세,상해없음
2015112500100219,2015년 11월 25일 08시,수요일,경상북도 구미시 도량동,경상사고,0,0,1,0,차대사람 - 횡단중,보행자보호의무위반,습기,비,교차로 - 교차로부근,승용,남,46세,상해없음,보행자,남,42세,경상
2015112500100241,2015년 11월 25일 09시,수요일,경상북도 영천시 완산동,중상사고,0,1,0,0,차대사람 - 횡단중,보행자보호의무위반,습기,비,단일로 - 횡단보도상,승합,남,54세,상해없음,보행자,여,43세,중상
2015112500100242,2015년 11월 25일 09시,수요일,경상북도 포항시 남구 지곡동,경상사고,0,0,2,0,차대차 - 측면직각충돌,신호위반,습기,비,교차로 - 교차로안,승용,여,56세,상해없음,승용,여,46세,경상
2015112500100265,2015년 11월 25일 10시,수요일,경상북도 영천시 청통면,사망사고,1,0,0,0,차대차 - 정면충돌,중앙선침범,건조,흐림,단일로 - 기타,승용,남,75세,사망,특수,남,61세,상해없음
2015112500100289,2015년 11월 25일 11시,수요일,경상북도 포항시 북구 용흥동,부상신고사고,0,0,0,4,차대차 - 정면충돌,안전거리미확보,습기,비,교차로 - 교차로부근,승용,남,42세,상해없음,승용,남,24세,부상신고
2015112500100307,2015년 11월 25일 12시,수요일,경상북도 경산시 진량읍,경상사고,0,0,1,0,차대차 - 정면충돌,교차로운행방법위반,습기,비,교차로 - 교차로안,이륜,남,27세,경상,승용,남,61세,상해없음
2015112500100332,2015년 11월 25일 13시,수요일,경상북도 포항시 북구 환호동,경상사고,0,0,1,0,차대사람 - 횡단중,안전운전불이행,습기,비,단일로 - 기타,승용,여,58세,상해없음,보행자,여,8세,경상
2015112500100364,2015년 11월 25일 14시,수요일,경상북도 영양군 영양읍,경상사고,0,0,1,0,차대차 - 정면충돌,안전운전불이행,습기,맑음,단일로 - 기타,화물,남,57세,상해없음,자전거,남,11세,경상
2015112500100395,2015년 11월 25일 15시,수요일,경상북도 상주시 무양동,중상사고,0,2,1,0,차대차 - 추돌 - 주정차중,안전운전불이행,습기,비,단일로 - 기타,화물,남,49세,중상,화물,남,70세,경상
2015112500100397,2015년 11월 25일 15시,수요일,경상북도 성주군 초전면,중상사고,0,2,0,0,차대차 - 정면충돌,신호위반,건조,맑음,기타 - 기타,화물,남,53세,상해없음,승용,여,51세,중상
2015112500100398,2015년 11월 25일 15시,수요일,경상북도 고령군 대가야읍,중상사고,0,1,0,0,차대사람 - 횡단중,보행자보호의무위반,건조,맑음,단일로 - 횡단보도상,승용,남,50세,상해없음,보행자,여,62세,중상
2015112500100427,2015년 11월 25일 16시,수요일,경상북도 포항시 북구 용흥동,경상사고,0,0,1,0,차대차 - 측면직각충돌,안전운전불이행,건조,맑음,단일로 - 기타,승용,남,67세,상해없음,승용,남,33세,경상
2015112500100428,2015년 11월 25일 16시,수요일,경상북도 안동시 와룡면,부상신고사고,0,0,0,1,차량단독 - 전도전복,안전운전불이행,건조,맑음,단일로 - 기타,승용,남,75세,부상신고,,,,
2015112500100429,2015년 11월 25일 16시,수요일,경상북도 구미시 봉곡동,중상사고,0,1,0,0,차대차 - 측면직각충돌,직진우회전진행방해,건조,맑음,교차로 - 교차로안,승용,남,49세,상해없음,이륜,남,48세,중상
2015112500100483,2015년 11월 25일 17시,수요일,경상북도 포항시 북구 항구동,경상사고,0,0,1,0,차대차 - 정면충돌,신호위반,건조,맑음,단일로 - 기타,승용,남,56세,상해없음,자전거,남,22세,경상
2015112500100484,2015년 11월 25일 17시,수요일,경상북도 김천시 구성면,중상사고,0,1,1,0,차대차 - 측면직각충돌,중앙선침범,건조,맑음,단일로 - 기타,승합,남,66세,중상,승합,남,62세,상해없음
2015112500100485,2015년 11월 25일 17시,수요일,경상북도 구미시 남통동,경상사고,0,0,1,0,차대차 - 정면충돌,중앙선침범,건조,맑음,단일로 - 기타,승용,여,40세,상해없음,승용,여,35세,경상
2015112500100544,2015년 11월 25일 18시,수요일,경상북도 포항시 북구 두호동,경상사고,0,0,1,0,차대차 - 정면충돌,안전운전불이행,건조,맑음,단일로 - 기타,자전거,남,14세,경상,승용,남,30세,상해없음
2015112500100545,2015년 11월 25일 18시,수요일,경상북도 경산시 자인면,경상사고,0,0,1,0,차대사람 - 횡단중,안전운전불이행,건조,맑음,단일로 - 기타,기타불명,기타불명,기타불명,기타불명,보행자,여,16세,경상
2015112500100546,2015년 11월 25일 18시,수요일,경상북도 구미시 임은동,경상사고,0,0,1,1,차대차 - 추돌 - 주정차중,안전운전불이행,건조,맑음,단일로 - 기타,승용,남,33세,부상신고,승용,남,29세,경상
2015112500100547,2015년 11월 25일 18시,수요일,경상북도 포항시 남구 이동,경상사고,0,0,1,0,차대차 - 정면충돌,안전운전불이행,건조,맑음,단일로 - 기타,이륜,남,17세,경상,승용,남,39세,상해없음
2015112500100622,2015년 11월 25일 20시,수요일,경상북도 경주시 안강읍,경상사고,0,0,1,0,차대차 - 기타,중앙선침범,건조,맑음,단일로 - 기타,승용,여,35세,상해없음,원동기,남,44세,경상
2015112500100623,2015년 11월 25일 20시,수요일,경상북도 포항시 북구 창포동,경상사고,0,0,1,0,차대사람 - 길가장자리구역통행중,안전운전불이행,건조,맑음,단일로 - 기타,기타불명,기타불명,기타불명,기타불명,보행자,여,14세,경상
2015112500100624,2015년 11월 25일 20시,수요일,경상북도 경산시 자인면,경상사고,0,0,1,0,차대차 - 측면직각충돌,안전운전불이행,건조,맑음,교차로 - 교차로안,화물,남,52세,상해없음,승용,남,32세,경상
2015112500100663,2015년 11월 25일 21시,수요일,경상북도 영덕군 영덕읍,중상사고,0,1,0,0,차대사람 - 횡단중,안전운전불이행,건조,맑음,단일로 - 기타,이륜,남,31세,상해없음,보행자,남,31세,중상
2015112500100664,2015년 11월 25일 21시,수요일,경상북도 포항시 남구 오천읍,중상사고,0,1,0,0,차대차 - 기타,안전운전불이행,건조,맑음,단일로 - 기타,자전거,남,21세,중상,승용,여,45세,상해없음
2015112500100694,2015년 11월 25일 22시,수요일,경상북도 경산시 삼풍동,경상사고,0,0,1,0,차대사람 - 횡단중,안전운전불이행,건조,맑음,단일로 - 기타,승용,남,35세,상해없음,보행자,남,22세,경상
2015112500100695,2015년 11월 25일 22시,수요일,경상북도 구미시 임수동,경상사고,0,0,2,0,차대차 - 추돌 - 주정차중,안전운전불이행,건조,흐림,교차로 - 교차로부근,승용,남,37세,상해없음,승용,남,36세,경상
2015112500100696,2015년 11월 25일 22시,수요일,경상북도 포항시 남구 송도동,경상사고,0,0,1,0,차대차 - 정면충돌,중앙선침범,건조,맑음,단일로 - 기타,승용,남,45세,상해없음,승용,남,58세,상해없음
2015112500100725,2015년 11월 25일 23시,수요일,경상북도 안동시 태화동,경상사고,0,0,1,0,차대차 - 정면충돌,안전운전불이행,습기,맑음,교차로 - 교차로부근,승용,남,43세,상해없음,승용,여,44세,경상
2015112500100726,2015년 11월 25일 23시,수요일,경상북도 칠곡군 가산면,사망사고,1,0,0,0,차량단독 - 전도전복,안전운전불이행,건조,맑음,단일로 - 기타,승용,남,24세,사망,,,,
2015112500100727,2015년 11월 25일 23시,수요일,경상북도 문경시 모전동,중상사고,0,2,0,0,차대차 - 추돌 - 주정차중,안전운전불이행,건조,맑음,단일로 - 기타,승용,남,29세,상해없음,승용,여,38세,중상
2015112500100728,2015년 11월 25일 23시,수요일,경상북도 경산시 하양읍,경상사고,0,0,1,0,차대차 - 정면충돌,안전운전불이행,건조,맑음,교차로 - 교차로부근,승용,남,29세,상해없음,승용,여,51세,경상
2015112500100729,2015년 11월 25일 23시,수요일,경상북도 청도군 각남면,중상사고,0,1,1,0,차량단독 - 공작물충돌,안전운전불이행,건조,맑음,단일로 - 교량,승용,여,42세,경상,,,,
2015112600100016,2015년 11월 26일 00시,목요일,경상북도 문경시 흥덕동,경상사고,0,0,1,0,차대차 - 정면충돌,직진우회전진행방해,건조,맑음,교차로 - 교차로안,승용,여,59세,상해없음,승용,남,43세,상해없음
2015112600100043,2015년 11월 26일 02시,목요일,경상북도 구미시 임은동,중상사고,0,1,0,1,차대차 - 정면충돌,중앙선침범,건조,맑음,교차로 - 교차로부근,화물,남,26세,부상신고,승용,남,37세,중상
2015112600100062,2015년 11월 26일 05시,목요일,경상북도 포항시 북구 용흥동,경상사고,0,0,1,0,차대사람 - 횡단중,신호위반,건조,맑음,교차로 - 교차로안,화물,남,68세,상해없음,보행자,남,60세,경상
2015112600100063,2015년 11월 26일 05시,목요일,경상북도 구미시 도량동,부상신고사고,0,0,0,1,차량단독 - 전도전복,안전운전불이행,건조,맑음,교차로 - 교차로안,원동기,남,19세,부상신고,,,,
2015112600100140,2015년 11월 26일 08시,목요일,경상북도 포항시 북구 두호동,중상사고,0,1,0,0,차대사람 - 횡단중,보행자보호의무위반,건조,맑음,교차로 - 교차로부근,승용,남,53세,상해없음,보행자,여,7세,중상
2015112600100141,2015년 11월 26일 08시,목요일,경상북도 영덕군 영덕읍,중상사고,0,1,0,0,차대사람 - 길가장자리구역통행중,안전운전불이행,건조,맑음,단일로 - 기타,승용,여,40세,상해없음,보행자,여,11세,중상
2015112600100142,2015년 11월 26일 08시,목요일,경상북도 군위군 군위읍,중상사고,0,1,0,0,차대차 - 정면충돌,직진우회전진행방해,건조,맑음,교차로 - 교차로안,승용,여,47세,상해없음,이륜,여,61세,중상
2015112600100143,2015년 11월 26일 08시,목요일,경상북도 포항시 남구 상도동,경상사고,0,0,1,0,차대차 - 추돌 - 주정차중,안전운전불이행,건조,맑음,단일로 - 기타,승용,여,26세,상해없음,승용,남,54세,경상
2015112600100171,2015년 11월 26일 09시,목요일,경상북도 안동시 정상동,경상사고,0,0,2,0,차대차 - 추돌 - 진행중,안전운전불이행,건조,맑음,기타 - 기타,화물,남,41세,상해없음,화물,남,72세,경상
2015112600100172,2015년 11월 26일 09시,목요일,경상북도 구미시 인의동,경상사고,0,0,1,0,차대사람 - 길가장자리구역통행중,안전운전불이행,건조,맑음,교차로 - 교차로부근,승용,여,25세,기타불명,보행자,여,19세,경상
2015112600100173,2015년 11월 26일 09시,목요일,경상북도 포항시 남구 청림동,경상사고,0,0,1,0,차대차 - 정면충돌,신호위반,건조,맑음,교차로 - 교차로안,승용,남,76세,기타불명,승용,남,37세,경상
2015112600100211,2015년 11월 26일 10시,목요일,경상북도 포항시 북구 죽도동,경상사고,0,0,1,0,차대사람 - 횡단중,중앙선침범,습기,비,단일로 - 기타,승용,여,47세,상해없음,보행자,남,23세,경상
2015112600100212,2015년 11월 26일 10시,목요일,경상북도 울진군 후포면,경상사고,0,0,1,0,차대사람 - 횡단중,보행자보호의무위반,건조,맑음,단일로 - 기타,이륜,남,67세,상해없음,보행자,여,51세,경상
2015112600100238,2015년 11월 26일 11시,목요일,경상북도 영주시 영주동,경상사고,0,0,1,0,차대차 - 정면충돌,안전운전불이행,건조,맑음,단일로 - 기타,이륜,남,78세,경상,승합,남,50세,상해없음
2015112600100269,2015년 11월 26일 12시,목요일,경상북도 포항시 북구 용흥동,중상사고,0,1,0,0,차대차 - 정면충돌,중앙선침범,건조,맑음,단일로 - 기타,화물,남,67세,상해없음,원동기,남,54세,중상
2015112600100296,2015년 11월 26일 13시,목요일,경상북도 경주시 구황동,중상사고,0,5,1,0,차대차 - 정면충돌,중앙선침범,건조,맑음,교차로 - 교차로안,승용,여,27세,중상,승용,여,44세,중상
2015112600100333,2015년 11월 26일 14시,목요일,경상북도 포항시 북구 죽도동,경상사고,0,0,1,0,차대사람 - 횡단중,안전운전불이행,건조,맑음,단일로 - 기타,승용,남,42세,상해없음,보행자,남,75세,경상
2015112600100334,2015년 11월 26일 14시,목요일,경상북도 의성군 금성면,중상사고,0,1,0,0,차대차 - 정면충돌,안전운전불이행,건조,맑음,단일로 - 기타,화물,남,69세,상해없음,이륜,남,59세,중상
2015112600100360,2015년 11월 26일 15시,목요일,경상북도 경산시 삼북동,경상사고,0,0,1,0,차대차 - 정면충돌,안전운전불이행,건조,맑음,단일로 - 기타,승용,여,58세,상해없음,자전거,여,11세,경상
2015112600100395,2015년 11월 26일 16시,목요일,경상북도 포항시 북구 양덕동,경상사고,0,0,1,0,차대차 - 정면충돌,안전운전불이행,건조,맑음,단일로 - 기타,승합,남,54세,상해없음,승용,여,37세,경상
2015112600100396,2015년 11월 26일 16시,목요일,경상북도 성주군 대가면,중상사고,0,2,2,0,차대차 - 정면충돌,불법유턴,건조,맑음,교차로 - 교차로안,승용,남,45세,중상,화물,남,75세,중상
2015112600100397,2015년 11월 26일 16시,목요일,경상북도 구미시 고아읍,중상사고,0,1,0,0,차대차 - 정면충돌,중앙선침범,습기,비,단일로 - 기타,이륜,남,51세,중상,승용,남,67세,상해없음