사고번호,사고일시,요일,시군구,사고내용,사망자수,중상자수,경상자수,부상신고자수,사고유형,법규위반,노면상태,기상상태,도로형태,가해운전자 차종,가해운전자 성별,가해운전자 연령,가해운전자 상해정도,피해운전자 차종,피해운전자 성별,피해운전자 연령,피해운전자 상해정도
2015112900100208,2015년 11월 29일 13시,일요일,경상북도 경주시 내남면,중상사고,0,3,1,0,차대차 - 추돌 - 주정차중,안전거리미확보,건조,맑음,단일로 - 기타,승용,남,48세,상해없음,승용,남,62세,상해없음
2015112900100229,2015년 11월 29일 14시,일요일,경상북도 포항시 북구 죽도동,경상사고,0,0,1,0,차대사람 - 횡단중,안전운전불이행,건조,맑음,단일로 - 기타,원동기,남,56세,상해없음,보행자,여,51세,경상
2015112900100230,2015년 11월 29일 14시,일요일,경상북도 구미시 형곡동,부상신고사고,0,0,0,1,차대차 - 정면충돌,안전운전불이행,건조,맑음,교차로 - 교차로부근,승용,남,50세,상해없음,승용,여,27세,부상신고
2015112900100262,2015년 11월 29일 15시,일요일,경상북도 포항시 북구 상원동,경상사고,0,0,1,0,차대사람 - 횡단중,안전운전불이행,건조,맑음,단일로 - 기타,승용,여,47세,상해없음,보행자,여,15세,경상
2015112900100263,2015년 11월 29일 15시,일요일,경상북도 영천시 망정동,경상사고,0,0,3,0,차대차 - 정면충돌,안전운전불이행,건조,맑음,단일로 - 기타,승용,남,53세,상해없음,승용,여,44세,경상
2015112900100301,2015년 11월 29일 16시,일요일,경상북도 안동시 임동면,경상사고,0,0,5,0,차대차 - 추돌 - 진행중,안전거리미확보,건조,맑음,단일로 - 기타,승용,남,61세,상해없음,승용,남,62세,경상
2015112900100302,2015년 11월 29일 16시,일요일,경상북도 영천시 작산동,중상사고,0,1,1,0,차량단독 - 전도전복,안전운전불이행,건조,맑음,단일로 - 기타,승용,남,23세,경상,,,,
2015112900100303,2015년 11월 29일 16시,일요일,경상북도 구미시 원평동,경상사고,0,0,1,0,차대차 - 추돌 - 진행중,안전운전불이행,건조,맑음,단일로 - 기타,승용,여,26세,상해없음,승용,남,38세,경상
2015112900100339,2015년 11월 29일 17시,일요일,경상북도 경주시 성동동,경상사고,0,0,1,0,차대사람 - 길가장자리구역통행중,안전운전불이행,건조,맑음,단일로 - 기타,승용,남,30세,상해없음,보행자,남,17세,경상
2015112900100340,2015년 11월 29일 17시,일요일,경상북도 포항시 북구 송라면,중상사고,0,1,0,0,차량단독 - 전도전복,안전운전불이행,건조,맑음,단일로 - 기타,승용,남,26세,상해없음,,,,
2015112900100341,2015년 11월 29일 17시,일요일,경상북도 포항시 북구 청하면,경상사고,0,0,2,0,차대차 - 정면충돌,안전운전불이행,건조,맑음,교차로 - 교차로부근,승용,여,41세,상해없음,승용,남,36세,경상
2015112900100425,2015년 11월 29일 19시,일요일,경상북도 예천군 예천읍,중상사고,0,3,0,0,차대차 - 측면직각충돌,신호위반,건조,맑음,교차로 - 교차로안,화물,남,56세,중상,승용,여,53세,중상
2015112900100426,2015년 11월 29일 19시,일요일,경상북도 울진군 북면,중상사고,0,1,0,0,차대차 - 정면충돌,교차로운행방법위반,건조,맑음,교차로 - 교차로안,승용,남,41세,상해없음,자전거,남,11세,중상
2015112900100427,2015년 11월 29일 19시,일요일,경상북도 김천시 아포읍,사망사고,1,1,0,0,차대차 - 측면직각충돌,차로위반,건조,맑음,단일로 - 기타,화물,남,58세,상해없음,승용,여,31세,사망
2015112900100457,2015년 11월 29일 20시,일요일,경상북도 칠곡군 약목면,경상사고,0,0,1,1,차대차 - 정면충돌,안전운전불이행,건조,맑음,단일로 - 기타,승용,남,30세,부상신고,승용,여,27세,경상
2015112900100458,2015년 11월 29일 20시,일요일,경상북도 영천시 청통면,중상사고,0,1,1,0,차대차 - 측면직각충돌,교차로운행방법위반,건조,맑음,교차로 - 교차로안,승용,기타불명,기타불명,기타불명,승용,여,35세,경상
2015112900100459,2015년 11월 29일 20시,일요일,경상북도 영천시 청통면,경상사고,0,0,2,0,차대차 - 측면직각충돌,교차로운행방법위반,건조,맑음,단일로 - 기타,승용,여,42세,상해없음,승용,남,57세,경상
2015112900100485,2015년 11월 29일 21시,일요일,경상북도 안동시 옥동,경상사고,0,0,1,0,차대차 - 기타,안전거리미확보,건조,맑음,교차로 - 교차로부근,승용,남,30세,상해없음,승용,여,58세,경상
2015113000100032,2015년 11월 30일 03시,월요일,경상북도 구미시 황상동,중상사고,0,2,0,0,차대차 - 측면직각충돌,안전운전불이행,건조,맑음,기타 - 기타,승용,남,23세,상해없음,원동기,남,26세,중상
2015113000100059,2015년 11월 30일 06시,월요일,경상북도 안동시 옥야동,중상사고,0,1,0,0,차대사람 - 횡단중,안전운전불이행,건조,맑음,교차로 - 교차로안,승용,남,52세,상해없음,보행자,남,57세,중상
2015113000100060,2015년 11월 30일 06시,월요일,경상북도 구미시 광평동,경상사고,0,0,1,0,차대차 - 정면충돌,신호위반,건조,맑음,교차로 - 교차로안,승용,남,32세,경상,승합,남,36세,상해없음
2015113000100084,2015년 11월 30일 07시,월요일,경상북도 경주시 충효동,경상사고,0,0,2,0,차대차 - 정면충돌,안전운전불이행,건조,맑음,단일로 - 기타,승용,여,48세,기타불명,화물,남,48세,경상
2015113000100085,2015년 11월 30일 07시,월요일,경상북도 상주시 낙양동,사망사고,1,0,0,0,차대사람 - 횡단중,안전운전불이행,습기,비,교차로 - 교차로안,승용,남,39세,상해없음,보행자,여,87세,사망
2015113000100134,2015년 11월 30일 08시,월요일,경상북도 칠곡군 동명면,중상사고,0,1,0,1,차대차 - 측면직각충돌,중앙선침범,건조,맑음,단일로 - 기타,화물,남,70세,부상신고,승용,남,27세,중상
2015113000100135,2015년 11월 30일 08시,월요일,경상북도 경산시 조영동,경상사고,0,0,2,0,차대차 - 기타,안전운전불이행,건조,맑음,단일로 - 기타,승용,남,61세,상해없음,승합,남,54세,상해없음
2015113000100136,2015년 11월 30일 08시,월요일,경상북도 고령군 대가야읍,경상사고,0,0,2,0,차대차 - 측면직각충돌,신호위반,건조,맑음,교차로 - 교차로안,승용,여,38세,상해없음,승용,여,42세,경상
2015113000100137,2015년 11월 30일 08시,월요일,경상북도 포항시 남구 오천읍,경상사고,0,0,2,0,차대차 - 정면충돌,중앙선침범,건조,맑음,단일로 - 기타,승합,여,32세,상해없음,승용,여,29세,경상
2015113000100158,2015년 11월 30일 09시,월요일,경상북도 포항시 남구 오천읍,중상사고,0,1,1,0,차대차 - 정면충돌,신호위반,건조,맑음,교차로 - 교차로안,승용,남,64세,경상,승용,남,58세,중상
2015113000100159,2015년 11월 30일 09시,월요일,경상북도 포항시 남구 동해면,경상사고,0,0,2,0,차대차 - 정면충돌,교차로운행방법위반,건조,맑음,교차로 - 교차로안,화물,남,56세,경상,승용,남,53세,경상
2015113000100202,2015년 11월 30일 10시,월요일,경상북도 경산시 하양읍,중상사고,0,1,0,0,차대차 - 정면충돌,교차로운행방법위반,건조,맑음,교차로 - 교차로안,승용,남,19세,상해없음,자전거,남,22세,중상
2015113000100235,2015년 11월 30일 11시,월요일,경상북도 상주시 공성면,경상사고,0,0,1,0,차대차 - 정면충돌,중앙선침범,건조,맑음,단일로 - 기타,화물,남,55세,상해없음,화물,남,40세,경상
2015113000100236,2015년 11월 30일 11시,월요일,경상북도 구미시 옥계동,경상사고,0,0,1,0,차대사람 - 횡단중,안전운전불이행,건조,맑음,기타 - 기타,승용,남,58세,상해없음,보행자,남,38세,경상
2015113000100262,2015년 11월 30일 12시,월요일,경상북도 영천시 금노동,중상사고,0,1,4,0,차대차 - 정면충돌,교차로운행방법위반,건조,맑음,교차로 - 교차로안,승용,남,70세,경상,승용,남,64세,경상
2015113000100263,2015년 11월 30일 12시,월요일,경상북도 영덕군 영덕읍,중상사고,0,2,0,0,차대차 - 측면직각충돌,직진우회전진행방해,건조,맑음,교차로 - 교차로안,화물,여,49세,상해없음,이륜,남,83세,중상
2015113000100293,2015년 11월 30일 13시,월요일,경상북도 포항시 북구 장성동,경상사고,0,0,1,0,차대차 - 정면충돌,안전운전불이행,건조,맑음,교차로 - 교차로안,승용,남,60세,상해없음,승용,여,63세,경상
2015113000100328,2015년 11월 30일 14시,월요일,경상북도 상주시 함창읍,중상사고,0,1,1,0,차대차 - 추돌 - 주정차중,안전운전불이행,건조,맑음,교차로 - 교차로부근,승용,남,68세,상해없음,화물,남,61세,경상
2015113000100329,2015년 11월 30일 14시,월요일,경상북도 상주시 무양동,중상사고,0,1,0,0,차대차 - 측면직각충돌,안전운전불이행,건조,맑음,단일로 - 기타,화물,여,63세,상해없음,자전거,남,13세,중상
2015113000100330,2015년 11월 30일 14시,월요일,경상북도 포항시 남구 오천읍,경상사고,0,0,2,0,차대차 - 정면충돌,안전운전불이행,건조,맑음,기타 - 기타,승용,남,24세,상해없음,승용,남,31세,경상
2015113000100376,2015년 11월 30일 15시,월요일,경상북도 안동시 용상동,중상사고,0,1,0,0,차대차 - 정면충돌,안전운전불이행,건조,맑음,단일로 - 기타,자전거,여,65세,중상,승용,여,61세,상해없음
2015113000100377,2015년 11월 30일 15시,월요일,경상북도 영천시 완산동,경상사고,0,0,2,0,차대차 - 추돌 - 주정차중,안전운전불이행,건조,맑음,교차로 - 교차로부근,승용,남,19세,상해없음,승용,여,38세,경상
2015113000100378,2015년 11월 30일 15시,월요일,경상북도 청송군 진보면,경상사고,0,0,2,0,차대차 - 정면충돌,안전운전불이행,건조,맑음,단일로 - 기타,화물,여,66세,상해없음,화물,남,62세,경상
2015113000100379,2015년 11월 30일 15시,월요일,경상북도 포항시 남구 오천읍,경상사고,0,0,3,0,차대차 - 정면충돌,안전운전불이행,건조,맑음,교차로 - 교차로안,승용,여,38세,상해없음,승용,여,51세,경상
2015113000100380,2015년 11월 30일 15시,월요일,경상북도 포항시 남구 송도동,경상사고,0,0,1,0,차대차 - 기타,안전운전불이행,건조,맑음,단일로 - 기타,승용,남,56세,상해없음,자전거,여,58세,경상
2015113000100411,2015년 11월 30일 16시,월요일,경상북도 경주시 양북면,중상사고,0,1,0,0,차대사람 - 횡단중,안전운전불이행,건조,맑음,단일로 - 기타,화물,남,61세,상해없음,보행자,여,81세,중상
2015113000100412,2015년 11월 30일 16시,월요일,경상북도 포항시 북구 두호동,경상사고,0,0,3,0,차대차 - 측면직각충돌,안전운전불이행,건조,맑음,단일로 - 기타,승용,여,37세,경상,승용,여,50세,경상
2015113000100413,2015년 11월 30일 16시,월요일,경상북도 경산시 압량면,경상사고,0,0,1,0,차대사람 - 기타,안전운전불이행,건조,맑음,단일로 - 기타,승용,남,62세,상해없음,보행자,남,74세,경상
2015113000100414,2015년 11월 30일 16시,월요일,경상북도 구미시 고아읍,사망사고,1,0,0,0,차대차 - 기타,안전운전불이행,건조,맑음,단일로 - 기타,건설기계,남,53세,상해없음,이륜,남,73세,사망
2015113000100451,2015년 11월 30일 17시,월요일,경상북도 경주시 동방동,중상사고,0,1,0,0,차대사람 - 횡단중,안전운전불이행,건조,맑음,단일로 - 기타,승용,남,32세,상해없음,보행자,여,76세,중상
2015113000100452,2015년 11월 30일 17시,월요일,경상북도 상주시 이안면,경상사고,0,0,1,0,차대차 - 정면충돌,중앙선침범,건조,맑음,교차로 - 교차로안,화물,남,63세,상해없음,화물,남,52세,경상
2015113000100453,2015년 11월 30일 17시,월요일,경상북도 칠곡군 지천면,중상사고,0,1,0,0,차대차 - 정면충돌,안전운전불이행,건조,맑음,단일로 - 기타,승용,남,51세,상해없음,농기계,남,36세,중상
2015113000100510,2015년 11월 30일 18시,월요일,경상북도 포항시 북구 죽도동,중상사고,0,1,0,0,차대차 - 정면충돌,중앙선침범,건조,맑음,단일로 - 기타,화물,남,49세,상해없음,원동기,남,29세,중상
2015113000100511,2015년 11월 30일 18시,월요일,경상북도 영주시 휴천동,중상사고,0,1,0,0,차대차 - 측면직각충돌,안전운전불이행,건조,맑음,단일로 - 기타,승용,남,39세,상해없음,이륜,남,40세,중상
2015113000100512,2015년 11월 30일 18시,월요일,경상북도 포항시 남구 대잠동,경상사고,0,0,1,0,차대차 - 정면충돌,안전운전불이행,건조,맑음,교차로 - 교차로부근,승용,남,31세,상해없음,승용,여,41세,경상
2015113000100553,2015년 11월 30일 19시,월요일,경상북도 포항시 북구 장성동,중상사고,0,1,0,0,차대사람 - 횡단중,보행자보호의무위반,건조,맑음,교차로 - 교차로안,승용,남,26세,상해없음,보행자,여,48세,중상
2015113000100554,2015년 11월 30일 19시,월요일,경상북도 포항시 북구 양덕동,경상사고,0,0,1,0,차대차 - 정면충돌,직진우회전진행방해,건조,맑음,교차로 - 교차로안,승용,여,36세,상해없음,승용,여,59세,경상
2015113000100555,2015년 11월 30일 19시,월요일,경상북도 칠곡군 기산면,부상신고사고,0,0,0,1,차대차 - 추돌 - 주정차중,안전운전불이행,건조,맑음,단일로 - 기타,승용,여,39세,부상신고,승용,남,49세,기타불명
2015113000100556,2015년 11월 30일 19시,월요일,경상북도 경산시 중방동,경상사고,0,0,1,0,차대차 - 추돌 - 진행중,안전운전불이행,건조,맑음,단일로 - 기타,승용,남,18세,상해없음,승용,남,33세,경상
2015113000100557,2015년 11월 30일 19시,월요일,경상북도 경산시 옥산동,중상사고,0,1,0,0,차대사람 - 횡단중,보행자보호의무위반,건조,맑음,단일로 - 횡단보도상,승용,남,46세,상해없음,보행자,남,58세,중상
2015113000100558,2015년 11월 30일 19시,월요일,경상북도 경산시 진량읍,경상사고,0,0,1,0,차대사람 - 횡단중,보행자보호의무위반,건조,맑음,단일로 - 기타,이륜,남,18세,상해없음,보행자,여,19세,경상
2015113000100559,2015년 11월 30일 19시,월요일,경상북도 구미시 봉곡동,중상사고,0,1,1,0,차대차 - 기타,안전운전불이행,건조,맑음,단일로 - 기타,이륜,남,19세,상해없음,승합,남,41세,중상
2015113000100599,2015년 11월 30일 20시,월요일,경상북도 경주시 외동읍,부상신고사고,0,0,0,1,차량단독 - 기타,안전운전불이행,건조,맑음,단일로 - 기타,승합,남,54세,상해없음,,,,
2015113000100600,2015년 11월 30일 20시,월요일,경상북도 김천시 지례면,경상사고,0,0,2,0,차대차 - 측면직각충돌,안전운전불이행,건조,흐림,교차로 - 교차로안,승용,남,42세,상해없음,화물,남,57세,경상
2015113000100601,2015년 11월 30일 20시,월요일,경상북도 포항시 남구 상도동,경상사고,0,0,2,0,차대차 - 정면충돌,안전운전불이행,건조,맑음,단일로 - 기타,화물,남,42세,경상,화물,남,46세,경상
2015113000100602,2015년 11월 30일 20시,월요일,경상북도 포항시 남구 대도동,중상사고,0,1,1,0,차대차 - 정면충돌,중앙선침범,건조,맑음,단일로 - 기타,자전거,남,70세,경상,이륜,남,24세,중상
2015113000100638,2015년 11월 30일 21시,월요일,경상북도 구미시 신평동,경상사고,0,0,1,0,차대차 - 정면충돌,안전운전불이행,건조,맑음,교차로 - 교차로안,기타불명,기타불명,기타불명,기타불명,이륜,남,35세,경상
2015113000100639,2015년 11월 30일 21시,월요일,경상북도 구미시 원평동,중상사고,0,1,0,0,차대사람 - 횡단중,기타,건조,맑음,교차로 - 교차로부근,승용,남,58세,상해없음,보행자,여,68세,중상
2015120100100011,2015년 12월 1일 00시,화요일,경상북도 포항시 남구 상도동,경상사고,0,0,3,0,차대차 - 추돌 - 주정차중,안전운전불이행,건조,맑음,교차로 - 교차로부근,승용,남,40세,상해없음,승용,남,61세,경상
2015120100100082,2015년 12월 1일 06시,화요일,경상북도 경주시 강동면,경상사고,0,0,1,0,차대차 - 기타,안전운전불이행,건조,맑음,단일로 - 기타,승용,남,35세,상해없음,화물,남,51세,상해없음
2015120100100084,2015년 12월 1일 06시,화요일,경상북도 칠곡군 왜관읍,중상사고,0,1,0,0,차대차 - 정면충돌,신호위반,건조,맑음,교차로 - 교차로안,승용,여,59세,상해없음,승용,여,33세,중상
2015120100100085,2015년 12월 1일 06시,화요일,경상북도 칠곡군 가산면,경상사고,0,0,1,0,차대차 - 측면직각충돌,신호위반,건조,맑음,교차로 - 교차로안,승용,남,46세,상해없음,승용,여,28세,경상
2015120100100104,2015년 12월 1일 07시,화요일,경상북도 포항시 북구 두호동,경상사고,0,0,1,0,차대차 - 정면충돌,안전거리미확보,건조,맑음,교차로 - 교차로안,승용,남,55세,상해없음,승용,여,48세,경상
2015120100100105,2015년 12월 1일 07시,화요일,경상북도 김천시 지좌동,경상사고,0,0,1,0,차대사람 - 횡단중,신호위반,습기,안개,단일로 - 기타,화물,남,52세,상해없음,보행자,남,16세,경상
2015120100100106,2015년 12월 1일 07시,화요일,경상북도 고령군 다산면,경상사고,0,0,4,0,차대차 - 추돌 - 진행중,안전거리미확보,건조,맑음,단일로 - 기타,승용,남,25세,상해없음,승용,남,29세,경상
2015120100100142,2015년 12월 1일 08시,화요일,경상북도 영천시 대창면,경상사고,0,0,1,0,차대차 - 측면직각충돌,교차로운행방법위반,습기,흐림,교차로 - 교차로안,승용,남,51세,상해없음,승용,여,49세,경상
2015120100100143,2015년 12월 1일 08시,화요일,경상북도 고령군 성산면,경상사고,0,0,1,0,차대차 - 측면직각충돌,안전운전불이행,건조,맑음,단일로 - 기타,승합,여,36세,상해없음,승용,남,46세,경상
2015120100100193,2015년 12월 1일 10시,화요일,경상북도 상주시 공성면,중상사고,0,1,0,0,차대차 - 측면직각충돌,안전운전불이행,건조,맑음,교차로 - 교차로부근,화물,남,58세,상해없음,원동기,남,84세,중상
2015120100100194,2015년 12월 1일 10시,화요일,경상북도 경산시 사정동,중상사고,0,1,2,0,차대차 - 정면충돌,안전거리미확보,건조,맑음,교차로 - 교차로안,승용,여,47세,상해없음,승용,남,26세,중상
2015120100100195,2015년 12월 1일 10시,화요일,경상북도 경산시 사동,경상사고,0,0,1,0,차대차 - 측면직각충돌,신호위반,건조,맑음,교차로 - 교차로안,화물,남,68세,상해없음,화물,남,48세,경상
2015120100100196,2015년 12월 1일 10시,화요일,경상북도 성주군 성주읍,중상사고,0,1,0,0,차대차 - 정면충돌,안전운전불이행,건조,맑음,기타 - 기타,화물,남,51세,상해없음,원동기,남,66세,중상
2015120100100278,2015년 12월 1일 13시,화요일,경상북도 상주시 성하동,경상사고,0,0,1,0,차대차 - 측면직각충돌,신호위반,건조,맑음,교차로 - 교차로안,이륜,남,77세,상해없음,승용,남,77세,경상
2015120100100279,2015년 12월 1일 13시,화요일,경상북도 상주시 복룡동,경상사고,0,0,1,0,차대차 - 측면직각충돌,교차로운행방법위반,건조,맑음,교차로 - 교차로안,화물,남,51세,상해없음,원동기,여,67세,경상
2015120100100280,2015년 12월 1일 13시,화요일,경상북도 경산시 하양읍,경상사고,0,0,1,0,차대차 - 추돌 - 진행중,차로위반,건조,맑음,단일로 - 기타,화물,남,43세,상해없음,승용,남,48세,상해없음
2015120100100314,2015년 12월 1일 14시,화요일,경상북도 경주시 서부동,중상사고,0,1,0,0,차대사람 - 기타,안전운전불이행,건조,맑음,단일로 - 기타,승용,남,58세,상해없음,보행자,여,83세,중상
2015120100100315,2015년 12월 1일 14시,화요일,경상북도 문경시 산양면,경상사고,0,0,1,0,차대차 - 정면충돌,안전운전불이행,건조,맑음,단일로 - 기타,화물,남,59세,상해없음,이륜,남,54세,경상
2015120100100350,2015년 12월 1일 15시,화요일,경상북도 포항시 북구 장성동,경상사고,0,0,2,0,차대차 - 정면충돌,안전운전불이행,건조,맑음,교차로 - 교차로부근,화물,남,62세,상해없음,승용,남,48세,경상
2015120100100351,2015년 12월 1일 15시,화요일,경상북도 안동시 용상동,경상사고,0,0,1,0,차대사람 - 횡단중,보행자보호의무위반,건조,맑음,단일로 - 횡단보도상,승용,남,60세,상해없음,보행자,여,12세,경상
2015120100100352,2015년 12월 1일 15시,화요일,경상북도 영주시 휴천동,중상사고,0,1,0,0,차대차 - 정면충돌,신호위반,건조,흐림,교차로 - 교차로안,승용,남,56세,상해없음,이륜,남,22세,중상
2015120100100353,2015년 12월 1일 15시,화요일,경상북도 칠곡군 석적읍,경상사고,0,0,2,0,차대차 - 추돌 - 진행중,안전거리미확보,건조,맑음,단일로 - 기타,승용,남,59세,상해없음,승용,남,31세,경상
2015120100100354,2015년 12월 1일 15시,화요일,경상북도 영천시 망정동,중상사고,0,1,0,0,차대차 - 정면충돌,안전운전불이행,건조,맑음,단일로 - 기타,승용,여,46세,상해없음,승용,여,35세,중상
2015120100100355,2015년 12월 1일 15시,화요일,경상북도 울진군 죽변면,중상사고,0,1,3,0,차대차 - 정면충돌,안전운전불이행,건조,맑음,단일로 - 기타,화물,남,63세,상해없음,승용,여,57세,경상
2015120100100394,2015년 12월 1일 16시,화요일,경상북도 안동시 수상동,중상사고,0,1,0,0,차대사람 - 횡단중,안전운전불이행,건조,맑음,단일로 - 기타,승용,남,54세,상해없음,보행자,남,63세,중상
2015120100100435,2015년 12월 1일 17시,화요일,경상북도 안동시 풍산읍,사망사고,1,0,0,0,차대사람 - 기타,안전운전불이행,건조,맑음,단일로 - 기타,승용,남,62세,상해없음,보행자,여,87세,사망
2015120100100436,2015년 12월 1일 17시,화요일,경상북도 상주시 낙양동,경상사고,0,0,1,0,차대차 - 정면충돌,안전운전불이행,건조,맑음,교차로 - 교차로부근,승용,여,25세,상해없음,원동기,남,18세,경상
2015120100100437,2015년 12월 1일 17시,화요일,경상북도 경산시 사정동,경상사고,0,0,1,0,차대차 - 정면충돌,안전운전불이행,건조,맑음,교차로 - 교차로안,자전거,남,12세,경상,승용,여,45세,상해없음
2015120100100438,2015년 12월 1일 17시,화요일,경상북도 경산시 압량면,경상사고,0,0,1,0,차대차 - 정면충돌,교차로운행방법위반,건조,맑음,교차로 - 교차로안,자전거,여,74세,경상,승용,남,49세,상해없음
2015120100100439,2015년 12월 1일 17시,화요일,경상북도 울진군 후포면,경상사고,0,0,1,0,차대차 - 정면충돌,안전운전불이행,건조,맑음,단일로 - 기타,화물,남,30세,상해없음,자전거,여,62세,경상
2015120100100487,2015년 12월 1일 18시,화요일,경상북도 포항시 북구 죽도동,경상사고,0,0,1,0,차대사람 - 횡단중,안전운전불이행,건조,맑음,단일로 - 기타,승용,여,41세,상해없음,보행자,남,56세,경상
2015120100100488,2015년 12월 1일 18시,화요일,경상북도 포항시 북구 득량동,경상사고,0,0,1,0,차대차 - 정면충돌,안전운전불이행,건조,맑음,단일로 - 기타,자전거,남,64세,경상,화물,남,62세,상해없음
2015120100100489,2015년 12월 1일 18시,화요일,경상북도 안동시 운흥동,경상사고,0,0,1,0,차대차 - 정면충돌,안전운전불이행,건조,맑음,교차로 - 교차로안,승용,남,42세,상해없음,승용,남,61세,상해없음
2015120100100490,2015년 12월 1일 18시,화요일,경상북도 칠곡군 왜관읍,중상사고,0,1,0,0,차대사람 - 횡단중,보행자보호의무위반,건조,맑음,단일로 - 횡단보도상,승용,남,50세,상해없음,보행자,여,43세,중상
2015120100100491,2015년 12월 1일 18시,화요일,경상북도 구미시 인의동,경상사고,0,0,1,0,차대사람 - 횡단중,안전운전불이행,건조,맑음,단일로 - 기타,승용,남,47세,상해없음,보행자,여,41세,경상
2015120100100492,2015년 12월 1일 18시,화요일,경상북도 구미시 공단동,경상사고,0,0,3,0,차대차 - 추돌 - 주정차중,안전거리미확보,건조,맑음,단일로 - 기타,승용,남,30세,상해없음,승용,여,26세,경상
2015120100100493,2015년 12월 1일 18시,화요일,경상북도 포항시 남구 청림동,중상사고,0,1,0,0,차량단독 - 공작물충돌,안전운전불이행,건조,맑음,단일로 - 기타,화물,남,48세,중상,,,,
2015120100100494,2015년 12월 1일 18시,화요일,경상북도 포항시 남구 동촌동,경상사고,0,0,1,0,차대차 - 정면충돌,신호위반,건조,맑음,교차로 - 교차로안,승용,남,35세,상해없음,화물,남,51세,경상
2015120100100537,2015년 12월 1일 19시,화요일,경상북도 포항시 북구 송라면,중상사고,0,1,0,0,차대사람 - 기타,안전운전불이행,건조,맑음,단일로 - 기타,승용,남,30세,상해없음,보행자,남,3세,상해없음
2015120100100538,2015년 12월 1일 19시,화요일,경상북도 김천시 부곡동,경상사고,0,0,2,0,차대차 - 측면직각충돌,안전운전불이행,건조,맑음,교차로 - 교차로안,승용,여,66세,기타불명,승용,남,64세,경상
2015120100100539,2015년 12월 1일 19시,화요일,경상북도 구미시 고아읍,중상사고,0,1,0,0,차대차 - 기타,중앙선침범,건조,맑음,단일로 - 기타,이륜,여,39세,중상,화물,남,57세,상해없음
2015120100100568,2015년 12월 1일 20시,화요일,경상북도 포항시 남구 오천읍,중상사고,0,1,0,0,차대사람 - 횡단중,안전운전불이행,건조,맑음,단일로 - 기타,기타불명,기타불명,기타불명,기타불명,보행자,남,51세,중상
2015120100100589,2015년 12월 1일 21시,화요일,경상북도 영천시 야사동,경상사고,0,0,1,0,차대차 - 정면충돌,안전운전불이행,건조,맑음,단일로 - 기타,화물,남,33세,상해없음,화물,여,36세,경상
2015120100100590,2015년 12월 1일 21시,화요일,경상북도 구미시 신평동,경상사고,0,0,2,0,차대차 - 기타,안전거리미확보,건조,맑음,단일로 - 기타,화물,남,59세,상해없음,승용,남,49세,경상
2015120100100619,2015년 12월 1일 22시,화요일,경상북도 경주시 동천동,경상사고,0,0,2,0,차대차 - 기타,안전운전불이행,건조,맑음,교차로 - 교차로부근,승용,기타불명,기타불명,기타불명,승용,남,55세,경상
2015120100100620,2015년 12월 1일 22시,화요일,경상북도 구미시 원평동,중상사고,0,1,0,0,차대차 - 정면충돌,교차로운행방법위반,건조,맑음,교차로 - 교차로안,승용,남,59세,상해없음,이륜,남,20세,중상
2015120100100621,2015년 12월 1일 22시,화요일,경상북도 포항시 남구 해도동,경상사고,0,0,4,0,차대차 - 기타,안전운전불이행,건조,맑음,교차로 - 교차로안,승용,남,55세,경상,특수,남,33세,경상
2015120100100658,2015년 12월 1일 23시,화요일,경상북도 칠곡군 석적읍,경상사고,0,0,4,0,차대차 - 측면직각충돌,직진우회전진행방해,건조,맑음,교차로 - 교차로안,승용,여,49세,경상,승용,남,19세,경상
2015120100100659,2015년 12월 1일 23시,화요일,경상북도 경산시 삼북동,중상사고,0,1,0,0,차대차 - 정면충돌,교차로운행방법위반,건조,맑음,교차로 - 교차로안,승용,남,48세,상해없음,이륜,남,18세,중상
2015120200100023,2015년 12월 2일 01시,수요일,경상북도 구미시 송정동,경상사고,0,0,2,0,차대차 - 추돌 - 주정차중,안전운전불이행,건조,맑음,교차로 - 교차로부근,승용,남,46세,상해없음,승용,남,45세,경상
2015120200100024,2015년 12월 2일 01시,수요일,경상북도 구미시 공단동,경상사고,0,0,1,0,차대차 - 정면충돌,안전운전불이행,건조,맑음,단일로 - 기타,승용,남,46세,상해없음,승용,여,32세,경상
2015120200100061,2015년 12월 2일 05시,수요일,경상북도 문경시 영신동,중상사고,0,2,0,0,차량단독 - 전도전복,안전운전불이행,건조,맑음,단일로 - 기타,승용,남,20세,중상,,,,
2015120200100079,2015년 12월 2일 06시,수요일,경상북도 경산시 사동,경상사고,0,0,1,0,차대차 - 정면충돌,교차로운행방법위반,건조,맑음,교차로 - 교차로안,화물,남,62세,상해없음,승용,여,53세,경상
2015120200100080,2015년 12월 2일 06시,수요일,경상북도 울진군 근남면,경상사고,0,0,1,0,차대차 - 기타,안전운전불이행,건조,맑음,교차로 - 교차로안,기타불명,기타불명,기타불명,기타불명,승용,여,53세,경상
2015120200100081,2015년 12월 2일 06시,수요일,경상북도 구미시 사곡동,경상사고,0,0,2,0,차대차 - 추돌 - 주정차중,안전운전불이행,건조,맑음,교차로 - 교차로부근,승용,남,51세,상해없음,승용,여,25세,경상
2015120200100100,2015년 12월 2일 07시,수요일,경상북도 경주시 마동,경상사고,0,0,1,0,차대차 - 측면직각충돌,신호위반,건조,맑음,교차로 - 교차로안,승합,남,64세,상해없음,승용,남,28세,경상