사고번호,사고일시,요일,시군구,사고내용,사망자수,중상자수,경상자수,부상신고자수,사고유형,법규위반,노면상태,기상상태,도로형태,가해운전자 차종,가해운전자 성별,가해운전자 연령,가해운전자 상해정도,피해운전자 차종,피해운전자 성별,피해운전자 연령,피해운전자 상해정도
2015120200100101,2015년 12월 2일 07시,수요일,경상북도 안동시 태화동,중상사고,0,1,0,0,차대차 - 추돌 - 진행중,안전거리미확보,건조,맑음,단일로 - 기타,승용,여,24세,상해없음,승용,여,38세,중상
2015120200100148,2015년 12월 2일 08시,수요일,경상북도 포항시 북구 학산동,중상사고,0,1,0,0,차대사람 - 횡단중,안전운전불이행,건조,맑음,단일로 - 기타,승용,여,44세,상해없음,보행자,남,16세,중상
2015120200100149,2015년 12월 2일 08시,수요일,경상북도 김천시 아포읍,경상사고,0,0,1,0,차량단독 - 전도전복,안전운전불이행,건조,흐림,단일로 - 기타,건설기계,남,37세,경상,,,,
2015120200100150,2015년 12월 2일 08시,수요일,경상북도 경산시 와촌면,경상사고,0,0,1,0,차대차 - 정면충돌,신호위반,건조,맑음,교차로 - 교차로안,승용,남,50세,경상,승합,남,49세,상해없음
2015120200100183,2015년 12월 2일 09시,수요일,경상북도 포항시 북구 청하면,경상사고,0,0,2,0,차대차 - 정면충돌,직진우회전진행방해,건조,맑음,교차로 - 교차로안,화물,남,51세,상해없음,승용,남,62세,경상
2015120200100184,2015년 12월 2일 09시,수요일,경상북도 영덕군 병곡면,경상사고,0,0,1,0,차대차 - 측면직각충돌,교차로운행방법위반,건조,흐림,교차로 - 교차로부근,이륜,남,78세,경상,승용,남,36세,상해없음
2015120200100185,2015년 12월 2일 09시,수요일,경상북도 포항시 남구 대잠동,경상사고,0,0,1,0,차대차 - 정면충돌,안전운전불이행,건조,맑음,단일로 - 기타,건설기계,남,42세,상해없음,승용,여,25세,경상
2015120200100207,2015년 12월 2일 10시,수요일,경상북도 영주시 봉현면,중상사고,0,1,0,0,차대차 - 정면충돌,안전운전불이행,건조,맑음,교차로 - 교차로부근,자전거,여,48세,중상,화물,남,51세,상해없음
2015120200100208,2015년 12월 2일 10시,수요일,경상북도 칠곡군 석적읍,경상사고,0,0,2,0,차대차 - 측면직각충돌,신호위반,건조,맑음,교차로 - 교차로안,승용,남,27세,경상,승용,남,54세,경상
2015120200100209,2015년 12월 2일 10시,수요일,경상북도 울진군 후포면,경상사고,0,0,2,0,차대차 - 측면직각충돌,안전운전불이행,건조,맑음,기타 - 기타,승합,남,22세,상해없음,승용,여,51세,경상
2015120200100210,2015년 12월 2일 10시,수요일,경상북도 고령군 우곡면,경상사고,0,0,1,0,차대차 - 측면직각충돌,중앙선침범,건조,맑음,단일로 - 기타,승용,여,51세,상해없음,승합,남,30세,경상
2015120200100211,2015년 12월 2일 10시,수요일,경상북도 포항시 남구 구룡포읍,경상사고,0,0,2,0,차대차 - 정면충돌,교차로운행방법위반,건조,맑음,교차로 - 교차로안,승용,여,52세,상해없음,승용,여,55세,경상
2015120200100239,2015년 12월 2일 11시,수요일,경상북도 의성군 다인면,중상사고,0,1,0,0,차대차 - 측면직각충돌,교차로운행방법위반,건조,흐림,교차로 - 교차로안,화물,남,78세,상해없음,이륜,남,80세,중상
2015120200100279,2015년 12월 2일 13시,수요일,경상북도 영주시 영주동,경상사고,0,0,1,0,차대차 - 정면충돌,안전운전불이행,습기,비,단일로 - 기타,자전거,여,62세,경상,승용,여,48세,상해없음
2015120200100311,2015년 12월 2일 14시,수요일,경상북도 영주시 조와동,중상사고,0,1,1,0,차대차 - 정면충돌,중앙선침범,습기,비,단일로 - 기타,농기계,남,45세,경상,화물,남,65세,중상
2015120200100312,2015년 12월 2일 14시,수요일,경상북도 문경시 점촌동,중상사고,0,1,0,0,차량단독 - 기타,안전운전불이행,습기,비,단일로 - 기타,승합,남,31세,상해없음,,,,
2015120200100313,2015년 12월 2일 14시,수요일,경상북도 예천군 예천읍,중상사고,0,1,0,0,차대차 - 정면충돌,안전운전불이행,건조,맑음,단일로 - 기타,화물,남,70세,상해없음,이륜,남,70세,중상
2015120200100314,2015년 12월 2일 14시,수요일,경상북도 구미시 광평동,경상사고,0,0,1,1,차대차 - 정면충돌,안전운전불이행,건조,맑음,단일로 - 기타,승용,남,62세,부상신고,승용,남,53세,경상
2015120200100345,2015년 12월 2일 15시,수요일,경상북도 경주시 노동동,경상사고,0,0,1,0,차대차 - 측면직각충돌,안전운전불이행,건조,맑음,교차로 - 교차로안,승용,여,45세,경상,승용,여,48세,상해없음
2015120200100346,2015년 12월 2일 15시,수요일,경상북도 안동시 운안동,경상사고,0,0,1,0,차대사람 - 횡단중,안전운전불이행,습기,비,단일로 - 기타,승용,남,57세,상해없음,보행자,여,10세,경상
2015120200100376,2015년 12월 2일 16시,수요일,경상북도 상주시 거동동,중상사고,0,1,0,0,차대차 - 정면충돌,안전운전불이행,습기,비,단일로 - 기타,화물,남,54세,상해없음,승용,여,34세,상해없음
2015120200100377,2015년 12월 2일 16시,수요일,경상북도 영천시 신령면,경상사고,0,0,1,1,차대차 - 정면충돌,안전운전불이행,습기,비,단일로 - 기타,화물,남,65세,상해없음,승용,남,42세,부상신고
2015120200100378,2015년 12월 2일 16시,수요일,경상북도 군위군 산성면,중상사고,0,1,0,0,차대차 - 정면충돌,직진우회전진행방해,건조,맑음,교차로 - 교차로안,승용,남,23세,상해없음,이륜,남,73세,중상
2015120200100379,2015년 12월 2일 16시,수요일,경상북도 구미시 공단동,경상사고,0,0,2,0,차대차 - 정면충돌,교차로운행방법위반,습기,흐림,교차로 - 교차로안,승용,남,42세,상해없음,승용,남,54세,경상
2015120200100380,2015년 12월 2일 16시,수요일,경상북도 구미시 광평동,경상사고,0,0,1,0,차대차 - 측면직각충돌,안전거리미확보,습기,비,교차로 - 교차로안,화물,남,58세,상해없음,승용,여,32세,경상
2015120200100420,2015년 12월 2일 17시,수요일,경상북도 포항시 북구 양덕동,경상사고,0,0,2,0,차대사람 - 횡단중,보행자보호의무위반,건조,맑음,교차로 - 교차로안,승용,여,41세,상해없음,보행자,여,14세,경상
2015120200100421,2015년 12월 2일 17시,수요일,경상북도 영천시 금호읍,중상사고,0,1,0,0,차대사람 - 횡단중,안전운전불이행,습기,비,단일로 - 기타,승용,여,52세,상해없음,보행자,여,74세,중상
2015120200100422,2015년 12월 2일 17시,수요일,경상북도 성주군 월항면,중상사고,0,1,0,0,차대차 - 정면충돌,안전운전불이행,건조,맑음,기타 - 기타,화물,남,60세,상해없음,화물,여,57세,상해없음
2015120200100423,2015년 12월 2일 17시,수요일,경상북도 구미시 사곡동,경상사고,0,0,1,0,차대차 - 정면충돌,기타,적설,비,단일로 - 기타,승용,여,37세,상해없음,자전거,남,25세,경상
2015120200100477,2015년 12월 2일 18시,수요일,경상북도 경주시 성건동,경상사고,0,0,1,0,차대사람 - 횡단중,보행자보호의무위반,습기,비,교차로 - 교차로부근,승합,남,61세,상해없음,보행자,여,17세,경상
2015120200100478,2015년 12월 2일 18시,수요일,경상북도 포항시 북구 죽도동,경상사고,0,0,1,0,차대차 - 정면충돌,차로위반,건조,맑음,단일로 - 기타,승용,남,43세,상해없음,승용,여,52세,경상
2015120200100479,2015년 12월 2일 18시,수요일,경상북도 청도군 운문면,경상사고,0,0,1,0,차대사람 - 기타,안전운전불이행,습기,비,단일로 - 기타,화물,남,44세,경상,보행자,남,71세,상해없음
2015120200100480,2015년 12월 2일 18시,수요일,경상북도 청도군 화양읍,경상사고,0,0,1,0,차대차 - 정면충돌,직진우회전진행방해,습기,비,교차로 - 교차로안,화물,남,67세,상해없음,승용,남,41세,경상
2015120200100481,2015년 12월 2일 18시,수요일,경상북도 포항시 남구 동촌동,부상신고사고,0,0,0,8,차대차 - 추돌 - 진행중,안전운전불이행,습기,비,단일로 - 기타,화물,남,47세,상해없음,승합,남,29세,부상신고
2015120200100512,2015년 12월 2일 19시,수요일,경상북도 포항시 북구 흥해읍,중상사고,0,1,3,1,차대차 - 정면충돌,중앙선침범,습기,비,단일로 - 기타,승용,여,30세,상해없음,승용,남,55세,경상
2015120200100553,2015년 12월 2일 20시,수요일,경상북도 경주시 황성동,경상사고,0,0,1,0,차대차 - 정면충돌,안전운전불이행,습기,비,단일로 - 기타,승용,남,22세,상해없음,승용,여,43세,경상
2015120200100554,2015년 12월 2일 20시,수요일,경상북도 포항시 남구 오천읍,경상사고,0,0,1,0,차대차 - 측면직각충돌,중앙선침범,습기,흐림,단일로 - 기타,승용,여,35세,상해없음,원동기,남,22세,경상
2015120200100585,2015년 12월 2일 21시,수요일,경상북도 포항시 북구 장성동,중상사고,0,2,2,0,차대차 - 정면충돌,신호위반,습기,흐림,교차로 - 교차로안,승용,남,59세,상해없음,승용,남,27세,경상
2015120200100586,2015년 12월 2일 21시,수요일,경상북도 포항시 북구 장성동,중상사고,0,2,0,0,차대차 - 정면충돌,안전운전불이행,습기,비,단일로 - 기타,승합,남,54세,상해없음,승용,남,42세,중상
2015120200100587,2015년 12월 2일 21시,수요일,경상북도 김천시 평화동,경상사고,0,0,2,0,차대차 - 측면직각충돌,안전운전불이행,건조,맑음,교차로 - 교차로부근,승용,남,36세,상해없음,승용,남,46세,경상
2015120200100588,2015년 12월 2일 21시,수요일,경상북도 김천시 지좌동,경상사고,0,0,2,0,차대차 - 측면직각충돌,안전운전불이행,습기,비,단일로 - 기타,승용,남,19세,상해없음,승용,남,40세,경상
2015120200100589,2015년 12월 2일 21시,수요일,경상북도 영주시 영주동,중상사고,0,1,0,0,차대사람 - 횡단중,안전운전불이행,건조,맑음,교차로 - 교차로안,승용,여,47세,상해없음,보행자,여,64세,중상
2015120200100590,2015년 12월 2일 21시,수요일,경상북도 영주시 하망동,경상사고,0,0,1,0,차대차 - 정면충돌,신호위반,습기,흐림,교차로 - 교차로안,승용,여,41세,기타불명,자전거,남,68세,경상
2015120200100624,2015년 12월 2일 22시,수요일,경상북도 경주시 사정동,중상사고,0,1,0,0,차대차 - 정면충돌,안전운전불이행,건조,맑음,단일로 - 횡단보도부근,승용,여,44세,상해없음,자전거,여,70세,중상
2015120300100030,2015년 12월 3일 01시,목요일,경상북도 상주시 화동면,중상사고,0,1,0,0,차량단독 - 전도전복,안전운전불이행,건조,맑음,단일로 - 기타,승용,남,46세,상해없음,,,,
2015120300100038,2015년 12월 3일 02시,목요일,경상북도 포항시 북구 죽도동,경상사고,0,0,2,0,차대차 - 추돌 - 주정차중,안전운전불이행,건조,맑음,교차로 - 교차로부근,승용,남,34세,상해없음,승용,여,39세,경상
2015120300100062,2015년 12월 3일 05시,목요일,경상북도 경주시 동천동,경상사고,0,0,1,0,차대사람 - 횡단중,안전운전불이행,건조,맑음,단일로 - 기타,승용,남,25세,상해없음,보행자,남,32세,경상
2015120300100102,2015년 12월 3일 07시,목요일,경상북도 포항시 북구 흥해읍,중상사고,0,1,0,0,차량단독 - 전도전복,안전운전불이행,건조,맑음,단일로 - 기타,승용,남,28세,중상,,,,
2015120300100103,2015년 12월 3일 07시,목요일,경상북도 경산시 진량읍,중상사고,0,1,0,0,차대차 - 정면충돌,안전운전불이행,건조,맑음,단일로 - 기타,승용,여,28세,중상,승용,남,54세,기타불명
2015120300100137,2015년 12월 3일 08시,목요일,경상북도 경주시 서면,경상사고,0,0,1,0,차대차 - 정면충돌,신호위반,건조,맑음,단일로 - 기타,특수,남,53세,상해없음,화물,남,54세,경상
2015120300100138,2015년 12월 3일 08시,목요일,경상북도 상주시 무양동,중상사고,0,1,0,0,차대차 - 측면직각충돌,교차로운행방법위반,습기,비,교차로 - 교차로부근,승용,여,66세,상해없음,원동기,여,52세,중상
2015120300100162,2015년 12월 3일 09시,목요일,경상북도 경주시 현곡면,중상사고,0,1,0,0,차대사람 - 보도통행중,기타,건조,맑음,단일로 - 기타,승용,여,45세,상해없음,보행자,여,78세,중상
2015120300100163,2015년 12월 3일 09시,목요일,경상북도 경산시 진량읍,경상사고,0,0,3,0,차대차 - 정면충돌,중앙선침범,건조,맑음,교차로 - 교차로안,화물,남,45세,상해없음,승용,남,29세,경상
2015120300100164,2015년 12월 3일 09시,목요일,경상북도 구미시 공단동,중상사고,0,1,2,0,차대차 - 정면충돌,신호위반,건조,맑음,교차로 - 교차로안,승용,남,31세,상해없음,승합,남,43세,상해없음
2015120300100200,2015년 12월 3일 10시,목요일,경상북도 경산시 중방동,경상사고,0,0,2,0,차대차 - 정면충돌,안전운전불이행,건조,맑음,단일로 - 기타,이륜,남,40세,경상,승용,여,57세,경상
2015120300100230,2015년 12월 3일 11시,목요일,경상북도 경주시 황성동,경상사고,0,0,1,0,차대차 - 측면직각충돌,안전운전불이행,건조,맑음,교차로 - 교차로부근,승용,남,71세,상해없음,승용,남,42세,경상
2015120300100231,2015년 12월 3일 11시,목요일,경상북도 영덕군 병곡면,경상사고,0,0,1,0,차대차 - 측면직각충돌,안전운전불이행,건조,맑음,단일로 - 기타,승용,여,47세,경상,건설기계,남,59세,상해없음
2015120300100232,2015년 12월 3일 11시,목요일,경상북도 영양군 영양읍,중상사고,0,1,2,0,차대차 - 정면충돌,안전운전불이행,습기,눈,교차로 - 교차로부근,승용,남,58세,중상,승용,남,43세,경상
2015120300100233,2015년 12월 3일 11시,목요일,경상북도 경주시 율동,중상사고,0,1,1,0,차대차 - 추돌 - 주정차중,안전운전불이행,건조,맑음,단일로 - 기타,승용,남,24세,상해없음,승용,남,32세,경상
2015120300100256,2015년 12월 3일 12시,목요일,경상북도 김천시 황금동,경상사고,0,0,1,0,차대차 - 측면직각충돌,안전운전불이행,습기,비,단일로 - 기타,화물,남,62세,상해없음,이륜,남,75세,경상
2015120300100257,2015년 12월 3일 12시,목요일,경상북도 의성군 단북면,중상사고,0,1,2,0,차대차 - 측면직각충돌,교차로운행방법위반,건조,흐림,교차로 - 교차로안,승용,여,51세,상해없음,승용,여,57세,상해없음
2015120300100287,2015년 12월 3일 13시,목요일,경상북도 경주시 성동동,중상사고,0,1,0,0,차대사람 - 횡단중,안전운전불이행,건조,맑음,단일로 - 기타,승용,여,70세,상해없음,보행자,남,77세,중상
2015120300100288,2015년 12월 3일 13시,목요일,경상북도 경주시 양남면,중상사고,0,1,0,1,차대차 - 정면충돌,중앙선침범,건조,맑음,단일로 - 기타,승용,남,72세,부상신고,화물,남,50세,중상
2015120300100289,2015년 12월 3일 13시,목요일,경상북도 의성군 의성읍,중상사고,0,1,2,0,차량단독 - 전도전복,안전운전불이행,건조,맑음,단일로 - 기타,화물,남,65세,중상,,,,
2015120300100290,2015년 12월 3일 13시,목요일,경상북도 포항시 남구 인덕동,경상사고,0,0,1,0,차대차 - 정면충돌,안전운전불이행,건조,맑음,교차로 - 교차로안,승용,남,25세,상해없음,승용,남,24세,경상
2015120300100320,2015년 12월 3일 14시,목요일,경상북도 상주시 남성동,중상사고,0,2,0,0,차대차 - 추돌 - 진행중,안전거리미확보,건조,흐림,교차로 - 교차로안,승용,여,45세,상해없음,승용,여,30세,중상
2015120300100321,2015년 12월 3일 14시,목요일,경상북도 청도군 청도읍,중상사고,0,1,0,0,차대차 - 측면직각충돌,안전운전불이행,건조,맑음,단일로 - 기타,자전거,남,41세,중상,승용,여,51세,상해없음
2015120300100384,2015년 12월 3일 16시,목요일,경상북도 구미시 형곡동,경상사고,0,0,1,0,차대사람 - 횡단중,보행자보호의무위반,건조,흐림,교차로 - 교차로부근,승용,여,35세,상해없음,보행자,남,9세,경상
2015120300100385,2015년 12월 3일 16시,목요일,경상북도 포항시 남구 청림동,경상사고,0,0,2,0,차대차 - 정면충돌,직진우회전진행방해,건조,맑음,교차로 - 교차로부근,화물,남,41세,기타불명,승용,여,48세,경상
2015120300100386,2015년 12월 3일 16시,목요일,경상북도 포항시 남구 장기면,중상사고,0,2,0,0,차대차 - 정면충돌,안전운전불이행,건조,맑음,교차로 - 교차로안,승용,남,72세,상해없음,원동기,남,29세,중상
2015120300100424,2015년 12월 3일 17시,목요일,경상북도 경주시 황성동,중상사고,0,1,0,0,차대차 - 정면충돌,안전운전불이행,건조,맑음,단일로 - 기타,승합,남,67세,상해없음,승용,여,55세,중상
2015120300100425,2015년 12월 3일 17시,목요일,경상북도 고령군 쌍림면,중상사고,0,1,0,0,차대차 - 측면직각충돌,불법유턴,습기,비,단일로 - 기타,화물,남,36세,상해없음,화물,남,54세,중상
2015120300100426,2015년 12월 3일 17시,목요일,경상북도 구미시 형곡동,경상사고,0,0,2,1,차대차 - 정면충돌,안전운전불이행,적설,비,교차로 - 교차로부근,화물,남,45세,상해없음,승용,여,50세,경상
2015120300100513,2015년 12월 3일 19시,목요일,경상북도 경산시 삼북동,중상사고,0,1,0,0,차대차 - 기타,안전운전불이행,건조,맑음,단일로 - 기타,이륜,남,55세,중상,승용,남,44세,상해없음
2015120300100514,2015년 12월 3일 19시,목요일,경상북도 구미시 원평동,경상사고,0,0,1,0,차대사람 - 횡단중,안전운전불이행,습기,비,단일로 - 기타,승합,남,51세,상해없음,보행자,여,17세,경상
2015120300100515,2015년 12월 3일 19시,목요일,경상북도 포항시 남구 지곡동,중상사고,0,1,0,0,차대사람 - 기타,안전운전불이행,건조,맑음,단일로 - 기타,승용,여,52세,상해없음,보행자,여,55세,중상
2015120300100544,2015년 12월 3일 20시,목요일,경상북도 예천군 개포면,중상사고,0,2,0,0,차대차 - 추돌 - 주정차중,안전운전불이행,결빙,흐림,단일로 - 기타,화물,남,46세,중상,화물,남,62세,중상
2015120300100545,2015년 12월 3일 20시,목요일,경상북도 봉화군 봉성면,경상사고,0,0,3,0,차대차 - 정면충돌,안전운전불이행,결빙,흐림,단일로 - 기타,승합,남,49세,상해없음,화물,남,57세,경상
2015120300100571,2015년 12월 3일 21시,목요일,경상북도 상주시 흥각동,중상사고,0,2,3,0,차대차 - 정면충돌,안전운전불이행,결빙,흐림,단일로 - 교량,승합,남,37세,경상,승용,남,54세,중상
2015120300100572,2015년 12월 3일 21시,목요일,경상북도 예천군 예천읍,중상사고,0,3,0,0,차대차 - 추돌 - 주정차중,안전운전불이행,결빙,흐림,단일로 - 교량,승용,남,24세,중상,승용,남,39세,중상
2015120300100599,2015년 12월 3일 22시,목요일,경상북도 구미시 사곡동,중상사고,0,1,0,0,차대차 - 정면충돌,교차로운행방법위반,건조,맑음,교차로 - 교차로부근,승용,여,43세,상해없음,자전거,남,12세,중상
2015120300100600,2015년 12월 3일 22시,목요일,경상북도 구미시 진평동,경상사고,0,0,2,0,차대차 - 정면충돌,안전거리미확보,건조,맑음,단일로 - 기타,승용,여,30세,상해없음,승용,남,30세,경상
2015120400100017,2015년 12월 4일 00시,금요일,경상북도 문경시 호계면,경상사고,0,0,1,0,차량단독 - 전도전복,안전운전불이행,결빙,눈,단일로 - 기타,승용,남,38세,경상,,,,
2015120400100028,2015년 12월 4일 01시,금요일,경상북도 포항시 북구 죽도동,중상사고,0,1,0,0,차대사람 - 횡단중,보행자보호의무위반,건조,맑음,교차로 - 교차로부근,승용,남,48세,상해없음,보행자,남,18세,중상
2015120400100029,2015년 12월 4일 01시,금요일,경상북도 포항시 남구 효자동,경상사고,0,0,1,0,차량단독 - 전도전복,안전운전불이행,건조,맑음,단일로 - 기타,원동기,남,26세,경상,,,,
2015120400100078,2015년 12월 4일 06시,금요일,경상북도 경산시 옥곡동,중상사고,0,1,0,0,차대사람 - 차도통행중,안전운전불이행,건조,맑음,단일로 - 기타,화물,남,66세,상해없음,보행자,남,80세,중상
2015120400100091,2015년 12월 4일 07시,금요일,경상북도 경주시 성동동,경상사고,0,0,1,0,차대차 - 정면충돌,안전운전불이행,건조,맑음,단일로 - 기타,승용,남,50세,상해없음,승용,여,63세,경상
2015120400100092,2015년 12월 4일 07시,금요일,경상북도 구미시 인의동,경상사고,0,0,4,0,차대차 - 측면직각충돌,직진우회전진행방해,건조,맑음,교차로 - 교차로부근,승용,남,39세,상해없음,승용,남,43세,경상
2015120400100122,2015년 12월 4일 08시,금요일,경상북도 포항시 북구 우현동,중상사고,0,1,0,0,차대차 - 정면충돌,안전운전불이행,건조,맑음,교차로 - 교차로안,승용,남,55세,상해없음,승용,남,47세,중상
2015120400100123,2015년 12월 4일 08시,금요일,경상북도 포항시 남구 오천읍,중상사고,0,1,0,0,차량단독 - 전도전복,안전운전불이행,건조,맑음,단일로 - 기타,승용,여,54세,중상,,,,
2015120400100164,2015년 12월 4일 09시,금요일,경상북도 김천시 부곡동,중상사고,0,1,1,0,차대차 - 측면직각충돌,신호위반,건조,맑음,교차로 - 교차로안,승용,남,74세,상해없음,승용,남,54세,경상
2015120400100185,2015년 12월 4일 10시,금요일,경상북도 포항시 북구 학잠동,경상사고,0,0,1,0,차대차 - 정면충돌,교차로운행방법위반,건조,맑음,교차로 - 교차로안,승용,여,43세,상해없음,자전거,여,42세,경상
2015120400100186,2015년 12월 4일 10시,금요일,경상북도 상주시 남성동,중상사고,0,1,0,0,차대사람 - 횡단중,안전운전불이행,건조,맑음,단일로 - 기타,화물,남,64세,상해없음,보행자,여,47세,중상
2015120400100187,2015년 12월 4일 10시,금요일,경상북도 영주시 조암동,사망사고,1,0,0,0,차대차 - 추돌 - 주정차중,안전운전불이행,건조,맑음,단일로 - 기타,화물,남,63세,상해없음,화물,남,45세,사망
2015120400100188,2015년 12월 4일 10시,금요일,경상북도 포항시 남구 해도동,중상사고,0,1,0,0,차대사람 - 횡단중,안전운전불이행,건조,맑음,교차로 - 교차로안,승용,남,69세,상해없음,보행자,남,71세,중상
2015120400100207,2015년 12월 4일 11시,금요일,경상북도 영주시 휴천동,경상사고,0,0,1,0,차대차 - 정면충돌,안전운전불이행,건조,맑음,단일로 - 기타,화물,여,46세,상해없음,화물,남,32세,경상
2015120400100208,2015년 12월 4일 11시,금요일,경상북도 영덕군 영해면,경상사고,0,0,1,0,차대차 - 측면직각충돌,안전운전불이행,건조,맑음,단일로 - 기타,화물,남,69세,상해없음,이륜,남,78세,경상
2015120400100241,2015년 12월 4일 12시,금요일,경상북도 경주시 황성동,경상사고,0,0,1,0,차대차 - 추돌 - 진행중,안전운전불이행,건조,맑음,단일로 - 기타,원동기,여,78세,경상,승용,남,39세,상해없음
2015120400100242,2015년 12월 4일 12시,금요일,경상북도 영천시 채신동,중상사고,0,1,0,0,차대차 - 정면충돌,안전운전불이행,건조,맑음,단일로 - 기타,화물,남,42세,상해없음,이륜,남,69세,중상
2015120400100243,2015년 12월 4일 12시,금요일,경상북도 청도군 청도읍,중상사고,0,1,0,0,차대차 - 정면충돌,기타,건조,맑음,교차로 - 교차로안,화물,남,64세,상해없음,이륜,여,64세,중상
2015120400100271,2015년 12월 4일 13시,금요일,경상북도 포항시 북구 양덕동,중상사고,0,1,0,0,차대차 - 정면충돌,안전운전불이행,건조,맑음,교차로 - 교차로안,승용,남,48세,상해없음,이륜,남,26세,중상
2015120400100272,2015년 12월 4일 13시,금요일,경상북도 상주시 모동면,중상사고,0,2,0,0,차량단독 - 전도전복,안전운전불이행,건조,맑음,단일로 - 기타,화물,남,59세,중상,,,,
2015120400100274,2015년 12월 4일 13시,금요일,경상북도 군위군 효령면,중상사고,0,1,0,0,차대차 - 추돌 - 진행중,안전운전불이행,건조,흐림,단일로 - 기타,이륜,남,75세,중상,화물,여,55세,상해없음
2015120400100293,2015년 12월 4일 14시,금요일,경상북도 안동시 풍산읍,사망사고,1,1,0,0,차대차 - 기타,안전운전불이행,건조,맑음,단일로 - 기타,화물,남,58세,중상,화물,남,35세,상해없음
2015120400100326,2015년 12월 4일 15시,금요일,경상북도 상주시 이안면,중상사고,0,1,0,0,차대사람 - 횡단중,안전운전불이행,건조,흐림,단일로 - 기타,승합,여,63세,상해없음,보행자,남,62세,중상
2015120400100327,2015년 12월 4일 15시,금요일,경상북도 상주시 냉림동,경상사고,0,0,1,0,차대사람 - 횡단중,안전운전불이행,건조,흐림,단일로 - 기타,승용,남,67세,기타불명,보행자,남,7세,경상
2015120400100328,2015년 12월 4일 15시,금요일,경상북도 구미시 남통동,중상사고,0,2,0,0,차대차 - 기타,안전운전불이행,건조,맑음,교차로 - 교차로부근,승용,여,53세,상해없음,승용,여,44세,중상
2015120400100358,2015년 12월 4일 16시,금요일,경상북도 안동시 옥동,경상사고,0,0,4,0,차대차 - 추돌 - 주정차중,안전거리미확보,건조,맑음,단일로 - 기타,화물,남,61세,상해없음,화물,남,46세,경상
2015120400100359,2015년 12월 4일 16시,금요일,경상북도 봉화군 소천면,중상사고,0,1,0,1,차대차 - 정면충돌,중앙선침범,습기,흐림,단일로 - 기타,화물,남,54세,부상신고,화물,남,40세,중상
2015120400100404,2015년 12월 4일 17시,금요일,경상북도 경주시 외동읍,경상사고,0,0,2,0,차대차 - 정면충돌,안전운전불이행,건조,맑음,교차로 - 교차로안,승용,남,38세,경상,화물,남,47세,경상
2015120400100405,2015년 12월 4일 17시,금요일,경상북도 경주시 서악동,경상사고,0,0,1,0,차대차 - 정면충돌,안전운전불이행,건조,맑음,단일로 - 교량,승용,남,38세,상해없음,승용,남,81세,상해없음
2015120400100406,2015년 12월 4일 17시,금요일,경상북도 청송군 청송읍,중상사고,0,1,0,0,차량단독 - 전도전복,안전운전불이행,결빙,눈,단일로 - 기타,화물,남,53세,중상,,,,
2015120400100407,2015년 12월 4일 17시,금요일,경상북도 구미시 남통동,중상사고,0,1,0,0,차대사람 - 횡단중,보행자보호의무위반,건조,맑음,단일로 - 횡단보도부근,승합,여,51세,상해없음,보행자,남,8세,중상
2015120400100465,2015년 12월 4일 18시,금요일,경상북도 구미시 산동면,중상사고,0,1,1,0,차대차 - 측면직각충돌,안전운전불이행,건조,맑음,교차로 - 교차로안,승용,남,27세,경상,승용,남,29세,중상
2015120400100466,2015년 12월 4일 18시,금요일,경상북도 포항시 남구 오천읍,중상사고,0,1,0,0,차대사람 - 횡단중,안전운전불이행,건조,맑음,단일로 - 횡단보도부근,화물,남,70세,상해없음,보행자,여,42세,중상
2015120400100467,2015년 12월 4일 18시,금요일,경상북도 포항시 남구 동촌동,경상사고,0,0,1,0,차대차 - 정면충돌,안전운전불이행,건조,맑음,단일로 - 기타,기타불명,기타불명,기타불명,기타불명,승용,여,58세,상해없음
2015120400100516,2015년 12월 4일 19시,금요일,경상북도 경산시 사동,경상사고,0,0,1,0,차대차 - 정면충돌,안전운전불이행,건조,맑음,교차로 - 교차로부근,이륜,남,16세,상해없음,이륜,남,35세,경상
2015120400100517,2015년 12월 4일 19시,금요일,경상북도 구미시 공단동,경상사고,0,0,1,0,차대차 - 정면충돌,안전거리미확보,건조,기타,단일로 - 기타,승용,여,45세,상해없음,승용,남,24세,경상
2015120400100559,2015년 12월 4일 20시,금요일,경상북도 김천시 덕곡동,경상사고,0,0,1,0,차대차 - 측면직각충돌,안전운전불이행,건조,맑음,단일로 - 기타,승용,남,48세,상해없음,승용,여,35세,경상
2015120400100560,2015년 12월 4일 20시,금요일,경상북도 경산시 진량읍,부상신고사고,0,0,0,1,차대차 - 기타,신호위반,건조,맑음,교차로 - 교차로안,승용,여,49세,부상신고,건설기계,남,57세,상해없음
2015120400100561,2015년 12월 4일 20시,금요일,경상북도 구미시 봉곡동,경상사고,0,0,1,0,차대차 - 정면충돌,교차로운행방법위반,건조,맑음,교차로 - 교차로안,승용,남,56세,상해없음,원동기,남,17세,경상
2015120400100593,2015년 12월 4일 21시,금요일,경상북도 경산시 신천동,경상사고,0,0,1,0,차대차 - 측면직각충돌,안전거리미확보,건조,맑음,단일로 - 기타,승용,남,23세,상해없음,승용,남,54세,상해없음
2015120400100624,2015년 12월 4일 22시,금요일,경상북도 안동시 정하동,경상사고,0,0,1,0,차대차 - 정면충돌,직진우회전진행방해,건조,맑음,교차로 - 교차로안,승용,여,52세,상해없음,승용,남,40세,경상