사고번호,사고일시,요일,시군구,사고내용,사망자수,중상자수,경상자수,부상신고자수,사고유형,법규위반,노면상태,기상상태,도로형태,가해운전자 차종,가해운전자 성별,가해운전자 연령,가해운전자 상해정도,피해운전자 차종,피해운전자 성별,피해운전자 연령,피해운전자 상해정도
2015120800100365,2015년 12월 8일 15시,화요일,경상북도 경산시 중방동,중상사고,0,1,0,0,차대차 - 기타,안전운전불이행,건조,맑음,단일로 - 기타,승용,여,37세,상해없음,승합,남,44세,상해없음
2015120800100366,2015년 12월 8일 15시,화요일,경상북도 청도군 이서면,중상사고,0,1,0,0,차대차 - 정면충돌,안전운전불이행,건조,맑음,교차로 - 교차로안,자전거,남,14세,중상,승용,남,51세,상해없음
2015120800100367,2015년 12월 8일 15시,화요일,경상북도 청송군 부동면,경상사고,0,0,2,0,차대차 - 기타,안전운전불이행,건조,맑음,단일로 - 기타,화물,남,64세,상해없음,승용,여,31세,경상
2015120800100400,2015년 12월 8일 16시,화요일,경상북도 김천시 대덕면,중상사고,0,1,3,0,차대차 - 측면직각충돌,중앙선침범,건조,맑음,단일로 - 기타,승용,남,33세,상해없음,승용,남,55세,경상
2015120800100441,2015년 12월 8일 17시,화요일,경상북도 경주시 천북면,중상사고,0,1,1,0,차대차 - 정면충돌,중앙선침범,건조,맑음,교차로 - 교차로부근,승합,남,43세,중상,농기계,남,59세,경상
2015120800100442,2015년 12월 8일 17시,화요일,경상북도 경주시 안강읍,중상사고,0,1,0,0,차대사람 - 횡단중,안전운전불이행,건조,맑음,단일로 - 기타,승용,남,49세,상해없음,보행자,남,89세,중상
2015120800100443,2015년 12월 8일 17시,화요일,경상북도 영주시 순흥면,중상사고,0,1,0,0,차대사람 - 횡단중,안전운전불이행,건조,맑음,단일로 - 기타,승용,여,42세,상해없음,보행자,여,84세,중상
2015120800100484,2015년 12월 8일 18시,화요일,경상북도 경주시 용강동,경상사고,0,0,2,0,차대차 - 정면충돌,안전운전불이행,건조,맑음,교차로 - 교차로안,화물,남,18세,상해없음,승용,여,48세,경상
2015120800100485,2015년 12월 8일 18시,화요일,경상북도 포항시 남구 연일읍,경상사고,0,0,1,0,차대차 - 정면충돌,직진우회전진행방해,건조,맑음,교차로 - 교차로안,승용,남,38세,상해없음,자전거,남,51세,경상
2015120800100524,2015년 12월 8일 19시,화요일,경상북도 경주시 건천읍,경상사고,0,0,1,0,차대차 - 정면충돌,안전거리미확보,건조,맑음,단일로 - 기타,승용,여,50세,상해없음,승합,남,46세,상해없음
2015120800100525,2015년 12월 8일 19시,화요일,경상북도 포항시 북구 흥해읍,경상사고,0,0,1,0,차대차 - 정면충돌,안전운전불이행,건조,맑음,교차로 - 교차로부근,승용,남,51세,상해없음,승용,남,38세,경상
2015120800100551,2015년 12월 8일 20시,화요일,경상북도 경산시 자인면,중상사고,0,1,0,0,차대차 - 기타,차로위반,건조,맑음,단일로 - 기타,승용,남,41세,상해없음,이륜,남,37세,중상
2015120800100576,2015년 12월 8일 21시,화요일,경상북도 경주시 성동동,중상사고,0,1,0,0,차대사람 - 횡단중,안전운전불이행,건조,맑음,단일로 - 기타,승용,남,27세,상해없음,보행자,여,67세,중상
2015120800100577,2015년 12월 8일 21시,화요일,경상북도 영덕군 영덕읍,경상사고,0,0,1,0,차대차 - 기타,안전운전불이행,건조,맑음,단일로 - 기타,승용,남,50세,상해없음,이륜,남,45세,경상
2015120800100578,2015년 12월 8일 21시,화요일,경상북도 구미시 오태동,경상사고,0,0,1,0,차대사람 - 횡단중,안전운전불이행,건조,맑음,기타 - 기타,기타불명,기타불명,기타불명,기타불명,보행자,여,13세,경상
2015120800100579,2015년 12월 8일 21시,화요일,경상북도 포항시 남구 오천읍,중상사고,0,1,1,0,차대차 - 정면충돌,안전운전불이행,건조,맑음,단일로 - 기타,승용,여,32세,경상,원동기,남,24세,중상
2015120800100605,2015년 12월 8일 22시,화요일,경상북도 경산시 옥산동,중상사고,0,1,1,0,차대차 - 정면충돌,교차로운행방법위반,건조,맑음,교차로 - 교차로안,승용,남,22세,경상,승용,남,50세,중상
2015120800100606,2015년 12월 8일 22시,화요일,경상북도 구미시 도량동,중상사고,0,1,0,0,차대차 - 추돌 - 주정차중,안전운전불이행,건조,맑음,단일로 - 기타,이륜,남,21세,중상,승합,남,48세,상해없음
2015120900100015,2015년 12월 9일 00시,수요일,경상북도 포항시 북구 장성동,경상사고,0,0,3,0,차대차 - 정면충돌,차로위반,건조,맑음,단일로 - 기타,승용,남,28세,상해없음,승용,여,40세,경상
2015120900100053,2015년 12월 9일 04시,수요일,경상북도 포항시 북구 항구동,경상사고,0,0,1,2,차대차 - 정면충돌,안전운전불이행,건조,맑음,단일로 - 기타,승용,남,36세,상해없음,승용,남,37세,경상
2015120900100065,2015년 12월 9일 05시,수요일,경상북도 경주시 충효동,경상사고,0,0,1,0,차대차 - 정면충돌,안전운전불이행,건조,맑음,단일로 - 기타,승용,남,40세,상해없음,승용,남,34세,경상
2015120900100066,2015년 12월 9일 05시,수요일,경상북도 안동시 정하동,중상사고,0,1,0,1,차대차 - 정면충돌,교차로운행방법위반,건조,맑음,교차로 - 교차로안,화물,남,47세,부상신고,승용,여,50세,중상
2015120900100104,2015년 12월 9일 07시,수요일,경상북도 경주시 서면,중상사고,0,1,0,0,차대차 - 정면충돌,안전운전불이행,건조,맑음,단일로 - 기타,승용,여,51세,상해없음,승용,남,33세,중상
2015120900100105,2015년 12월 9일 07시,수요일,경상북도 경주시 안강읍,경상사고,0,0,1,0,차대차 - 정면충돌,안전운전불이행,습기,안개,교차로 - 교차로부근,승용,여,36세,상해없음,승용,남,25세,경상
2015120900100106,2015년 12월 9일 07시,수요일,경상북도 포항시 북구 죽도동,중상사고,0,1,1,0,차대차 - 정면충돌,신호위반,건조,맑음,교차로 - 교차로안,화물,남,60세,상해없음,승용,남,75세,경상
2015120900100107,2015년 12월 9일 07시,수요일,경상북도 칠곡군 북삼읍,중상사고,0,1,0,0,차대차 - 정면충돌,직진우회전진행방해,건조,맑음,교차로 - 교차로안,화물,남,52세,상해없음,이륜,여,52세,중상
2015120900100108,2015년 12월 9일 07시,수요일,경상북도 영천시 북안면,중상사고,0,1,0,0,차대차 - 정면충돌,중앙선침범,건조,맑음,단일로 - 기타,이륜,남,77세,중상,승용,여,65세,상해없음
2015120900100136,2015년 12월 9일 08시,수요일,경상북도 안동시 송현동,경상사고,0,0,2,0,차대차 - 측면직각충돌,직진우회전진행방해,건조,맑음,교차로 - 교차로안,승용,여,56세,경상,화물,남,25세,경상
2015120900100137,2015년 12월 9일 08시,수요일,경상북도 안동시 안기동,중상사고,0,1,2,0,차대차 - 측면직각충돌,기타,건조,맑음,교차로 - 교차로안,승용,여,43세,경상,승용,남,44세,경상
2015120900100138,2015년 12월 9일 08시,수요일,경상북도 영천시 고경면,경상사고,0,0,1,0,차대차 - 정면충돌,안전운전불이행,건조,맑음,단일로 - 기타,승용,남,80세,상해없음,농기계,남,68세,경상
2015120900100139,2015년 12월 9일 08시,수요일,경상북도 포항시 남구 해도동,중상사고,0,1,0,0,차대차 - 기타,안전운전불이행,건조,맑음,교차로 - 교차로안,자전거,남,71세,중상,화물,남,56세,상해없음
2015120900100168,2015년 12월 9일 09시,수요일,경상북도 청도군 화양읍,부상신고사고,0,0,0,1,차대차 - 정면충돌,직진우회전진행방해,건조,맑음,교차로 - 교차로안,이륜,여,78세,부상신고,승용,남,64세,상해없음
2015120900100213,2015년 12월 9일 11시,수요일,경상북도 구미시 장천면,경상사고,0,0,1,0,차대차 - 기타,안전운전불이행,건조,맑음,단일로 - 기타,특수,남,52세,기타불명,특수,남,43세,경상
2015120900100240,2015년 12월 9일 12시,수요일,경상북도 구미시 비산동,부상신고사고,0,0,0,1,차대차 - 정면충돌,안전운전불이행,건조,맑음,교차로 - 교차로부근,자전거,여,46세,부상신고,승용,여,58세,상해없음
2015120900100241,2015년 12월 9일 12시,수요일,경상북도 포항시 남구 대송면,경상사고,0,0,1,0,차대차 - 정면충돌,직진우회전진행방해,건조,맑음,교차로 - 교차로안,승용,남,37세,경상,승용,남,50세,상해없음
2015120900100269,2015년 12월 9일 13시,수요일,경상북도 포항시 남구 대잠동,중상사고,0,1,0,0,차대차 - 정면충돌,안전운전불이행,건조,맑음,단일로 - 기타,승용,남,24세,상해없음,자전거,남,67세,중상
2015120900100293,2015년 12월 9일 14시,수요일,경상북도 안동시 북문동,경상사고,0,0,4,0,차대차 - 기타,기타,건조,맑음,교차로 - 교차로안,승용,여,26세,경상,승용,남,19세,경상
2015120900100294,2015년 12월 9일 14시,수요일,경상북도 김천시 남면,중상사고,0,1,1,0,차대차 - 측면직각충돌,안전운전불이행,건조,맑음,단일로 - 기타,화물,남,54세,상해없음,승용,남,30세,경상
2015120900100295,2015년 12월 9일 14시,수요일,경상북도 문경시 산양면,경상사고,0,0,1,0,차대차 - 정면충돌,안전운전불이행,건조,맑음,교차로 - 교차로안,승용,여,43세,경상,화물,남,67세,상해없음
2015120900100296,2015년 12월 9일 14시,수요일,경상북도 구미시 공단동,경상사고,0,0,1,0,차대차 - 정면충돌,안전거리미확보,건조,맑음,교차로 - 교차로부근,화물,남,48세,상해없음,승용,여,51세,경상
2015120900100297,2015년 12월 9일 14시,수요일,경상북도 구미시 황상동,부상신고사고,0,0,0,1,차대사람 - 횡단중,안전운전불이행,건조,맑음,단일로 - 기타,기타불명,기타불명,기타불명,기타불명,보행자,여,26세,부상신고
2015120900100328,2015년 12월 9일 15시,수요일,경상북도 의성군 비안면,중상사고,0,1,0,0,차대차 - 정면충돌,안전운전불이행,건조,맑음,단일로 - 기타,화물,남,33세,상해없음,화물,남,50세,중상
2015120900100329,2015년 12월 9일 15시,수요일,경상북도 영주시 영주동,경상사고,0,0,1,0,차대차 - 정면충돌,안전운전불이행,건조,맑음,교차로 - 교차로부근,승용,남,30세,상해없음,승용,여,57세,경상
2015120900100330,2015년 12월 9일 15시,수요일,경상북도 봉화군 춘양면,경상사고,0,0,1,0,차대사람 - 길가장자리구역통행중,안전운전불이행,건조,맑음,단일로 - 기타,승용,남,65세,상해없음,보행자,여,75세,경상
2015120900100356,2015년 12월 9일 16시,수요일,경상북도 경주시 충효동,경상사고,0,0,2,0,차대차 - 정면충돌,안전운전불이행,건조,맑음,단일로 - 기타,승용,여,59세,상해없음,승합,남,53세,상해없음
2015120900100357,2015년 12월 9일 16시,수요일,경상북도 김천시 남면,중상사고,0,1,0,0,차대차 - 측면직각충돌,안전운전불이행,건조,맑음,단일로 - 기타,화물,남,41세,상해없음,자전거,남,55세,중상
2015120900100358,2015년 12월 9일 16시,수요일,경상북도 김천시 대항면,중상사고,0,1,5,0,차대차 - 측면직각충돌,교차로운행방법위반,건조,맑음,교차로 - 교차로안,승용,여,50세,상해없음,승합,남,30세,중상
2015120900100359,2015년 12월 9일 16시,수요일,경상북도 상주시 계산동,중상사고,0,1,0,0,차대차 - 정면충돌,교차로운행방법위반,건조,맑음,교차로 - 교차로안,화물,남,33세,상해없음,특수,남,34세,중상
2015120900100360,2015년 12월 9일 16시,수요일,경상북도 영천시 망정동,중상사고,0,2,0,0,차대차 - 측면직각충돌,교차로운행방법위반,건조,맑음,교차로 - 교차로안,화물,남,46세,상해없음,화물,남,69세,중상
2015120900100414,2015년 12월 9일 17시,수요일,경상북도 안동시 북후면,경상사고,0,0,2,0,차대차 - 추돌 - 주정차중,안전거리미확보,건조,맑음,단일로 - 기타,화물,남,36세,상해없음,승용,여,60세,경상
2015120900100463,2015년 12월 9일 18시,수요일,경상북도 경주시 건천읍,중상사고,0,1,0,0,차대차 - 정면충돌,안전운전불이행,건조,맑음,단일로 - 기타,승용,여,51세,상해없음,이륜,남,80세,중상
2015120900100464,2015년 12월 9일 18시,수요일,경상북도 경주시 감포읍,중상사고,0,1,0,0,차대차 - 측면직각충돌,안전운전불이행,건조,맑음,교차로 - 교차로부근,승용,남,61세,상해없음,승용,여,26세,중상
2015120900100465,2015년 12월 9일 18시,수요일,경상북도 안동시 풍산읍,중상사고,0,2,0,0,차대차 - 측면직각충돌,안전운전불이행,건조,맑음,단일로 - 기타,이륜,남,65세,중상,화물,남,48세,상해없음
2015120900100466,2015년 12월 9일 18시,수요일,경상북도 안동시 당북동,경상사고,0,0,1,0,차대사람 - 횡단중,보행자보호의무위반,건조,흐림,교차로 - 교차로안,승용,남,37세,상해없음,보행자,남,26세,경상
2015120900100467,2015년 12월 9일 18시,수요일,경상북도 김천시 남산동,경상사고,0,0,1,0,차대차 - 측면직각충돌,안전운전불이행,건조,맑음,교차로 - 교차로부근,승용,남,51세,상해없음,승용,남,33세,경상
2015120900100468,2015년 12월 9일 18시,수요일,경상북도 의성군 의성읍,중상사고,0,1,1,0,차대차 - 정면충돌,교차로운행방법위반,건조,흐림,교차로 - 교차로안,승용,남,17세,경상,승용,여,57세,중상
2015120900100469,2015년 12월 9일 18시,수요일,경상북도 영주시 조암동,경상사고,0,0,4,0,차대차 - 정면충돌,안전운전불이행,건조,맑음,교차로 - 교차로안,승용,남,49세,상해없음,승용,여,36세,경상
2015120900100470,2015년 12월 9일 18시,수요일,경상북도 칠곡군 북삼읍,부상신고사고,0,0,0,1,차대차 - 정면충돌,안전운전불이행,건조,맑음,단일로 - 횡단보도부근,승용,남,41세,상해없음,승용,남,42세,부상신고
2015120900100471,2015년 12월 9일 18시,수요일,경상북도 구미시 황상동,중상사고,0,1,0,0,차대사람 - 횡단중,보행자보호의무위반,건조,맑음,단일로 - 횡단보도상,화물,남,22세,상해없음,보행자,여,64세,중상
2015120900100518,2015년 12월 9일 19시,수요일,경상북도 안동시 용상동,중상사고,0,1,0,0,차대차 - 측면직각충돌,안전거리미확보,건조,맑음,단일로 - 기타,화물,남,47세,상해없음,이륜,남,30세,중상
2015120900100519,2015년 12월 9일 19시,수요일,경상북도 김천시 신음동,사망사고,1,0,0,0,차대차 - 측면직각충돌,안전운전불이행,건조,맑음,단일로 - 기타,이륜,남,64세,사망,승용,남,38세,상해없음
2015120900100550,2015년 12월 9일 20시,수요일,경상북도 경산시 진량읍,경상사고,0,0,1,0,차대차 - 정면충돌,안전운전불이행,건조,맑음,교차로 - 교차로안,승용,남,29세,상해없음,화물,남,41세,경상
2015120900100551,2015년 12월 9일 20시,수요일,경상북도 구미시 인의동,경상사고,0,0,1,0,차대차 - 정면충돌,신호위반,건조,맑음,교차로 - 교차로안,기타불명,기타불명,기타불명,기타불명,승용,남,42세,상해없음
2015120900100609,2015년 12월 9일 22시,수요일,경상북도 구미시 송정동,경상사고,0,0,1,2,차대차 - 정면충돌,교차로운행방법위반,건조,맑음,교차로 - 교차로안,승용,남,31세,상해없음,승용,남,41세,부상신고
2015120900100610,2015년 12월 9일 22시,수요일,경상북도 포항시 남구 대도동,경상사고,0,0,2,0,차대차 - 정면충돌,직진우회전진행방해,건조,맑음,교차로 - 교차로안,승용,남,45세,상해없음,승용,남,24세,상해없음
2015120900100626,2015년 12월 9일 23시,수요일,경상북도 경주시 안강읍,중상사고,0,1,0,0,차대차 - 추돌 - 진행중,안전운전불이행,건조,맑음,단일로 - 기타,화물,남,40세,상해없음,자전거,남,57세,중상
2015120900100627,2015년 12월 9일 23시,수요일,경상북도 경산시 진량읍,경상사고,0,0,2,0,차대차 - 정면충돌,안전운전불이행,건조,맑음,단일로 - 기타,승용,남,37세,경상,승용,남,37세,경상
2015121000100012,2015년 12월 10일 00시,목요일,경상북도 영덕군 강구면,경상사고,0,0,1,0,차대사람 - 횡단중,안전거리미확보,건조,맑음,단일로 - 기타,화물,남,44세,상해없음,보행자,남,47세,경상
2015121000100041,2015년 12월 10일 02시,목요일,경상북도 칠곡군 약목면,부상신고사고,0,0,0,1,차량단독 - 공작물충돌,안전운전불이행,건조,맑음,교차로 - 교차로안,승용,남,44세,부상신고,,,,
2015121000100068,2015년 12월 10일 05시,목요일,경상북도 포항시 남구 대도동,경상사고,0,0,1,0,차대차 - 측면직각충돌,차로위반,건조,맑음,단일로 - 기타,승합,남,68세,상해없음,승용,여,49세,경상
2015121000100091,2015년 12월 10일 06시,목요일,경상북도 경주시 성건동,중상사고,0,1,0,0,차대사람 - 횡단중,신호위반,습기,비,단일로 - 횡단보도상,승합,남,63세,상해없음,보행자,여,71세,중상
2015121000100122,2015년 12월 10일 07시,목요일,경상북도 경주시 인왕동,경상사고,0,0,1,0,차대차 - 정면충돌,안전운전불이행,습기,비,교차로 - 교차로부근,승용,여,56세,경상,승합,남,49세,상해없음
2015121000100161,2015년 12월 10일 08시,목요일,경상북도 포항시 북구 우현동,경상사고,0,0,2,0,차대차 - 정면충돌,교차로운행방법위반,건조,맑음,교차로 - 교차로안,승용,여,41세,상해없음,승용,남,68세,경상
2015121000100162,2015년 12월 10일 08시,목요일,경상북도 안동시 수상동,경상사고,0,0,2,0,차대차 - 기타,안전운전불이행,습기,비,교차로 - 교차로부근,승용,남,30세,상해없음,승용,남,78세,경상
2015121000100163,2015년 12월 10일 08시,목요일,경상북도 영주시 휴천동,중상사고,0,1,1,0,차대차 - 정면충돌,안전운전불이행,건조,맑음,교차로 - 교차로안,승용,여,49세,경상,승용,남,52세,중상
2015121000100164,2015년 12월 10일 08시,목요일,경상북도 문경시 점촌동,사망사고,1,0,0,0,차대차 - 측면직각충돌,안전운전불이행,습기,비,단일로 - 기타,승용,남,46세,상해없음,자전거,여,43세,사망
2015121000100165,2015년 12월 10일 08시,목요일,경상북도 경산시 압량면,경상사고,0,0,1,0,차대차 - 측면직각충돌,안전운전불이행,습기,흐림,교차로 - 교차로안,승용,여,22세,상해없음,승용,남,56세,경상
2015121000100215,2015년 12월 10일 10시,목요일,경상북도 포항시 남구 해도동,중상사고,0,1,0,0,차대사람 - 횡단중,안전운전불이행,건조,맑음,단일로 - 기타,화물,남,58세,상해없음,보행자,여,50세,중상
2015121000100263,2015년 12월 10일 12시,목요일,경상북도 경주시 충효동,경상사고,0,0,2,0,차대차 - 측면직각충돌,신호위반,습기,비,교차로 - 교차로안,승용,남,34세,상해없음,승용,남,66세,경상
2015121000100264,2015년 12월 10일 12시,목요일,경상북도 포항시 북구 장성동,경상사고,0,0,1,0,차대차 - 정면충돌,안전거리미확보,습기,비,단일로 - 기타,승용,남,67세,상해없음,승용,남,62세,상해없음
2015121000100265,2015년 12월 10일 12시,목요일,경상북도 성주군 선남면,중상사고,0,1,0,0,차대사람 - 횡단중,보행자보호의무위반,습기,비,교차로 - 교차로안,화물,남,47세,상해없음,보행자,여,50세,중상
2015121000100266,2015년 12월 10일 12시,목요일,경상북도 포항시 남구 대도동,경상사고,0,0,2,0,차대차 - 정면충돌,신호위반,습기,비,교차로 - 교차로안,승용,여,58세,상해없음,승용,남,69세,상해없음
2015121000100297,2015년 12월 10일 13시,목요일,경상북도 고령군 쌍림면,경상사고,0,0,1,0,차대차 - 기타,과속,건조,맑음,단일로 - 기타,화물,남,33세,경상,특수,남,44세,상해없음
2015121000100327,2015년 12월 10일 14시,목요일,경상북도 칠곡군 북삼읍,경상사고,0,0,1,0,차대차 - 정면충돌,직진우회전진행방해,습기,비,교차로 - 교차로안,승용,남,40세,상해없음,승용,여,46세,경상
2015121000100328,2015년 12월 10일 14시,목요일,경상북도 예천군 예천읍,중상사고,0,1,0,0,차대차 - 정면충돌,안전운전불이행,습기,비,교차로 - 교차로부근,화물,남,50세,상해없음,승용,여,49세,중상
2015121000100361,2015년 12월 10일 15시,목요일,경상북도 경주시 동천동,경상사고,0,0,7,0,차대차 - 기타,신호위반,습기,비,교차로 - 교차로안,화물,남,73세,상해없음,승용,여,45세,경상
2015121000100362,2015년 12월 10일 15시,목요일,경상북도 봉화군 소천면,중상사고,0,1,1,1,차량단독 - 전도전복,안전운전불이행,습기,흐림,단일로 - 기타,승용,남,69세,부상신고,,,,
2015121000100391,2015년 12월 10일 16시,목요일,경상북도 안동시 남문동,중상사고,0,1,0,0,차대사람 - 횡단중,안전운전불이행,습기,비,단일로 - 기타,승용,여,42세,상해없음,보행자,여,79세,중상
2015121000100392,2015년 12월 10일 16시,목요일,경상북도 영주시 상망동,중상사고,0,1,2,0,차대차 - 정면충돌,안전운전불이행,습기,흐림,단일로 - 기타,승합,남,50세,상해없음,화물,남,62세,경상
2015121000100393,2015년 12월 10일 16시,목요일,경상북도 영주시 영주동,경상사고,0,0,1,0,차대차 - 정면충돌,안전운전불이행,건조,맑음,교차로 - 교차로안,승용,남,19세,상해없음,승용,여,53세,경상
2015121000100394,2015년 12월 10일 16시,목요일,경상북도 칠곡군 왜관읍,중상사고,0,1,0,0,차대차 - 정면충돌,중앙선침범,습기,비,교차로 - 교차로안,승용,남,53세,상해없음,승용,여,23세,중상
2015121000100395,2015년 12월 10일 16시,목요일,경상북도 포항시 남구 연일읍,부상신고사고,0,0,0,1,차대차 - 정면충돌,안전운전불이행,건조,맑음,교차로 - 교차로부근,이륜,여,47세,부상신고,승용,남,53세,상해없음
2015121000100439,2015년 12월 10일 17시,목요일,경상북도 안동시 옥야동,중상사고,0,1,0,0,차대사람 - 기타,안전운전불이행,건조,맑음,단일로 - 기타,승용,남,67세,상해없음,보행자,여,70세,중상
2015121000100440,2015년 12월 10일 17시,목요일,경상북도 상주시 함창읍,경상사고,0,0,1,0,차대사람 - 횡단중,안전운전불이행,습기,비,단일로 - 기타,화물,남,57세,상해없음,보행자,여,72세,경상
2015121000100441,2015년 12월 10일 17시,목요일,경상북도 영주시 조암동,경상사고,0,0,2,0,차대차 - 정면충돌,안전운전불이행,습기,비,단일로 - 기타,승용,남,35세,상해없음,승용,남,67세,상해없음
2015121000100442,2015년 12월 10일 17시,목요일,경상북도 영덕군 지품면,중상사고,0,1,0,0,차대사람 - 횡단중,안전운전불이행,건조,맑음,단일로 - 기타,승용,남,56세,상해없음,보행자,여,61세,중상
2015121000100506,2015년 12월 10일 18시,목요일,경상북도 경주시 황성동,경상사고,0,0,1,0,차대사람 - 횡단중,안전운전불이행,습기,비,단일로 - 기타,원동기,남,50세,상해없음,보행자,여,31세,경상
2015121000100507,2015년 12월 10일 18시,목요일,경상북도 경산시 진량읍,경상사고,0,0,1,0,차대차 - 정면충돌,안전운전불이행,습기,비,교차로 - 교차로안,기타불명,기타불명,기타불명,기타불명,승용,남,34세,경상
2015121000100508,2015년 12월 10일 18시,목요일,경상북도 영덕군 강구면,경상사고,0,0,1,0,차대사람 - 횡단중,안전운전불이행,습기,비,교차로 - 교차로안,화물,여,51세,상해없음,보행자,남,60세,경상
2015121000100509,2015년 12월 10일 18시,목요일,경상북도 고령군 성산면,경상사고,0,0,1,0,차대차 - 측면직각충돌,교차로운행방법위반,습기,비,교차로 - 교차로안,화물,남,33세,경상,승용,남,59세,상해없음
2015121000100572,2015년 12월 10일 19시,목요일,경상북도 영주시 이산면,경상사고,0,0,1,0,차량단독 - 전도전복,안전운전불이행,건조,맑음,단일로 - 기타,화물,남,47세,상해없음,,,,
2015121000100617,2015년 12월 10일 20시,목요일,경상북도 영천시 문외동,중상사고,0,1,0,0,차대차 - 측면직각충돌,신호위반,습기,비,교차로 - 교차로부근,승용,남,35세,상해없음,자전거,남,69세,중상
2015121000100618,2015년 12월 10일 20시,목요일,경상북도 경산시 옥산동,중상사고,0,1,0,0,차대사람 - 횡단중,안전운전불이행,습기,비,단일로 - 기타,승용,남,30세,상해없음,보행자,남,30세,중상
2015121000100619,2015년 12월 10일 20시,목요일,경상북도 구미시 공단동,부상신고사고,0,0,0,1,차대차 - 정면충돌,안전운전불이행,건조,맑음,단일로 - 기타,승용,여,41세,상해없음,화물,남,66세,상해없음
2015121000100667,2015년 12월 10일 21시,목요일,경상북도 구미시 인의동,중상사고,0,1,0,0,차대사람 - 횡단중,안전운전불이행,적설,비,단일로 - 기타,승용,남,26세,상해없음,보행자,남,36세,중상
2015121000100668,2015년 12월 10일 21시,목요일,경상북도 포항시 남구 오천읍,경상사고,0,0,1,0,차대차 - 추돌 - 진행중,안전운전불이행,습기,비,교차로 - 교차로부근,승용,여,23세,상해없음,이륜,남,38세,경상
2015121000100669,2015년 12월 10일 21시,목요일,경상북도 포항시 남구 오천읍,경상사고,0,0,1,0,차대차 - 정면충돌,차로위반,습기,비,단일로 - 기타,승합,남,63세,상해없음,승용,남,24세,경상
2015121000100707,2015년 12월 10일 22시,목요일,경상북도 포항시 북구 양덕동,경상사고,0,0,2,0,차대차 - 정면충돌,안전운전불이행,습기,비,단일로 - 기타,승용,여,33세,상해없음,승용,남,52세,경상
2015121000100708,2015년 12월 10일 22시,목요일,경상북도 포항시 북구 죽도동,경상사고,0,0,5,0,차대차 - 정면충돌,안전거리미확보,건조,맑음,교차로 - 교차로부근,승용,남,52세,상해없음,승용,남,43세,경상
2015121000100709,2015년 12월 10일 22시,목요일,경상북도 김천시 부곡동,중상사고,0,1,2,0,차대차 - 측면직각충돌,신호위반,습기,비,교차로 - 교차로안,승용,남,54세,경상,승용,남,24세,경상
2015121000100710,2015년 12월 10일 22시,목요일,경상북도 포항시 남구 청림동,경상사고,0,0,3,0,차대차 - 측면직각충돌,신호위반,건조,맑음,교차로 - 교차로부근,승용,남,53세,상해없음,화물,남,39세,경상
2015121000100756,2015년 12월 10일 23시,목요일,경상북도 경주시 노동동,경상사고,0,0,1,0,차대사람 - 기타,안전운전불이행,습기,비,단일로 - 기타,승용,남,50세,상해없음,보행자,여,54세,경상
2015121100100014,2015년 12월 11일 00시,금요일,경상북도 구미시 진평동,중상사고,0,1,0,0,차대사람 - 횡단중,안전운전불이행,건조,맑음,기타 - 기타,이륜,남,27세,상해없음,보행자,남,29세,중상
2015121100100049,2015년 12월 11일 02시,금요일,경상북도 경주시 강동면,사망사고,1,0,0,0,차대사람 - 기타,안전운전불이행,습기,비,단일로 - 기타,승용,남,19세,상해없음,보행자,남,90세 이상,사망
2015121100100050,2015년 12월 11일 02시,금요일,경상북도 영천시 문외동,경상사고,0,0,1,0,차대사람 - 횡단중,안전운전불이행,습기,비,단일로 - 기타,승용,남,48세,상해없음,보행자,남,26세,경상
2015121100100074,2015년 12월 11일 05시,금요일,경상북도 안동시 태화동,경상사고,0,0,1,0,차대차 - 정면충돌,안전운전불이행,건조,흐림,교차로 - 교차로안,화물,남,53세,상해없음,화물,남,65세,경상
2015121100100114,2015년 12월 11일 07시,금요일,경상북도 경주시 안강읍,중상사고,0,1,2,0,차대차 - 정면충돌,교차로운행방법위반,습기,흐림,교차로 - 교차로안,승용,여,54세,경상,승용,여,50세,중상
2015121100100115,2015년 12월 11일 07시,금요일,경상북도 안동시 용상동,사망사고,1,0,0,0,차대사람 - 횡단중,안전운전불이행,습기,흐림,단일로 - 기타,승용,남,57세,상해없음,보행자,여,72세,사망
2015121100100153,2015년 12월 11일 08시,금요일,경상북도 경주시 강동면,중상사고,0,2,0,0,차대차 - 정면충돌,안전운전불이행,건조,맑음,단일로 - 기타,승용,남,26세,중상,승용,남,51세,중상
2015121100100154,2015년 12월 11일 08시,금요일,경상북도 포항시 북구 덕산동,경상사고,0,0,3,0,차대차 - 정면충돌,안전거리미확보,습기,비,단일로 - 기타,승용,남,25세,상해없음,화물,남,36세,경상
2015121100100155,2015년 12월 11일 08시,금요일,경상북도 상주시 무양동,경상사고,0,0,1,0,차대차 - 측면직각충돌,교차로운행방법위반,습기,비,교차로 - 교차로안,승용,여,59세,상해없음,자전거,남,17세,경상
2015121100100156,2015년 12월 11일 08시,금요일,경상북도 구미시 옥계동,경상사고,0,0,3,0,차대차 - 기타,직진우회전진행방해,건조,맑음,교차로 - 교차로부근,승용,여,43세,상해없음,승용,여,42세,상해없음