사고번호,사고일시,요일,시군구,사고내용,사망자수,중상자수,경상자수,부상신고자수,사고유형,법규위반,노면상태,기상상태,도로형태,가해운전자 차종,가해운전자 성별,가해운전자 연령,가해운전자 상해정도,피해운전자 차종,피해운전자 성별,피해운전자 연령,피해운전자 상해정도
2015121400100057,2015년 12월 14일 06시,월요일,경상북도 경산시 압량면,경상사고,0,0,1,0,차대차 - 추돌 - 주정차중,안전운전불이행,건조,맑음,교차로 - 교차로안,승용,남,25세,상해없음,승용,남,32세,경상
2015121400100074,2015년 12월 14일 07시,월요일,경상북도 경주시 동천동,경상사고,0,0,2,0,차대차 - 측면직각충돌,안전운전불이행,건조,맑음,교차로 - 교차로안,승용,여,32세,경상,승용,남,28세,경상
2015121400100118,2015년 12월 14일 08시,월요일,경상북도 안동시 서부동,경상사고,0,0,2,0,차대차 - 정면충돌,교차로운행방법위반,건조,맑음,교차로 - 교차로안,승용,여,43세,상해없음,승용,남,54세,경상
2015121400100119,2015년 12월 14일 08시,월요일,경상북도 김천시 봉산면,경상사고,0,0,1,0,차대차 - 측면직각충돌,직진우회전진행방해,습기,비,교차로 - 교차로안,승합,남,48세,상해없음,화물,남,68세,경상
2015121400100120,2015년 12월 14일 08시,월요일,경상북도 구미시 원평동,경상사고,0,0,1,0,차대차 - 정면충돌,안전운전불이행,습기,비,교차로 - 교차로안,승용,남,50세,상해없음,이륜,남,38세,경상
2015121400100121,2015년 12월 14일 08시,월요일,경상북도 영천시 북안면,경상사고,0,0,2,0,차대차 - 기타,안전거리미확보,건조,맑음,단일로 - 기타,승용,남,43세,상해없음,승용,여,47세,경상
2015121400100153,2015년 12월 14일 09시,월요일,경상북도 안동시 옥동,중상사고,0,1,0,0,차대사람 - 횡단중,안전운전불이행,건조,맑음,교차로 - 교차로안,승용,여,48세,상해없음,보행자,여,49세,중상
2015121400100154,2015년 12월 14일 09시,월요일,경상북도 김천시 지례면,경상사고,0,0,1,0,차대차 - 정면충돌,안전운전불이행,건조,맑음,교차로 - 교차로부근,화물,남,44세,경상,승용,남,62세,상해없음
2015121400100211,2015년 12월 14일 11시,월요일,경상북도 칠곡군 북삼읍,경상사고,0,0,1,1,차대차 - 측면직각충돌,안전운전불이행,건조,흐림,교차로 - 교차로안,이륜,남,38세,부상신고,승용,남,63세,경상
2015121400100212,2015년 12월 14일 11시,월요일,경상북도 칠곡군 석적읍,중상사고,0,1,0,0,차대차 - 측면직각충돌,안전운전불이행,습기,비,단일로 - 기타,화물,남,49세,상해없음,화물,남,54세,중상
2015121400100234,2015년 12월 14일 12시,월요일,경상북도 상주시 양촌동,중상사고,0,3,1,0,차대차 - 측면직각충돌,교차로운행방법위반,습기,비,교차로 - 교차로안,승용,여,40세,경상,화물,남,43세,중상
2015121400100235,2015년 12월 14일 12시,월요일,경상북도 영천시 완산동,경상사고,0,0,1,0,차대사람 - 횡단중,안전운전불이행,습기,비,단일로 - 기타,화물,남,52세,기타불명,보행자,남,22세,경상
2015121400100236,2015년 12월 14일 12시,월요일,경상북도 성주군 성주읍,중상사고,0,1,0,0,차대차 - 정면충돌,안전운전불이행,건조,맑음,기타 - 기타,화물,남,45세,상해없음,원동기,남,74세,중상
2015121400100257,2015년 12월 14일 13시,월요일,경상북도 영천시 문외동,경상사고,0,0,1,0,차대차 - 측면직각충돌,교차로운행방법위반,습기,비,교차로 - 교차로안,화물,남,48세,상해없음,승합,남,52세,상해없음
2015121400100318,2015년 12월 14일 15시,월요일,경상북도 포항시 북구 덕산동,경상사고,0,0,1,0,차대사람 - 횡단중,보행자보호의무위반,습기,비,교차로 - 교차로부근,승용,여,58세,상해없음,보행자,여,25세,경상
2015121400100319,2015년 12월 14일 15시,월요일,경상북도 영주시 가흥동,경상사고,0,0,1,0,차대차 - 정면충돌,안전운전불이행,습기,비,단일로 - 기타,승용,남,41세,상해없음,승용,여,26세,경상
2015121400100368,2015년 12월 14일 16시,월요일,경상북도 김천시 평화동,중상사고,0,1,2,0,차대차 - 측면직각충돌,신호위반,습기,비,교차로 - 교차로안,승용,여,60세,상해없음,승용,남,55세,경상
2015121400100369,2015년 12월 14일 16시,월요일,경상북도 구미시 임은동,경상사고,0,0,2,0,차대차 - 정면충돌,안전거리미확보,습기,맑음,교차로 - 교차로부근,화물,남,64세,상해없음,승용,남,45세,경상
2015121400100370,2015년 12월 14일 16시,월요일,경상북도 구미시 송정동,중상사고,0,1,0,0,차대차 - 정면충돌,안전운전불이행,습기,비,교차로 - 교차로부근,승용,여,63세,상해없음,원동기,남,30세,중상
2015121400100414,2015년 12월 14일 17시,월요일,경상북도 경주시 성건동,중상사고,0,1,0,0,차대사람 - 횡단중,보행자보호의무위반,건조,맑음,교차로 - 교차로안,승용,남,33세,상해없음,보행자,여,22세,중상
2015121400100415,2015년 12월 14일 17시,월요일,경상북도 경주시 현곡면,경상사고,0,0,1,0,차대사람 - 기타,안전운전불이행,습기,비,단일로 - 기타,기타불명,기타불명,기타불명,기타불명,보행자,여,73세,경상
2015121400100416,2015년 12월 14일 17시,월요일,경상북도 포항시 북구 득량동,경상사고,0,0,1,0,차대사람 - 횡단중,보행자보호의무위반,건조,맑음,단일로 - 기타,승용,남,54세,상해없음,보행자,남,13세,경상
2015121400100417,2015년 12월 14일 17시,월요일,경상북도 영천시 화남면,중상사고,0,1,0,0,차대사람 - 횡단중,안전운전불이행,습기,비,단일로 - 기타,승용,남,28세,상해없음,보행자,여,83세,중상
2015121400100418,2015년 12월 14일 17시,월요일,경상북도 영천시 임고면,경상사고,0,0,2,0,차대차 - 측면직각충돌,기타,습기,비,교차로 - 교차로안,승용,남,47세,경상,승용,여,54세,경상
2015121400100419,2015년 12월 14일 17시,월요일,경상북도 경산시 평산동,경상사고,0,0,1,0,차대차 - 정면충돌,신호위반,건조,맑음,교차로 - 교차로안,승용,남,30세,상해없음,승용,남,55세,경상
2015121400100420,2015년 12월 14일 17시,월요일,경상북도 경산시 하양읍,경상사고,0,0,1,0,차대차 - 정면충돌,안전운전불이행,습기,비,단일로 - 기타,화물,남,23세,상해없음,승용,남,27세,경상
2015121400100484,2015년 12월 14일 18시,월요일,경상북도 포항시 북구 학잠동,경상사고,0,0,1,0,차대사람 - 횡단중,안전운전불이행,습기,비,교차로 - 교차로부근,승용,여,46세,상해없음,보행자,남,68세,경상
2015121400100485,2015년 12월 14일 18시,월요일,경상북도 경산시 상방동,경상사고,0,0,2,0,차대차 - 정면충돌,안전운전불이행,습기,흐림,단일로 - 기타,승용,남,49세,경상,승용,남,47세,경상
2015121400100529,2015년 12월 14일 19시,월요일,경상북도 영주시 풍기읍,경상사고,0,0,2,0,차대사람 - 횡단중,안전운전불이행,습기,비,단일로 - 기타,승용,남,66세,상해없음,보행자,남,17세,경상
2015121400100530,2015년 12월 14일 19시,월요일,경상북도 구미시 황상동,경상사고,0,0,2,0,차대차 - 정면충돌,차로위반,습기,비,교차로 - 교차로부근,승용,남,24세,상해없음,승합,남,35세,경상
2015121400100566,2015년 12월 14일 20시,월요일,경상북도 영주시 풍기읍,경상사고,0,0,1,0,차대차 - 정면충돌,안전운전불이행,습기,비,교차로 - 교차로안,승용,남,24세,상해없음,승용,여,45세,상해없음
2015121400100567,2015년 12월 14일 20시,월요일,경상북도 경산시 중방동,중상사고,0,1,0,0,차대사람 - 횡단중,안전운전불이행,건조,맑음,교차로 - 교차로안,승용,남,48세,상해없음,보행자,여,79세,중상
2015121400100568,2015년 12월 14일 20시,월요일,경상북도 구미시 도량동,중상사고,0,1,0,1,차대차 - 정면충돌,교차로운행방법위반,습기,비,교차로 - 교차로안,승용,남,56세,부상신고,원동기,남,18세,중상
2015121400100607,2015년 12월 14일 21시,월요일,경상북도 칠곡군 석적읍,중상사고,0,1,0,1,차대차 - 측면직각충돌,신호위반,습기,비,교차로 - 교차로안,승용,남,34세,부상신고,승용,남,25세,중상
2015121400100608,2015년 12월 14일 21시,월요일,경상북도 영천시 청통면,중상사고,0,2,0,0,차대차 - 정면충돌,중앙선침범,건조,맑음,단일로 - 기타,승용,남,32세,상해없음,승용,남,27세,중상
2015121400100609,2015년 12월 14일 21시,월요일,경상북도 경산시 계양동,중상사고,0,2,1,0,차대차 - 정면충돌,안전운전불이행,건조,맑음,단일로 - 기타,승용,남,64세,상해없음,승용,남,36세,중상
2015121400100610,2015년 12월 14일 21시,월요일,경상북도 포항시 남구 대도동,경상사고,0,0,2,0,차대차 - 정면충돌,직진우회전진행방해,건조,맑음,교차로 - 교차로안,승용,남,44세,경상,승용,남,62세,경상
2015121400100638,2015년 12월 14일 22시,월요일,경상북도 영주시 휴천동,사망사고,1,0,0,0,차대사람 - 기타,안전운전불이행,습기,비,단일로 - 기타,승용,남,22세,상해없음,보행자,남,56세,사망
2015121400100639,2015년 12월 14일 22시,월요일,경상북도 경산시 하양읍,경상사고,0,0,1,0,차대차 - 정면충돌,안전운전불이행,습기,비,교차로 - 교차로부근,승용,남,45세,상해없음,이륜,남,18세,경상
2015121400100640,2015년 12월 14일 22시,월요일,경상북도 구미시 송정동,중상사고,0,2,0,0,차대차 - 기타,안전운전불이행,습기,비,교차로 - 교차로부근,승용,남,46세,상해없음,승용,남,43세,상해없음
2015121400100641,2015년 12월 14일 22시,월요일,경상북도 구미시 상모동,경상사고,0,0,1,0,차대차 - 정면충돌,교차로운행방법위반,습기,비,교차로 - 교차로안,승용,남,30세,상해없음,승용,남,22세,경상
2015121400100654,2015년 12월 14일 23시,월요일,경상북도 구미시 임은동,경상사고,0,0,1,0,차대사람 - 보도통행중,중앙선침범,건조,맑음,단일로 - 기타,원동기,남,39세,상해없음,보행자,남,30세,경상
2015121400100655,2015년 12월 14일 23시,월요일,경상북도 포항시 남구 대도동,경상사고,0,0,1,0,차대차 - 정면충돌,신호위반,습기,비,교차로 - 교차로안,승용,여,58세,상해없음,승용,남,23세,경상
2015121500100021,2015년 12월 15일 00시,화요일,경상북도 상주시 외서면,중상사고,0,2,0,0,차량단독 - 공작물충돌,안전운전불이행,습기,비,단일로 - 기타,승용,남,61세,상해없음,,,,
2015121500100043,2015년 12월 15일 01시,화요일,경상북도 청송군 파천면,경상사고,0,0,1,0,차량단독 - 공작물충돌,안전운전불이행,습기,맑음,단일로 - 기타,승용,남,23세,경상,,,,
2015121500100089,2015년 12월 15일 06시,화요일,경상북도 구미시 인의동,경상사고,0,0,2,0,차대차 - 정면충돌,안전운전불이행,건조,맑음,교차로 - 교차로안,승용,남,26세,상해없음,승용,여,37세,경상
2015121500100090,2015년 12월 15일 06시,화요일,경상북도 구미시 임수동,경상사고,0,0,1,0,차대차 - 추돌 - 주정차중,안전운전불이행,건조,맑음,교차로 - 교차로부근,승합,남,40세,상해없음,승용,남,44세,경상
2015121500100091,2015년 12월 15일 06시,화요일,경상북도 구미시 선산읍,중상사고,0,1,0,0,차대차 - 기타,안전운전불이행,건조,맑음,교차로 - 교차로안,화물,남,47세,기타불명,화물,여,59세,중상
2015121500100092,2015년 12월 15일 06시,화요일,경상북도 포항시 남구 동촌동,경상사고,0,0,1,0,차대차 - 측면직각충돌,신호위반,습기,흐림,단일로 - 횡단보도상,기타불명,기타불명,기타불명,기타불명,자전거,남,58세,경상
2015121500100125,2015년 12월 15일 07시,화요일,경상북도 영천시 대창면,중상사고,0,1,0,0,차대차 - 정면충돌,안전운전불이행,습기,비,단일로 - 기타,화물,남,64세,기타불명,자전거,남,37세,중상
2015121500100126,2015년 12월 15일 07시,화요일,경상북도 고령군 다산면,경상사고,0,0,5,0,차대차 - 측면직각충돌,안전운전불이행,습기,맑음,단일로 - 기타,화물,남,41세,경상,승용,남,54세,경상
2015121500100160,2015년 12월 15일 08시,화요일,경상북도 안동시 송현동,중상사고,0,1,0,0,차대사람 - 횡단중,안전운전불이행,건조,맑음,교차로 - 교차로부근,승용,여,35세,상해없음,보행자,남,25세,중상
2015121500100161,2015년 12월 15일 08시,화요일,경상북도 경산시 계양동,경상사고,0,0,1,0,차대차 - 기타,교차로운행방법위반,건조,맑음,교차로 - 교차로안,승용,남,29세,상해없음,자전거,남,12세,경상
2015121500100190,2015년 12월 15일 09시,화요일,경상북도 포항시 북구 죽도동,경상사고,0,0,1,0,차대차 - 정면충돌,신호위반,건조,맑음,교차로 - 교차로안,승용,여,50세,상해없음,승용,여,32세,경상
2015121500100191,2015년 12월 15일 09시,화요일,경상북도 예천군 예천읍,중상사고,0,1,1,0,차대차 - 측면직각충돌,직진우회전진행방해,습기,흐림,교차로 - 교차로안,승용,남,46세,상해없음,화물,남,45세,경상
2015121500100207,2015년 12월 15일 10시,화요일,경상북도 안동시 옥야동,경상사고,0,0,1,0,차대차 - 정면충돌,안전운전불이행,건조,맑음,단일로 - 기타,승용,남,53세,상해없음,자전거,남,71세,경상
2015121500100208,2015년 12월 15일 10시,화요일,경상북도 포항시 남구 호동,경상사고,0,0,1,0,차대차 - 정면충돌,교차로운행방법위반,건조,맑음,교차로 - 교차로안,승합,남,51세,상해없음,화물,남,55세,경상
2015121500100243,2015년 12월 15일 11시,화요일,경상북도 상주시 신봉동,중상사고,0,1,0,0,차대차 - 정면충돌,안전거리미확보,건조,맑음,교차로 - 교차로부근,승용,남,62세,상해없음,승용,남,25세,중상
2015121500100244,2015년 12월 15일 11시,화요일,경상북도 영주시 휴천동,경상사고,0,0,1,0,차대사람 - 횡단중,안전운전불이행,건조,맑음,단일로 - 기타,승용,여,53세,상해없음,보행자,여,80세,경상
2015121500100245,2015년 12월 15일 11시,화요일,경상북도 경산시 중방동,경상사고,0,0,1,0,차대사람 - 기타,안전운전불이행,건조,맑음,단일로 - 기타,화물,남,54세,상해없음,보행자,여,67세,경상
2015121500100258,2015년 12월 15일 12시,화요일,경상북도 안동시 법흥동,경상사고,0,0,1,0,차대차 - 정면충돌,신호위반,건조,맑음,단일로 - 기타,이륜,남,79세,경상,승용,여,49세,상해없음
2015121500100292,2015년 12월 15일 13시,화요일,경상북도 영주시 휴천동,중상사고,0,1,0,0,차대차 - 정면충돌,안전운전불이행,건조,맑음,단일로 - 기타,화물,남,45세,상해없음,화물,남,50세,중상
2015121500100293,2015년 12월 15일 13시,화요일,경상북도 영천시 고경면,경상사고,0,0,1,0,차대차 - 정면충돌,중앙선침범,건조,맑음,단일로 - 기타,화물,남,73세,상해없음,승합,남,52세,경상
2015121500100294,2015년 12월 15일 13시,화요일,경상북도 구미시 봉곡동,부상신고사고,0,0,0,1,차대차 - 정면충돌,안전운전불이행,건조,맑음,교차로 - 교차로부근,이륜,남,43세,부상신고,승합,남,68세,상해없음
2015121500100295,2015년 12월 15일 13시,화요일,경상북도 문경시 불정동,사망사고,1,0,1,0,차대차 - 추돌 - 진행중,안전운전불이행,건조,흐림,단일로 - 터널,화물,남,50세,사망,화물,남,50세,경상
2015121500100325,2015년 12월 15일 14시,화요일,경상북도 구미시 공단동,중상사고,0,1,0,1,차대차 - 정면충돌,안전운전불이행,건조,맑음,교차로 - 교차로안,화물,남,35세,부상신고,승용,여,54세,중상
2015121500100326,2015년 12월 15일 14시,화요일,경상북도 구미시 인의동,경상사고,0,0,1,0,차대차 - 정면충돌,안전운전불이행,건조,맑음,교차로 - 교차로안,승용,여,25세,상해없음,이륜,남,37세,경상
2015121500100348,2015년 12월 15일 15시,화요일,경상북도 영천시 신령면,경상사고,0,0,1,0,차대차 - 정면충돌,교차로운행방법위반,건조,맑음,교차로 - 교차로안,화물,남,64세,기타불명,승용,여,51세,경상
2015121500100378,2015년 12월 15일 16시,화요일,경상북도 상주시 남성동,경상사고,0,0,1,0,차대차 - 측면직각충돌,안전운전불이행,건조,맑음,교차로 - 교차로부근,원동기,여,73세,경상,화물,남,43세,상해없음
2015121500100420,2015년 12월 15일 17시,화요일,경상북도 안동시 풍산읍,중상사고,0,2,1,0,차대차 - 정면충돌,안전거리미확보,건조,맑음,단일로 - 기타,승용,남,45세,상해없음,승용,남,45세,중상
2015121500100421,2015년 12월 15일 17시,화요일,경상북도 영주시 가흥동,경상사고,0,0,1,0,차대차 - 측면직각충돌,안전운전불이행,건조,맑음,교차로 - 교차로안,승용,남,54세,상해없음,승용,남,52세,경상
2015121500100422,2015년 12월 15일 17시,화요일,경상북도 경산시 갑제동,경상사고,0,0,1,0,차대차 - 정면충돌,안전운전불이행,건조,맑음,단일로 - 기타,화물,남,58세,상해없음,승용,남,67세,기타불명
2015121500100423,2015년 12월 15일 17시,화요일,경상북도 구미시 원평동,경상사고,0,0,1,0,차대사람 - 횡단중,보행자보호의무위반,건조,맑음,교차로 - 교차로안,승용,여,44세,상해없음,보행자,여,69세,경상
2015121500100424,2015년 12월 15일 17시,화요일,경상북도 포항시 남구 효자동,경상사고,0,0,1,0,차대차 - 측면직각충돌,안전운전불이행,건조,맑음,교차로 - 교차로부근,원동기,남,24세,상해없음,자전거,남,59세,경상
2015121500100470,2015년 12월 15일 18시,화요일,경상북도 경주시 안강읍,중상사고,0,1,0,0,차대차 - 정면충돌,안전운전불이행,건조,맑음,교차로 - 교차로안,승합,남,68세,상해없음,자전거,여,54세,중상
2015121500100471,2015년 12월 15일 18시,화요일,경상북도 포항시 북구 창포동,경상사고,0,0,1,0,차대사람 - 길가장자리구역통행중,안전운전불이행,건조,맑음,교차로 - 교차로안,승용,남,64세,상해없음,보행자,남,48세,경상
2015121500100472,2015년 12월 15일 18시,화요일,경상북도 구미시 봉곡동,경상사고,0,0,1,0,차대사람 - 횡단중,안전운전불이행,건조,맑음,단일로 - 기타,승용,남,67세,상해없음,보행자,남,56세,경상
2015121500100507,2015년 12월 15일 19시,화요일,경상북도 포항시 남구 대송면,경상사고,0,0,1,0,차대차 - 측면직각충돌,안전운전불이행,건조,맑음,교차로 - 교차로안,화물,남,59세,상해없음,승용,남,34세,경상
2015121500100534,2015년 12월 15일 20시,화요일,경상북도 상주시 낙양동,경상사고,0,0,1,0,차대차 - 측면직각충돌,안전운전불이행,건조,맑음,단일로 - 기타,자전거,남,66세,경상,원동기,남,53세,상해없음
2015121500100555,2015년 12월 15일 21시,화요일,경상북도 경주시 안강읍,경상사고,0,0,1,0,차대차 - 정면충돌,중앙선침범,건조,맑음,단일로 - 기타,승용,남,63세,상해없음,승용,남,31세,경상
2015121500100556,2015년 12월 15일 21시,화요일,경상북도 경산시 정평동,경상사고,0,0,2,0,차대차 - 정면충돌,안전운전불이행,건조,맑음,교차로 - 교차로부근,승용,남,56세,상해없음,승용,남,64세,경상
2015121500100557,2015년 12월 15일 21시,화요일,경상북도 영덕군 강구면,경상사고,0,0,3,0,차대차 - 측면직각충돌,안전운전불이행,건조,맑음,단일로 - 기타,승합,남,55세,상해없음,승용,여,44세,상해없음
2015121500100558,2015년 12월 15일 21시,화요일,경상북도 예천군 유천면,경상사고,0,0,1,0,차대차 - 측면직각충돌,안전운전불이행,건조,맑음,교차로 - 교차로안,화물,남,66세,경상,승용,남,43세,상해없음
2015121500100596,2015년 12월 15일 22시,화요일,경상북도 영주시 조암동,경상사고,0,0,1,0,차대차 - 측면직각충돌,안전운전불이행,건조,맑음,교차로 - 교차로안,승용,남,48세,상해없음,승용,남,39세,경상
2015121500100597,2015년 12월 15일 22시,화요일,경상북도 칠곡군 동명면,부상신고사고,0,0,0,1,차대차 - 정면충돌,안전운전불이행,건조,맑음,단일로 - 기타,승용,남,49세,부상신고,승용,남,60세,상해없음
2015121500100598,2015년 12월 15일 22시,화요일,경상북도 포항시 남구 오천읍,경상사고,0,0,1,0,차대사람 - 횡단중,안전운전불이행,건조,맑음,교차로 - 교차로부근,이륜,남,22세,상해없음,보행자,여,58세,경상
2015121500100619,2015년 12월 15일 23시,화요일,경상북도 안동시 옥동,중상사고,0,1,1,0,차대차 - 정면충돌,신호위반,건조,맑음,교차로 - 교차로안,승용,남,38세,상해없음,승용,남,26세,경상
2015121500100620,2015년 12월 15일 23시,화요일,경상북도 포항시 남구 대도동,경상사고,0,0,1,0,차대사람 - 기타,안전운전불이행,건조,맑음,단일로 - 기타,승용,남,46세,상해없음,보행자,여,52세,경상
2015121600100019,2015년 12월 16일 00시,수요일,경상북도 포항시 남구 상도동,부상신고사고,0,0,0,1,차대사람 - 기타,안전운전불이행,건조,맑음,단일로 - 기타,승용,남,46세,상해없음,보행자,남,34세,부상신고
2015121600100051,2015년 12월 16일 03시,수요일,경상북도 포항시 남구 대도동,중상사고,0,1,0,0,차대차 - 측면직각충돌,신호위반,건조,맑음,교차로 - 교차로안,승용,남,43세,상해없음,승용,남,39세,중상
2015121600100061,2015년 12월 16일 04시,수요일,경상북도 경산시 조영동,경상사고,0,0,1,1,차대차 - 정면충돌,교차로운행방법위반,건조,맑음,교차로 - 교차로안,승용,남,25세,부상신고,승용,남,49세,경상
2015121600100093,2015년 12월 16일 07시,수요일,경상북도 포항시 남구 동촌동,경상사고,0,0,1,0,차대차 - 정면충돌,안전운전불이행,건조,맑음,단일로 - 기타,승용,남,62세,상해없음,승용,여,30세,경상
2015121600100125,2015년 12월 16일 08시,수요일,경상북도 영천시 완산동,중상사고,0,1,0,0,차대차 - 정면충돌,안전운전불이행,건조,맑음,단일로 - 기타,건설기계,남,46세,상해없음,이륜,남,78세,중상
2015121600100126,2015년 12월 16일 08시,수요일,경상북도 예천군 예천읍,경상사고,0,0,2,0,차대차 - 측면직각충돌,안전운전불이행,건조,맑음,교차로 - 교차로안,승용,여,35세,경상,승용,여,24세,경상
2015121600100127,2015년 12월 16일 08시,수요일,경상북도 구미시 고아읍,경상사고,0,0,1,0,차대차 - 정면충돌,교차로운행방법위반,습기,비,교차로 - 교차로부근,승용,남,49세,상해없음,승용,여,41세,경상
2015121600100152,2015년 12월 16일 09시,수요일,경상북도 구미시 해평면,부상신고사고,0,0,0,1,차대차 - 정면충돌,안전운전불이행,습기,눈,단일로 - 기타,이륜,여,79세,부상신고,승용,여,48세,상해없음
2015121600100153,2015년 12월 16일 09시,수요일,경상북도 포항시 남구 지곡동,중상사고,0,1,0,0,차대차 - 정면충돌,안전거리미확보,건조,맑음,교차로 - 교차로안,승용,남,51세,상해없음,이륜,남,31세,중상
2015121600100154,2015년 12월 16일 09시,수요일,경상북도 경주시 광명동,중상사고,0,1,1,0,차대차 - 추돌 - 진행중,안전운전불이행,건조,맑음,단일로 - 기타,화물,남,27세,경상,화물,남,60세,중상
2015121600100182,2015년 12월 16일 10시,수요일,경상북도 상주시 외서면,중상사고,0,1,0,0,차대차 - 추돌 - 진행중,안전운전불이행,건조,맑음,교차로 - 교차로안,승용,여,46세,상해없음,이륜,남,80세,중상
2015121600100183,2015년 12월 16일 10시,수요일,경상북도 봉화군 춘양면,중상사고,0,1,0,0,차대사람 - 횡단중,보행자보호의무위반,건조,맑음,교차로 - 교차로안,이륜,남,80세,상해없음,보행자,남,49세,중상
2015121600100184,2015년 12월 16일 10시,수요일,경상북도 청도군 매전면,중상사고,0,1,0,0,차대차 - 측면직각충돌,중앙선침범,건조,맑음,단일로 - 기타,승용,남,68세,상해없음,승용,남,52세,중상
2015121600100205,2015년 12월 16일 11시,수요일,경상북도 안동시 금곡동,중상사고,0,1,0,0,차대사람 - 횡단중,보행자보호의무위반,건조,맑음,단일로 - 기타,화물,남,69세,상해없음,보행자,남,60세,중상
2015121600100238,2015년 12월 16일 12시,수요일,경상북도 경주시 외동읍,중상사고,0,1,0,0,차대차 - 측면직각충돌,신호위반,건조,맑음,교차로 - 교차로안,화물,남,65세,상해없음,승합,여,41세,중상
2015121600100239,2015년 12월 16일 12시,수요일,경상북도 경주시 안강읍,중상사고,0,1,0,0,차량단독 - 전도전복,안전운전불이행,습기,눈,단일로 - 기타,승용,여,21세,중상,,,,
2015121600100240,2015년 12월 16일 12시,수요일,경상북도 포항시 북구 대흥동,부상신고사고,0,0,0,1,차대차 - 정면충돌,안전운전불이행,건조,맑음,단일로 - 기타,승용,여,36세,상해없음,이륜,남,37세,부상신고
2015121600100241,2015년 12월 16일 12시,수요일,경상북도 구미시 비산동,부상신고사고,0,0,0,1,차량단독 - 전도전복,안전운전불이행,습기,눈,미분류 - 미분류,승용,남,54세,부상신고,,,,
2015121600100263,2015년 12월 16일 13시,수요일,경상북도 구미시 원평동,경상사고,0,0,1,0,차대차 - 정면충돌,안전운전불이행,건조,맑음,교차로 - 교차로안,승용,남,22세,상해없음,승용,여,31세,경상
2015121600100294,2015년 12월 16일 14시,수요일,경상북도 포항시 북구 죽도동,경상사고,0,0,1,0,차대차 - 측면직각충돌,안전운전불이행,건조,맑음,교차로 - 교차로안,승용,여,53세,상해없음,자전거,남,74세,경상
2015121600100295,2015년 12월 16일 14시,수요일,경상북도 포항시 북구 환호동,경상사고,0,0,1,0,차대차 - 기타,교차로운행방법위반,건조,맑음,교차로 - 교차로안,승용,남,31세,상해없음,자전거,남,14세,경상
2015121600100296,2015년 12월 16일 14시,수요일,경상북도 경산시 상방동,경상사고,0,0,1,0,차대차 - 정면충돌,안전운전불이행,습기,비,단일로 - 기타,승용,여,53세,상해없음,승합,남,58세,상해없음
2015121600100337,2015년 12월 16일 15시,수요일,경상북도 구미시 황상동,중상사고,0,1,0,0,차대사람 - 횡단중,안전운전불이행,습기,눈,단일로 - 기타,승용,여,46세,상해없음,보행자,여,74세,중상
2015121600100338,2015년 12월 16일 15시,수요일,경상북도 구미시 원평동,경상사고,0,0,1,0,차대차 - 정면충돌,신호위반,건조,맑음,교차로 - 교차로부근,승용,남,51세,기타불명,이륜,남,47세,경상
2015121600100369,2015년 12월 16일 16시,수요일,경상북도 구미시 원평동,중상사고,0,1,0,0,차대사람 - 횡단중,안전운전불이행,건조,맑음,단일로 - 기타,승용,남,65세,상해없음,보행자,남,18세,중상
2015121600100413,2015년 12월 16일 17시,수요일,경상북도 안동시 운흥동,중상사고,0,1,0,0,차대사람 - 횡단중,안전운전불이행,건조,맑음,단일로 - 기타,화물,남,40세,상해없음,보행자,남,77세,중상
2015121600100414,2015년 12월 16일 17시,수요일,경상북도 영주시 가흥동,중상사고,0,1,0,0,차대사람 - 횡단중,보행자보호의무위반,건조,맑음,단일로 - 기타,승용,남,62세,상해없음,보행자,여,75세,중상
2015121600100415,2015년 12월 16일 17시,수요일,경상북도 영주시 휴천동,경상사고,0,0,1,0,차대사람 - 기타,안전운전불이행,건조,맑음,단일로 - 횡단보도부근,기타불명,기타불명,기타불명,기타불명,보행자,남,14세,경상
2015121600100416,2015년 12월 16일 17시,수요일,경상북도 고령군 대가야읍,경상사고,0,0,1,0,차대사람 - 기타,안전운전불이행,건조,맑음,단일로 - 기타,승용,여,37세,상해없음,보행자,여,13세,경상
2015121600100417,2015년 12월 16일 17시,수요일,경상북도 포항시 남구 인덕동,중상사고,0,1,1,0,차대차 - 정면충돌,안전운전불이행,건조,맑음,교차로 - 교차로안,승용,여,62세,경상,승용,남,30세,중상
2015121600100467,2015년 12월 16일 18시,수요일,경상북도 경주시 황성동,경상사고,0,0,1,0,차대차 - 정면충돌,안전운전불이행,건조,맑음,교차로 - 교차로안,원동기,남,63세,경상,승용,여,35세,상해없음
2015121600100468,2015년 12월 16일 18시,수요일,경상북도 경주시 양남면,중상사고,0,2,0,0,차대차 - 측면직각충돌,안전운전불이행,건조,흐림,교차로 - 교차로안,승용,남,52세,상해없음,승용,남,25세,중상
2015121600100469,2015년 12월 16일 18시,수요일,경상북도 영주시 상줄동,경상사고,0,0,1,0,차대사람 - 횡단중,안전운전불이행,건조,맑음,단일로 - 기타,승용,여,59세,상해없음,보행자,남,26세,경상