사고번호,사고일시,요일,시군구,사고내용,사망자수,중상자수,경상자수,부상신고자수,사고유형,법규위반,노면상태,기상상태,도로형태,가해운전자 차종,가해운전자 성별,가해운전자 연령,가해운전자 상해정도,피해운전자 차종,피해운전자 성별,피해운전자 연령,피해운전자 상해정도
2015121600100470,2015년 12월 16일 18시,수요일,경상북도 경산시 하양읍,중상사고,0,1,0,0,차대차 - 정면충돌,불법유턴,건조,맑음,단일로 - 기타,승용,남,20세,상해없음,승용,남,20세,중상
2015121600100514,2015년 12월 16일 19시,수요일,경상북도 포항시 북구 환호동,경상사고,0,0,3,0,차대차 - 정면충돌,안전거리미확보,건조,맑음,교차로 - 교차로부근,승합,남,43세,상해없음,승용,남,32세,경상
2015121600100515,2015년 12월 16일 19시,수요일,경상북도 안동시 태화동,중상사고,0,1,0,0,차대차 - 정면충돌,중앙선침범,건조,맑음,교차로 - 교차로안,승용,남,67세,상해없음,원동기,남,40세,중상
2015121600100552,2015년 12월 16일 20시,수요일,경상북도 의성군 의성읍,경상사고,0,0,1,0,차량단독 - 전도전복,안전운전불이행,건조,맑음,단일로 - 교량,화물,남,62세,경상,,,,
2015121600100612,2015년 12월 16일 22시,수요일,경상북도 칠곡군 북삼읍,경상사고,0,0,1,0,차대차 - 기타,안전운전불이행,건조,맑음,단일로 - 기타,승용,남,39세,상해없음,이륜,남,42세,경상
2015121600100613,2015년 12월 16일 22시,수요일,경상북도 포항시 남구 인덕동,경상사고,0,0,1,0,차대사람 - 횡단중,보행자보호의무위반,건조,맑음,교차로 - 교차로안,승용,여,59세,상해없음,보행자,여,44세,경상
2015121600100652,2015년 12월 16일 23시,수요일,경상북도 구미시 원평동,중상사고,0,1,0,0,차대차 - 정면충돌,신호위반,건조,맑음,교차로 - 교차로부근,승용,남,49세,상해없음,이륜,남,48세,중상
2015121700100021,2015년 12월 17일 00시,목요일,경상북도 의성군 단촌면,중상사고,0,1,0,0,차량단독 - 전도전복,안전운전불이행,건조,맑음,단일로 - 기타,승용,여,23세,중상,,,,
2015121700100022,2015년 12월 17일 00시,목요일,경상북도 경산시 대평동,중상사고,0,1,0,0,차대사람 - 횡단중,중앙선침범,건조,맑음,단일로 - 기타,승용,남,46세,상해없음,보행자,남,38세,중상
2015121700100087,2015년 12월 17일 06시,목요일,경상북도 안동시 이천동,중상사고,0,1,0,0,차대사람 - 길가장자리구역통행중,안전운전불이행,건조,맑음,단일로 - 기타,화물,남,64세,상해없음,보행자,남,83세,중상
2015121700100107,2015년 12월 17일 07시,목요일,경상북도 경산시 대동,부상신고사고,0,0,0,1,차량단독 - 전도전복,안전운전불이행,결빙,맑음,단일로 - 기타,이륜,남,25세,부상신고,,,,
2015121700100108,2015년 12월 17일 07시,목요일,경상북도 청송군 진보면,중상사고,0,1,0,0,차대차 - 정면충돌,안전거리미확보,건조,맑음,단일로 - 기타,화물,남,44세,중상,건설기계,남,44세,상해없음
2015121700100109,2015년 12월 17일 07시,목요일,경상북도 포항시 남구 연일읍,중상사고,0,1,0,0,차대사람 - 횡단중,안전운전불이행,건조,맑음,교차로 - 교차로안,승용,남,53세,상해없음,보행자,남,54세,중상
2015121700100110,2015년 12월 17일 07시,목요일,경상북도 포항시 남구 해도동,경상사고,0,0,1,0,차대차 - 정면충돌,안전운전불이행,건조,맑음,교차로 - 교차로안,승용,여,64세,상해없음,자전거,남,66세,경상
2015121700100147,2015년 12월 17일 08시,목요일,경상북도 김천시 대항면,경상사고,0,0,1,0,차량단독 - 공작물충돌,안전운전불이행,결빙,맑음,단일로 - 기타,승용,여,59세,상해없음,,,,
2015121700100148,2015년 12월 17일 08시,목요일,경상북도 봉화군 봉화읍,중상사고,0,1,2,0,차대차 - 정면충돌,교차로운행방법위반,건조,맑음,교차로 - 교차로안,화물,남,73세,경상,승용,여,58세,경상
2015121700100149,2015년 12월 17일 08시,목요일,경상북도 구미시 봉곡동,경상사고,0,0,3,0,차대차 - 정면충돌,중앙선침범,건조,맑음,단일로 - 기타,승용,여,42세,상해없음,승용,남,41세,경상
2015121700100189,2015년 12월 17일 09시,목요일,경상북도 영주시 문정동,경상사고,0,0,1,0,차대차 - 정면충돌,안전운전불이행,건조,맑음,단일로 - 기타,화물,남,67세,기타불명,승용,여,33세,경상
2015121700100190,2015년 12월 17일 09시,목요일,경상북도 칠곡군 왜관읍,부상신고사고,0,0,0,1,차대차 - 추돌 - 진행중,안전거리미확보,건조,맑음,단일로 - 기타,승용,여,34세,부상신고,화물,남,39세,상해없음
2015121700100220,2015년 12월 17일 10시,목요일,경상북도 영천시 금호읍,중상사고,0,1,0,0,차대차 - 정면충돌,안전거리미확보,건조,맑음,단일로 - 기타,승용,남,52세,상해없음,승용,여,60세,중상
2015121700100250,2015년 12월 17일 11시,목요일,경상북도 김천시 신음동,중상사고,0,1,1,0,차대차 - 정면충돌,안전운전불이행,건조,맑음,교차로 - 교차로부근,승용,남,41세,상해없음,이륜,남,70세,경상
2015121700100251,2015년 12월 17일 11시,목요일,경상북도 군위군 소보면,중상사고,0,1,0,0,차대사람 - 횡단중,안전운전불이행,건조,맑음,단일로 - 기타,화물,남,37세,상해없음,보행자,여,82세,중상
2015121700100331,2015년 12월 17일 14시,목요일,경상북도 구미시 황상동,경상사고,0,0,1,0,차대차 - 정면충돌,안전운전불이행,건조,맑음,단일로 - 기타,승용,남,36세,상해없음,이륜,남,19세,경상
2015121700100368,2015년 12월 17일 15시,목요일,경상북도 경주시 충효동,경상사고,0,0,2,0,차대차 - 측면직각충돌,신호위반,건조,맑음,교차로 - 교차로안,승용,남,33세,상해없음,승용,남,45세,경상
2015121700100369,2015년 12월 17일 15시,목요일,경상북도 경산시 옥산동,경상사고,0,0,1,0,차대차 - 정면충돌,안전운전불이행,건조,맑음,교차로 - 교차로부근,자전거,남,13세,경상,승용,여,38세,상해없음
2015121700100370,2015년 12월 17일 15시,목요일,경상북도 청도군 매전면,중상사고,0,1,1,0,차대차 - 측면직각충돌,중앙선침범,건조,맑음,단일로 - 기타,승용,남,37세,경상,승용,남,74세,중상
2015121700100412,2015년 12월 17일 16시,목요일,경상북도 경주시 산내면,경상사고,0,0,2,0,차대차 - 정면충돌,안전운전불이행,건조,맑음,교차로 - 교차로안,화물,남,53세,경상,화물,남,39세,상해없음
2015121700100413,2015년 12월 17일 16시,목요일,경상북도 포항시 북구 죽도동,경상사고,0,0,1,0,차대사람 - 횡단중,신호위반,건조,맑음,단일로 - 기타,승용,남,22세,상해없음,보행자,남,73세,경상
2015121700100414,2015년 12월 17일 16시,목요일,경상북도 예천군 용궁면,경상사고,0,0,1,0,차대차 - 정면충돌,안전운전불이행,건조,맑음,교차로 - 교차로안,자전거,남,84세,경상,승합,남,51세,상해없음
2015121700100451,2015년 12월 17일 17시,목요일,경상북도 경주시 양남면,중상사고,0,1,0,0,차량단독 - 전도전복,안전운전불이행,건조,맑음,교차로 - 교차로부근,승용,남,49세,중상,,,,
2015121700100452,2015년 12월 17일 17시,목요일,경상북도 안동시 북문동,중상사고,0,2,0,0,차대사람 - 횡단중,보행자보호의무위반,건조,맑음,교차로 - 교차로부근,승용,여,37세,상해없음,보행자,여,22세,중상
2015121700100453,2015년 12월 17일 17시,목요일,경상북도 영천시 신령면,사망사고,1,0,0,0,차대차 - 측면직각충돌,안전운전불이행,건조,맑음,교차로 - 교차로안,화물,남,57세,상해없음,승용,남,52세,상해없음
2015121700100454,2015년 12월 17일 17시,목요일,경상북도 구미시 고아읍,부상신고사고,0,0,0,1,차대차 - 정면충돌,중앙선침범,건조,맑음,단일로 - 기타,이륜,남,82세,부상신고,승용,남,31세,상해없음
2015121700100508,2015년 12월 17일 18시,목요일,경상북도 안동시 송현동,중상사고,0,1,0,0,차대차 - 정면충돌,안전운전불이행,건조,맑음,단일로 - 기타,화물,남,48세,상해없음,원동기,남,34세,중상
2015121700100509,2015년 12월 17일 18시,목요일,경상북도 포항시 남구 연일읍,중상사고,0,4,3,0,차대차 - 추돌 - 주정차중,안전운전불이행,건조,맑음,단일로 - 교량,승용,남,51세,중상,승용,남,66세,경상
2015121700100550,2015년 12월 17일 19시,목요일,경상북도 경주시 신평동,중상사고,0,2,3,0,차대차 - 측면직각충돌,신호위반,건조,맑음,교차로 - 교차로안,승용,남,58세,상해없음,승용,남,49세,중상
2015121700100551,2015년 12월 17일 19시,목요일,경상북도 포항시 북구 양덕동,경상사고,0,0,1,0,차대사람 - 횡단중,안전운전불이행,건조,맑음,단일로 - 횡단보도부근,승용,여,46세,상해없음,보행자,남,12세,경상
2015121700100552,2015년 12월 17일 19시,목요일,경상북도 울진군 기성면,중상사고,0,1,0,0,차대차 - 측면직각충돌,교차로운행방법위반,건조,맑음,교차로 - 교차로안,원동기,남,48세,중상,화물,남,57세,상해없음
2015121700100553,2015년 12월 17일 19시,목요일,경상북도 구미시 인의동,경상사고,0,0,1,0,차대차 - 측면직각충돌,직진우회전진행방해,건조,맑음,교차로 - 교차로안,승용,남,59세,상해없음,승용,여,47세,경상
2015121700100589,2015년 12월 17일 20시,목요일,경상북도 울진군 죽변면,경상사고,0,0,1,0,차대차 - 정면충돌,안전운전불이행,건조,맑음,단일로 - 기타,승용,남,71세,상해없음,승용,남,37세,경상
2015121700100650,2015년 12월 17일 22시,목요일,경상북도 포항시 남구 대잠동,중상사고,0,1,0,0,차대차 - 측면직각충돌,안전운전불이행,건조,맑음,단일로 - 기타,승용,남,62세,상해없음,원동기,남,18세,중상
2015121700100687,2015년 12월 17일 23시,목요일,경상북도 안동시 천리동,경상사고,0,0,1,0,차대차 - 기타,신호위반,건조,맑음,교차로 - 교차로안,승용,남,30세,상해없음,승용,남,67세,경상
2015121700100688,2015년 12월 17일 23시,목요일,경상북도 예천군 예천읍,중상사고,0,3,0,0,차대차 - 정면충돌,중앙선침범,건조,맑음,단일로 - 기타,승용,남,29세,중상,승용,남,35세,중상
2015121700100689,2015년 12월 17일 23시,목요일,경상북도 구미시 인의동,경상사고,0,0,1,0,차대사람 - 기타,안전운전불이행,건조,맑음,단일로 - 기타,승용,남,37세,상해없음,보행자,남,17세,경상
2015121800100017,2015년 12월 18일 00시,금요일,경상북도 포항시 북구 죽도동,경상사고,0,0,1,0,차대차 - 정면충돌,안전운전불이행,건조,맑음,단일로 - 기타,승용,여,59세,상해없음,승용,남,46세,경상
2015121800100018,2015년 12월 18일 00시,금요일,경상북도 포항시 남구 상도동,부상신고사고,0,0,0,1,차대차 - 측면직각충돌,차로위반,건조,맑음,단일로 - 기타,승용,여,40세,상해없음,원동기,남,24세,부상신고
2015121800100035,2015년 12월 18일 01시,금요일,경상북도 칠곡군 석적읍,부상신고사고,0,0,0,1,차량단독 - 전도전복,안전운전불이행,건조,맑음,교차로 - 교차로부근,승용,남,26세,상해없음,,,,
2015121800100056,2015년 12월 18일 04시,금요일,경상북도 안동시 수상동,중상사고,0,1,0,0,차대사람 - 기타,안전운전불이행,건조,맑음,단일로 - 기타,승용,남,38세,상해없음,보행자,남,63세,중상
2015121800100057,2015년 12월 18일 04시,금요일,경상북도 상주시 공성면,사망사고,1,3,0,0,차량단독 - 전도전복,안전운전불이행,건조,맑음,단일로 - 기타,승용,남,24세,사망,,,,
2015121800100083,2015년 12월 18일 06시,금요일,경상북도 포항시 남구 연일읍,부상신고사고,0,0,0,1,차대차 - 정면충돌,안전운전불이행,건조,맑음,단일로 - 기타,승용,남,43세,부상신고,특수,남,57세,상해없음
2015121800100104,2015년 12월 18일 07시,금요일,경상북도 김천시 덕곡동,경상사고,0,0,1,0,차대차 - 측면직각충돌,안전운전불이행,건조,맑음,교차로 - 교차로부근,승용,남,59세,상해없음,승용,남,28세,경상
2015121800100105,2015년 12월 18일 07시,금요일,경상북도 칠곡군 가산면,부상신고사고,0,0,0,1,차대차 - 추돌 - 주정차중,안전운전불이행,건조,맑음,단일로 - 기타,화물,남,40세,부상신고,화물,남,54세,상해없음
2015121800100106,2015년 12월 18일 07시,금요일,경상북도 칠곡군 왜관읍,경상사고,0,0,1,0,차대사람 - 횡단중,안전운전불이행,건조,맑음,교차로 - 교차로안,승용,여,49세,상해없음,보행자,여,73세,경상
2015121800100150,2015년 12월 18일 08시,금요일,경상북도 포항시 북구 죽도동,경상사고,0,0,1,0,차대사람 - 횡단중,신호위반,건조,맑음,단일로 - 기타,승용,남,48세,상해없음,보행자,여,25세,경상
2015121800100151,2015년 12월 18일 08시,금요일,경상북도 구미시 선산읍,중상사고,0,1,0,0,차대차 - 정면충돌,안전운전불이행,건조,맑음,단일로 - 기타,승용,여,24세,상해없음,승용,여,45세,중상
2015121800100204,2015년 12월 18일 10시,금요일,경상북도 경주시 성건동,중상사고,0,1,0,0,차대차 - 정면충돌,안전운전불이행,건조,맑음,교차로 - 교차로안,승용,여,36세,상해없음,승용,여,57세,상해없음
2015121800100205,2015년 12월 18일 10시,금요일,경상북도 경산시 중방동,중상사고,0,1,1,0,차대차 - 측면직각충돌,직진우회전진행방해,건조,맑음,교차로 - 교차로안,승용,남,37세,중상,화물,남,46세,경상
2015121800100233,2015년 12월 18일 11시,금요일,경상북도 포항시 북구 용흥동,경상사고,0,0,1,0,차대차 - 정면충돌,안전운전불이행,건조,맑음,단일로 - 기타,자전거,여,61세,경상,승용,여,37세,상해없음
2015121800100234,2015년 12월 18일 11시,금요일,경상북도 칠곡군 왜관읍,경상사고,0,0,1,0,차량단독 - 전도전복,안전운전불이행,건조,맑음,단일로 - 기타,이륜,남,58세,경상,,,,
2015121800100264,2015년 12월 18일 12시,금요일,경상북도 의성군 봉양면,사망사고,1,0,0,0,차대차 - 추돌 - 진행중,안전운전불이행,건조,맑음,단일로 - 기타,화물,남,37세,상해없음,이륜,남,80세,사망
2015121800100265,2015년 12월 18일 12시,금요일,경상북도 구미시 송정동,중상사고,0,1,0,1,차대차 - 정면충돌,신호위반,건조,맑음,교차로 - 교차로안,승용,남,45세,부상신고,승용,남,30세,중상
2015121800100300,2015년 12월 18일 13시,금요일,경상북도 경주시 동천동,경상사고,0,0,1,0,차대사람 - 횡단중,안전운전불이행,건조,맑음,단일로 - 기타,승용,남,51세,상해없음,보행자,남,34세,경상
2015121800100301,2015년 12월 18일 13시,금요일,경상북도 경산시 중방동,경상사고,0,0,1,0,차대차 - 기타,안전운전불이행,건조,맑음,교차로 - 교차로부근,승용,여,20세,상해없음,승용,남,80세,경상
2015121800100331,2015년 12월 18일 14시,금요일,경상북도 포항시 남구 오천읍,경상사고,0,0,1,0,차대차 - 측면직각충돌,안전운전불이행,건조,맑음,단일로 - 기타,화물,남,68세,상해없음,승용,여,28세,경상
2015121800100365,2015년 12월 18일 15시,금요일,경상북도 경산시 중방동,경상사고,0,0,1,0,차대차 - 기타,기타,건조,맑음,교차로 - 교차로부근,승용,남,78세,상해없음,승용,여,30세,경상
2015121800100366,2015년 12월 18일 15시,금요일,경상북도 포항시 남구 장흥동,중상사고,0,1,1,0,차대차 - 정면충돌,중앙선침범,건조,맑음,교차로 - 교차로부근,승용,여,53세,중상,특수,남,42세,경상
2015121800100402,2015년 12월 18일 16시,금요일,경상북도 경주시 외동읍,중상사고,0,1,0,0,차대사람 - 횡단중,보행자보호의무위반,건조,맑음,단일로 - 기타,승용,남,55세,상해없음,보행자,남,5세,중상
2015121800100403,2015년 12월 18일 16시,금요일,경상북도 칠곡군 기산면,경상사고,0,0,1,0,차대차 - 정면충돌,안전운전불이행,건조,맑음,단일로 - 교량,승용,남,52세,상해없음,승용,여,59세,경상
2015121800100448,2015년 12월 18일 17시,금요일,경상북도 영주시 풍기읍,중상사고,0,1,3,0,차대차 - 정면충돌,안전운전불이행,건조,맑음,단일로 - 기타,승용,남,47세,경상,화물,남,58세,상해없음
2015121800100449,2015년 12월 18일 17시,금요일,경상북도 경산시 사동,경상사고,0,0,5,0,차대차 - 기타,안전운전불이행,건조,맑음,교차로 - 교차로안,승용,남,18세,경상,승용,여,51세,경상
2015121800100503,2015년 12월 18일 18시,금요일,경상북도 포항시 북구 장성동,경상사고,0,0,1,0,차대차 - 정면충돌,신호위반,건조,맑음,교차로 - 교차로안,승용,여,58세,상해없음,이륜,남,42세,경상
2015121800100504,2015년 12월 18일 18시,금요일,경상북도 포항시 북구 두호동,경상사고,0,0,1,0,차대차 - 정면충돌,직진우회전진행방해,건조,맑음,교차로 - 교차로부근,원동기,남,35세,경상,승용,남,42세,상해없음
2015121800100505,2015년 12월 18일 18시,금요일,경상북도 상주시 함창읍,경상사고,0,0,1,0,차대차 - 기타,안전운전불이행,건조,맑음,단일로 - 기타,화물,남,38세,상해없음,승용,남,28세,경상
2015121800100506,2015년 12월 18일 18시,금요일,경상북도 경산시 하양읍,중상사고,0,1,0,0,차대차 - 기타,교차로운행방법위반,건조,맑음,교차로 - 교차로안,승용,여,28세,상해없음,이륜,남,72세,중상
2015121800100507,2015년 12월 18일 18시,금요일,경상북도 구미시 임은동,경상사고,0,0,2,0,차대차 - 정면충돌,안전운전불이행,건조,맑음,단일로 - 기타,승용,남,50세,상해없음,승용,남,48세,경상
2015121800100554,2015년 12월 18일 19시,금요일,경상북도 경주시 조양동,중상사고,0,1,0,0,차대차 - 정면충돌,안전운전불이행,건조,맑음,단일로 - 기타,화물,남,34세,상해없음,승용,남,63세,중상
2015121800100555,2015년 12월 18일 19시,금요일,경상북도 칠곡군 석적읍,중상사고,0,1,0,0,차대사람 - 횡단중,안전운전불이행,건조,맑음,단일로 - 기타,승용,남,53세,상해없음,보행자,남,56세,중상
2015121800100556,2015년 12월 18일 19시,금요일,경상북도 구미시 봉곡동,중상사고,0,1,1,0,차대차 - 정면충돌,교차로운행방법위반,건조,맑음,교차로 - 교차로안,원동기,남,18세,경상,승용,여,41세,중상
2015121800100557,2015년 12월 18일 19시,금요일,경상북도 구미시 황상동,중상사고,0,1,0,0,차대사람 - 횡단중,안전운전불이행,건조,맑음,교차로 - 교차로안,화물,남,44세,상해없음,보행자,여,53세,중상
2015121800100606,2015년 12월 18일 20시,금요일,경상북도 포항시 북구 흥해읍,부상신고사고,0,0,0,1,차대차 - 정면충돌,안전운전불이행,건조,맑음,단일로 - 기타,화물,여,55세,상해없음,승용,남,51세,부상신고
2015121800100607,2015년 12월 18일 20시,금요일,경상북도 포항시 북구 우현동,중상사고,0,1,0,0,차대사람 - 기타,안전운전불이행,건조,맑음,단일로 - 기타,승합,남,58세,상해없음,보행자,여,18세,중상
2015121800100647,2015년 12월 18일 21시,금요일,경상북도 경산시 중산동,경상사고,0,0,1,0,차대차 - 기타,차로위반,건조,맑음,교차로 - 교차로부근,승용,남,31세,경상,승합,남,53세,상해없음
2015121800100648,2015년 12월 18일 21시,금요일,경상북도 경산시 계양동,경상사고,0,0,2,0,차대차 - 추돌 - 주정차중,안전운전불이행,건조,맑음,교차로 - 교차로부근,승용,남,44세,상해없음,승용,남,43세,경상
2015121800100649,2015년 12월 18일 21시,금요일,경상북도 청도군 청도읍,경상사고,0,0,3,0,차대차 - 추돌 - 진행중,안전운전불이행,건조,맑음,단일로 - 기타,승용,남,42세,경상,승용,남,31세,경상
2015121800100651,2015년 12월 18일 21시,금요일,경상북도 문경시 마성면,중상사고,0,2,1,0,차대차 - 정면충돌,기타,건조,맑음,단일로 - 기타,승용,남,21세,상해없음,승합,남,43세,중상
2015121900100026,2015년 12월 19일 00시,토요일,경상북도 칠곡군 지천면,경상사고,0,0,1,0,차대차 - 정면충돌,안전운전불이행,건조,맑음,단일로 - 기타,승용,남,20세,상해없음,승용,남,41세,경상
2015121900100075,2015년 12월 19일 02시,토요일,경상북도 포항시 북구 죽도동,경상사고,0,0,1,0,차대사람 - 횡단중,안전운전불이행,건조,맑음,단일로 - 기타,화물,남,36세,상해없음,보행자,여,47세,경상
2015121900100131,2015년 12월 19일 06시,토요일,경상북도 영주시 휴천동,중상사고,0,1,0,0,차대사람 - 횡단중,보행자보호의무위반,건조,맑음,단일로 - 횡단보도상,승용,남,63세,상해없음,보행자,남,53세,중상
2015121900100133,2015년 12월 19일 06시,토요일,경상북도 고령군 성산면,중상사고,0,1,1,0,차대차 - 측면직각충돌,안전운전불이행,습기,흐림,단일로 - 기타,승용,남,38세,상해없음,승합,남,44세,상해없음
2015121900100186,2015년 12월 19일 08시,토요일,경상북도 경산시 진량읍,경상사고,0,0,1,0,차량단독 - 전도전복,안전거리미확보,건조,맑음,단일로 - 기타,승합,남,37세,상해없음,,,,
2015121900100187,2015년 12월 19일 08시,토요일,경상북도 봉화군 소천면,중상사고,0,1,0,2,차량단독 - 전도전복,안전운전불이행,건조,맑음,단일로 - 기타,승합,남,54세,상해없음,,,,
2015121900100188,2015년 12월 19일 08시,토요일,경상북도 고령군 개진면,경상사고,0,0,3,0,차대차 - 정면충돌,기타,건조,맑음,교차로 - 교차로안,승용,남,40세,상해없음,승용,남,37세,상해없음
2015121900100211,2015년 12월 19일 09시,토요일,경상북도 경주시 탑동,경상사고,0,0,2,0,차대차 - 정면충돌,안전운전불이행,건조,맑음,교차로 - 교차로안,기타불명,기타불명,기타불명,기타불명,승용,남,60세,경상
2015121900100212,2015년 12월 19일 09시,토요일,경상북도 경주시 동부동,경상사고,0,0,2,0,차대차 - 정면충돌,안전운전불이행,건조,맑음,교차로 - 교차로부근,승용,남,50세,상해없음,승용,여,61세,경상
2015121900100268,2015년 12월 19일 11시,토요일,경상북도 예천군 용궁면,중상사고,0,1,0,0,차대사람 - 횡단중,안전운전불이행,건조,맑음,교차로 - 교차로부근,승용,남,52세,상해없음,보행자,여,83세,중상
2015121900100269,2015년 12월 19일 11시,토요일,경상북도 군위군 효령면,중상사고,0,1,0,0,차대차 - 정면충돌,안전운전불이행,건조,맑음,교차로 - 교차로안,화물,남,42세,상해없음,승용,남,56세,중상
2015121900100270,2015년 12월 19일 11시,토요일,경상북도 포항시 남구 오천읍,부상신고사고,0,0,0,1,차대차 - 기타,안전운전불이행,건조,맑음,교차로 - 교차로부근,기타불명,여,61세,부상신고,승용,남,65세,상해없음
2015121900100271,2015년 12월 19일 11시,토요일,경상북도 포항시 남구 대송면,중상사고,0,1,0,0,차대사람 - 횡단중,안전운전불이행,건조,맑음,교차로 - 교차로부근,승용,남,59세,상해없음,보행자,남,48세,중상
2015121900100305,2015년 12월 19일 12시,토요일,경상북도 경주시 천북면,경상사고,0,0,5,0,차대차 - 정면충돌,안전운전불이행,건조,맑음,단일로 - 기타,승용,여,30세,상해없음,화물,남,47세,상해없음
2015121900100306,2015년 12월 19일 12시,토요일,경상북도 경주시 건천읍,중상사고,0,1,1,0,차대차 - 정면충돌,신호위반,건조,맑음,교차로 - 교차로안,승용,남,65세,상해없음,화물,남,64세,경상
2015121900100307,2015년 12월 19일 12시,토요일,경상북도 포항시 북구 상원동,중상사고,0,1,0,0,차대차 - 정면충돌,안전운전불이행,건조,맑음,교차로 - 교차로안,승용,남,66세,상해없음,자전거,남,14세,중상
2015121900100308,2015년 12월 19일 12시,토요일,경상북도 울진군 평해읍,중상사고,0,1,0,0,차대차 - 정면충돌,안전운전불이행,건조,맑음,교차로 - 교차로안,승용,여,48세,상해없음,자전거,남,78세,중상
2015121900100361,2015년 12월 19일 14시,토요일,경상북도 경산시 사정동,경상사고,0,0,1,0,차대차 - 정면충돌,교차로운행방법위반,건조,맑음,교차로 - 교차로안,승용,남,47세,상해없음,자전거,여,47세,경상
2015121900100362,2015년 12월 19일 14시,토요일,경상북도 상주시 공검면,경상사고,0,0,1,0,차대차 - 추돌 - 주정차중,안전운전불이행,건조,맑음,단일로 - 기타,승용,남,27세,상해없음,승용,남,44세,경상
2015121900100393,2015년 12월 19일 15시,토요일,경상북도 포항시 북구 죽도동,중상사고,0,1,0,0,차대차 - 정면충돌,안전운전불이행,건조,맑음,단일로 - 기타,승용,여,45세,상해없음,이륜,남,46세,중상
2015121900100395,2015년 12월 19일 15시,토요일,경상북도 포항시 남구 해도동,경상사고,0,0,1,0,차대차 - 정면충돌,안전운전불이행,건조,맑음,교차로 - 교차로안,승용,여,61세,상해없음,승용,남,32세,경상
2015121900100426,2015년 12월 19일 16시,토요일,경상북도 안동시 수상동,경상사고,0,0,1,0,차대차 - 측면직각충돌,안전운전불이행,건조,맑음,단일로 - 기타,화물,남,57세,상해없음,화물,남,59세,경상
2015121900100427,2015년 12월 19일 16시,토요일,경상북도 경산시 압량면,경상사고,0,0,1,0,차량단독 - 공작물충돌,안전운전불이행,건조,맑음,단일로 - 기타,화물,여,54세,경상,,,,
2015121900100473,2015년 12월 19일 17시,토요일,경상북도 경주시 동천동,중상사고,0,1,0,0,차대차 - 측면직각충돌,안전운전불이행,건조,맑음,교차로 - 교차로안,화물,남,57세,상해없음,승용,여,42세,중상
2015121900100474,2015년 12월 19일 17시,토요일,경상북도 영천시 청통면,중상사고,0,2,1,0,차대차 - 정면충돌,교차로운행방법위반,건조,맑음,교차로 - 교차로안,승합,남,62세,상해없음,화물,남,59세,중상
2015121900100475,2015년 12월 19일 17시,토요일,경상북도 경산시 진량읍,경상사고,0,0,2,0,차대차 - 측면직각충돌,안전운전불이행,건조,맑음,교차로 - 교차로안,승용,남,55세,상해없음,승합,남,61세,경상
2015121900100476,2015년 12월 19일 17시,토요일,경상북도 성주군 성주읍,중상사고,0,1,1,0,차대차 - 정면충돌,신호위반,건조,맑음,교차로 - 교차로안,승용,남,33세,상해없음,승용,남,57세,경상
2015121900100477,2015년 12월 19일 17시,토요일,경상북도 청송군 진보면,경상사고,0,0,2,0,차대차 - 측면직각충돌,안전운전불이행,건조,맑음,단일로 - 기타,화물,남,21세,상해없음,승용,남,24세,경상
2015121900100478,2015년 12월 19일 17시,토요일,경상북도 포항시 남구 오천읍,경상사고,0,0,1,0,차대사람 - 횡단중,안전운전불이행,건조,맑음,교차로 - 교차로안,승용,남,28세,상해없음,보행자,남,32세,경상
2015121900100479,2015년 12월 19일 17시,토요일,경상북도 포항시 남구 호미곶면,중상사고,0,1,1,0,차대차 - 정면충돌,신호위반,건조,맑음,교차로 - 교차로안,승용,여,38세,상해없음,승용,여,25세,경상
2015121900100480,2015년 12월 19일 17시,토요일,경상북도 경주시 건천읍,경상사고,0,0,1,0,차대사람 - 기타,안전운전불이행,건조,맑음,단일로 - 기타,승용,기타불명,기타불명,기타불명,보행자,남,27세,경상
2015121900100540,2015년 12월 19일 18시,토요일,경상북도 포항시 북구 양덕동,경상사고,0,0,1,0,차대차 - 정면충돌,신호위반,건조,맑음,교차로 - 교차로안,승용,여,48세,상해없음,이륜,남,23세,경상
2015121900100541,2015년 12월 19일 18시,토요일,경상북도 포항시 북구 용흥동,중상사고,0,1,0,0,차대사람 - 길가장자리구역통행중,안전운전불이행,건조,맑음,단일로 - 기타,승용,남,50세,상해없음,보행자,여,74세,중상
2015121900100542,2015년 12월 19일 18시,토요일,경상북도 예천군 예천읍,부상신고사고,0,0,0,1,차대사람 - 횡단중,안전운전불이행,건조,맑음,단일로 - 기타,승용,여,43세,상해없음,보행자,여,90세 이상,부상신고
2015121900100543,2015년 12월 19일 18시,토요일,경상북도 청도군 청도읍,중상사고,0,1,1,0,차대사람 - 횡단중,안전운전불이행,건조,맑음,단일로 - 기타,이륜,남,16세,경상,보행자,여,45세,중상
2015121900100589,2015년 12월 19일 19시,토요일,경상북도 포항시 남구 효자동,중상사고,0,1,0,0,차대차 - 측면직각충돌,안전운전불이행,건조,맑음,교차로 - 교차로안,승용,남,30세,상해없음,원동기,남,53세,중상
2015121900100623,2015년 12월 19일 20시,토요일,경상북도 영덕군 병곡면,중상사고,0,1,0,0,차대차 - 추돌 - 주정차중,안전운전불이행,건조,맑음,단일로 - 기타,원동기,남,34세,중상,화물,남,40세,기타불명