사고번호,사고일시,요일,시군구,사고내용,사망자수,중상자수,경상자수,부상신고자수,사고유형,법규위반,노면상태,기상상태,도로형태,가해운전자 차종,가해운전자 성별,가해운전자 연령,가해운전자 상해정도,피해운전자 차종,피해운전자 성별,피해운전자 연령,피해운전자 상해정도
2015122200100438,2015년 12월 22일 17시,화요일,경상북도 성주군 선남면,중상사고,0,1,1,0,차대차 - 측면직각충돌,신호위반,건조,흐림,교차로 - 교차로안,이륜,남,53세,중상,승용,남,41세,경상
2015122200100478,2015년 12월 22일 18시,화요일,경상북도 영주시 휴천동,중상사고,0,1,0,0,차대사람 - 횡단중,보행자보호의무위반,건조,흐림,교차로 - 교차로부근,승용,남,32세,상해없음,보행자,여,70세,중상
2015122200100479,2015년 12월 22일 18시,화요일,경상북도 울진군 북면,중상사고,0,1,0,0,차대사람 - 횡단중,안전운전불이행,건조,맑음,단일로 - 기타,승용,남,55세,상해없음,보행자,남,46세,중상
2015122200100518,2015년 12월 22일 19시,화요일,경상북도 포항시 북구 용흥동,경상사고,0,0,1,0,차대차 - 정면충돌,안전운전불이행,건조,맑음,단일로 - 기타,승용,여,52세,상해없음,이륜,남,38세,경상
2015122200100519,2015년 12월 22일 19시,화요일,경상북도 경산시 백천동,중상사고,0,1,0,0,차대사람 - 기타,안전운전불이행,건조,맑음,단일로 - 기타,이륜,남,73세,상해없음,보행자,여,58세,중상
2015122200100520,2015년 12월 22일 19시,화요일,경상북도 경산시 하양읍,경상사고,0,0,3,0,차대차 - 정면충돌,교차로운행방법위반,건조,맑음,교차로 - 교차로안,화물,남,54세,상해없음,승용,남,24세,경상
2015122200100521,2015년 12월 22일 19시,화요일,경상북도 청송군 안덕면,중상사고,0,1,0,0,차대사람 - 차도통행중,안전운전불이행,건조,맑음,단일로 - 기타,승용,남,28세,상해없음,보행자,여,75세,중상
2015122200100523,2015년 12월 22일 19시,화요일,경상북도 구미시 상모동,경상사고,0,0,5,0,차대차 - 추돌 - 주정차중,안전운전불이행,건조,흐림,교차로 - 교차로부근,승용,남,31세,기타불명,승용,남,48세,경상
2015122200100553,2015년 12월 22일 20시,화요일,경상북도 구미시 진평동,부상신고사고,0,0,0,1,차대차 - 정면충돌,안전운전불이행,건조,맑음,단일로 - 기타,승용,남,27세,부상신고,승용,남,32세,상해없음
2015122200100578,2015년 12월 22일 21시,화요일,경상북도 경주시 서부동,경상사고,0,0,1,0,차대차 - 정면충돌,기타,건조,맑음,단일로 - 기타,승용,여,22세,상해없음,이륜,여,29세,경상
2015122200100605,2015년 12월 22일 22시,화요일,경상북도 경산시 진량읍,경상사고,0,0,1,0,차대차 - 정면충돌,중앙선침범,건조,맑음,단일로 - 기타,이륜,남,37세,경상,화물,남,52세,상해없음
2015122300100018,2015년 12월 23일 00시,수요일,경상북도 칠곡군 북삼읍,중상사고,0,2,0,1,차대차 - 측면직각충돌,안전운전불이행,습기,비,단일로 - 기타,승용,남,40세,부상신고,특수,남,36세,중상
2015122300100044,2015년 12월 23일 01시,수요일,경상북도 칠곡군 석적읍,부상신고사고,0,0,0,1,차량단독 - 전도전복,안전운전불이행,건조,맑음,교차로 - 교차로안,승용,여,24세,부상신고,,,,
2015122300100045,2015년 12월 23일 01시,수요일,경상북도 구미시 신평동,경상사고,0,0,2,0,차대차 - 정면충돌,안전운전불이행,건조,맑음,교차로 - 교차로부근,승용,남,58세,상해없음,승용,남,41세,경상
2015122300100054,2015년 12월 23일 02시,수요일,경상북도 칠곡군 왜관읍,중상사고,0,1,1,0,차대차 - 측면직각충돌,교차로운행방법위반,습기,맑음,교차로 - 교차로안,승용,남,46세,중상,승용,남,42세,상해없음
2015122300100103,2015년 12월 23일 06시,수요일,경상북도 경주시 외동읍,중상사고,0,1,0,0,차대차 - 정면충돌,중앙선침범,건조,맑음,단일로 - 기타,화물,남,21세,중상,화물,남,43세,상해없음
2015122300100126,2015년 12월 23일 07시,수요일,경상북도 경주시 내남면,중상사고,0,1,0,0,차대차 - 정면충돌,신호위반,습기,흐림,교차로 - 교차로부근,화물,남,65세,상해없음,승용,남,24세,중상
2015122300100160,2015년 12월 23일 08시,수요일,경상북도 김천시 신음동,경상사고,0,0,1,0,차대사람 - 횡단중,기타,건조,맑음,단일로 - 기타,승용,남,45세,상해없음,보행자,남,7세,경상
2015122300100212,2015년 12월 23일 10시,수요일,경상북도 경산시 진량읍,중상사고,0,1,0,0,차대사람 - 횡단중,기타,건조,맑음,단일로 - 기타,승용,남,56세,상해없음,보행자,남,64세,중상
2015122300100213,2015년 12월 23일 10시,수요일,경상북도 영덕군 강구면,경상사고,0,0,1,0,차대차 - 정면충돌,중앙선침범,건조,흐림,교차로 - 교차로부근,화물,남,61세,경상,건설기계,남,58세,상해없음
2015122300100245,2015년 12월 23일 11시,수요일,경상북도 경산시 사동,경상사고,0,0,1,0,차대차 - 정면충돌,안전운전불이행,건조,맑음,단일로 - 기타,승용,남,59세,상해없음,승용,여,49세,상해없음
2015122300100246,2015년 12월 23일 11시,수요일,경상북도 포항시 남구 연일읍,경상사고,0,0,2,0,차대차 - 정면충돌,신호위반,건조,맑음,단일로 - 기타,승용,남,53세,상해없음,승용,여,47세,경상
2015122300100277,2015년 12월 23일 12시,수요일,경상북도 의성군 안계면,중상사고,0,1,0,0,차량단독 - 전도전복,안전운전불이행,건조,맑음,단일로 - 기타,승용,남,52세,중상,,,,
2015122300100278,2015년 12월 23일 12시,수요일,경상북도 칠곡군 약목면,중상사고,0,1,0,0,차대사람 - 횡단중,안전운전불이행,건조,맑음,단일로 - 기타,화물,남,55세,상해없음,보행자,남,80세,중상
2015122300100338,2015년 12월 23일 14시,수요일,경상북도 문경시 농암면,중상사고,0,1,0,0,차대사람 - 횡단중,안전운전불이행,건조,맑음,단일로 - 기타,승합,남,41세,상해없음,보행자,여,63세,중상
2015122300100339,2015년 12월 23일 14시,수요일,경상북도 성주군 수륜면,중상사고,0,1,1,0,차대차 - 정면충돌,중앙선침범,습기,비,기타 - 기타,화물,여,41세,상해없음,승합,남,36세,경상
2015122300100340,2015년 12월 23일 14시,수요일,경상북도 구미시 송정동,경상사고,0,0,1,0,차대차 - 측면직각충돌,교차로운행방법위반,건조,맑음,교차로 - 교차로안,승용,여,56세,상해없음,승용,남,62세,상해없음
2015122300100341,2015년 12월 23일 14시,수요일,경상북도 구미시 원평동,경상사고,0,0,3,1,차대차 - 정면충돌,안전운전불이행,건조,맑음,단일로 - 기타,승용,여,53세,부상신고,승용,남,48세,경상
2015122300100363,2015년 12월 23일 15시,수요일,경상북도 영주시 영주동,중상사고,0,1,0,0,차대사람 - 횡단중,안전운전불이행,건조,흐림,교차로 - 교차로부근,승용,여,54세,상해없음,보행자,여,48세,중상
2015122300100364,2015년 12월 23일 15시,수요일,경상북도 문경시 점촌동,경상사고,0,0,1,0,차대사람 - 횡단중,안전운전불이행,건조,맑음,교차로 - 교차로부근,승용,남,44세,상해없음,보행자,남,56세,경상
2015122300100365,2015년 12월 23일 15시,수요일,경상북도 경산시 진량읍,중상사고,0,1,0,0,차대차 - 정면충돌,교차로운행방법위반,건조,맑음,교차로 - 교차로안,화물,남,47세,상해없음,이륜,여,40세,중상
2015122300100366,2015년 12월 23일 15시,수요일,경상북도 경산시 하양읍,경상사고,0,0,1,0,차대차 - 정면충돌,직진우회전진행방해,건조,맑음,교차로 - 교차로안,이륜,남,17세,상해없음,승용,남,38세,경상
2015122300100367,2015년 12월 23일 15시,수요일,경상북도 구미시 봉곡동,경상사고,0,0,1,0,차대차 - 추돌 - 주정차중,안전운전불이행,건조,맑음,교차로 - 교차로부근,승용,여,51세,상해없음,승용,남,44세,경상
2015122300100398,2015년 12월 23일 16시,수요일,경상북도 의성군 단촌면,경상사고,0,0,1,1,차대차 - 측면직각충돌,직진우회전진행방해,건조,흐림,교차로 - 교차로안,승용,여,55세,부상신고,승용,남,54세,경상
2015122300100435,2015년 12월 23일 17시,수요일,경상북도 경주시 외동읍,경상사고,0,0,1,0,차대차 - 정면충돌,안전운전불이행,건조,맑음,교차로 - 교차로부근,승용,남,57세,상해없음,승용,남,47세,경상
2015122300100436,2015년 12월 23일 17시,수요일,경상북도 고령군 다산면,중상사고,0,1,0,0,차대차 - 정면충돌,교차로운행방법위반,건조,맑음,교차로 - 교차로안,농기계,남,64세,중상,승용,여,68세,상해없음
2015122300100437,2015년 12월 23일 17시,수요일,경상북도 구미시 송정동,중상사고,0,1,0,0,차대사람 - 횡단중,보행자보호의무위반,건조,맑음,교차로 - 교차로부근,승용,남,47세,상해없음,보행자,남,46세,중상
2015122300100438,2015년 12월 23일 17시,수요일,경상북도 구미시 옥계동,부상신고사고,0,0,0,1,차대차 - 기타,교차로운행방법위반,건조,맑음,교차로 - 교차로안,이륜,남,19세,부상신고,승용,여,33세,상해없음
2015122300100492,2015년 12월 23일 18시,수요일,경상북도 칠곡군 석적읍,경상사고,0,0,1,0,차대차 - 정면충돌,신호위반,건조,맑음,교차로 - 교차로안,승용,남,58세,상해없음,이륜,남,34세,경상
2015122300100535,2015년 12월 23일 19시,수요일,경상북도 칠곡군 왜관읍,경상사고,0,0,1,0,차대차 - 측면직각충돌,직진우회전진행방해,건조,맑음,교차로 - 교차로안,승용,남,50세,상해없음,이륜,남,16세,경상
2015122300100566,2015년 12월 23일 20시,수요일,경상북도 칠곡군 석적읍,부상신고사고,0,0,0,1,차량단독 - 공작물충돌,안전운전불이행,건조,맑음,단일로 - 기타,승용,남,41세,부상신고,,,,
2015122300100590,2015년 12월 23일 21시,수요일,경상북도 칠곡군 왜관읍,경상사고,0,0,1,0,차대사람 - 횡단중,안전운전불이행,건조,맑음,단일로 - 기타,화물,남,53세,상해없음,보행자,남,42세,경상
2015122300100591,2015년 12월 23일 21시,수요일,경상북도 포항시 남구 해도동,중상사고,0,1,0,0,차대차 - 정면충돌,직진우회전진행방해,건조,맑음,교차로 - 교차로안,승합,남,57세,상해없음,원동기,남,22세,중상
2015122300100616,2015년 12월 23일 22시,수요일,경상북도 경주시 현곡면,중상사고,0,2,1,0,차대차 - 추돌 - 진행중,안전운전불이행,건조,맑음,단일로 - 기타,화물,남,19세,상해없음,승용,남,39세,중상
2015122300100617,2015년 12월 23일 22시,수요일,경상북도 영천시 북안면,중상사고,0,1,0,0,차대사람 - 횡단중,안전운전불이행,건조,맑음,교차로 - 교차로안,승용,여,53세,상해없음,보행자,남,57세,중상
2015122300100655,2015년 12월 23일 23시,수요일,경상북도 포항시 북구 득량동,중상사고,0,1,0,0,차대사람 - 횡단중,안전운전불이행,건조,맑음,단일로 - 기타,승용,남,54세,상해없음,보행자,남,52세,중상
2015122300100656,2015년 12월 23일 23시,수요일,경상북도 포항시 북구 흥해읍,경상사고,0,0,1,0,차대차 - 정면충돌,기타,건조,맑음,교차로 - 교차로안,승용,남,53세,상해없음,화물,여,51세,상해없음
2015122300100657,2015년 12월 23일 23시,수요일,경상북도 성주군 용암면,사망사고,1,0,0,0,차량단독 - 공작물충돌,안전운전불이행,기타,안개,단일로 - 기타,승용,남,25세,사망,,,,
2015122400100029,2015년 12월 24일 00시,목요일,경상북도 포항시 북구 흥해읍,경상사고,0,0,2,0,차대차 - 정면충돌,차로위반,건조,맑음,단일로 - 기타,승용,남,65세,상해없음,승용,남,58세,경상
2015122400100030,2015년 12월 24일 00시,목요일,경상북도 구미시 도량동,중상사고,0,1,0,0,차대사람 - 횡단중,안전운전불이행,건조,맑음,단일로 - 기타,이륜,남,39세,상해없음,보행자,남,47세,중상
2015122400100111,2015년 12월 24일 06시,목요일,경상북도 구미시 구포동,경상사고,0,0,1,0,차대차 - 기타,신호위반,건조,맑음,교차로 - 교차로안,화물,남,73세,상해없음,이륜,여,23세,경상
2015122400100112,2015년 12월 24일 06시,목요일,경상북도 구미시 임수동,중상사고,0,1,0,0,차대사람 - 횡단중,신호위반,건조,맑음,교차로 - 교차로부근,승합,남,67세,상해없음,보행자,여,48세,중상
2015122400100129,2015년 12월 24일 07시,목요일,경상북도 포항시 남구 호미곶면,경상사고,0,0,2,0,차대차 - 측면직각충돌,중앙선침범,건조,맑음,단일로 - 기타,승용,남,19세,상해없음,승용,남,32세,경상
2015122400100156,2015년 12월 24일 08시,목요일,경상북도 상주시 오대동,중상사고,0,1,1,0,차대차 - 정면충돌,안전운전불이행,결빙,흐림,단일로 - 기타,승용,여,34세,경상,승용,남,69세,중상
2015122400100157,2015년 12월 24일 08시,목요일,경상북도 상주시 낙상동,경상사고,0,0,1,0,차대차 - 정면충돌,안전운전불이행,결빙,흐림,단일로 - 교량,화물,여,71세,상해없음,화물,남,49세,경상
2015122400100158,2015년 12월 24일 08시,목요일,경상북도 칠곡군 왜관읍,중상사고,0,1,0,0,차대사람 - 횡단중,안전운전불이행,건조,맑음,단일로 - 기타,승용,남,56세,상해없음,보행자,남,12세,중상
2015122400100159,2015년 12월 24일 08시,목요일,경상북도 영천시 망정동,중상사고,0,1,0,0,차대차 - 정면충돌,신호위반,건조,맑음,교차로 - 교차로안,승용,여,36세,기타불명,화물,여,38세,중상
2015122400100160,2015년 12월 24일 08시,목요일,경상북도 문경시 모전동,중상사고,0,1,0,0,차대사람 - 횡단중,안전운전불이행,건조,맑음,교차로 - 교차로안,화물,남,58세,상해없음,보행자,여,14세,중상
2015122400100161,2015년 12월 24일 08시,목요일,경상북도 문경시 농암면,경상사고,0,0,1,0,차대차 - 정면충돌,중앙선침범,결빙,흐림,단일로 - 기타,승용,여,26세,상해없음,화물,남,47세,경상
2015122400100162,2015년 12월 24일 08시,목요일,경상북도 경산시 진량읍,중상사고,0,1,1,0,차대차 - 정면충돌,신호위반,건조,맑음,교차로 - 교차로안,화물,남,55세,상해없음,승용,남,55세,경상
2015122400100163,2015년 12월 24일 08시,목요일,경상북도 영덕군 축산면,중상사고,0,1,0,0,차대차 - 정면충돌,교차로운행방법위반,건조,맑음,교차로 - 교차로안,건설기계,남,48세,상해없음,이륜,남,73세,중상
2015122400100164,2015년 12월 24일 08시,목요일,경상북도 포항시 남구 지곡동,중상사고,0,1,0,0,차대차 - 정면충돌,신호위반,건조,맑음,교차로 - 교차로안,승용,여,19세,상해없음,승용,남,44세,중상
2015122400100193,2015년 12월 24일 09시,목요일,경상북도 포항시 북구 죽도동,경상사고,0,0,1,0,차대차 - 정면충돌,직진우회전진행방해,건조,맑음,교차로 - 교차로안,승용,남,66세,상해없음,승용,남,31세,경상
2015122400100194,2015년 12월 24일 09시,목요일,경상북도 안동시 옥동,중상사고,0,1,0,0,차대차 - 정면충돌,안전운전불이행,건조,맑음,단일로 - 기타,승용,여,37세,상해없음,승용,여,49세,중상
2015122400100195,2015년 12월 24일 09시,목요일,경상북도 구미시 원평동,중상사고,0,1,0,0,차대사람 - 횡단중,보행자보호의무위반,건조,흐림,단일로 - 횡단보도상,승용,여,47세,상해없음,보행자,남,77세,중상
2015122400100222,2015년 12월 24일 10시,목요일,경상북도 경주시 현곡면,중상사고,0,1,0,0,차대차 - 정면충돌,안전운전불이행,건조,맑음,단일로 - 기타,승용,남,40세,상해없음,농기계,남,78세,중상
2015122400100223,2015년 12월 24일 10시,목요일,경상북도 영주시 조암동,부상신고사고,0,0,0,1,차대차 - 정면충돌,안전운전불이행,건조,맑음,단일로 - 기타,화물,남,71세,상해없음,승용,여,40세,부상신고
2015122400100255,2015년 12월 24일 11시,목요일,경상북도 영덕군 강구면,중상사고,0,1,0,0,차대차 - 정면충돌,교차로운행방법위반,건조,맑음,교차로 - 교차로안,승용,여,52세,상해없음,이륜,남,78세,중상
2015122400100256,2015년 12월 24일 11시,목요일,경상북도 포항시 남구 인덕동,경상사고,0,0,1,0,차대차 - 정면충돌,안전거리미확보,건조,맑음,교차로 - 교차로부근,승용,남,53세,상해없음,승용,여,41세,경상
2015122400100281,2015년 12월 24일 12시,목요일,경상북도 영천시 오수동,중상사고,0,2,0,0,차대차 - 정면충돌,신호위반,건조,맑음,교차로 - 교차로안,승용,남,37세,상해없음,승용,여,31세,중상
2015122400100313,2015년 12월 24일 13시,목요일,경상북도 상주시 외서면,경상사고,0,0,1,0,차대차 - 측면직각충돌,안전운전불이행,건조,맑음,단일로 - 기타,화물,남,64세,상해없음,승용,여,44세,경상
2015122400100314,2015년 12월 24일 13시,목요일,경상북도 경산시 백천동,경상사고,0,0,1,0,차량단독 - 전도전복,안전운전불이행,건조,맑음,단일로 - 기타,농기계,남,65세,경상,,,,
2015122400100352,2015년 12월 24일 14시,목요일,경상북도 경주시 양북면,중상사고,0,1,0,0,차량단독 - 전도전복,안전운전불이행,건조,맑음,단일로 - 기타,이륜,남,65세,중상,,,,
2015122400100353,2015년 12월 24일 14시,목요일,경상북도 포항시 북구 흥해읍,중상사고,0,1,0,0,차대차 - 정면충돌,안전거리미확보,건조,맑음,단일로 - 기타,승용,남,59세,상해없음,승용,여,46세,중상
2015122400100354,2015년 12월 24일 14시,목요일,경상북도 안동시 옥동,경상사고,0,0,1,0,차대사람 - 횡단중,신호위반,건조,맑음,단일로 - 기타,승용,남,70세,상해없음,보행자,남,16세,경상
2015122400100390,2015년 12월 24일 15시,목요일,경상북도 경산시 진량읍,경상사고,0,0,1,0,차대차 - 정면충돌,안전운전불이행,건조,맑음,단일로 - 기타,원동기,남,32세,경상,승용,여,32세,상해없음
2015122400100391,2015년 12월 24일 15시,목요일,경상북도 구미시 송정동,경상사고,0,0,2,0,차대차 - 정면충돌,안전운전불이행,건조,맑음,단일로 - 기타,승용,여,51세,상해없음,승용,남,33세,경상
2015122400100421,2015년 12월 24일 16시,목요일,경상북도 경주시 건천읍,부상신고사고,0,0,0,1,차대사람 - 길가장자리구역통행중,안전운전불이행,건조,맑음,단일로 - 기타,화물,남,55세,상해없음,보행자,남,51세,부상신고
2015122400100422,2015년 12월 24일 16시,목요일,경상북도 경주시 외동읍,중상사고,0,1,0,0,차대차 - 정면충돌,중앙선침범,건조,맑음,단일로 - 기타,화물,남,51세,상해없음,승용,여,53세,중상
2015122400100423,2015년 12월 24일 16시,목요일,경상북도 포항시 남구 대도동,경상사고,0,0,1,0,차대차 - 정면충돌,신호위반,건조,맑음,교차로 - 교차로안,승용,남,57세,상해없음,이륜,남,29세,경상
2015122400100460,2015년 12월 24일 17시,목요일,경상북도 경주시 용강동,중상사고,0,1,0,0,차대사람 - 횡단중,보행자보호의무위반,건조,맑음,단일로 - 횡단보도상,승용,여,41세,상해없음,보행자,여,13세,중상
2015122400100461,2015년 12월 24일 17시,목요일,경상북도 칠곡군 왜관읍,중상사고,0,3,0,0,차대차 - 정면충돌,안전거리미확보,건조,맑음,단일로 - 교량,화물,남,52세,상해없음,승용,남,37세,중상
2015122400100462,2015년 12월 24일 17시,목요일,경상북도 경산시 진량읍,중상사고,0,1,0,0,차대사람 - 횡단중,안전운전불이행,건조,맑음,교차로 - 교차로부근,승용,여,50세,상해없음,보행자,남,56세,중상
2015122400100522,2015년 12월 24일 18시,목요일,경상북도 경주시 현곡면,중상사고,0,1,0,0,차대차 - 정면충돌,안전운전불이행,건조,맑음,단일로 - 기타,화물,남,61세,상해없음,승용,여,53세,중상
2015122400100523,2015년 12월 24일 18시,목요일,경상북도 상주시 남성동,중상사고,0,1,0,0,차대차 - 기타,안전운전불이행,건조,맑음,교차로 - 교차로부근,이륜,남,30세,상해없음,자전거,남,73세,중상
2015122400100524,2015년 12월 24일 18시,목요일,경상북도 영덕군 강구면,경상사고,0,0,1,0,차대사람 - 기타,안전운전불이행,건조,맑음,단일로 - 기타,승용,남,61세,상해없음,보행자,남,29세,경상
2015122400100525,2015년 12월 24일 18시,목요일,경상북도 울진군 죽변면,중상사고,0,1,0,0,차대사람 - 횡단중,안전운전불이행,건조,맑음,단일로 - 기타,승용,여,36세,상해없음,보행자,여,14세,중상
2015122400100526,2015년 12월 24일 18시,목요일,경상북도 구미시 도량동,경상사고,0,0,1,0,차대차 - 정면충돌,안전운전불이행,건조,맑음,단일로 - 기타,승용,남,24세,상해없음,승용,남,37세,경상
2015122400100527,2015년 12월 24일 18시,목요일,경상북도 상주시 낙동면,중상사고,0,1,1,0,차대차 - 추돌 - 진행중,안전운전불이행,건조,맑음,단일로 - 기타,승합,남,43세,상해없음,화물,남,51세,중상
2015122400100592,2015년 12월 24일 19시,목요일,경상북도 포항시 북구 양덕동,경상사고,0,0,1,0,차대차 - 정면충돌,안전거리미확보,건조,맑음,단일로 - 기타,승용,남,35세,기타불명,승용,남,27세,경상
2015122400100593,2015년 12월 24일 19시,목요일,경상북도 포항시 남구 효자동,경상사고,0,0,3,0,차대차 - 정면충돌,안전거리미확보,건조,맑음,단일로 - 기타,승용,여,29세,상해없음,승용,남,64세,경상
2015122400100594,2015년 12월 24일 19시,목요일,경상북도 포항시 남구 대잠동,경상사고,0,0,2,0,차대차 - 정면충돌,안전운전불이행,건조,맑음,교차로 - 교차로안,승용,남,57세,상해없음,승용,여,39세,경상
2015122400100636,2015년 12월 24일 20시,목요일,경상북도 안동시 태화동,경상사고,0,0,1,0,차대차 - 정면충돌,신호위반,건조,맑음,교차로 - 교차로안,승용,남,42세,상해없음,원동기,남,24세,경상
2015122400100637,2015년 12월 24일 20시,목요일,경상북도 포항시 남구 대도동,경상사고,0,0,1,0,차대차 - 정면충돌,안전운전불이행,건조,맑음,교차로 - 교차로부근,승용,남,42세,상해없음,승용,남,48세,경상
2015122400100669,2015년 12월 24일 21시,목요일,경상북도 구미시 구평동,경상사고,0,0,1,0,차대차 - 정면충돌,중앙선침범,건조,맑음,단일로 - 기타,승용,남,43세,상해없음,승용,남,30세,경상
2015122400100693,2015년 12월 24일 22시,목요일,경상북도 울진군 울진읍,경상사고,0,0,1,0,차대차 - 정면충돌,안전운전불이행,건조,맑음,교차로 - 교차로안,승용,남,27세,상해없음,승용,남,48세,경상
2015122400100725,2015년 12월 24일 23시,목요일,경상북도 김천시 감문면,사망사고,1,0,0,0,차대사람 - 횡단중,보행자보호의무위반,건조,맑음,교차로 - 교차로부근,승용,남,58세,상해없음,보행자,여,80세,사망
2015122500100031,2015년 12월 25일 02시,금요일,경상북도 포항시 북구 흥해읍,중상사고,0,3,0,0,차량단독 - 전도전복,안전운전불이행,건조,맑음,단일로 - 기타,승용,남,22세,상해없음,,,,
2015122500100045,2015년 12월 25일 03시,금요일,경상북도 포항시 북구 죽도동,중상사고,0,1,0,0,차대사람 - 횡단중,안전운전불이행,건조,맑음,단일로 - 기타,승용,남,71세,상해없음,보행자,여,35세,중상
2015122500100066,2015년 12월 25일 05시,금요일,경상북도 김천시 봉산면,사망사고,1,0,2,0,차대차 - 추돌 - 진행중,안전운전불이행,건조,맑음,단일로 - 기타,화물,남,45세,경상,화물,남,59세,경상
2015122500100076,2015년 12월 25일 06시,금요일,경상북도 포항시 남구 오천읍,중상사고,0,1,0,0,차대사람 - 횡단중,안전운전불이행,건조,맑음,단일로 - 기타,이륜,남,61세,상해없음,보행자,여,59세,중상
2015122500100093,2015년 12월 25일 07시,금요일,경상북도 경주시 외동읍,중상사고,0,1,1,0,차대차 - 추돌 - 진행중,안전운전불이행,건조,맑음,단일로 - 기타,승합,남,28세,중상,건설기계,남,49세,경상
2015122500100094,2015년 12월 25일 07시,금요일,경상북도 포항시 남구 대도동,경상사고,0,0,3,0,차대차 - 정면충돌,안전운전불이행,건조,맑음,단일로 - 기타,화물,남,54세,경상,승용,남,33세,경상
2015122500100125,2015년 12월 25일 09시,금요일,경상북도 예천군 개포면,경상사고,0,0,2,0,차대차 - 정면충돌,안전운전불이행,건조,맑음,단일로 - 기타,승용,남,62세,기타불명,승용,남,32세,경상
2015122500100143,2015년 12월 25일 10시,금요일,경상북도 칠곡군 동명면,부상신고사고,0,0,0,1,차량단독 - 전도전복,안전운전불이행,건조,맑음,단일로 - 기타,이륜,남,26세,부상신고,,,,
2015122500100144,2015년 12월 25일 10시,금요일,경상북도 경산시 사동,경상사고,0,0,1,0,차대사람 - 횡단중,안전운전불이행,건조,맑음,단일로 - 기타,화물,남,57세,상해없음,보행자,남,54세,경상
2015122500100166,2015년 12월 25일 11시,금요일,경상북도 포항시 북구 두호동,경상사고,0,0,1,0,차대차 - 측면직각충돌,안전운전불이행,건조,맑음,단일로 - 기타,승용,남,15세,상해없음,이륜,남,18세,경상
2015122500100167,2015년 12월 25일 11시,금요일,경상북도 김천시 지례면,중상사고,0,1,0,0,차대차 - 정면충돌,직진우회전진행방해,건조,맑음,교차로 - 교차로부근,화물,남,60세,상해없음,화물,남,71세,중상
2015122500100168,2015년 12월 25일 11시,금요일,경상북도 고령군 대가야읍,경상사고,0,0,1,0,차대차 - 정면충돌,안전운전불이행,건조,맑음,단일로 - 기타,승용,남,74세,상해없음,승용,여,69세,경상
2015122500100184,2015년 12월 25일 12시,금요일,경상북도 영천시 대전동,중상사고,0,1,0,0,차대차 - 정면충돌,안전운전불이행,건조,맑음,단일로 - 기타,화물,기타불명,기타불명,기타불명,원동기,남,64세,중상
2015122500100185,2015년 12월 25일 12시,금요일,경상북도 영천시 금호읍,중상사고,0,1,0,0,차대차 - 정면충돌,안전운전불이행,건조,맑음,교차로 - 교차로안,승합,남,56세,상해없음,화물,남,79세,상해없음
2015122500100186,2015년 12월 25일 12시,금요일,경상북도 영덕군 강구면,경상사고,0,0,2,0,차대차 - 정면충돌,안전운전불이행,건조,맑음,기타 - 기타,승용,남,37세,경상,이륜,남,35세,경상
2015122500100187,2015년 12월 25일 12시,금요일,경상북도 구미시 원평동,중상사고,0,1,0,0,차대사람 - 횡단중,안전운전불이행,건조,맑음,단일로 - 기타,승용,여,52세,기타불명,보행자,여,54세,중상
2015122500100188,2015년 12월 25일 12시,금요일,경상북도 포항시 남구 오천읍,중상사고,0,1,0,0,차대사람 - 횡단중,안전운전불이행,건조,맑음,단일로 - 기타,승용,여,75세,상해없음,보행자,남,63세,중상
2015122500100217,2015년 12월 25일 13시,금요일,경상북도 영천시 문외동,중상사고,0,1,0,0,차대차 - 측면직각충돌,교차로운행방법위반,건조,맑음,교차로 - 교차로안,화물,남,51세,상해없음,원동기,남,66세,중상
2015122500100241,2015년 12월 25일 14시,금요일,경상북도 경주시 천북면,중상사고,0,1,1,0,차대차 - 정면충돌,안전운전불이행,건조,맑음,단일로 - 기타,승용,남,55세,상해없음,승용,여,33세,경상
2015122500100242,2015년 12월 25일 14시,금요일,경상북도 안동시 당북동,경상사고,0,0,1,0,차대차 - 정면충돌,안전운전불이행,건조,맑음,단일로 - 기타,이륜,남,24세,경상,승용,남,58세,상해없음
2015122500100243,2015년 12월 25일 14시,금요일,경상북도 칠곡군 석적읍,중상사고,0,2,1,1,차대차 - 정면충돌,신호위반,건조,맑음,교차로 - 교차로안,승용,남,55세,부상신고,승용,남,56세,중상
2015122500100244,2015년 12월 25일 14시,금요일,경상북도 경산시 진량읍,중상사고,0,1,2,0,차대차 - 정면충돌,교차로운행방법위반,건조,맑음,교차로 - 교차로안,승용,남,50세,경상,승용,남,34세,경상
2015122500100245,2015년 12월 25일 14시,금요일,경상북도 경산시 압량면,경상사고,0,0,3,0,차대차 - 정면충돌,안전운전불이행,건조,맑음,교차로 - 교차로부근,승용,남,41세,상해없음,승용,남,57세,경상
2015122500100277,2015년 12월 25일 15시,금요일,경상북도 영천시 화남면,중상사고,0,2,0,0,차량단독 - 전도전복,안전운전불이행,건조,맑음,단일로 - 기타,화물,남,57세,중상,,,,
2015122500100303,2015년 12월 25일 16시,금요일,경상북도 안동시 옥동,중상사고,0,1,1,0,차대차 - 정면충돌,중앙선침범,건조,맑음,교차로 - 교차로부근,승용,남,19세,상해없음,승용,남,36세,경상