사고번호,사고일시,요일,시군구,사고내용,사망자수,중상자수,경상자수,부상신고자수,사고유형,법규위반,노면상태,기상상태,도로형태,가해운전자 차종,가해운전자 성별,가해운전자 연령,가해운전자 상해정도,피해운전자 차종,피해운전자 성별,피해운전자 연령,피해운전자 상해정도
2015122900100174,2015년 12월 29일 10시,화요일,경상북도 포항시 북구 흥해읍,경상사고,0,0,2,0,차대차 - 정면충돌,직진우회전진행방해,건조,맑음,교차로 - 교차로안,화물,남,57세,기타불명,승용,남,52세,경상
2015122900100175,2015년 12월 29일 10시,화요일,경상북도 김천시 아포읍,사망사고,1,0,0,0,차대사람 - 횡단중,안전운전불이행,건조,맑음,단일로 - 기타,승용,여,58세,상해없음,보행자,남,89세,사망
2015122900100176,2015년 12월 29일 10시,화요일,경상북도 김천시 구성면,중상사고,0,1,0,0,차대차 - 측면직각충돌,중앙선침범,건조,맑음,단일로 - 기타,화물,남,45세,상해없음,승합,남,56세,중상
2015122900100177,2015년 12월 29일 10시,화요일,경상북도 영덕군 강구면,경상사고,0,0,1,0,차대차 - 정면충돌,교차로운행방법위반,건조,맑음,교차로 - 교차로안,승용,남,51세,상해없음,이륜,남,54세,경상
2015122900100206,2015년 12월 29일 11시,화요일,경상북도 안동시 길안면,사망사고,1,1,0,0,차대차 - 정면충돌,안전운전불이행,건조,맑음,단일로 - 기타,화물,남,74세,상해없음,승용,여,56세,상해없음
2015122900100221,2015년 12월 29일 12시,화요일,경상북도 김천시 감천면,중상사고,0,1,0,0,차대사람 - 기타,안전운전불이행,건조,맑음,단일로 - 기타,화물,남,77세,상해없음,보행자,여,75세,중상
2015122900100222,2015년 12월 29일 12시,화요일,경상북도 고령군 우곡면,중상사고,0,2,0,0,차대차 - 측면직각충돌,안전운전불이행,건조,맑음,단일로 - 기타,농기계,남,82세,중상,승합,남,39세,상해없음
2015122900100277,2015년 12월 29일 14시,화요일,경상북도 영천시 완산동,중상사고,0,1,0,0,차대사람 - 횡단중,보행자보호의무위반,건조,맑음,단일로 - 횡단보도상,승용,남,73세,상해없음,보행자,여,62세,중상
2015122900100278,2015년 12월 29일 14시,화요일,경상북도 청도군 각남면,중상사고,0,1,2,0,차대차 - 정면충돌,안전운전불이행,건조,맑음,기타 - 기타,승용,남,68세,경상,건설기계,남,45세,경상
2015122900100279,2015년 12월 29일 14시,화요일,경상북도 구미시 옥계동,부상신고사고,0,0,0,1,차대차 - 기타,안전운전불이행,건조,맑음,단일로 - 횡단보도상,자전거,남,17세,부상신고,승용,남,40세,상해없음
2015122900100311,2015년 12월 29일 15시,화요일,경상북도 안동시 용상동,경상사고,0,0,2,0,차대차 - 측면직각충돌,안전운전불이행,건조,맑음,기타 - 기타,화물,남,58세,상해없음,승용,여,25세,경상
2015122900100312,2015년 12월 29일 15시,화요일,경상북도 의성군 단밀면,중상사고,0,1,0,0,차대사람 - 횡단중,안전운전불이행,건조,맑음,교차로 - 교차로안,화물,남,60세,상해없음,보행자,남,8세,중상
2015122900100313,2015년 12월 29일 15시,화요일,경상북도 영주시 하망동,중상사고,0,1,0,0,차대차 - 측면직각충돌,안전운전불이행,건조,맑음,교차로 - 교차로안,승합,남,70세,상해없음,자전거,남,23세,중상
2015122900100314,2015년 12월 29일 15시,화요일,경상북도 예천군 풍양면,경상사고,0,0,1,0,차대차 - 추돌 - 진행중,안전운전불이행,건조,맑음,단일로 - 기타,이륜,남,85세,경상,화물,남,60세,상해없음
2015122900100315,2015년 12월 29일 15시,화요일,경상북도 성주군 선남면,경상사고,0,0,2,0,차대차 - 측면직각충돌,안전운전불이행,건조,맑음,단일로 - 기타,화물,남,32세,상해없음,승용,여,48세,경상
2015122900100345,2015년 12월 29일 16시,화요일,경상북도 경주시 외동읍,중상사고,0,1,2,0,차대차 - 정면충돌,중앙선침범,건조,맑음,단일로 - 기타,승용,여,40세,상해없음,화물,남,59세,중상
2015122900100346,2015년 12월 29일 16시,화요일,경상북도 경주시 현곡면,경상사고,0,0,1,0,차대차 - 측면직각충돌,안전운전불이행,건조,맑음,교차로 - 교차로부근,화물,남,63세,상해없음,승용,남,28세,경상
2015122900100347,2015년 12월 29일 16시,화요일,경상북도 경주시 안강읍,경상사고,0,0,3,0,차대차 - 정면충돌,직진우회전진행방해,건조,맑음,교차로 - 교차로안,승용,남,56세,상해없음,승용,여,37세,경상
2015122900100348,2015년 12월 29일 16시,화요일,경상북도 경주시 성건동,경상사고,0,0,1,0,차대차 - 정면충돌,안전운전불이행,건조,맑음,교차로 - 교차로안,승용,여,57세,상해없음,이륜,남,60세,경상
2015122900100349,2015년 12월 29일 16시,화요일,경상북도 김천시 응명동,경상사고,0,0,1,0,차대차 - 정면충돌,안전운전불이행,건조,맑음,단일로 - 기타,승용,남,51세,상해없음,화물,남,50세,경상
2015122900100350,2015년 12월 29일 16시,화요일,경상북도 경산시 남산면,중상사고,0,1,0,0,차대사람 - 횡단중,안전운전불이행,건조,맑음,단일로 - 기타,화물,남,31세,상해없음,보행자,남,53세,중상
2015122900100351,2015년 12월 29일 16시,화요일,경상북도 성주군 선남면,경상사고,0,0,1,0,차대차 - 정면충돌,직진우회전진행방해,건조,맑음,교차로 - 교차로안,화물,남,63세,상해없음,승용,남,56세,경상
2015122900100399,2015년 12월 29일 17시,화요일,경상북도 포항시 북구 양덕동,경상사고,0,0,1,0,차대차 - 정면충돌,안전운전불이행,건조,맑음,단일로 - 기타,기타불명,기타불명,기타불명,기타불명,원동기,남,56세,경상
2015122900100400,2015년 12월 29일 17시,화요일,경상북도 울진군 근남면,경상사고,0,0,3,0,차대차 - 정면충돌,안전운전불이행,건조,맑음,단일로 - 터널,승용,남,45세,상해없음,승용,여,54세,경상
2015122900100430,2015년 12월 29일 18시,화요일,경상북도 포항시 북구 장성동,경상사고,0,0,4,0,차대차 - 추돌 - 주정차중,안전운전불이행,건조,맑음,교차로 - 교차로부근,승용,여,53세,상해없음,승용,남,39세,경상
2015122900100431,2015년 12월 29일 18시,화요일,경상북도 경산시 조영동,경상사고,0,0,1,0,차대차 - 정면충돌,중앙선침범,건조,맑음,단일로 - 기타,이륜,남,20세,상해없음,이륜,남,23세,경상
2015122900100433,2015년 12월 29일 18시,화요일,경상북도 구미시 송정동,경상사고,0,0,1,0,차대차 - 기타,안전운전불이행,건조,맑음,교차로 - 교차로부근,승용,남,43세,상해없음,자전거,남,13세,경상
2015122900100473,2015년 12월 29일 19시,화요일,경상북도 포항시 북구 장성동,중상사고,0,1,0,0,차대차 - 정면충돌,신호위반,건조,맑음,교차로 - 교차로부근,승용,남,25세,상해없음,이륜,남,18세,중상
2015122900100474,2015년 12월 29일 19시,화요일,경상북도 영천시 고경면,경상사고,0,0,3,0,차대차 - 추돌 - 주정차중,안전운전불이행,건조,맑음,교차로 - 교차로부근,화물,남,59세,상해없음,화물,남,53세,경상
2015122900100515,2015년 12월 29일 20시,화요일,경상북도 경주시 안강읍,경상사고,0,0,1,0,차대차 - 정면충돌,안전운전불이행,건조,맑음,단일로 - 기타,화물,여,59세,상해없음,승용,남,34세,경상
2015122900100516,2015년 12월 29일 20시,화요일,경상북도 구미시 황상동,경상사고,0,0,3,1,차대차 - 정면충돌,안전운전불이행,건조,맑음,단일로 - 기타,승용,남,31세,부상신고,승용,남,28세,경상
2015122900100593,2015년 12월 29일 23시,화요일,경상북도 안동시 동부동,경상사고,0,0,2,0,차대차 - 정면충돌,직진우회전진행방해,건조,맑음,교차로 - 교차로안,승용,여,49세,상해없음,승용,남,19세,경상
2015122900100594,2015년 12월 29일 23시,화요일,경상북도 경산시 임당동,중상사고,0,1,4,0,차대차 - 정면충돌,안전운전불이행,건조,맑음,단일로 - 기타,승용,남,28세,상해없음,승용,남,59세,중상
2015122900100595,2015년 12월 29일 23시,화요일,경상북도 영덕군 강구면,경상사고,0,0,3,0,차대차 - 정면충돌,안전운전불이행,건조,맑음,단일로 - 기타,승용,남,39세,상해없음,승용,남,44세,경상
2015122900100596,2015년 12월 29일 23시,화요일,경상북도 구미시 고아읍,중상사고,0,1,0,0,차대사람 - 횡단중,신호위반,건조,맑음,교차로 - 교차로부근,화물,남,46세,상해없음,보행자,남,57세,중상
2015123000100056,2015년 12월 30일 03시,수요일,경상북도 포항시 남구 대잠동,경상사고,0,0,1,0,차대차 - 정면충돌,안전운전불이행,건조,맑음,단일로 - 기타,승용,남,66세,상해없음,승용,남,27세,상해없음
2015123000100143,2015년 12월 30일 08시,수요일,경상북도 포항시 북구 흥해읍,경상사고,0,0,1,0,차대차 - 정면충돌,차로위반,건조,맑음,단일로 - 기타,화물,남,57세,상해없음,승용,남,46세,경상
2015123000100144,2015년 12월 30일 08시,수요일,경상북도 안동시 운안동,사망사고,1,0,0,0,차대차 - 측면직각충돌,직진우회전진행방해,건조,맑음,교차로 - 교차로안,승용,여,53세,상해없음,이륜,여,64세,사망
2015123000100146,2015년 12월 30일 08시,수요일,경상북도 구미시 옥계동,경상사고,0,0,2,0,차대차 - 측면직각충돌,신호위반,건조,맑음,교차로 - 교차로안,승용,남,27세,경상,승용,여,54세,경상
2015123000100179,2015년 12월 30일 09시,수요일,경상북도 경주시 성건동,경상사고,0,0,3,0,차대차 - 정면충돌,교차로운행방법위반,건조,맑음,교차로 - 교차로안,승용,남,73세,상해없음,승용,남,78세,경상
2015123000100180,2015년 12월 30일 09시,수요일,경상북도 김천시 구성면,중상사고,0,1,0,0,차대차 - 정면충돌,안전운전불이행,건조,맑음,단일로 - 기타,화물,남,56세,상해없음,화물,남,67세,중상
2015123000100181,2015년 12월 30일 09시,수요일,경상북도 김천시 성내동,중상사고,0,1,0,0,차대사람 - 횡단중,보행자보호의무위반,건조,맑음,단일로 - 기타,승용,여,48세,상해없음,보행자,남,74세,중상
2015123000100182,2015년 12월 30일 09시,수요일,경상북도 영덕군 영덕읍,경상사고,0,0,1,0,차대차 - 측면직각충돌,안전운전불이행,건조,맑음,교차로 - 교차로안,화물,여,58세,상해없음,화물,남,41세,경상
2015123000100210,2015년 12월 30일 10시,수요일,경상북도 김천시 농소면,사망사고,1,0,0,0,차량단독 - 전도전복,안전운전불이행,건조,맑음,단일로 - 기타,건설기계,남,32세,사망,,,,
2015123000100211,2015년 12월 30일 10시,수요일,경상북도 영주시 하망동,경상사고,0,0,1,0,차대차 - 정면충돌,안전운전불이행,건조,맑음,단일로 - 기타,승용,여,33세,상해없음,화물,남,59세,경상
2015123000100212,2015년 12월 30일 10시,수요일,경상북도 봉화군 춘양면,중상사고,0,1,1,0,차대차 - 정면충돌,과속,건조,맑음,교차로 - 교차로안,화물,남,71세,중상,화물,남,69세,경상
2015123000100282,2015년 12월 30일 13시,수요일,경상북도 포항시 북구 용흥동,중상사고,0,1,1,0,차대차 - 측면직각충돌,안전운전불이행,건조,맑음,단일로 - 횡단보도상,승용,여,61세,상해없음,원동기,여,58세,경상
2015123000100283,2015년 12월 30일 13시,수요일,경상북도 포항시 남구 해도동,경상사고,0,0,1,0,차대사람 - 길가장자리구역통행중,안전운전불이행,건조,맑음,단일로 - 기타,승용,남,34세,상해없음,보행자,여,41세,경상
2015123000100314,2015년 12월 30일 14시,수요일,경상북도 영덕군 영해면,경상사고,0,0,3,0,차대차 - 측면직각충돌,안전운전불이행,건조,맑음,교차로 - 교차로안,이륜,남,65세,경상,이륜,남,66세,경상
2015123000100383,2015년 12월 30일 16시,수요일,경상북도 경주시 현곡면,경상사고,0,0,1,0,차량단독 - 전도전복,안전운전불이행,건조,맑음,단일로 - 기타,화물,남,50세,경상,,,,
2015123000100435,2015년 12월 30일 17시,수요일,경상북도 예천군 용궁면,경상사고,0,0,1,0,차대차 - 측면직각충돌,중앙선침범,건조,맑음,단일로 - 기타,화물,남,41세,경상,화물,남,43세,상해없음
2015123000100436,2015년 12월 30일 17시,수요일,경상북도 구미시 사곡동,경상사고,0,0,2,1,차대차 - 정면충돌,안전운전불이행,건조,맑음,교차로 - 교차로부근,승용,여,47세,부상신고,승용,남,32세,경상
2015123000100511,2015년 12월 30일 18시,수요일,경상북도 포항시 북구 창포동,경상사고,0,0,1,0,차대사람 - 기타,안전운전불이행,건조,맑음,교차로 - 교차로안,승용,여,35세,상해없음,보행자,남,54세,경상
2015123000100512,2015년 12월 30일 18시,수요일,경상북도 칠곡군 가산면,사망사고,1,0,0,0,차대사람 - 횡단중,안전운전불이행,건조,맑음,단일로 - 기타,승용,여,38세,상해없음,보행자,여,61세,사망
2015123000100513,2015년 12월 30일 18시,수요일,경상북도 경산시 중방동,경상사고,0,0,1,0,차대차 - 정면충돌,안전운전불이행,건조,맑음,단일로 - 기타,기타불명,기타불명,기타불명,기타불명,승용,남,30세,경상
2015123000100514,2015년 12월 30일 18시,수요일,경상북도 경산시 중산동,중상사고,0,1,0,0,차대차 - 정면충돌,안전거리미확보,건조,맑음,단일로 - 기타,승용,남,78세,상해없음,이륜,남,45세,중상
2015123000100515,2015년 12월 30일 18시,수요일,경상북도 경산시 사동,중상사고,0,1,0,0,차대사람 - 횡단중,보행자보호의무위반,건조,맑음,단일로 - 횡단보도상,승용,남,23세,상해없음,보행자,여,64세,중상
2015123000100516,2015년 12월 30일 18시,수요일,경상북도 경산시 압량면,중상사고,0,1,0,0,차대사람 - 횡단중,신호위반,건조,맑음,교차로 - 교차로부근,승용,남,69세,상해없음,보행자,여,22세,중상
2015123000100517,2015년 12월 30일 18시,수요일,경상북도 경산시 자인면,중상사고,0,1,0,0,차대차 - 추돌 - 주정차중,안전운전불이행,건조,맑음,단일로 - 기타,승용,여,53세,중상,화물,남,48세,기타불명
2015123000100518,2015년 12월 30일 18시,수요일,경상북도 성주군 성주읍,경상사고,0,0,2,0,차대차 - 정면충돌,직진우회전진행방해,건조,맑음,교차로 - 교차로안,화물,여,56세,경상,승용,여,38세,경상
2015123000100591,2015년 12월 30일 20시,수요일,경상북도 안동시 옥동,경상사고,0,0,1,0,차대차 - 정면충돌,중앙선침범,결빙,눈,단일로 - 기타,승용,남,51세,상해없음,이륜,남,56세,경상
2015123000100592,2015년 12월 30일 20시,수요일,경상북도 경산시 옥산동,부상신고사고,0,0,0,1,차대사람 - 횡단중,안전운전불이행,건조,맑음,교차로 - 교차로안,승용,남,57세,상해없음,보행자,여,22세,부상신고
2015123000100633,2015년 12월 30일 21시,수요일,경상북도 김천시 덕곡동,중상사고,0,1,0,0,차대사람 - 횡단중,안전운전불이행,건조,맑음,교차로 - 교차로부근,승용,남,46세,상해없음,보행자,남,52세,중상
2015123000100634,2015년 12월 30일 21시,수요일,경상북도 칠곡군 북삼읍,중상사고,0,1,2,0,차대차 - 측면직각충돌,직진우회전진행방해,건조,맑음,교차로 - 교차로안,승용,여,57세,상해없음,승용,남,39세,중상
2015123000100672,2015년 12월 30일 22시,수요일,경상북도 경산시 백천동,사망사고,1,0,0,0,차대사람 - 횡단중,안전운전불이행,건조,맑음,단일로 - 횡단보도상,승용,남,25세,상해없음,보행자,남,70세,사망
2015123000100673,2015년 12월 30일 22시,수요일,경상북도 경산시 하양읍,경상사고,0,0,1,0,차대차 - 정면충돌,안전운전불이행,건조,맑음,단일로 - 기타,승용,남,35세,상해없음,승용,여,32세,경상
2015123000100674,2015년 12월 30일 22시,수요일,경상북도 구미시 선산읍,부상신고사고,0,0,0,1,차대차 - 정면충돌,안전운전불이행,습기,눈,단일로 - 기타,승용,남,56세,부상신고,승용,남,55세,상해없음
2015123000100708,2015년 12월 30일 23시,수요일,경상북도 포항시 북구 두호동,경상사고,0,0,1,0,차대차 - 정면충돌,안전운전불이행,건조,맑음,단일로 - 기타,승용,여,31세,상해없음,승용,남,51세,상해없음
2015123100100026,2015년 12월 31일 00시,목요일,경상북도 구미시 진평동,중상사고,0,1,0,0,차대사람 - 횡단중,안전운전불이행,건조,맑음,교차로 - 교차로부근,승용,남,27세,상해없음,보행자,남,41세,중상
2015123100100049,2015년 12월 31일 01시,목요일,경상북도 안동시 옥동,중상사고,0,1,0,0,차대사람 - 기타,안전운전불이행,습기,흐림,단일로 - 기타,승용,남,53세,상해없음,보행자,여,36세,중상
2015123100100076,2015년 12월 31일 02시,목요일,경상북도 고령군 다산면,중상사고,0,1,1,0,차량단독 - 공작물충돌,안전운전불이행,건조,맑음,단일로 - 기타,승용,남,25세,경상,,,,
2015123100100087,2015년 12월 31일 03시,목요일,경상북도 구미시 원평동,경상사고,0,0,3,0,차대차 - 정면충돌,안전거리미확보,건조,기타,단일로 - 기타,승용,남,59세,상해없음,승용,남,50세,경상
2015123100100095,2015년 12월 31일 04시,목요일,경상북도 경산시 계양동,중상사고,0,1,0,0,차대차 - 정면충돌,안전운전불이행,건조,맑음,교차로 - 교차로부근,승용,남,32세,상해없음,승용,남,47세,중상
2015123100100113,2015년 12월 31일 05시,목요일,경상북도 구미시 원평동,경상사고,0,0,2,0,차대사람 - 횡단중,안전운전불이행,건조,맑음,교차로 - 교차로안,승용,남,41세,상해없음,보행자,남,55세,경상
2015123100100180,2015년 12월 31일 08시,목요일,경상북도 상주시 남성동,중상사고,0,1,3,0,차대차 - 측면직각충돌,교차로운행방법위반,건조,맑음,단일로 - 기타,승용,남,57세,상해없음,승용,남,60세,중상
2015123100100181,2015년 12월 31일 08시,목요일,경상북도 영천시 청통면,경상사고,0,0,1,0,차대차 - 정면충돌,안전운전불이행,건조,맑음,단일로 - 기타,화물,남,62세,상해없음,건설기계,남,44세,경상
2015123100100182,2015년 12월 31일 08시,목요일,경상북도 문경시 산양면,경상사고,0,0,1,0,차대차 - 기타,안전운전불이행,적설,흐림,단일로 - 기타,승용,남,29세,경상,화물,남,66세,상해없음
2015123100100209,2015년 12월 31일 09시,목요일,경상북도 포항시 북구 죽도동,중상사고,0,1,0,0,차대차 - 정면충돌,안전운전불이행,건조,맑음,교차로 - 교차로안,승용,남,68세,상해없음,이륜,남,31세,중상
2015123100100210,2015년 12월 31일 09시,목요일,경상북도 상주시 남성동,중상사고,0,1,0,0,차대사람 - 차도통행중,안전운전불이행,습기,맑음,교차로 - 교차로안,화물,남,65세,상해없음,보행자,남,80세,중상
2015123100100230,2015년 12월 31일 10시,목요일,경상북도 포항시 남구 인덕동,경상사고,0,0,1,0,차대차 - 정면충돌,안전운전불이행,건조,맑음,단일로 - 기타,승용,여,48세,상해없음,승용,여,34세,경상
2015123100100255,2015년 12월 31일 11시,목요일,경상북도 포항시 북구 죽도동,경상사고,0,0,2,0,차대차 - 정면충돌,안전운전불이행,건조,맑음,단일로 - 횡단보도부근,승용,남,44세,상해없음,승용,남,59세,경상
2015123100100256,2015년 12월 31일 11시,목요일,경상북도 영천시 조교동,사망사고,1,3,2,0,차대차 - 정면충돌,안전운전불이행,건조,맑음,단일로 - 교량,승용,여,49세,중상,화물,남,34세,중상
2015123100100257,2015년 12월 31일 11시,목요일,경상북도 포항시 남구 대도동,경상사고,0,0,1,0,차대사람 - 길가장자리구역통행중,안전운전불이행,건조,맑음,단일로 - 기타,승용,여,34세,상해없음,보행자,남,9세,경상
2015123100100313,2015년 12월 31일 13시,목요일,경상북도 경주시 구황동,경상사고,0,0,1,0,차대차 - 정면충돌,중앙선침범,건조,맑음,교차로 - 교차로부근,승용,여,41세,상해없음,승용,남,46세,경상
2015123100100315,2015년 12월 31일 13시,목요일,경상북도 영덕군 강구면,경상사고,0,0,1,0,차대차 - 추돌 - 진행중,안전운전불이행,건조,맑음,단일로 - 기타,승용,여,43세,경상,승용,남,47세,상해없음
2015123100100316,2015년 12월 31일 13시,목요일,경상북도 구미시 원평동,경상사고,0,0,1,0,차대차 - 정면충돌,안전운전불이행,건조,맑음,교차로 - 교차로안,승용,여,53세,상해없음,승용,남,26세,경상
2015123100100348,2015년 12월 31일 14시,목요일,경상북도 경산시 대평동,중상사고,0,1,0,0,차대차 - 정면충돌,안전운전불이행,건조,맑음,단일로 - 기타,화물,남,24세,상해없음,이륜,남,47세,중상
2015123100100349,2015년 12월 31일 14시,목요일,경상북도 예천군 개포면,중상사고,0,1,0,0,차대차 - 추돌 - 진행중,안전운전불이행,건조,맑음,단일로 - 기타,건설기계,남,42세,기타불명,자전거,남,82세,중상
2015123100100350,2015년 12월 31일 14시,목요일,경상북도 구미시 고아읍,경상사고,0,0,2,0,차대차 - 정면충돌,안전운전불이행,건조,맑음,단일로 - 기타,승용,남,77세,상해없음,승용,남,38세,경상
2015123100100380,2015년 12월 31일 15시,목요일,경상북도 문경시 산양면,경상사고,0,0,2,0,차대차 - 측면직각충돌,안전운전불이행,건조,맑음,교차로 - 교차로안,승용,여,52세,경상,승용,남,59세,경상
2015123100100408,2015년 12월 31일 16시,목요일,경상북도 영천시 오미동,경상사고,0,0,1,0,차대차 - 정면충돌,신호위반,건조,맑음,교차로 - 교차로안,원동기,남,77세,경상,승용,남,46세,상해없음
2015123100100409,2015년 12월 31일 16시,목요일,경상북도 구미시 선산읍,경상사고,0,0,4,0,차대차 - 추돌 - 주정차중,안전운전불이행,건조,맑음,단일로 - 기타,화물,남,59세,상해없음,승용,여,21세,경상
2015123100100451,2015년 12월 31일 17시,목요일,경상북도 경주시 양북면,경상사고,0,0,2,0,차대차 - 정면충돌,차로위반,건조,맑음,단일로 - 기타,승용,남,72세,경상,화물,남,44세,상해없음
2015123100100452,2015년 12월 31일 17시,목요일,경상북도 김천시 지좌동,경상사고,0,0,1,0,차량단독 - 기타,안전운전불이행,건조,맑음,단일로 - 기타,이륜,남,55세,경상,,,,
2015123100100501,2015년 12월 31일 18시,목요일,경상북도 포항시 북구 득량동,경상사고,0,0,2,0,차대차 - 정면충돌,안전거리미확보,건조,맑음,단일로 - 터널,화물,남,40세,상해없음,승용,남,41세,경상
2015123100100502,2015년 12월 31일 18시,목요일,경상북도 안동시 법흥동,경상사고,0,0,1,0,차대차 - 추돌 - 진행중,안전운전불이행,건조,맑음,단일로 - 교량,승용,남,28세,상해없음,승합,여,57세,경상
2015123100100503,2015년 12월 31일 18시,목요일,경상북도 안동시 용상동,경상사고,0,0,1,0,차대차 - 측면직각충돌,안전운전불이행,건조,맑음,교차로 - 교차로부근,승용,남,36세,상해없음,이륜,남,50세,경상
2015123100100504,2015년 12월 31일 18시,목요일,경상북도 상주시 낙동면,중상사고,0,1,0,0,차대차 - 측면직각충돌,차로위반,건조,맑음,단일로 - 기타,화물,남,47세,상해없음,승용,남,45세,중상
2015123100100505,2015년 12월 31일 18시,목요일,경상북도 문경시 마성면,중상사고,0,2,4,0,차대차 - 정면충돌,안전운전불이행,건조,맑음,단일로 - 기타,승합,여,60세,경상,승용,남,48세,경상
2015123100100506,2015년 12월 31일 18시,목요일,경상북도 경산시 와촌면,중상사고,0,2,0,0,차대차 - 정면충돌,신호위반,건조,맑음,교차로 - 교차로안,승용,남,55세,중상,화물,남,56세,중상
2015123100100562,2015년 12월 31일 19시,목요일,경상북도 포항시 북구 죽도동,경상사고,0,0,1,0,차대사람 - 길가장자리구역통행중,안전운전불이행,건조,맑음,단일로 - 기타,승용,여,56세,상해없음,보행자,여,23세,경상
2015123100100563,2015년 12월 31일 19시,목요일,경상북도 포항시 북구 두호동,경상사고,0,0,1,0,차대차 - 정면충돌,안전운전불이행,건조,맑음,교차로 - 교차로부근,승용,여,53세,상해없음,승용,남,32세,경상
2015123100100564,2015년 12월 31일 19시,목요일,경상북도 김천시 남산동,중상사고,0,1,0,0,차대차 - 정면충돌,기타,건조,맑음,교차로 - 교차로안,화물,남,27세,상해없음,승용,남,21세,중상
2015123100100565,2015년 12월 31일 19시,목요일,경상북도 칠곡군 왜관읍,부상신고사고,0,0,0,1,차대차 - 정면충돌,안전운전불이행,건조,맑음,단일로 - 기타,승용,남,46세,부상신고,승용,남,31세,기타불명
2015123100100602,2015년 12월 31일 20시,목요일,경상북도 안동시 태화동,경상사고,0,0,1,0,차대사람 - 횡단중,안전운전불이행,건조,맑음,단일로 - 기타,승용,남,48세,상해없음,보행자,남,25세,경상
2015123100100603,2015년 12월 31일 20시,목요일,경상북도 안동시 송현동,경상사고,0,0,1,0,차대차 - 추돌 - 주정차중,안전운전불이행,건조,맑음,단일로 - 기타,승용,남,58세,상해없음,원동기,남,37세,경상
2015123100100604,2015년 12월 31일 20시,목요일,경상북도 안동시 목성동,경상사고,0,0,1,0,차대사람 - 횡단중,보행자보호의무위반,건조,맑음,교차로 - 교차로안,승용,남,42세,상해없음,보행자,여,49세,경상
2015123100100605,2015년 12월 31일 20시,목요일,경상북도 안동시 옥동,경상사고,0,0,1,0,차대사람 - 기타,기타,건조,맑음,기타 - 기타,승합,남,43세,상해없음,보행자,남,63세,경상
2015123100100606,2015년 12월 31일 20시,목요일,경상북도 김천시 부곡동,경상사고,0,0,1,0,차대사람 - 횡단중,안전운전불이행,건조,맑음,단일로 - 횡단보도부근,화물,남,26세,상해없음,보행자,남,45세,경상
2015123100100637,2015년 12월 31일 21시,목요일,경상북도 포항시 북구 죽도동,경상사고,0,0,2,0,차대차 - 정면충돌,안전운전불이행,건조,맑음,교차로 - 교차로부근,승용,남,45세,경상,승용,남,55세,경상
2015123100100638,2015년 12월 31일 21시,목요일,경상북도 고령군 다산면,중상사고,0,1,0,0,차대사람 - 차도통행중,중앙선침범,건조,맑음,단일로 - 기타,승합,남,53세,상해없음,보행자,여,52세,중상
2015123100100639,2015년 12월 31일 21시,목요일,경상북도 청송군 현서면,중상사고,0,2,0,0,차대차 - 측면직각충돌,기타,건조,맑음,교차로 - 교차로안,승용,남,28세,상해없음,승용,남,35세,중상
2015123100100640,2015년 12월 31일 21시,목요일,경상북도 청송군 현서면,경상사고,0,0,1,0,차대차 - 추돌 - 주정차중,안전거리미확보,건조,맑음,단일로 - 기타,승용,남,67세,상해없음,승용,남,29세,경상
2015123100100641,2015년 12월 31일 21시,목요일,경상북도 포항시 남구 연일읍,부상신고사고,0,0,0,1,차대차 - 측면직각충돌,안전운전불이행,건조,맑음,단일로 - 기타,기타불명,기타불명,기타불명,기타불명,자전거,여,52세,부상신고
2015123100100675,2015년 12월 31일 22시,목요일,경상북도 경주시 충효동,경상사고,0,0,1,0,차대차 - 측면직각충돌,안전운전불이행,건조,맑음,단일로 - 기타,승용,여,51세,경상,승용,남,19세,상해없음
2015123100100676,2015년 12월 31일 22시,목요일,경상북도 구미시 임수동,경상사고,0,0,1,0,차대차 - 추돌 - 주정차중,안전운전불이행,건조,맑음,단일로 - 기타,승용,남,39세,상해없음,승용,남,31세,경상
2015123100100716,2015년 12월 31일 23시,목요일,경상북도 포항시 북구 두호동,경상사고,0,0,1,0,차대사람 - 횡단중,안전운전불이행,건조,맑음,단일로 - 기타,승용,남,36세,상해없음,보행자,남,34세,경상
2015123100100717,2015년 12월 31일 23시,목요일,경상북도 칠곡군 석적읍,부상신고사고,0,0,0,1,차대차 - 측면직각충돌,안전운전불이행,건조,맑음,단일로 - 기타,승용,남,49세,부상신고,승용,남,44세,상해없음
2015123100100718,2015년 12월 31일 23시,목요일,경상북도 경산시 옥곡동,부상신고사고,0,0,0,1,차량단독 - 전도전복,안전운전불이행,건조,맑음,단일로 - 기타,이륜,남,46세,부상신고,,,,
2015123100100719,2015년 12월 31일 23시,목요일,경상북도 구미시 선산읍,경상사고,0,0,1,0,차량단독 - 전도전복,안전운전불이행,건조,흐림,단일로 - 기타,승용,남,36세,경상,,,,
2015123100100720,2015년 12월 31일 23시,목요일,경상북도 구미시 옥계동,중상사고,0,1,0,0,차대차 - 정면충돌,안전운전불이행,건조,맑음,교차로 - 교차로안,승용,여,55세,상해없음,이륜,남,56세,중상